Lot_Wafer_ID,Lot_ID,Wafer_Slot,Step1_Config,Step2_Config,Step3_Config,Step4_Config,Step5_Config,Step6_Config,Step7_Config,Step8_Config,Step9_Config,Step10_Config,Step11_Config,Step12_Config,Step13_Config,Step14_Config,Step15_Config,Step16_Config,Step17_Config,Step18_Config,Step19_Config,Step20_Config,Step21_Config,Step22_Config,Step23_Config,Step24_Config,Step25_Config,Step26_Config,Step27_Config,Step28_Config,Step29_Config,Step30_Config,Step1_R1,Step2_R1,Step3_R1,Step4_R1,Step4_R2,Step5_R1,Step6_R1,Step6_R2,Step7_R1,Step7_R2,Step8_R1,Step9_R1,Step9_R2,Step10_R1,Step11_R1,Step12_R1,Step12_R2,Step13_R1,Step13_R2,Step13_R3,Step14_R1,Step14_R2,Step14_R3,Step15_R1,Step15_R2,Step16_R1,Step17_R1,Step18_R1,Step19_R1,Step20_R1,Step21_R1,Step22_R1,Step22_R2,Step22_R3,Step23_R1,Step24_R1,Step24_R2,Step25_R1,Step25_R2,Step25_R3,Step26_R1,Step27_R1,Step28_R1,Step28_R2,Step28_R3,Step29_R1,Step29_R2,Step30_R1,Step1_D1,Step6_D1,Step8_D1,Step11_D1,Step13_D1,Step14_D1,Step21_D1,Step22_D1,Step27_D1,Step30_D1,Y,Y1,Y2,Y3,Y4,Y5
L001W01,L001,1,Step1_Model3_EQC_CH2,Step2_Model1_EQA_CH3,Step3_Model2_EQA_CH1,Step4_Model3_EQC_CH1,Step5_Model1_EQC_CH1,Step6_Model3_EQA_CH4,Step7_Model1_EQC_CH1,Step8_Model3_EQC_CH3,Step9_Model2_EQB_CH1,Step10_Model2_EQA_CH2,Step11_Model2_EQA_CH2,Step12_Model1_EQB_CH4,Step13_Model2_EQB_CH2,Step14_Model3_EQB_CH3,Step15_Model3_EQA_CH1,Step16_Model3_EQB_CH4,Step17_Model1_EQA_CH1,Step18_Model1_EQC_CH1,Step19_Model2_EQA_CH3,Step20_Model1_EQA_CH2,Step21_Model3_EQC_CH2,Step22_Model2_EQC_CH1,Step23_Model1_EQB_CH4,Step24_Model1_EQA_CH2,Step25_Model3_EQB_CH4,Step26_Model3_EQC_CH2,Step27_Model2_EQA_CH4,Step28_Model1_EQB_CH3,Step29_Model1_EQB_CH4,Step30_Model2_EQC_CH3,,,,,45.57,,,,,,,,,,,55.95,,,40.03,,,,,,,,,,,,,,,,43.1,,75.03,,,63.28,,,,,,,,,,,,,,9,,8,,11,,,,,,
L001W02,L001,2,Step1_Model3_EQC_CH3,Step2_Model1_EQA_CH4,Step3_Model2_EQA_CH3,Step4_Model3_EQC_CH1,Step5_Model1_EQC_CH3,Step6_Model3_EQA_CH2,Step7_Model1_EQC_CH4,Step8_Model3_EQC_CH1,Step9_Model2_EQB_CH4,Step10_Model2_EQA_CH2,Step11_Model2_EQA_CH2,Step12_Model1_EQB_CH2,Step13_Model2_EQB_CH3,Step14_Model3_EQB_CH3,Step15_Model3_EQA_CH4,Step16_Model3_EQB_CH4,Step17_Model1_EQA_CH1,Step18_Model1_EQC_CH1,Step19_Model2_EQA_CH4,Step20_Model1_EQA_CH3,Step21_Model3_EQC_CH2,Step22_Model2_EQC_CH4,Step23_Model1_EQB_CH1,Step24_Model1_EQA_CH3,Step25_Model3_EQB_CH4,Step26_Model3_EQC_CH4,Step27_Model2_EQA_CH3,Step28_Model1_EQB_CH4,Step29_Model1_EQB_CH3,Step30_Model2_EQC_CH2,,,,,,,,,64.65,,,,,,46.28,,,,,,,,43.03,,,,,,,,,,,,,57.15,,,,,,,63.36,,,,,,,,,,,,,,,,,,,,,
L001W03,L001,3,Step1_Model3_EQC_CH3,Step2_Model1_EQA_CH3,Step3_Model2_EQA_CH3,Step4_Model3_EQC_CH4,Step5_Model1_EQC_CH4,Step6_Model3_EQA_CH3,Step7_Model1_EQC_CH4,Step8_Model3_EQC_CH1,Step9_Model2_EQB_CH1,Step10_Model2_EQA_CH4,Step11_Model2_EQA_CH4,Step12_Model1_EQB_CH3,Step13_Model2_EQB_CH2,Step14_Model3_EQB_CH4,Step15_Model3_EQA_CH1,Step16_Model3_EQB_CH3,Step17_Model1_EQA_CH4,Step18_Model1_EQC_CH1,Step19_Model2_EQA_CH1,Step20_Model1_EQA_CH2,Step21_Model3_EQC_CH3,Step22_Model2_EQC_CH3,Step23_Model1_EQB_CH2,Step24_Model1_EQA_CH2,Step25_Model3_EQB_CH3,Step26_Model3_EQC_CH3,Step27_Model2_EQA_CH4,Step28_Model1_EQB_CH4,Step29_Model1_EQB_CH2,Step30_Model2_EQC_CH4,,,,,,,,,67.84,,,39.39,,,,,58.38,,,39.28,,,,,,50.44,,,,,,,,,,,,,66.56,63.8,,,,61.62,,,50.34,,,,,,,,,,,,,,,,,
L001W04,L001,4,Step1_Model3_EQC_CH1,Step2_Model1_EQA_CH4,Step3_Model2_EQA_CH4,Step4_Model3_EQC_CH1,Step5_Model1_EQC_CH2,Step6_Model3_EQA_CH1,Step7_Model1_EQC_CH4,Step8_Model3_EQC_CH2,Step9_Model2_EQB_CH4,Step10_Model2_EQA_CH1,Step11_Model2_EQA_CH1,Step12_Model1_EQB_CH4,Step13_Model2_EQB_CH3,Step14_Model3_EQB_CH3,Step15_Model3_EQA_CH1,Step16_Model3_EQB_CH1,Step17_Model1_EQA_CH3,Step18_Model1_EQC_CH3,Step19_Model2_EQA_CH4,Step20_Model1_EQA_CH4,Step21_Model3_EQC_CH3,Step22_Model2_EQC_CH4,Step23_Model1_EQB_CH4,Step24_Model1_EQA_CH2,Step25_Model3_EQB_CH4,Step26_Model3_EQC_CH1,Step27_Model2_EQA_CH4,Step28_Model1_EQB_CH4,Step29_Model1_EQB_CH3,Step30_Model2_EQC_CH1,,,38.34,,,,,,,,,,39.45,,,,,,,,,39.16,,,,,,,,,,,,50.26,,,,,,,,,,,,55.81,,,,,,,,,,,,,,,,,,
L001W05,L001,5,Step1_Model3_EQC_CH4,Step2_Model1_EQA_CH4,Step3_Model2_EQA_CH2,Step4_Model3_EQC_CH4,Step5_Model1_EQC_CH4,Step6_Model3_EQA_CH2,Step7_Model1_EQC_CH3,Step8_Model3_EQC_CH4,Step9_Model2_EQB_CH2,Step10_Model2_EQA_CH1,Step11_Model2_EQA_CH3,Step12_Model1_EQB_CH1,Step13_Model2_EQB_CH1,Step14_Model3_EQB_CH2,Step15_Model3_EQA_CH4,Step16_Model3_EQB_CH2,Step17_Model1_EQA_CH2,Step18_Model1_EQC_CH2,Step19_Model2_EQA_CH2,Step20_Model1_EQA_CH3,Step21_Model3_EQC_CH4,Step22_Model2_EQC_CH1,Step23_Model1_EQB_CH1,Step24_Model1_EQA_CH4,Step25_Model3_EQB_CH1,Step26_Model3_EQC_CH4,Step27_Model2_EQA_CH1,Step28_Model1_EQB_CH2,Step29_Model1_EQB_CH1,Step30_Model2_EQC_CH4,,,,,,,,,,,,,,,,,,,,,,,,,19.35,,,60.91,,,,43.84,,,,,,,,,,,,60.63,,,52.14,,,,10,,8,,,,,,,,,,,
L001W06,L001,6,Step1_Model3_EQC_CH4,Step2_Model1_EQA_CH4,Step3_Model2_EQA_CH4,Step4_Model3_EQC_CH4,Step5_Model1_EQC_CH3,Step6_Model3_EQA_CH3,Step7_Model1_EQC_CH1,Step8_Model3_EQC_CH4,Step9_Model2_EQB_CH1,Step10_Model2_EQA_CH4,Step11_Model2_EQA_CH4,Step12_Model1_EQB_CH3,Step13_Model2_EQB_CH3,Step14_Model3_EQB_CH2,Step15_Model3_EQA_CH3,Step16_Model3_EQB_CH2,Step17_Model1_EQA_CH2,Step18_Model1_EQC_CH2,Step19_Model2_EQA_CH2,Step20_Model1_EQA_CH2,Step21_Model3_EQC_CH1,Step22_Model2_EQC_CH3,Step23_Model1_EQB_CH2,Step24_Model1_EQA_CH4,Step25_Model3_EQB_CH3,Step26_Model3_EQC_CH3,Step27_Model2_EQA_CH2,Step28_Model1_EQB_CH1,Step29_Model1_EQB_CH2,Step30_Model2_EQC_CH1,40.49,,,,,,,64.4,,,,,,,41.18,,,,48.67,,,,39.43,,,,,,61.35,,58.75,,,,,,,,,59.57,,,,,,,,37.06,,,,,7,6,,,,,,,,,,
L001W07,L001,7,Step1_Model3_EQC_CH4,Step2_Model1_EQA_CH3,Step3_Model2_EQA_CH4,Step4_Model3_EQC_CH1,Step5_Model1_EQC_CH1,Step6_Model3_EQA_CH4,Step7_Model1_EQC_CH1,Step8_Model3_EQC_CH4,Step9_Model2_EQB_CH3,Step10_Model2_EQA_CH4,Step11_Model2_EQA_CH3,Step12_Model1_EQB_CH4,Step13_Model2_EQB_CH1,Step14_Model3_EQB_CH4,Step15_Model3_EQA_CH1,Step16_Model3_EQB_CH4,Step17_Model1_EQA_CH4,Step18_Model1_EQC_CH2,Step19_Model2_EQA_CH1,Step20_Model1_EQA_CH2,Step21_Model3_EQC_CH1,Step22_Model2_EQC_CH2,Step23_Model1_EQB_CH3,Step24_Model1_EQA_CH4,Step25_Model3_EQB_CH1,Step26_Model3_EQC_CH1,Step27_Model2_EQA_CH4,Step28_Model1_EQB_CH1,Step29_Model1_EQB_CH1,Step30_Model2_EQC_CH2,42.2,,,,,,,61.5,,,50.34,,,,,,,47.51,,,,,,,,,,,,,,,,,,,55.91,62.59,,,,,65.32,,,,,,,,,,,,,,,,,,,,,
L001W08,L001,8,Step1_Model3_EQC_CH1,Step2_Model1_EQA_CH3,Step3_Model2_EQA_CH3,Step4_Model3_EQC_CH4,Step5_Model1_EQC_CH1,Step6_Model3_EQA_CH4,Step7_Model1_EQC_CH3,Step8_Model3_EQC_CH1,Step9_Model2_EQB_CH1,Step10_Model2_EQA_CH4,Step11_Model2_EQA_CH3,Step12_Model1_EQB_CH1,Step13_Model2_EQB_CH4,Step14_Model3_EQB_CH3,Step15_Model3_EQA_CH4,Step16_Model3_EQB_CH2,Step17_Model1_EQA_CH1,Step18_Model1_EQC_CH2,Step19_Model2_EQA_CH3,Step20_Model1_EQA_CH2,Step21_Model3_EQC_CH2,Step22_Model2_EQC_CH3,Step23_Model1_EQB_CH4,Step24_Model1_EQA_CH2,Step25_Model3_EQB_CH4,Step26_Model3_EQC_CH2,Step27_Model2_EQA_CH4,Step28_Model1_EQB_CH3,Step29_Model1_EQB_CH2,Step30_Model2_EQC_CH3,,,,42.88,,,,65.87,59.15,,,40.64,,,,,,,,,,,42.22,,,,,,,,76.65,,,,,58.28,,,,,,,,,,,,,,,,,,,,13,,14,,,,,,
L001W09,L001,9,Step1_Model3_EQC_CH2,Step2_Model1_EQA_CH3,Step3_Model2_EQA_CH3,Step4_Model3_EQC_CH2,Step5_Model1_EQC_CH2,Step6_Model3_EQA_CH2,Step7_Model1_EQC_CH1,Step8_Model3_EQC_CH4,Step9_Model2_EQB_CH1,Step10_Model2_EQA_CH1,Step11_Model2_EQA_CH3,Step12_Model1_EQB_CH2,Step13_Model2_EQB_CH4,Step14_Model3_EQB_CH3,Step15_Model3_EQA_CH1,Step16_Model3_EQB_CH2,Step17_Model1_EQA_CH3,Step18_Model1_EQC_CH2,Step19_Model2_EQA_CH3,Step20_Model1_EQA_CH2,Step21_Model3_EQC_CH1,Step22_Model2_EQC_CH4,Step23_Model1_EQB_CH1,Step24_Model1_EQA_CH4,Step25_Model3_EQB_CH2,Step26_Model3_EQC_CH3,Step27_Model2_EQA_CH1,Step28_Model1_EQB_CH4,Step29_Model1_EQB_CH1,Step30_Model2_EQC_CH4,,,,,,,80.75,,,,,39.18,36.29,,,,,,,37.88,,,,,,59.33,,,,,,42.04,43.9,42.89,,,,,,,,,,,,,54.15,35.19,,,,,,,,,,,,,,,,
L001W10,L001,10,Step1_Model3_EQC_CH1,Step2_Model1_EQA_CH4,Step3_Model2_EQA_CH4,Step4_Model3_EQC_CH2,Step5_Model1_EQC_CH4,Step6_Model3_EQA_CH2,Step7_Model1_EQC_CH4,Step8_Model3_EQC_CH3,Step9_Model2_EQB_CH3,Step10_Model2_EQA_CH3,Step11_Model2_EQA_CH4,Step12_Model1_EQB_CH2,Step13_Model2_EQB_CH2,Step14_Model3_EQB_CH4,Step15_Model3_EQA_CH3,Step16_Model3_EQB_CH3,Step17_Model1_EQA_CH2,Step18_Model1_EQC_CH3,Step19_Model2_EQA_CH1,Step20_Model1_EQA_CH2,Step21_Model3_EQC_CH3,Step22_Model2_EQC_CH2,Step23_Model1_EQB_CH1,Step24_Model1_EQA_CH2,Step25_Model3_EQB_CH2,Step26_Model3_EQC_CH2,Step27_Model2_EQA_CH2,Step28_Model1_EQB_CH1,Step29_Model1_EQB_CH4,Step30_Model2_EQC_CH2,,,,,,,,66.32,,,,,,,,,,,,,,,,,35.21,,,,,,45.15,,,,,,,62.8,,,40.84,,,,,51.98,53.41,,10,,,,,,,,,,,,,,,
L001W11,L001,11,Step1_Model3_EQC_CH2,Step2_Model1_EQA_CH3,Step3_Model2_EQA_CH2,Step4_Model3_EQC_CH3,Step5_Model1_EQC_CH4,Step6_Model3_EQA_CH1,Step7_Model1_EQC_CH1,Step8_Model3_EQC_CH4,Step9_Model2_EQB_CH1,Step10_Model2_EQA_CH4,Step11_Model2_EQA_CH4,Step12_Model1_EQB_CH4,Step13_Model2_EQB_CH1,Step14_Model3_EQB_CH3,Step15_Model3_EQA_CH4,Step16_Model3_EQB_CH2,Step17_Model1_EQA_CH1,Step18_Model1_EQC_CH4,Step19_Model2_EQA_CH4,Step20_Model1_EQA_CH2,Step21_Model3_EQC_CH3,Step22_Model2_EQC_CH3,Step23_Model1_EQB_CH3,Step24_Model1_EQA_CH4,Step25_Model3_EQB_CH4,Step26_Model3_EQC_CH4,Step27_Model2_EQA_CH1,Step28_Model1_EQB_CH2,Step29_Model1_EQB_CH4,Step30_Model2_EQC_CH2,,37.53,,42.99,,53.55,,,,,,,41.98,38.05,,,,48.06,,,,,,,,,,,,42.19,,,,,,55.98,,59.18,,57.46,,,,,,,,40.41,,,,,11,,,,,,,,,,,
L001W12,L001,12,Step1_Model3_EQC_CH2,Step2_Model1_EQA_CH3,Step3_Model2_EQA_CH1,Step4_Model3_EQC_CH4,Step5_Model1_EQC_CH3,Step6_Model3_EQA_CH3,Step7_Model1_EQC_CH4,Step8_Model3_EQC_CH2,Step9_Model2_EQB_CH3,Step10_Model2_EQA_CH2,Step11_Model2_EQA_CH1,Step12_Model1_EQB_CH2,Step13_Model2_EQB_CH1,Step14_Model3_EQB_CH2,Step15_Model3_EQA_CH3,Step16_Model3_EQB_CH3,Step17_Model1_EQA_CH1,Step18_Model1_EQC_CH4,Step19_Model2_EQA_CH1,Step20_Model1_EQA_CH1,Step21_Model3_EQC_CH2,Step22_Model2_EQC_CH2,Step23_Model1_EQB_CH1,Step24_Model1_EQA_CH3,Step25_Model3_EQB_CH2,Step26_Model3_EQC_CH4,Step27_Model2_EQA_CH2,Step28_Model1_EQB_CH2,Step29_Model1_EQB_CH4,Step30_Model2_EQC_CH1,,,45.16,,,,,,,,,37.84,,47.09,,,,,,,,,,,,,,,,,,47.19,,,,,,,,,,,,67.46,,,,,,,,,,,,,,,,,,,,
L001W13,L001,13,Step1_Model3_EQC_CH4,Step2_Model1_EQA_CH1,Step3_Model2_EQA_CH1,Step4_Model3_EQC_CH1,Step5_Model1_EQC_CH4,Step6_Model3_EQA_CH1,Step7_Model1_EQC_CH3,Step8_Model3_EQC_CH4,Step9_Model2_EQB_CH3,Step10_Model2_EQA_CH1,Step11_Model2_EQA_CH2,Step12_Model1_EQB_CH1,Step13_Model2_EQB_CH3,Step14_Model3_EQB_CH3,Step15_Model3_EQA_CH4,Step16_Model3_EQB_CH2,Step17_Model1_EQA_CH4,Step18_Model1_EQC_CH3,Step19_Model2_EQA_CH1,Step20_Model1_EQA_CH2,Step21_Model3_EQC_CH1,Step22_Model2_EQC_CH1,Step23_Model1_EQB_CH2,Step24_Model1_EQA_CH4,Step25_Model3_EQB_CH1,Step26_Model3_EQC_CH3,Step27_Model2_EQA_CH1,Step28_Model1_EQB_CH2,Step29_Model1_EQB_CH2,Step30_Model2_EQC_CH2,,,,,46.44,,65.46,,,,,,,,,,,,47.9,,42.97,,,44.3,,,,62.69,,,,,,,,,64.47,,,,30,,,,,,,,,,,16,,,,,,,,,,,,
L001W14,L001,14,Step1_Model3_EQC_CH4,Step2_Model1_EQA_CH1,Step3_Model2_EQA_CH4,Step4_Model3_EQC_CH4,Step5_Model1_EQC_CH2,Step6_Model3_EQA_CH2,Step7_Model1_EQC_CH4,Step8_Model3_EQC_CH1,Step9_Model2_EQB_CH3,Step10_Model2_EQA_CH4,Step11_Model2_EQA_CH1,Step12_Model1_EQB_CH2,Step13_Model2_EQB_CH2,Step14_Model3_EQB_CH1,Step15_Model3_EQA_CH3,Step16_Model3_EQB_CH2,Step17_Model1_EQA_CH2,Step18_Model1_EQC_CH2,Step19_Model2_EQA_CH1,Step20_Model1_EQA_CH4,Step21_Model3_EQC_CH2,Step22_Model2_EQC_CH4,Step23_Model1_EQB_CH3,Step24_Model1_EQA_CH2,Step25_Model3_EQB_CH2,Step26_Model3_EQC_CH3,Step27_Model2_EQA_CH2,Step28_Model1_EQB_CH4,Step29_Model1_EQB_CH1,Step30_Model2_EQC_CH4,,,,,,,,,,,35.35,,,32.31,,,,,,,,,,,,,,,,,,,,,,,,,,,,,,,,,,,,,,,,,,,,,,,,,,
L001W15,L001,15,Step1_Model3_EQC_CH1,Step2_Model1_EQA_CH1,Step3_Model2_EQA_CH4,Step4_Model3_EQC_CH4,Step5_Model1_EQC_CH4,Step6_Model3_EQA_CH4,Step7_Model1_EQC_CH3,Step8_Model3_EQC_CH2,Step9_Model2_EQB_CH1,Step10_Model2_EQA_CH4,Step11_Model2_EQA_CH4,Step12_Model1_EQB_CH4,Step13_Model2_EQB_CH3,Step14_Model3_EQB_CH4,Step15_Model3_EQA_CH4,Step16_Model3_EQB_CH4,Step17_Model1_EQA_CH2,Step18_Model1_EQC_CH3,Step19_Model2_EQA_CH4,Step20_Model1_EQA_CH1,Step21_Model3_EQC_CH1,Step22_Model2_EQC_CH1,Step23_Model1_EQB_CH3,Step24_Model1_EQA_CH3,Step25_Model3_EQB_CH1,Step26_Model3_EQC_CH4,Step27_Model2_EQA_CH3,Step28_Model1_EQB_CH1,Step29_Model1_EQB_CH1,Step30_Model2_EQC_CH4,,,,,,,,,,,,,,,,,,,,,,,36.13,,,,,,,50.88,,,,44.44,,58.77,,,64.58,,,,,,60.3,,50.49,,,,,,,,,,,,,,,,,
L001W16,L001,16,Step1_Model3_EQC_CH2,Step2_Model1_EQA_CH3,Step3_Model2_EQA_CH4,Step4_Model3_EQC_CH1,Step5_Model1_EQC_CH1,Step6_Model3_EQA_CH4,Step7_Model1_EQC_CH3,Step8_Model3_EQC_CH2,Step9_Model2_EQB_CH2,Step10_Model2_EQA_CH1,Step11_Model2_EQA_CH3,Step12_Model1_EQB_CH2,Step13_Model2_EQB_CH3,Step14_Model3_EQB_CH3,Step15_Model3_EQA_CH1,Step16_Model3_EQB_CH2,Step17_Model1_EQA_CH4,Step18_Model1_EQC_CH1,Step19_Model2_EQA_CH2,Step20_Model1_EQA_CH2,Step21_Model3_EQC_CH2,Step22_Model2_EQC_CH2,Step23_Model1_EQB_CH2,Step24_Model1_EQA_CH3,Step25_Model3_EQB_CH1,Step26_Model3_EQC_CH3,Step27_Model2_EQA_CH4,Step28_Model1_EQB_CH2,Step29_Model1_EQB_CH1,Step30_Model2_EQC_CH2,,,,,,,,,,,,,,,,,,47.59,,,42.56,,,,,,31.64,,,,,44.61,,,49.42,,,58.91,,,,,,,,,51.47,,,15,,,,,,,,,,,,,,
L001W17,L001,17,Step1_Model3_EQC_CH1,Step2_Model1_EQA_CH3,Step3_Model2_EQA_CH1,Step4_Model3_EQC_CH4,Step5_Model1_EQC_CH4,Step6_Model3_EQA_CH1,Step7_Model1_EQC_CH1,Step8_Model3_EQC_CH1,Step9_Model2_EQB_CH1,Step10_Model2_EQA_CH4,Step11_Model2_EQA_CH2,Step12_Model1_EQB_CH1,Step13_Model2_EQB_CH1,Step14_Model3_EQB_CH4,Step15_Model3_EQA_CH4,Step16_Model3_EQB_CH3,Step17_Model1_EQA_CH1,Step18_Model1_EQC_CH3,Step19_Model2_EQA_CH4,Step20_Model1_EQA_CH4,Step21_Model3_EQC_CH2,Step22_Model2_EQC_CH1,Step23_Model1_EQB_CH3,Step24_Model1_EQA_CH4,Step25_Model3_EQB_CH4,Step26_Model3_EQC_CH3,Step27_Model2_EQA_CH2,Step28_Model1_EQB_CH4,Step29_Model1_EQB_CH1,Step30_Model2_EQC_CH4,,32.52,,,44.81,,,,,,,,,,46.27,,,,,,,,,,,,,,,,,,47.84,52.03,,,75.63,,,,,57.13,,53.58,,,,,,,,,,,,,,,,,,,,
L001W18,L001,18,Step1_Model3_EQC_CH1,Step2_Model1_EQA_CH3,Step3_Model2_EQA_CH1,Step4_Model3_EQC_CH3,Step5_Model1_EQC_CH1,Step6_Model3_EQA_CH3,Step7_Model1_EQC_CH1,Step8_Model3_EQC_CH2,Step9_Model2_EQB_CH1,Step10_Model2_EQA_CH1,Step11_Model2_EQA_CH2,Step12_Model1_EQB_CH4,Step13_Model2_EQB_CH4,Step14_Model3_EQB_CH1,Step15_Model3_EQA_CH2,Step16_Model3_EQB_CH1,Step17_Model1_EQA_CH3,Step18_Model1_EQC_CH3,Step19_Model2_EQA_CH1,Step20_Model1_EQA_CH4,Step21_Model3_EQC_CH4,Step22_Model2_EQC_CH1,Step23_Model1_EQB_CH1,Step24_Model1_EQA_CH3,Step25_Model3_EQB_CH4,Step26_Model3_EQC_CH1,Step27_Model2_EQA_CH3,Step28_Model1_EQB_CH4,Step29_Model1_EQB_CH2,Step30_Model2_EQC_CH3,,,,,,,,,,,,,,38.55,,,,,,,,,,,,,,,,,,,,,,,,,,,,,54.37,,,,52.11,,,,,,,,,,,,,,,,,
L001W19,L001,19,Step1_Model3_EQC_CH4,Step2_Model1_EQA_CH4,Step3_Model2_EQA_CH3,Step4_Model3_EQC_CH2,Step5_Model1_EQC_CH3,Step6_Model3_EQA_CH4,Step7_Model1_EQC_CH1,Step8_Model3_EQC_CH1,Step9_Model2_EQB_CH3,Step10_Model2_EQA_CH4,Step11_Model2_EQA_CH1,Step12_Model1_EQB_CH4,Step13_Model2_EQB_CH3,Step14_Model3_EQB_CH1,Step15_Model3_EQA_CH4,Step16_Model3_EQB_CH1,Step17_Model1_EQA_CH3,Step18_Model1_EQC_CH4,Step19_Model2_EQA_CH1,Step20_Model1_EQA_CH3,Step21_Model3_EQC_CH1,Step22_Model2_EQC_CH1,Step23_Model1_EQB_CH2,Step24_Model1_EQA_CH2,Step25_Model3_EQB_CH3,Step26_Model3_EQC_CH2,Step27_Model2_EQA_CH3,Step28_Model1_EQB_CH2,Step29_Model1_EQB_CH1,Step30_Model2_EQC_CH3,,,,,,,,,,,,,,,,,,,,58.7,,,,,,,,,58.46,,,44.05,,40.98,,,,,59.84,,,,,,,,49.03,32.21,,,,,,,,,,,,,,,,
L001W20,L001,20,Step1_Model3_EQC_CH3,Step2_Model1_EQA_CH1,Step3_Model2_EQA_CH3,Step4_Model3_EQC_CH3,Step5_Model1_EQC_CH2,Step6_Model3_EQA_CH3,Step7_Model1_EQC_CH4,Step8_Model3_EQC_CH1,Step9_Model2_EQB_CH2,Step10_Model2_EQA_CH2,Step11_Model2_EQA_CH4,Step12_Model1_EQB_CH1,Step13_Model2_EQB_CH1,Step14_Model3_EQB_CH2,Step15_Model3_EQA_CH3,Step16_Model3_EQB_CH2,Step17_Model1_EQA_CH1,Step18_Model1_EQC_CH4,Step19_Model2_EQA_CH2,Step20_Model1_EQA_CH1,Step21_Model3_EQC_CH2,Step22_Model2_EQC_CH3,Step23_Model1_EQB_CH2,Step24_Model1_EQA_CH2,Step25_Model3_EQB_CH1,Step26_Model3_EQC_CH1,Step27_Model2_EQA_CH1,Step28_Model1_EQB_CH2,Step29_Model1_EQB_CH3,Step30_Model2_EQC_CH4,,,,,39.63,,64.86,,,,,,,,45.51,61.08,,,,43.74,,,,,,,,61.1,,49.51,,,47.28,,,,,,,,,,,63.07,,,,34.88,,,,,,9,,,,,,,,,,
L001W21,L001,21,Step1_Model3_EQC_CH4,Step2_Model1_EQA_CH1,Step3_Model2_EQA_CH1,Step4_Model3_EQC_CH2,Step5_Model1_EQC_CH4,Step6_Model3_EQA_CH1,Step7_Model1_EQC_CH3,Step8_Model3_EQC_CH3,Step9_Model2_EQB_CH1,Step10_Model2_EQA_CH1,Step11_Model2_EQA_CH4,Step12_Model1_EQB_CH4,Step13_Model2_EQB_CH2,Step14_Model3_EQB_CH4,Step15_Model3_EQA_CH3,Step16_Model3_EQB_CH3,Step17_Model1_EQA_CH1,Step18_Model1_EQC_CH4,Step19_Model2_EQA_CH2,Step20_Model1_EQA_CH3,Step21_Model3_EQC_CH3,Step22_Model2_EQC_CH2,Step23_Model1_EQB_CH2,Step24_Model1_EQA_CH3,Step25_Model3_EQB_CH3,Step26_Model3_EQC_CH2,Step27_Model2_EQA_CH3,Step28_Model1_EQB_CH1,Step29_Model1_EQB_CH1,Step30_Model2_EQC_CH2,45.79,,44.65,,,,,69.34,,,,,,,,,,,,,,,40.39,,,,,59.72,,,,42.98,,,,,,,,,,,,,,,,,,,,,,,,,,,,,,,,
L001W22,L001,22,Step1_Model3_EQC_CH4,Step2_Model1_EQA_CH2,Step3_Model2_EQA_CH2,Step4_Model3_EQC_CH4,Step5_Model1_EQC_CH4,Step6_Model3_EQA_CH4,Step7_Model1_EQC_CH1,Step8_Model3_EQC_CH3,Step9_Model2_EQB_CH1,Step10_Model2_EQA_CH3,Step11_Model2_EQA_CH1,Step12_Model1_EQB_CH3,Step13_Model2_EQB_CH1,Step14_Model3_EQB_CH4,Step15_Model3_EQA_CH2,Step16_Model3_EQB_CH1,Step17_Model1_EQA_CH3,Step18_Model1_EQC_CH4,Step19_Model2_EQA_CH1,Step20_Model1_EQA_CH1,Step21_Model3_EQC_CH4,Step22_Model2_EQC_CH1,Step23_Model1_EQB_CH2,Step24_Model1_EQA_CH1,Step25_Model3_EQB_CH2,Step26_Model3_EQC_CH2,Step27_Model2_EQA_CH4,Step28_Model1_EQB_CH1,Step29_Model1_EQB_CH4,Step30_Model2_EQC_CH1,,,,,,,62.69,,,,,,,,,,,,46.34,,34.69,,,,,,,,,,,,,,58.25,,,,,,,50.7,59.72,,,,,,,,,,,,,,,,,,,,,
L001W23,L001,23,Step1_Model3_EQC_CH1,Step2_Model1_EQA_CH3,Step3_Model2_EQA_CH1,Step4_Model3_EQC_CH4,Step5_Model1_EQC_CH2,Step6_Model3_EQA_CH1,Step7_Model1_EQC_CH3,Step8_Model3_EQC_CH4,Step9_Model2_EQB_CH1,Step10_Model2_EQA_CH4,Step11_Model2_EQA_CH3,Step12_Model1_EQB_CH3,Step13_Model2_EQB_CH4,Step14_Model3_EQB_CH1,Step15_Model3_EQA_CH2,Step16_Model3_EQB_CH3,Step17_Model1_EQA_CH1,Step18_Model1_EQC_CH1,Step19_Model2_EQA_CH2,Step20_Model1_EQA_CH3,Step21_Model3_EQC_CH3,Step22_Model2_EQC_CH1,Step23_Model1_EQB_CH1,Step24_Model1_EQA_CH2,Step25_Model3_EQB_CH2,Step26_Model3_EQC_CH3,Step27_Model2_EQA_CH4,Step28_Model1_EQB_CH3,Step29_Model1_EQB_CH1,Step30_Model2_EQC_CH3,,,,,,,,67.15,,,,,,39.17,42.59,,54.56,,,,,,,,,,35.36,,,,,,,,,,,,,,,,,,,,,,,,,,,,,,,,,,,,,
L001W24,L001,24,Step1_Model3_EQC_CH4,Step2_Model1_EQA_CH2,Step3_Model2_EQA_CH4,Step4_Model3_EQC_CH4,Step5_Model1_EQC_CH4,Step6_Model3_EQA_CH2,Step7_Model1_EQC_CH4,Step8_Model3_EQC_CH4,Step9_Model2_EQB_CH4,Step10_Model2_EQA_CH1,Step11_Model2_EQA_CH4,Step12_Model1_EQB_CH2,Step13_Model2_EQB_CH4,Step14_Model3_EQB_CH4,Step15_Model3_EQA_CH2,Step16_Model3_EQB_CH4,Step17_Model1_EQA_CH2,Step18_Model1_EQC_CH4,Step19_Model2_EQA_CH2,Step20_Model1_EQA_CH4,Step21_Model3_EQC_CH4,Step22_Model2_EQC_CH1,Step23_Model1_EQB_CH1,Step24_Model1_EQA_CH4,Step25_Model3_EQB_CH4,Step26_Model3_EQC_CH3,Step27_Model2_EQA_CH2,Step28_Model1_EQB_CH3,Step29_Model1_EQB_CH1,Step30_Model2_EQC_CH1,,,,,,,60.51,,,,,,,,,,57.47,,38.31,,,,,,,,,,56.95,48.98,,,,,,,,,,64.34,,,,,59.37,,,33.29,,,14,,,,,,,,,,,,,
L001W25,L001,25,Step1_Model3_EQC_CH1,Step2_Model1_EQA_CH1,Step3_Model2_EQA_CH4,Step4_Model3_EQC_CH1,Step5_Model1_EQC_CH4,Step6_Model3_EQA_CH4,Step7_Model1_EQC_CH1,Step8_Model3_EQC_CH1,Step9_Model2_EQB_CH2,Step10_Model2_EQA_CH3,Step11_Model2_EQA_CH1,Step12_Model1_EQB_CH2,Step13_Model2_EQB_CH2,Step14_Model3_EQB_CH3,Step15_Model3_EQA_CH4,Step16_Model3_EQB_CH1,Step17_Model1_EQA_CH3,Step18_Model1_EQC_CH1,Step19_Model2_EQA_CH2,Step20_Model1_EQA_CH2,Step21_Model3_EQC_CH4,Step22_Model2_EQC_CH2,Step23_Model1_EQB_CH2,Step24_Model1_EQA_CH3,Step25_Model3_EQB_CH1,Step26_Model3_EQC_CH1,Step27_Model2_EQA_CH3,Step28_Model1_EQB_CH4,Step29_Model1_EQB_CH1,Step30_Model2_EQC_CH2,,,,,,,,,,,55.05,,,,53.81,,,,,,,,35.73,39.33,34.42,,,59.45,,,64.23,,,,,62.23,,,,,40.2,,,,,51.48,,,,,,,,,,,,,,,,,,
L002W01,L002,1,Step1_Model1_EQB_CH4,Step2_Model3_EQA_CH1,Step3_Model3_EQA_CH2,Step4_Model2_EQC_CH4,Step5_Model1_EQB_CH1,Step6_Model3_EQC_CH2,Step7_Model1_EQA_CH2,Step8_Model1_EQB_CH3,Step9_Model1_EQC_CH1,Step10_Model3_EQA_CH1,Step11_Model1_EQC_CH4,Step12_Model2_EQA_CH3,Step13_Model1_EQC_CH3,Step14_Model1_EQB_CH3,Step15_Model3_EQA_CH3,Step16_Model3_EQA_CH1,Step17_Model1_EQA_CH1,Step18_Model2_EQB_CH2,Step19_Model3_EQA_CH2,Step20_Model1_EQB_CH3,Step21_Model1_EQB_CH3,Step22_Model1_EQC_CH3,Step23_Model1_EQA_CH2,Step24_Model2_EQA_CH4,Step25_Model1_EQB_CH4,Step26_Model3_EQC_CH2,Step27_Model2_EQB_CH2,Step28_Model2_EQB_CH2,Step29_Model2_EQC_CH2,Step30_Model3_EQB_CH2,,,,,,,,,,,,,,,,,,,,,,,37.02,,,,,,,,,41.17,45.06,,45.97,,,,,,,,,,59.95,,,,,9,,,,,,,,9,,,,,,
L002W02,L002,2,Step1_Model1_EQB_CH2,Step2_Model3_EQA_CH3,Step3_Model3_EQA_CH3,Step4_Model2_EQC_CH3,Step5_Model1_EQB_CH3,Step6_Model3_EQC_CH2,Step7_Model1_EQA_CH4,Step8_Model1_EQB_CH1,Step9_Model1_EQC_CH2,Step10_Model3_EQA_CH1,Step11_Model1_EQC_CH4,Step12_Model2_EQA_CH3,Step13_Model1_EQC_CH4,Step14_Model1_EQB_CH2,Step15_Model3_EQA_CH3,Step16_Model3_EQA_CH2,Step17_Model1_EQA_CH3,Step18_Model2_EQB_CH1,Step19_Model3_EQA_CH1,Step20_Model1_EQB_CH1,Step21_Model1_EQB_CH4,Step22_Model1_EQC_CH2,Step23_Model1_EQA_CH4,Step24_Model2_EQA_CH1,Step25_Model1_EQB_CH2,Step26_Model3_EQC_CH1,Step27_Model2_EQB_CH4,Step28_Model2_EQB_CH4,Step29_Model2_EQC_CH4,Step30_Model3_EQB_CH1,,,,,,,63.39,,,45.8,57.94,,,,,,,,,,,,,,,,,,,,,,,,,,,,,,,51.96,,,,58.63,,38.29,,,,,,,,,,,,,,,,
L002W03,L002,3,Step1_Model1_EQB_CH2,Step2_Model3_EQA_CH2,Step3_Model3_EQA_CH1,Step4_Model2_EQC_CH2,Step5_Model1_EQB_CH1,Step6_Model3_EQC_CH2,Step7_Model1_EQA_CH3,Step8_Model1_EQB_CH3,Step9_Model1_EQC_CH4,Step10_Model3_EQA_CH3,Step11_Model1_EQC_CH3,Step12_Model2_EQA_CH3,Step13_Model1_EQC_CH1,Step14_Model1_EQB_CH3,Step15_Model3_EQA_CH3,Step16_Model3_EQA_CH4,Step17_Model1_EQA_CH3,Step18_Model2_EQB_CH3,Step19_Model3_EQA_CH2,Step20_Model1_EQB_CH4,Step21_Model1_EQB_CH4,Step22_Model1_EQC_CH4,Step23_Model1_EQA_CH4,Step24_Model2_EQA_CH4,Step25_Model1_EQB_CH4,Step26_Model3_EQC_CH1,Step27_Model2_EQB_CH3,Step28_Model2_EQB_CH4,Step29_Model2_EQC_CH3,Step30_Model3_EQB_CH3,,39.49,,,,,,,,,55.77,,,,,,,,,,,,37.12,,,,38.6,,,,,,,,45.7,55.53,,,,,42.19,,,57.99,,,,,,,,,18,,,,,,,,,,,
L002W04,L002,4,Step1_Model1_EQB_CH1,Step2_Model3_EQA_CH4,Step3_Model3_EQA_CH2,Step4_Model2_EQC_CH1,Step5_Model1_EQB_CH2,Step6_Model3_EQC_CH3,Step7_Model1_EQA_CH3,Step8_Model1_EQB_CH1,Step9_Model1_EQC_CH1,Step10_Model3_EQA_CH2,Step11_Model1_EQC_CH4,Step12_Model2_EQA_CH2,Step13_Model1_EQC_CH1,Step14_Model1_EQB_CH2,Step15_Model3_EQA_CH1,Step16_Model3_EQA_CH2,Step17_Model1_EQA_CH1,Step18_Model2_EQB_CH1,Step19_Model3_EQA_CH1,Step20_Model1_EQB_CH4,Step21_Model1_EQB_CH2,Step22_Model1_EQC_CH2,Step23_Model1_EQA_CH2,Step24_Model2_EQA_CH1,Step25_Model1_EQB_CH2,Step26_Model3_EQC_CH2,Step27_Model2_EQB_CH1,Step28_Model2_EQB_CH3,Step29_Model2_EQC_CH1,Step30_Model3_EQB_CH2,36.8,,42.36,,,49.73,,,,,,,44.49,,,54.15,,,,34.42,40.22,,,37.66,,,,,,,,,,,,58.72,,,,,,,,,,,,,,,,,,,,,,,,,,,,
L002W05,L002,5,Step1_Model1_EQB_CH1,Step2_Model3_EQA_CH3,Step3_Model3_EQA_CH1,Step4_Model2_EQC_CH2,Step5_Model1_EQB_CH3,Step6_Model3_EQC_CH4,Step7_Model1_EQA_CH2,Step8_Model1_EQB_CH3,Step9_Model1_EQC_CH3,Step10_Model3_EQA_CH4,Step11_Model1_EQC_CH1,Step12_Model2_EQA_CH1,Step13_Model1_EQC_CH2,Step14_Model1_EQB_CH4,Step15_Model3_EQA_CH1,Step16_Model3_EQA_CH4,Step17_Model1_EQA_CH1,Step18_Model2_EQB_CH3,Step19_Model3_EQA_CH1,Step20_Model1_EQB_CH4,Step21_Model1_EQB_CH3,Step22_Model1_EQC_CH3,Step23_Model1_EQA_CH3,Step24_Model2_EQA_CH4,Step25_Model1_EQB_CH2,Step26_Model3_EQC_CH2,Step27_Model2_EQB_CH2,Step28_Model2_EQB_CH4,Step29_Model2_EQC_CH3,Step30_Model3_EQB_CH2,53.7,,,,,,,,62.62,,,,,,,,,,,,,,,33.73,,,18.25,,58.87,,,,42.92,42.02,,,,,,,,,,,57.54,49.65,,,,,,11,,,,,,,,,,,,
L002W06,L002,6,Step1_Model1_EQB_CH4,Step2_Model3_EQA_CH2,Step3_Model3_EQA_CH1,Step4_Model2_EQC_CH2,Step5_Model1_EQB_CH2,Step6_Model3_EQC_CH3,Step7_Model1_EQA_CH4,Step8_Model1_EQB_CH3,Step9_Model1_EQC_CH3,Step10_Model3_EQA_CH3,Step11_Model1_EQC_CH3,Step12_Model2_EQA_CH3,Step13_Model1_EQC_CH2,Step14_Model1_EQB_CH3,Step15_Model3_EQA_CH3,Step16_Model3_EQA_CH4,Step17_Model1_EQA_CH1,Step18_Model2_EQB_CH2,Step19_Model3_EQA_CH2,Step20_Model1_EQB_CH2,Step21_Model1_EQB_CH3,Step22_Model1_EQC_CH3,Step23_Model1_EQA_CH3,Step24_Model2_EQA_CH4,Step25_Model1_EQB_CH1,Step26_Model3_EQC_CH3,Step27_Model2_EQB_CH1,Step28_Model2_EQB_CH4,Step29_Model2_EQC_CH2,Step30_Model3_EQB_CH3,36.46,38.4,,,,,,,63.68,,,,,,,,,50.41,,45.76,,,,,,,,,54.95,,,,,,,,,,,,,,,,,,68.66,,,,,,,,,,,,,,,,,
L002W07,L002,7,Step1_Model1_EQB_CH1,Step2_Model3_EQA_CH1,Step3_Model3_EQA_CH3,Step4_Model2_EQC_CH2,Step5_Model1_EQB_CH2,Step6_Model3_EQC_CH2,Step7_Model1_EQA_CH4,Step8_Model1_EQB_CH1,Step9_Model1_EQC_CH1,Step10_Model3_EQA_CH1,Step11_Model1_EQC_CH4,Step12_Model2_EQA_CH1,Step13_Model1_EQC_CH4,Step14_Model1_EQB_CH2,Step15_Model3_EQA_CH3,Step16_Model3_EQA_CH1,Step17_Model1_EQA_CH1,Step18_Model2_EQB_CH2,Step19_Model3_EQA_CH3,Step20_Model1_EQB_CH4,Step21_Model1_EQB_CH3,Step22_Model1_EQC_CH2,Step23_Model1_EQA_CH2,Step24_Model2_EQA_CH3,Step25_Model1_EQB_CH4,Step26_Model3_EQC_CH4,Step27_Model2_EQB_CH1,Step28_Model2_EQB_CH4,Step29_Model2_EQC_CH3,Step30_Model3_EQB_CH2,,,,,,,,66.46,,,,,,,48.43,63,64.17,,,,,39.3,,,34.85,,,58.15,,,,,,,,,,,61.69,,,,,60.42,,,,,,,,,,,,,11,,,,,,,
L002W08,L002,8,Step1_Model1_EQB_CH1,Step2_Model3_EQA_CH1,Step3_Model3_EQA_CH2,Step4_Model2_EQC_CH4,Step5_Model1_EQB_CH2,Step6_Model3_EQC_CH4,Step7_Model1_EQA_CH2,Step8_Model1_EQB_CH3,Step9_Model1_EQC_CH4,Step10_Model3_EQA_CH3,Step11_Model1_EQC_CH1,Step12_Model2_EQA_CH2,Step13_Model1_EQC_CH1,Step14_Model1_EQB_CH1,Step15_Model3_EQA_CH1,Step16_Model3_EQA_CH1,Step17_Model1_EQA_CH2,Step18_Model2_EQB_CH1,Step19_Model3_EQA_CH2,Step20_Model1_EQB_CH2,Step21_Model1_EQB_CH3,Step22_Model1_EQC_CH4,Step23_Model1_EQA_CH4,Step24_Model2_EQA_CH2,Step25_Model1_EQB_CH3,Step26_Model3_EQC_CH2,Step27_Model2_EQB_CH2,Step28_Model2_EQB_CH2,Step29_Model2_EQC_CH3,Step30_Model3_EQB_CH4,,,,,,,68.42,,,,,,,,,,,,47.39,,,,,41.91,,,,55.71,,,,,,,,,,,,,,,,65.67,,,,,,,,,,,,,,,,,,,,
L002W09,L002,9,Step1_Model1_EQB_CH3,Step2_Model3_EQA_CH1,Step3_Model3_EQA_CH3,Step4_Model2_EQC_CH3,Step5_Model1_EQB_CH3,Step6_Model3_EQC_CH3,Step7_Model1_EQA_CH4,Step8_Model1_EQB_CH1,Step9_Model1_EQC_CH4,Step10_Model3_EQA_CH4,Step11_Model1_EQC_CH3,Step12_Model2_EQA_CH2,Step13_Model1_EQC_CH2,Step14_Model1_EQB_CH4,Step15_Model3_EQA_CH4,Step16_Model3_EQA_CH3,Step17_Model1_EQA_CH4,Step18_Model2_EQB_CH3,Step19_Model3_EQA_CH2,Step20_Model1_EQB_CH2,Step21_Model1_EQB_CH1,Step22_Model1_EQC_CH2,Step23_Model1_EQA_CH4,Step24_Model2_EQA_CH2,Step25_Model1_EQB_CH3,Step26_Model3_EQC_CH2,Step27_Model2_EQB_CH1,Step28_Model2_EQB_CH2,Step29_Model2_EQC_CH3,Step30_Model3_EQB_CH3,,,,,40.78,54.47,,62.64,,,,,,,,,60.84,,50.44,,,,,33.53,,,,,59.94,,59.7,,,,,,,,,,35.96,,,,,,,,,,,,,,,,,,,,,,,
L002W10,L002,10,Step1_Model1_EQB_CH4,Step2_Model3_EQA_CH2,Step3_Model3_EQA_CH3,Step4_Model2_EQC_CH1,Step5_Model1_EQB_CH4,Step6_Model3_EQC_CH1,Step7_Model1_EQA_CH2,Step8_Model1_EQB_CH2,Step9_Model1_EQC_CH2,Step10_Model3_EQA_CH4,Step11_Model1_EQC_CH3,Step12_Model2_EQA_CH4,Step13_Model1_EQC_CH1,Step14_Model1_EQB_CH4,Step15_Model3_EQA_CH1,Step16_Model3_EQA_CH4,Step17_Model1_EQA_CH3,Step18_Model2_EQB_CH1,Step19_Model3_EQA_CH2,Step20_Model1_EQB_CH2,Step21_Model1_EQB_CH4,Step22_Model1_EQC_CH2,Step23_Model1_EQA_CH1,Step24_Model2_EQA_CH2,Step25_Model1_EQB_CH3,Step26_Model3_EQC_CH3,Step27_Model2_EQB_CH4,Step28_Model2_EQB_CH1,Step29_Model2_EQC_CH3,Step30_Model3_EQB_CH3,,40.36,,,,,62.05,,,,,34.69,,,47.33,,,,,,38.01,,46.78,40.92,,,36.21,,54.87,,,,,42.5,,,,,,,,,,,,49.35,,,,,,,,,,,,,,,,,,
L002W11,L002,11,Step1_Model1_EQB_CH1,Step2_Model3_EQA_CH2,Step3_Model3_EQA_CH2,Step4_Model2_EQC_CH4,Step5_Model1_EQB_CH2,Step6_Model3_EQC_CH1,Step7_Model1_EQA_CH3,Step8_Model1_EQB_CH2,Step9_Model1_EQC_CH4,Step10_Model3_EQA_CH2,Step11_Model1_EQC_CH1,Step12_Model2_EQA_CH4,Step13_Model1_EQC_CH2,Step14_Model1_EQB_CH4,Step15_Model3_EQA_CH1,Step16_Model3_EQA_CH3,Step17_Model1_EQA_CH1,Step18_Model2_EQB_CH1,Step19_Model3_EQA_CH1,Step20_Model1_EQB_CH1,Step21_Model1_EQB_CH3,Step22_Model1_EQC_CH3,Step23_Model1_EQA_CH4,Step24_Model2_EQA_CH2,Step25_Model1_EQB_CH3,Step26_Model3_EQC_CH3,Step27_Model2_EQB_CH2,Step28_Model2_EQB_CH3,Step29_Model2_EQC_CH1,Step30_Model3_EQB_CH1,36.35,,,,,,,,,,,,37.92,,,,,43.69,,,,,39.19,,,,,,,,,,45.95,47.38,42.77,,,,,67.16,,,,,,,,,,,10,,,,,,,,,,,,,
L002W12,L002,12,Step1_Model1_EQB_CH2,Step2_Model3_EQA_CH4,Step3_Model3_EQA_CH4,Step4_Model2_EQC_CH2,Step5_Model1_EQB_CH2,Step6_Model3_EQC_CH1,Step7_Model1_EQA_CH4,Step8_Model1_EQB_CH3,Step9_Model1_EQC_CH1,Step10_Model3_EQA_CH2,Step11_Model1_EQC_CH4,Step12_Model2_EQA_CH3,Step13_Model1_EQC_CH3,Step14_Model1_EQB_CH1,Step15_Model3_EQA_CH4,Step16_Model3_EQA_CH4,Step17_Model1_EQA_CH2,Step18_Model2_EQB_CH4,Step19_Model3_EQA_CH4,Step20_Model1_EQB_CH1,Step21_Model1_EQB_CH4,Step22_Model1_EQC_CH3,Step23_Model1_EQA_CH1,Step24_Model2_EQA_CH1,Step25_Model1_EQB_CH2,Step26_Model3_EQC_CH4,Step27_Model2_EQB_CH2,Step28_Model2_EQB_CH3,Step29_Model2_EQC_CH1,Step30_Model3_EQB_CH1,,,,,,,65.48,,62.72,,,,,,,,,,,45.1,,,,,,,,,58.71,,,,,,,,,,,,,,,,,,,,,,,,,,,,,,,,,,,
L002W13,L002,13,Step1_Model1_EQB_CH1,Step2_Model3_EQA_CH3,Step3_Model3_EQA_CH3,Step4_Model2_EQC_CH2,Step5_Model1_EQB_CH2,Step6_Model3_EQC_CH2,Step7_Model1_EQA_CH4,Step8_Model1_EQB_CH1,Step9_Model1_EQC_CH1,Step10_Model3_EQA_CH2,Step11_Model1_EQC_CH1,Step12_Model2_EQA_CH2,Step13_Model1_EQC_CH4,Step14_Model1_EQB_CH4,Step15_Model3_EQA_CH3,Step16_Model3_EQA_CH4,Step17_Model1_EQA_CH2,Step18_Model2_EQB_CH4,Step19_Model3_EQA_CH3,Step20_Model1_EQB_CH1,Step21_Model1_EQB_CH2,Step22_Model1_EQC_CH1,Step23_Model1_EQA_CH3,Step24_Model2_EQA_CH3,Step25_Model1_EQB_CH3,Step26_Model3_EQC_CH1,Step27_Model2_EQB_CH1,Step28_Model2_EQB_CH1,Step29_Model2_EQC_CH1,Step30_Model3_EQB_CH3,,,,,,,,,,,,,,,,,,,,,,,,,,,,60.84,,,,,,,,,60.54,,,,,,61.34,,,,,,7,,,14,,,,,,,,,,,,
L002W14,L002,14,Step1_Model1_EQB_CH3,Step2_Model3_EQA_CH2,Step3_Model3_EQA_CH2,Step4_Model2_EQC_CH1,Step5_Model1_EQB_CH4,Step6_Model3_EQC_CH4,Step7_Model1_EQA_CH3,Step8_Model1_EQB_CH3,Step9_Model1_EQC_CH3,Step10_Model3_EQA_CH2,Step11_Model1_EQC_CH2,Step12_Model2_EQA_CH3,Step13_Model1_EQC_CH3,Step14_Model1_EQB_CH3,Step15_Model3_EQA_CH4,Step16_Model3_EQA_CH2,Step17_Model1_EQA_CH4,Step18_Model2_EQB_CH4,Step19_Model3_EQA_CH3,Step20_Model1_EQB_CH3,Step21_Model1_EQB_CH1,Step22_Model1_EQC_CH1,Step23_Model1_EQA_CH4,Step24_Model2_EQA_CH2,Step25_Model1_EQB_CH3,Step26_Model3_EQC_CH3,Step27_Model2_EQB_CH4,Step28_Model2_EQB_CH1,Step29_Model2_EQC_CH2,Step30_Model3_EQB_CH1,,,,,,,,,,,,,,36.15,,,,42.48,,,,37.71,,,,,,62.12,,,,,,,45.31,66.96,,,,,,,60.96,,,,,,,,,,,,,,,,,,,,,
L002W15,L002,15,Step1_Model1_EQB_CH1,Step2_Model3_EQA_CH1,Step3_Model3_EQA_CH1,Step4_Model2_EQC_CH3,Step5_Model1_EQB_CH3,Step6_Model3_EQC_CH1,Step7_Model1_EQA_CH2,Step8_Model1_EQB_CH4,Step9_Model1_EQC_CH2,Step10_Model3_EQA_CH2,Step11_Model1_EQC_CH2,Step12_Model2_EQA_CH1,Step13_Model1_EQC_CH3,Step14_Model1_EQB_CH2,Step15_Model3_EQA_CH1,Step16_Model3_EQA_CH2,Step17_Model1_EQA_CH2,Step18_Model2_EQB_CH1,Step19_Model3_EQA_CH3,Step20_Model1_EQB_CH3,Step21_Model1_EQB_CH4,Step22_Model1_EQC_CH1,Step23_Model1_EQA_CH4,Step24_Model2_EQA_CH4,Step25_Model1_EQB_CH4,Step26_Model3_EQC_CH3,Step27_Model2_EQB_CH1,Step28_Model2_EQB_CH4,Step29_Model2_EQC_CH1,Step30_Model3_EQB_CH1,36.83,,,,,,,,,,,,,,,61.18,,,,,,42.29,,,,,,,,,,,,,,,,,,,41.83,,57.52,,,,53.42,,,,,,,,,,,,,,,,,
L002W16,L002,16,Step1_Model1_EQB_CH3,Step2_Model3_EQA_CH4,Step3_Model3_EQA_CH4,Step4_Model2_EQC_CH1,Step5_Model1_EQB_CH2,Step6_Model3_EQC_CH3,Step7_Model1_EQA_CH3,Step8_Model1_EQB_CH3,Step9_Model1_EQC_CH3,Step10_Model3_EQA_CH4,Step11_Model1_EQC_CH4,Step12_Model2_EQA_CH2,Step13_Model1_EQC_CH3,Step14_Model1_EQB_CH3,Step15_Model3_EQA_CH1,Step16_Model3_EQA_CH4,Step17_Model1_EQA_CH3,Step18_Model2_EQB_CH2,Step19_Model3_EQA_CH2,Step20_Model1_EQB_CH4,Step21_Model1_EQB_CH2,Step22_Model1_EQC_CH2,Step23_Model1_EQA_CH4,Step24_Model2_EQA_CH3,Step25_Model1_EQB_CH3,Step26_Model3_EQC_CH2,Step27_Model2_EQB_CH2,Step28_Model2_EQB_CH3,Step29_Model2_EQC_CH4,Step30_Model3_EQB_CH2,,,,,40.35,,64.16,,62.24,,,,,,,60.69,,,,,,,,37.93,,,,,,,,,,46.33,,,,,,,,,,,,,,,,,,,,,,,,,,,,,,
L002W17,L002,17,Step1_Model1_EQB_CH1,Step2_Model3_EQA_CH4,Step3_Model3_EQA_CH2,Step4_Model2_EQC_CH2,Step5_Model1_EQB_CH1,Step6_Model3_EQC_CH1,Step7_Model1_EQA_CH3,Step8_Model1_EQB_CH4,Step9_Model1_EQC_CH4,Step10_Model3_EQA_CH3,Step11_Model1_EQC_CH4,Step12_Model2_EQA_CH4,Step13_Model1_EQC_CH4,Step14_Model1_EQB_CH4,Step15_Model3_EQA_CH4,Step16_Model3_EQA_CH1,Step17_Model1_EQA_CH4,Step18_Model2_EQB_CH1,Step19_Model3_EQA_CH4,Step20_Model1_EQB_CH3,Step21_Model1_EQB_CH2,Step22_Model1_EQC_CH1,Step23_Model1_EQA_CH4,Step24_Model2_EQA_CH3,Step25_Model1_EQB_CH2,Step26_Model3_EQC_CH1,Step27_Model2_EQB_CH2,Step28_Model2_EQB_CH3,Step29_Model2_EQC_CH1,Step30_Model3_EQB_CH2,,,,,44.44,,,,,,,,,25.13,,,,,,50.4,,,,39.78,,,,,,,,,,,,,,,,,,58.96,75.94,,,,,,,,,,,,,,,,,,,,,
L002W18,L002,18,Step1_Model1_EQB_CH4,Step2_Model3_EQA_CH1,Step3_Model3_EQA_CH2,Step4_Model2_EQC_CH3,Step5_Model1_EQB_CH3,Step6_Model3_EQC_CH1,Step7_Model1_EQA_CH2,Step8_Model1_EQB_CH1,Step9_Model1_EQC_CH1,Step10_Model3_EQA_CH2,Step11_Model1_EQC_CH2,Step12_Model2_EQA_CH4,Step13_Model1_EQC_CH2,Step14_Model1_EQB_CH3,Step15_Model3_EQA_CH1,Step16_Model3_EQA_CH1,Step17_Model1_EQA_CH3,Step18_Model2_EQB_CH2,Step19_Model3_EQA_CH3,Step20_Model1_EQB_CH3,Step21_Model1_EQB_CH4,Step22_Model1_EQC_CH3,Step23_Model1_EQA_CH1,Step24_Model2_EQA_CH3,Step25_Model1_EQB_CH1,Step26_Model3_EQC_CH1,Step27_Model2_EQB_CH1,Step28_Model2_EQB_CH2,Step29_Model2_EQC_CH4,Step30_Model3_EQB_CH1,,,,,,,,,60.04,,,,,,,,,,,39.12,,,,,,,33.38,,,,,,,,,,,,,61.3,,58.43,,,,,55.45,,,,14,,,,,,,,,,,,,
L002W19,L002,19,Step1_Model1_EQB_CH1,Step2_Model3_EQA_CH2,Step3_Model3_EQA_CH1,Step4_Model2_EQC_CH3,Step5_Model1_EQB_CH3,Step6_Model3_EQC_CH4,Step7_Model1_EQA_CH1,Step8_Model1_EQB_CH2,Step9_Model1_EQC_CH3,Step10_Model3_EQA_CH2,Step11_Model1_EQC_CH2,Step12_Model2_EQA_CH3,Step13_Model1_EQC_CH2,Step14_Model1_EQB_CH3,Step15_Model3_EQA_CH2,Step16_Model3_EQA_CH3,Step17_Model1_EQA_CH1,Step18_Model2_EQB_CH4,Step19_Model3_EQA_CH3,Step20_Model1_EQB_CH3,Step21_Model1_EQB_CH4,Step22_Model1_EQC_CH3,Step23_Model1_EQA_CH3,Step24_Model2_EQA_CH2,Step25_Model1_EQB_CH4,Step26_Model3_EQC_CH1,Step27_Model2_EQB_CH3,Step28_Model2_EQB_CH4,Step29_Model2_EQC_CH2,Step30_Model3_EQB_CH1,,,,,,,,,,,,,45.86,,,59.2,,,,,,,,,,,,,,,,,,,40.14,,,,,,,,,,,,,,8,,,,,,,,,,,,,,,
L002W20,L002,20,Step1_Model1_EQB_CH4,Step2_Model3_EQA_CH1,Step3_Model3_EQA_CH1,Step4_Model2_EQC_CH1,Step5_Model1_EQB_CH3,Step6_Model3_EQC_CH3,Step7_Model1_EQA_CH2,Step8_Model1_EQB_CH2,Step9_Model1_EQC_CH4,Step10_Model3_EQA_CH2,Step11_Model1_EQC_CH1,Step12_Model2_EQA_CH1,Step13_Model1_EQC_CH3,Step14_Model1_EQB_CH1,Step15_Model3_EQA_CH4,Step16_Model3_EQA_CH1,Step17_Model1_EQA_CH1,Step18_Model2_EQB_CH4,Step19_Model3_EQA_CH2,Step20_Model1_EQB_CH2,Step21_Model1_EQB_CH4,Step22_Model1_EQC_CH3,Step23_Model1_EQA_CH1,Step24_Model2_EQA_CH4,Step25_Model1_EQB_CH1,Step26_Model3_EQC_CH3,Step27_Model2_EQB_CH1,Step28_Model2_EQB_CH4,Step29_Model2_EQC_CH1,Step30_Model3_EQB_CH2,36.04,,,,45.04,,,,,,,,,,,,,,,,,,,,,,,,,,,42.46,,,,,,,,,,,,,,,,,7,,,,,,,,,,,,,,,
L002W21,L002,21,Step1_Model1_EQB_CH3,Step2_Model3_EQA_CH3,Step3_Model3_EQA_CH3,Step4_Model2_EQC_CH4,Step5_Model1_EQB_CH3,Step6_Model3_EQC_CH2,Step7_Model1_EQA_CH4,Step8_Model1_EQB_CH2,Step9_Model1_EQC_CH1,Step10_Model3_EQA_CH1,Step11_Model1_EQC_CH1,Step12_Model2_EQA_CH1,Step13_Model1_EQC_CH2,Step14_Model1_EQB_CH4,Step15_Model3_EQA_CH4,Step16_Model3_EQA_CH3,Step17_Model1_EQA_CH2,Step18_Model2_EQB_CH1,Step19_Model3_EQA_CH2,Step20_Model1_EQB_CH3,Step21_Model1_EQB_CH3,Step22_Model1_EQC_CH2,Step23_Model1_EQA_CH2,Step24_Model2_EQA_CH2,Step25_Model1_EQB_CH4,Step26_Model3_EQC_CH1,Step27_Model2_EQB_CH2,Step28_Model2_EQB_CH2,Step29_Model2_EQC_CH2,Step30_Model3_EQB_CH3,31.81,,,,,,,,,,,,,,,,57.55,,,39.99,,,,,,,,58.5,,,59.89,,,,,60.18,67.76,,,60.16,,,,,,,,37.66,,,,,,,,,,,,,,,,
L002W22,L002,22,Step1_Model1_EQB_CH3,Step2_Model3_EQA_CH4,Step3_Model3_EQA_CH1,Step4_Model2_EQC_CH4,Step5_Model1_EQB_CH1,Step6_Model3_EQC_CH3,Step7_Model1_EQA_CH3,Step8_Model1_EQB_CH3,Step9_Model1_EQC_CH4,Step10_Model3_EQA_CH2,Step11_Model1_EQC_CH2,Step12_Model2_EQA_CH3,Step13_Model1_EQC_CH2,Step14_Model1_EQB_CH2,Step15_Model3_EQA_CH4,Step16_Model3_EQA_CH1,Step17_Model1_EQA_CH3,Step18_Model2_EQB_CH3,Step19_Model3_EQA_CH4,Step20_Model1_EQB_CH4,Step21_Model1_EQB_CH2,Step22_Model1_EQC_CH3,Step23_Model1_EQA_CH1,Step24_Model2_EQA_CH4,Step25_Model1_EQB_CH1,Step26_Model3_EQC_CH1,Step27_Model2_EQB_CH3,Step28_Model2_EQB_CH3,Step29_Model2_EQC_CH4,Step30_Model3_EQB_CH3,,,,,39.94,55.34,62.16,,64.54,,,,,,,,58.15,,,,,,36.01,,,,,,,,,,,,44.81,,,,,61.72,,,,55.82,,,,,,,,,,,10,8,,,,,,,,
L002W23,L002,23,Step1_Model1_EQB_CH3,Step2_Model3_EQA_CH3,Step3_Model3_EQA_CH1,Step4_Model2_EQC_CH4,Step5_Model1_EQB_CH2,Step6_Model3_EQC_CH1,Step7_Model1_EQA_CH3,Step8_Model1_EQB_CH1,Step9_Model1_EQC_CH3,Step10_Model3_EQA_CH3,Step11_Model1_EQC_CH1,Step12_Model2_EQA_CH4,Step13_Model1_EQC_CH3,Step14_Model1_EQB_CH4,Step15_Model3_EQA_CH2,Step16_Model3_EQA_CH3,Step17_Model1_EQA_CH4,Step18_Model2_EQB_CH4,Step19_Model3_EQA_CH2,Step20_Model1_EQB_CH4,Step21_Model1_EQB_CH4,Step22_Model1_EQC_CH2,Step23_Model1_EQA_CH3,Step24_Model2_EQA_CH4,Step25_Model1_EQB_CH4,Step26_Model3_EQC_CH4,Step27_Model2_EQB_CH1,Step28_Model2_EQB_CH2,Step29_Model2_EQC_CH1,Step30_Model3_EQB_CH2,,,44.37,,,,,70.1,,,,,,,,,,,,41.59,,,,,,,,,,,57.75,,,,,,,,,64.3,,,,,,,,,,,,,,,,,,,,,,,,
L002W24,L002,24,Step1_Model1_EQB_CH3,Step2_Model3_EQA_CH3,Step3_Model3_EQA_CH4,Step4_Model2_EQC_CH2,Step5_Model1_EQB_CH3,Step6_Model3_EQC_CH2,Step7_Model1_EQA_CH3,Step8_Model1_EQB_CH1,Step9_Model1_EQC_CH3,Step10_Model3_EQA_CH1,Step11_Model1_EQC_CH3,Step12_Model2_EQA_CH4,Step13_Model1_EQC_CH1,Step14_Model1_EQB_CH3,Step15_Model3_EQA_CH4,Step16_Model3_EQA_CH1,Step17_Model1_EQA_CH4,Step18_Model2_EQB_CH2,Step19_Model3_EQA_CH2,Step20_Model1_EQB_CH1,Step21_Model1_EQB_CH3,Step22_Model1_EQC_CH1,Step23_Model1_EQA_CH4,Step24_Model2_EQA_CH3,Step25_Model1_EQB_CH2,Step26_Model3_EQC_CH3,Step27_Model2_EQB_CH2,Step28_Model2_EQB_CH3,Step29_Model2_EQC_CH3,Step30_Model3_EQB_CH3,,,,,47.43,51.94,,,,,,,,,39.39,64.25,,,,,,,43.93,,44.37,,,58.06,56.03,,,,,,42.48,,,63.93,,,37.78,,,,,,,,,,,,,,,,,,,,,,,
L002W25,L002,25,Step1_Model1_EQB_CH4,Step2_Model3_EQA_CH4,Step3_Model3_EQA_CH1,Step4_Model2_EQC_CH1,Step5_Model1_EQB_CH2,Step6_Model3_EQC_CH4,Step7_Model1_EQA_CH2,Step8_Model1_EQB_CH1,Step9_Model1_EQC_CH2,Step10_Model3_EQA_CH1,Step11_Model1_EQC_CH4,Step12_Model2_EQA_CH3,Step13_Model1_EQC_CH4,Step14_Model1_EQB_CH2,Step15_Model3_EQA_CH2,Step16_Model3_EQA_CH4,Step17_Model1_EQA_CH4,Step18_Model2_EQB_CH1,Step19_Model3_EQA_CH2,Step20_Model1_EQB_CH2,Step21_Model1_EQB_CH4,Step22_Model1_EQC_CH3,Step23_Model1_EQA_CH2,Step24_Model2_EQA_CH3,Step25_Model1_EQB_CH4,Step26_Model3_EQC_CH4,Step27_Model2_EQB_CH1,Step28_Model2_EQB_CH2,Step29_Model2_EQC_CH3,Step30_Model3_EQB_CH1,,40.02,,,,,,,,,59.35,33.19,,,,64.19,,,,,,,,,,,37.64,56.2,,,,46.16,,,,,,,,,,,,55.04,,,,,,,,,,,,,,,,,,,,
L003W01,L003,1,Step1_Model2_EQA_CH4,Step2_Model2_EQA_CH3,Step3_Model1_EQC_CH2,Step4_Model1_EQB_CH1,Step5_Model2_EQC_CH1,Step6_Model2_EQB_CH3,Step7_Model2_EQA_CH4,Step8_Model1_EQB_CH3,Step9_Model3_EQA_CH4,Step10_Model3_EQB_CH4,Step11_Model2_EQA_CH1,Step12_Model2_EQA_CH3,Step13_Model2_EQB_CH3,Step14_Model1_EQA_CH4,Step15_Model1_EQB_CH3,Step16_Model2_EQC_CH2,Step17_Model1_EQB_CH2,Step18_Model2_EQA_CH3,Step19_Model3_EQA_CH3,Step20_Model3_EQB_CH4,Step21_Model3_EQB_CH2,Step22_Model1_EQA_CH2,Step23_Model1_EQC_CH1,Step24_Model2_EQA_CH4,Step25_Model1_EQB_CH1,Step26_Model1_EQB_CH2,Step27_Model2_EQB_CH4,Step28_Model2_EQB_CH3,Step29_Model3_EQA_CH4,Step30_Model3_EQA_CH3,,,,45.06,,,,69.59,,,52.6,,,,,,,,,,,40.14,,,,,,,,,,,,,43.8,,52.01,,,,,,61.53,,75.03,,,,,,,,,,,,,,,,,,,
L003W02,L003,2,Step1_Model2_EQA_CH3,Step2_Model2_EQA_CH4,Step3_Model1_EQC_CH3,Step4_Model1_EQB_CH1,Step5_Model2_EQC_CH2,Step6_Model2_EQB_CH3,Step7_Model2_EQA_CH1,Step8_Model1_EQB_CH3,Step9_Model3_EQA_CH2,Step10_Model3_EQB_CH1,Step11_Model2_EQA_CH2,Step12_Model2_EQA_CH2,Step13_Model2_EQB_CH1,Step14_Model1_EQA_CH1,Step15_Model1_EQB_CH1,Step16_Model2_EQC_CH4,Step17_Model1_EQB_CH1,Step18_Model2_EQA_CH1,Step19_Model3_EQA_CH1,Step20_Model3_EQB_CH1,Step21_Model3_EQB_CH3,Step22_Model1_EQA_CH4,Step23_Model1_EQC_CH2,Step24_Model2_EQA_CH1,Step25_Model1_EQB_CH3,Step26_Model1_EQB_CH3,Step27_Model2_EQB_CH3,Step28_Model2_EQB_CH2,Step29_Model3_EQA_CH1,Step30_Model3_EQA_CH4,,35.27,,,,,,,,,,,41.72,,,,,,,,,,39.24,,37.92,,31.83,58.49,,,,,45.84,41.89,,,,,,,34.63,54.82,,,,,,,,,,,,,,,,,,,,,,
L003W03,L003,3,Step1_Model2_EQA_CH4,Step2_Model2_EQA_CH3,Step3_Model1_EQC_CH2,Step4_Model1_EQB_CH2,Step5_Model2_EQC_CH2,Step6_Model2_EQB_CH4,Step7_Model2_EQA_CH3,Step8_Model1_EQB_CH1,Step9_Model3_EQA_CH4,Step10_Model3_EQB_CH3,Step11_Model2_EQA_CH3,Step12_Model2_EQA_CH1,Step13_Model2_EQB_CH1,Step14_Model1_EQA_CH1,Step15_Model1_EQB_CH2,Step16_Model2_EQC_CH1,Step17_Model1_EQB_CH3,Step18_Model2_EQA_CH1,Step19_Model3_EQA_CH3,Step20_Model3_EQB_CH4,Step21_Model3_EQB_CH2,Step22_Model1_EQA_CH4,Step23_Model1_EQC_CH4,Step24_Model2_EQA_CH3,Step25_Model1_EQB_CH4,Step26_Model1_EQB_CH3,Step27_Model2_EQB_CH1,Step28_Model2_EQB_CH1,Step29_Model3_EQA_CH3,Step30_Model3_EQA_CH1,,,,43.34,,,,,,,63.3,33.19,,,42.72,,,,42.85,,,,,,,,,,52.79,46.41,,,,,,,,,,,,,,,,,,,,,,,,,,,,,,,,,,
L003W04,L003,4,Step1_Model2_EQA_CH2,Step2_Model2_EQA_CH4,Step3_Model1_EQC_CH2,Step4_Model1_EQB_CH4,Step5_Model2_EQC_CH1,Step6_Model2_EQB_CH2,Step7_Model2_EQA_CH1,Step8_Model1_EQB_CH4,Step9_Model3_EQA_CH3,Step10_Model3_EQB_CH3,Step11_Model2_EQA_CH2,Step12_Model2_EQA_CH1,Step13_Model2_EQB_CH1,Step14_Model1_EQA_CH2,Step15_Model1_EQB_CH3,Step16_Model2_EQC_CH4,Step17_Model1_EQB_CH2,Step18_Model2_EQA_CH4,Step19_Model3_EQA_CH3,Step20_Model3_EQB_CH1,Step21_Model3_EQB_CH3,Step22_Model1_EQA_CH2,Step23_Model1_EQC_CH1,Step24_Model2_EQA_CH2,Step25_Model1_EQB_CH2,Step26_Model1_EQB_CH3,Step27_Model2_EQB_CH2,Step28_Model2_EQB_CH3,Step29_Model3_EQA_CH1,Step30_Model3_EQA_CH3,,,,46.58,,,,,,,,,,,47.09,,,48.58,40.08,,,34.95,,,37.38,,,,,,,,,,,,,,,,36.3,,,,,,51.53,,,,,,,,,10,,,,,,,,
L003W05,L003,5,Step1_Model2_EQA_CH1,Step2_Model2_EQA_CH3,Step3_Model1_EQC_CH4,Step4_Model1_EQB_CH4,Step5_Model2_EQC_CH2,Step6_Model2_EQB_CH3,Step7_Model2_EQA_CH3,Step8_Model1_EQB_CH1,Step9_Model3_EQA_CH2,Step10_Model3_EQB_CH3,Step11_Model2_EQA_CH2,Step12_Model2_EQA_CH4,Step13_Model2_EQB_CH3,Step14_Model1_EQA_CH3,Step15_Model1_EQB_CH2,Step16_Model2_EQC_CH3,Step17_Model1_EQB_CH2,Step18_Model2_EQA_CH3,Step19_Model3_EQA_CH1,Step20_Model3_EQB_CH2,Step21_Model3_EQB_CH3,Step22_Model1_EQA_CH4,Step23_Model1_EQC_CH3,Step24_Model2_EQA_CH4,Step25_Model1_EQB_CH4,Step26_Model1_EQB_CH1,Step27_Model2_EQB_CH2,Step28_Model2_EQB_CH3,Step29_Model3_EQA_CH1,Step30_Model3_EQA_CH3,,,,47.52,,,,,,,,,44.75,45.51,,,,,,,,,,38.22,,,,,,,,,,,,,,63.95,,59.11,,42.5,,,,,,23.2,,,,,,,,,9,,,,,,,
L003W06,L003,6,Step1_Model2_EQA_CH4,Step2_Model2_EQA_CH2,Step3_Model1_EQC_CH3,Step4_Model1_EQB_CH3,Step5_Model2_EQC_CH4,Step6_Model2_EQB_CH3,Step7_Model2_EQA_CH3,Step8_Model1_EQB_CH4,Step9_Model3_EQA_CH1,Step10_Model3_EQB_CH4,Step11_Model2_EQA_CH1,Step12_Model2_EQA_CH2,Step13_Model2_EQB_CH1,Step14_Model1_EQA_CH1,Step15_Model1_EQB_CH2,Step16_Model2_EQC_CH1,Step17_Model1_EQB_CH4,Step18_Model2_EQA_CH1,Step19_Model3_EQA_CH2,Step20_Model3_EQB_CH4,Step21_Model3_EQB_CH2,Step22_Model1_EQA_CH2,Step23_Model1_EQC_CH3,Step24_Model2_EQA_CH3,Step25_Model1_EQB_CH2,Step26_Model1_EQB_CH2,Step27_Model2_EQB_CH2,Step28_Model2_EQB_CH3,Step29_Model3_EQA_CH3,Step30_Model3_EQA_CH1,,40.63,,,,,,,,,,40.73,,,47.14,,,37.5,,39.53,,,,,,,,,58.89,,,,,,52.07,,,,,,,,65.19,,58.04,,,,,,,,,,8,,,,,,,,,
L003W07,L003,7,Step1_Model2_EQA_CH1,Step2_Model2_EQA_CH2,Step3_Model1_EQC_CH4,Step4_Model1_EQB_CH4,Step5_Model2_EQC_CH3,Step6_Model2_EQB_CH3,Step7_Model2_EQA_CH3,Step8_Model1_EQB_CH2,Step9_Model3_EQA_CH4,Step10_Model3_EQB_CH1,Step11_Model2_EQA_CH2,Step12_Model2_EQA_CH1,Step13_Model2_EQB_CH1,Step14_Model1_EQA_CH2,Step15_Model1_EQB_CH1,Step16_Model2_EQC_CH4,Step17_Model1_EQB_CH1,Step18_Model2_EQA_CH4,Step19_Model3_EQA_CH4,Step20_Model3_EQB_CH4,Step21_Model3_EQB_CH3,Step22_Model1_EQA_CH1,Step23_Model1_EQC_CH2,Step24_Model2_EQA_CH2,Step25_Model1_EQB_CH1,Step26_Model1_EQB_CH3,Step27_Model2_EQB_CH3,Step28_Model2_EQB_CH4,Step29_Model3_EQA_CH1,Step30_Model3_EQA_CH1,,,,,,,,60.29,,,,,,,,60.83,,,,,,,,,,,,52.58,,,,,41.04,,,,,,,,,,59.81,,60.29,,,37.79,,,,,,,,,,,,,,,,
L003W08,L003,8,Step1_Model2_EQA_CH2,Step2_Model2_EQA_CH1,Step3_Model1_EQC_CH3,Step4_Model1_EQB_CH1,Step5_Model2_EQC_CH2,Step6_Model2_EQB_CH4,Step7_Model2_EQA_CH2,Step8_Model1_EQB_CH2,Step9_Model3_EQA_CH4,Step10_Model3_EQB_CH2,Step11_Model2_EQA_CH2,Step12_Model2_EQA_CH1,Step13_Model2_EQB_CH1,Step14_Model1_EQA_CH4,Step15_Model1_EQB_CH1,Step16_Model2_EQC_CH1,Step17_Model1_EQB_CH2,Step18_Model2_EQA_CH3,Step19_Model3_EQA_CH1,Step20_Model3_EQB_CH3,Step21_Model3_EQB_CH1,Step22_Model1_EQA_CH1,Step23_Model1_EQC_CH4,Step24_Model2_EQA_CH4,Step25_Model1_EQB_CH4,Step26_Model1_EQB_CH3,Step27_Model2_EQB_CH2,Step28_Model2_EQB_CH1,Step29_Model3_EQA_CH1,Step30_Model3_EQA_CH1,,,,51.03,,,,,64.51,,55.82,,,,,,,,,,,,,,,,,,59.33,,,,43.68,,,,,59.64,61.54,,,,,,,,,,,,,,,,,,,,,,,,,
L003W09,L003,9,Step1_Model2_EQA_CH3,Step2_Model2_EQA_CH4,Step3_Model1_EQC_CH2,Step4_Model1_EQB_CH3,Step5_Model2_EQC_CH4,Step6_Model2_EQB_CH3,Step7_Model2_EQA_CH2,Step8_Model1_EQB_CH4,Step9_Model3_EQA_CH3,Step10_Model3_EQB_CH2,Step11_Model2_EQA_CH1,Step12_Model2_EQA_CH2,Step13_Model2_EQB_CH1,Step14_Model1_EQA_CH3,Step15_Model1_EQB_CH4,Step16_Model2_EQC_CH4,Step17_Model1_EQB_CH3,Step18_Model2_EQA_CH4,Step19_Model3_EQA_CH4,Step20_Model3_EQB_CH1,Step21_Model3_EQB_CH3,Step22_Model1_EQA_CH2,Step23_Model1_EQC_CH1,Step24_Model2_EQA_CH3,Step25_Model1_EQB_CH1,Step26_Model1_EQB_CH2,Step27_Model2_EQB_CH2,Step28_Model2_EQB_CH3,Step29_Model3_EQA_CH2,Step30_Model3_EQA_CH1,,,44.47,,45.6,,,,59.06,61,,,43.11,,48.07,,,,,,,,,,,,,,,,,,,44.16,,65.28,,,64.97,,,,,,,55.49,,,,,,,,,,,,,,,,,,
L003W10,L003,10,Step1_Model2_EQA_CH2,Step2_Model2_EQA_CH1,Step3_Model1_EQC_CH1,Step4_Model1_EQB_CH2,Step5_Model2_EQC_CH3,Step6_Model2_EQB_CH4,Step7_Model2_EQA_CH2,Step8_Model1_EQB_CH1,Step9_Model3_EQA_CH1,Step10_Model3_EQB_CH2,Step11_Model2_EQA_CH3,Step12_Model2_EQA_CH3,Step13_Model2_EQB_CH1,Step14_Model1_EQA_CH1,Step15_Model1_EQB_CH3,Step16_Model2_EQC_CH4,Step17_Model1_EQB_CH2,Step18_Model2_EQA_CH1,Step19_Model3_EQA_CH1,Step20_Model3_EQB_CH3,Step21_Model3_EQB_CH2,Step22_Model1_EQA_CH3,Step23_Model1_EQC_CH2,Step24_Model2_EQA_CH2,Step25_Model1_EQB_CH2,Step26_Model1_EQB_CH1,Step27_Model2_EQB_CH4,Step28_Model2_EQB_CH3,Step29_Model3_EQA_CH4,Step30_Model3_EQA_CH3,,,,,,,,,,,,36.7,,,,,,,,46.63,,,,32.54,,,,,,,56.49,,,,,,,,,,,,,59.25,,,,,,,,,,,12,,,,,,,,,
L003W11,L003,11,Step1_Model2_EQA_CH2,Step2_Model2_EQA_CH1,Step3_Model1_EQC_CH4,Step4_Model1_EQB_CH1,Step5_Model2_EQC_CH3,Step6_Model2_EQB_CH1,Step7_Model2_EQA_CH1,Step8_Model1_EQB_CH4,Step9_Model3_EQA_CH2,Step10_Model3_EQB_CH1,Step11_Model2_EQA_CH2,Step12_Model2_EQA_CH3,Step13_Model2_EQB_CH1,Step14_Model1_EQA_CH4,Step15_Model1_EQB_CH3,Step16_Model2_EQC_CH3,Step17_Model1_EQB_CH4,Step18_Model2_EQA_CH1,Step19_Model3_EQA_CH1,Step20_Model3_EQB_CH3,Step21_Model3_EQB_CH1,Step22_Model1_EQA_CH2,Step23_Model1_EQC_CH4,Step24_Model2_EQA_CH2,Step25_Model1_EQB_CH1,Step26_Model1_EQB_CH3,Step27_Model2_EQB_CH4,Step28_Model2_EQB_CH1,Step29_Model3_EQA_CH1,Step30_Model3_EQA_CH3,,,,,43.24,,,,,,,,,37.87,,,,,,,,37.91,,,,,,,,,,47.72,,,,,,,66.01,,,,,59.91,,,,,,,,,,,,,,,,,,,,
L003W12,L003,12,Step1_Model2_EQA_CH3,Step2_Model2_EQA_CH2,Step3_Model1_EQC_CH4,Step4_Model1_EQB_CH4,Step5_Model2_EQC_CH3,Step6_Model2_EQB_CH2,Step7_Model2_EQA_CH4,Step8_Model1_EQB_CH3,Step9_Model3_EQA_CH1,Step10_Model3_EQB_CH4,Step11_Model2_EQA_CH2,Step12_Model2_EQA_CH2,Step13_Model2_EQB_CH2,Step14_Model1_EQA_CH1,Step15_Model1_EQB_CH4,Step16_Model2_EQC_CH4,Step17_Model1_EQB_CH1,Step18_Model2_EQA_CH4,Step19_Model3_EQA_CH1,Step20_Model3_EQB_CH1,Step21_Model3_EQB_CH1,Step22_Model1_EQA_CH2,Step23_Model1_EQC_CH4,Step24_Model2_EQA_CH1,Step25_Model1_EQB_CH4,Step26_Model1_EQB_CH2,Step27_Model2_EQB_CH1,Step28_Model2_EQB_CH3,Step29_Model3_EQA_CH2,Step30_Model3_EQA_CH3,,,,,,,,63.24,61.8,,,,,,,54.23,,,,,,,,,55.05,,,,,44.02,57.74,,,,46.23,,,,,,43.42,,,,,,,,,,,,,,,,,,,,,,,
L003W13,L003,13,Step1_Model2_EQA_CH4,Step2_Model2_EQA_CH4,Step3_Model1_EQC_CH2,Step4_Model1_EQB_CH4,Step5_Model2_EQC_CH3,Step6_Model2_EQB_CH1,Step7_Model2_EQA_CH1,Step8_Model1_EQB_CH1,Step9_Model3_EQA_CH2,Step10_Model3_EQB_CH4,Step11_Model2_EQA_CH3,Step12_Model2_EQA_CH4,Step13_Model2_EQB_CH4,Step14_Model1_EQA_CH4,Step15_Model1_EQB_CH1,Step16_Model2_EQC_CH3,Step17_Model1_EQB_CH3,Step18_Model2_EQA_CH4,Step19_Model3_EQA_CH1,Step20_Model3_EQB_CH1,Step21_Model3_EQB_CH3,Step22_Model1_EQA_CH1,Step23_Model1_EQC_CH1,Step24_Model2_EQA_CH1,Step25_Model1_EQB_CH2,Step26_Model1_EQB_CH4,Step27_Model2_EQB_CH3,Step28_Model2_EQB_CH3,Step29_Model3_EQA_CH2,Step30_Model3_EQA_CH4,,,,,,54.95,,,,,,,,,,,,,,,,,,,,,,,,,60.12,,43.45,45.2,,,,,,,,,,,63.8,,,,,,,,,,,,,,,,,,,
L003W14,L003,14,Step1_Model2_EQA_CH3,Step2_Model2_EQA_CH1,Step3_Model1_EQC_CH3,Step4_Model1_EQB_CH1,Step5_Model2_EQC_CH2,Step6_Model2_EQB_CH1,Step7_Model2_EQA_CH3,Step8_Model1_EQB_CH3,Step9_Model3_EQA_CH3,Step10_Model3_EQB_CH2,Step11_Model2_EQA_CH2,Step12_Model2_EQA_CH4,Step13_Model2_EQB_CH3,Step14_Model1_EQA_CH1,Step15_Model1_EQB_CH2,Step16_Model2_EQC_CH3,Step17_Model1_EQB_CH3,Step18_Model2_EQA_CH2,Step19_Model3_EQA_CH4,Step20_Model3_EQB_CH2,Step21_Model3_EQB_CH2,Step22_Model1_EQA_CH1,Step23_Model1_EQC_CH1,Step24_Model2_EQA_CH4,Step25_Model1_EQB_CH3,Step26_Model1_EQB_CH2,Step27_Model2_EQB_CH4,Step28_Model2_EQB_CH1,Step29_Model3_EQA_CH2,Step30_Model3_EQA_CH3,,41.97,,,,,,,,,,,,39,,,64.14,,,48.1,,37.66,,,37.65,,,,,49.43,,,,,,,,,,,,,,59.37,,,,,,,,,,,,,,6,,,,,,
L003W15,L003,15,Step1_Model2_EQA_CH1,Step2_Model2_EQA_CH1,Step3_Model1_EQC_CH1,Step4_Model1_EQB_CH4,Step5_Model2_EQC_CH3,Step6_Model2_EQB_CH2,Step7_Model2_EQA_CH4,Step8_Model1_EQB_CH4,Step9_Model3_EQA_CH4,Step10_Model3_EQB_CH1,Step11_Model2_EQA_CH3,Step12_Model2_EQA_CH4,Step13_Model2_EQB_CH2,Step14_Model1_EQA_CH3,Step15_Model1_EQB_CH2,Step16_Model2_EQC_CH3,Step17_Model1_EQB_CH2,Step18_Model2_EQA_CH1,Step19_Model3_EQA_CH4,Step20_Model3_EQB_CH2,Step21_Model3_EQB_CH3,Step22_Model1_EQA_CH4,Step23_Model1_EQC_CH4,Step24_Model2_EQA_CH3,Step25_Model1_EQB_CH2,Step26_Model1_EQB_CH1,Step27_Model2_EQB_CH1,Step28_Model2_EQB_CH2,Step29_Model3_EQA_CH4,Step30_Model3_EQA_CH4,,44.63,,43.33,,,,,,,49.97,,,38.05,45.27,,,,,,,42.92,,,,61.1,37.52,,60.45,,,44.79,,,42.95,57.45,,,67.81,,,,,,60.04,,,,,,,,,,,,,,,,,,,
L003W16,L003,16,Step1_Model2_EQA_CH4,Step2_Model2_EQA_CH4,Step3_Model1_EQC_CH2,Step4_Model1_EQB_CH4,Step5_Model2_EQC_CH3,Step6_Model2_EQB_CH4,Step7_Model2_EQA_CH1,Step8_Model1_EQB_CH4,Step9_Model3_EQA_CH2,Step10_Model3_EQB_CH1,Step11_Model2_EQA_CH2,Step12_Model2_EQA_CH2,Step13_Model2_EQB_CH1,Step14_Model1_EQA_CH2,Step15_Model1_EQB_CH2,Step16_Model2_EQC_CH4,Step17_Model1_EQB_CH3,Step18_Model2_EQA_CH2,Step19_Model3_EQA_CH2,Step20_Model3_EQB_CH2,Step21_Model3_EQB_CH4,Step22_Model1_EQA_CH3,Step23_Model1_EQC_CH1,Step24_Model2_EQA_CH4,Step25_Model1_EQB_CH4,Step26_Model1_EQB_CH3,Step27_Model2_EQB_CH3,Step28_Model2_EQB_CH4,Step29_Model3_EQA_CH1,Step30_Model3_EQA_CH4,,,,,,,,,62,63.23,,,,,49.34,,,,,,39.01,,,,,,,,,,,,,42.52,38.15,,,,,,38.64,,62.46,60.85,,,,,,14,,8,,,,,,5,,,,,,
L003W17,L003,17,Step1_Model2_EQA_CH3,Step2_Model2_EQA_CH1,Step3_Model1_EQC_CH3,Step4_Model1_EQB_CH1,Step5_Model2_EQC_CH2,Step6_Model2_EQB_CH3,Step7_Model2_EQA_CH3,Step8_Model1_EQB_CH4,Step9_Model3_EQA_CH3,Step10_Model3_EQB_CH3,Step11_Model2_EQA_CH2,Step12_Model2_EQA_CH3,Step13_Model2_EQB_CH2,Step14_Model1_EQA_CH2,Step15_Model1_EQB_CH2,Step16_Model2_EQC_CH2,Step17_Model1_EQB_CH1,Step18_Model2_EQA_CH4,Step19_Model3_EQA_CH1,Step20_Model3_EQB_CH3,Step21_Model3_EQB_CH1,Step22_Model1_EQA_CH1,Step23_Model1_EQC_CH3,Step24_Model2_EQA_CH3,Step25_Model1_EQB_CH3,Step26_Model1_EQB_CH1,Step27_Model2_EQB_CH1,Step28_Model2_EQB_CH3,Step29_Model3_EQA_CH4,Step30_Model3_EQA_CH4,,,,,,,,,,,49.29,32.28,,,,,,,,,,,,,,,,,,,,,,,,,,,,,,,,,,53.26,54.05,,,,,,,,,,,,,,,,,
L003W18,L003,18,Step1_Model2_EQA_CH2,Step2_Model2_EQA_CH3,Step3_Model1_EQC_CH2,Step4_Model1_EQB_CH4,Step5_Model2_EQC_CH2,Step6_Model2_EQB_CH3,Step7_Model2_EQA_CH3,Step8_Model1_EQB_CH3,Step9_Model3_EQA_CH1,Step10_Model3_EQB_CH2,Step11_Model2_EQA_CH4,Step12_Model2_EQA_CH4,Step13_Model2_EQB_CH4,Step14_Model1_EQA_CH1,Step15_Model1_EQB_CH1,Step16_Model2_EQC_CH3,Step17_Model1_EQB_CH4,Step18_Model2_EQA_CH1,Step19_Model3_EQA_CH3,Step20_Model3_EQB_CH4,Step21_Model3_EQB_CH2,Step22_Model1_EQA_CH3,Step23_Model1_EQC_CH1,Step24_Model2_EQA_CH1,Step25_Model1_EQB_CH3,Step26_Model1_EQB_CH3,Step27_Model2_EQB_CH1,Step28_Model2_EQB_CH2,Step29_Model3_EQA_CH4,Step30_Model3_EQA_CH2,38.06,46.55,,,44.68,,,,,,,,,37.22,,,,,,,,42.46,,,34.86,63.97,,,,48.16,,42.23,,,,,,,,,42.04,,,,,,,,,,,,,,,,,,,,,,,
L003W19,L003,19,Step1_Model2_EQA_CH3,Step2_Model2_EQA_CH2,Step3_Model1_EQC_CH1,Step4_Model1_EQB_CH3,Step5_Model2_EQC_CH4,Step6_Model2_EQB_CH1,Step7_Model2_EQA_CH1,Step8_Model1_EQB_CH4,Step9_Model3_EQA_CH4,Step10_Model3_EQB_CH2,Step11_Model2_EQA_CH3,Step12_Model2_EQA_CH4,Step13_Model2_EQB_CH4,Step14_Model1_EQA_CH3,Step15_Model1_EQB_CH4,Step16_Model2_EQC_CH4,Step17_Model1_EQB_CH2,Step18_Model2_EQA_CH1,Step19_Model3_EQA_CH1,Step20_Model3_EQB_CH1,Step21_Model3_EQB_CH1,Step22_Model1_EQA_CH4,Step23_Model1_EQC_CH3,Step24_Model2_EQA_CH3,Step25_Model1_EQB_CH2,Step26_Model1_EQB_CH2,Step27_Model2_EQB_CH4,Step28_Model2_EQB_CH3,Step29_Model3_EQA_CH3,Step30_Model3_EQA_CH1,,,,,47.17,,,,,,,,,,,60.88,,,,,,34.83,,,,,,56.62,,,,,,,,,61.87,,,62.84,39.02,,,,,67.24,,,,,,,,,,,,,,,,,,
L003W20,L003,20,Step1_Model2_EQA_CH4,Step2_Model2_EQA_CH4,Step3_Model1_EQC_CH1,Step4_Model1_EQB_CH4,Step5_Model2_EQC_CH4,Step6_Model2_EQB_CH2,Step7_Model2_EQA_CH3,Step8_Model1_EQB_CH4,Step9_Model3_EQA_CH2,Step10_Model3_EQB_CH3,Step11_Model2_EQA_CH1,Step12_Model2_EQA_CH2,Step13_Model2_EQB_CH2,Step14_Model1_EQA_CH3,Step15_Model1_EQB_CH1,Step16_Model2_EQC_CH2,Step17_Model1_EQB_CH4,Step18_Model2_EQA_CH4,Step19_Model3_EQA_CH4,Step20_Model3_EQB_CH1,Step21_Model3_EQB_CH2,Step22_Model1_EQA_CH4,Step23_Model1_EQC_CH1,Step24_Model2_EQA_CH4,Step25_Model1_EQB_CH3,Step26_Model1_EQB_CH2,Step27_Model2_EQB_CH2,Step28_Model2_EQB_CH1,Step29_Model3_EQA_CH1,Step30_Model3_EQA_CH2,,,48.86,,48.44,55.78,,69.9,,,,,,39.71,,,,44.23,,42.52,,,,,,,34.48,,,,,,,,40.11,55.46,,,,,,,,,,,,,,,,,8,,,,,,,,,,,
L003W21,L003,21,Step1_Model2_EQA_CH4,Step2_Model2_EQA_CH4,Step3_Model1_EQC_CH3,Step4_Model1_EQB_CH4,Step5_Model2_EQC_CH1,Step6_Model2_EQB_CH1,Step7_Model2_EQA_CH4,Step8_Model1_EQB_CH1,Step9_Model3_EQA_CH2,Step10_Model3_EQB_CH2,Step11_Model2_EQA_CH4,Step12_Model2_EQA_CH2,Step13_Model2_EQB_CH2,Step14_Model1_EQA_CH3,Step15_Model1_EQB_CH3,Step16_Model2_EQC_CH2,Step17_Model1_EQB_CH4,Step18_Model2_EQA_CH3,Step19_Model3_EQA_CH1,Step20_Model3_EQB_CH1,Step21_Model3_EQB_CH1,Step22_Model1_EQA_CH4,Step23_Model1_EQC_CH2,Step24_Model2_EQA_CH1,Step25_Model1_EQB_CH4,Step26_Model1_EQB_CH3,Step27_Model2_EQB_CH2,Step28_Model2_EQB_CH3,Step29_Model3_EQA_CH4,Step30_Model3_EQA_CH1,,,,,,,,64.72,,,,,,41.35,,,,,44.92,,,,,,,,,,,,,43.42,,,,,65.34,58.68,,,,,64,,,,,,,,,,,,,,8,,,,,,,
L003W22,L003,22,Step1_Model2_EQA_CH1,Step2_Model2_EQA_CH4,Step3_Model1_EQC_CH1,Step4_Model1_EQB_CH2,Step5_Model2_EQC_CH4,Step6_Model2_EQB_CH3,Step7_Model2_EQA_CH4,Step8_Model1_EQB_CH2,Step9_Model3_EQA_CH2,Step10_Model3_EQB_CH4,Step11_Model2_EQA_CH4,Step12_Model2_EQA_CH1,Step13_Model2_EQB_CH2,Step14_Model1_EQA_CH4,Step15_Model1_EQB_CH4,Step16_Model2_EQC_CH2,Step17_Model1_EQB_CH4,Step18_Model2_EQA_CH1,Step19_Model3_EQA_CH2,Step20_Model3_EQB_CH1,Step21_Model3_EQB_CH1,Step22_Model1_EQA_CH1,Step23_Model1_EQC_CH1,Step24_Model2_EQA_CH2,Step25_Model1_EQB_CH1,Step26_Model1_EQB_CH1,Step27_Model2_EQB_CH4,Step28_Model2_EQB_CH2,Step29_Model3_EQA_CH2,Step30_Model3_EQA_CH3,,,,,,,,,,,,,,,,,,,,,,33.2,,,,,,,,,,,,,43.46,,,,68.43,,,,,,,,,,,,,,5,,12,,,,,,,,,
L003W23,L003,23,Step1_Model2_EQA_CH2,Step2_Model2_EQA_CH2,Step3_Model1_EQC_CH3,Step4_Model1_EQB_CH2,Step5_Model2_EQC_CH2,Step6_Model2_EQB_CH2,Step7_Model2_EQA_CH2,Step8_Model1_EQB_CH3,Step9_Model3_EQA_CH2,Step10_Model3_EQB_CH2,Step11_Model2_EQA_CH3,Step12_Model2_EQA_CH4,Step13_Model2_EQB_CH1,Step14_Model1_EQA_CH4,Step15_Model1_EQB_CH3,Step16_Model2_EQC_CH1,Step17_Model1_EQB_CH3,Step18_Model2_EQA_CH3,Step19_Model3_EQA_CH2,Step20_Model3_EQB_CH1,Step21_Model3_EQB_CH2,Step22_Model1_EQA_CH1,Step23_Model1_EQC_CH3,Step24_Model2_EQA_CH3,Step25_Model1_EQB_CH4,Step26_Model1_EQB_CH1,Step27_Model2_EQB_CH2,Step28_Model2_EQB_CH4,Step29_Model3_EQA_CH4,Step30_Model3_EQA_CH4,,,,,44.03,,,,63.66,,,,,,,,,,,,,,37.01,,,,,,,,,,,,41.85,,,,,,,,,,56.28,,,,,,,,,,8,,,,,,,,,
L003W24,L003,24,Step1_Model2_EQA_CH2,Step2_Model2_EQA_CH4,Step3_Model1_EQC_CH2,Step4_Model1_EQB_CH4,Step5_Model2_EQC_CH2,Step6_Model2_EQB_CH3,Step7_Model2_EQA_CH3,Step8_Model1_EQB_CH3,Step9_Model3_EQA_CH3,Step10_Model3_EQB_CH3,Step11_Model2_EQA_CH4,Step12_Model2_EQA_CH4,Step13_Model2_EQB_CH4,Step14_Model1_EQA_CH2,Step15_Model1_EQB_CH2,Step16_Model2_EQC_CH2,Step17_Model1_EQB_CH2,Step18_Model2_EQA_CH3,Step19_Model3_EQA_CH3,Step20_Model3_EQB_CH3,Step21_Model3_EQB_CH1,Step22_Model1_EQA_CH4,Step23_Model1_EQC_CH2,Step24_Model2_EQA_CH2,Step25_Model1_EQB_CH3,Step26_Model1_EQB_CH2,Step27_Model2_EQB_CH2,Step28_Model2_EQB_CH4,Step29_Model3_EQA_CH3,Step30_Model3_EQA_CH4,,,,,,,,,,,,,,,,,,,,,37.05,,,,,,32.82,,,,,,,,,,,,,,,,,,,,,,,,,,,,,,,10,,,,,,
L003W25,L003,25,Step1_Model2_EQA_CH1,Step2_Model2_EQA_CH1,Step3_Model1_EQC_CH1,Step4_Model1_EQB_CH3,Step5_Model2_EQC_CH2,Step6_Model2_EQB_CH3,Step7_Model2_EQA_CH3,Step8_Model1_EQB_CH2,Step9_Model3_EQA_CH4,Step10_Model3_EQB_CH1,Step11_Model2_EQA_CH4,Step12_Model2_EQA_CH1,Step13_Model2_EQB_CH3,Step14_Model1_EQA_CH1,Step15_Model1_EQB_CH3,Step16_Model2_EQC_CH4,Step17_Model1_EQB_CH3,Step18_Model2_EQA_CH4,Step19_Model3_EQA_CH2,Step20_Model3_EQB_CH2,Step21_Model3_EQB_CH2,Step22_Model1_EQA_CH3,Step23_Model1_EQC_CH2,Step24_Model2_EQA_CH1,Step25_Model1_EQB_CH4,Step26_Model1_EQB_CH4,Step27_Model2_EQB_CH1,Step28_Model2_EQB_CH3,Step29_Model3_EQA_CH3,Step30_Model3_EQA_CH4,,,,49.87,,51.62,,,62.84,65.38,,,,,,,,,,41.41,,40.2,,,34.19,60.1,,,,,,,,,,,,,,,32.26,,,,,,,,,,,,,,,,,,,,,,,
L004W01,L004,1,Step1_Model2_EQC_CH2,Step2_Model3_EQA_CH4,Step3_Model1_EQB_CH3,Step4_Model3_EQC_CH1,Step5_Model1_EQC_CH4,Step6_Model1_EQB_CH2,Step7_Model1_EQC_CH3,Step8_Model2_EQA_CH2,Step9_Model1_EQB_CH1,Step10_Model2_EQA_CH3,Step11_Model3_EQA_CH1,Step12_Model2_EQA_CH1,Step13_Model2_EQB_CH4,Step14_Model3_EQB_CH2,Step15_Model2_EQC_CH3,Step16_Model2_EQC_CH1,Step17_Model3_EQB_CH1,Step18_Model2_EQA_CH3,Step19_Model3_EQA_CH1,Step20_Model2_EQA_CH4,Step21_Model3_EQA_CH4,Step22_Model3_EQB_CH4,Step23_Model2_EQC_CH4,Step24_Model2_EQB_CH1,Step25_Model2_EQB_CH3,Step26_Model3_EQA_CH3,Step27_Model1_EQB_CH3,Step28_Model1_EQA_CH3,Step29_Model2_EQB_CH2,Step30_Model1_EQC_CH3,,,,,44.1,,,,,,,34.75,,43.24,,,60.59,,,,,,,,,,35.81,,,,,,40.53,,,,,,,,,,,,,52.84,,,,,,,,,,,,,,,,,,
L004W02,L004,2,Step1_Model2_EQC_CH2,Step2_Model3_EQA_CH2,Step3_Model1_EQB_CH4,Step4_Model3_EQC_CH2,Step5_Model1_EQC_CH1,Step6_Model1_EQB_CH2,Step7_Model1_EQC_CH4,Step8_Model2_EQA_CH2,Step9_Model1_EQB_CH1,Step10_Model2_EQA_CH1,Step11_Model3_EQA_CH1,Step12_Model2_EQA_CH4,Step13_Model2_EQB_CH4,Step14_Model3_EQB_CH3,Step15_Model2_EQC_CH4,Step16_Model2_EQC_CH1,Step17_Model3_EQB_CH1,Step18_Model2_EQA_CH4,Step19_Model3_EQA_CH2,Step20_Model2_EQA_CH4,Step21_Model3_EQA_CH4,Step22_Model3_EQB_CH1,Step23_Model2_EQC_CH3,Step24_Model2_EQB_CH1,Step25_Model2_EQB_CH3,Step26_Model3_EQA_CH1,Step27_Model1_EQB_CH4,Step28_Model1_EQA_CH1,Step29_Model2_EQB_CH1,Step30_Model1_EQC_CH1,,,,43.38,,51.4,,,,,,,38.86,,,,,,,,,39.73,,,34.17,,,,,,,,,,42.17,,56.32,,,,,,,,,,59.66,,,13,,,,,,,,,,,,,,
L004W03,L004,3,Step1_Model2_EQC_CH4,Step2_Model3_EQA_CH4,Step3_Model1_EQB_CH4,Step4_Model3_EQC_CH4,Step5_Model1_EQC_CH3,Step6_Model1_EQB_CH3,Step7_Model1_EQC_CH2,Step8_Model2_EQA_CH4,Step9_Model1_EQB_CH3,Step10_Model2_EQA_CH1,Step11_Model3_EQA_CH4,Step12_Model2_EQA_CH2,Step13_Model2_EQB_CH2,Step14_Model3_EQB_CH2,Step15_Model2_EQC_CH1,Step16_Model2_EQC_CH3,Step17_Model3_EQB_CH1,Step18_Model2_EQA_CH4,Step19_Model3_EQA_CH2,Step20_Model2_EQA_CH1,Step21_Model3_EQA_CH1,Step22_Model3_EQB_CH3,Step23_Model2_EQC_CH3,Step24_Model2_EQB_CH2,Step25_Model2_EQB_CH1,Step26_Model3_EQA_CH1,Step27_Model1_EQB_CH3,Step28_Model1_EQA_CH1,Step29_Model2_EQB_CH1,Step30_Model1_EQC_CH1,,,,45.64,,,,,,,53.02,,,,,,,,,45.46,,41.01,,,,,,,,,,,,,,,,,,,,,,,57.62,,,,,,,,,,,,,,,,,,,
L004W04,L004,4,Step1_Model2_EQC_CH3,Step2_Model3_EQA_CH2,Step3_Model1_EQB_CH4,Step4_Model3_EQC_CH2,Step5_Model1_EQC_CH4,Step6_Model1_EQB_CH1,Step7_Model1_EQC_CH2,Step8_Model2_EQA_CH4,Step9_Model1_EQB_CH3,Step10_Model2_EQA_CH3,Step11_Model3_EQA_CH2,Step12_Model2_EQA_CH2,Step13_Model2_EQB_CH1,Step14_Model3_EQB_CH2,Step15_Model2_EQC_CH1,Step16_Model2_EQC_CH1,Step17_Model3_EQB_CH3,Step18_Model2_EQA_CH3,Step19_Model3_EQA_CH4,Step20_Model2_EQA_CH3,Step21_Model3_EQA_CH3,Step22_Model3_EQB_CH2,Step23_Model2_EQC_CH3,Step24_Model2_EQB_CH4,Step25_Model2_EQB_CH2,Step26_Model3_EQA_CH4,Step27_Model1_EQB_CH3,Step28_Model1_EQA_CH4,Step29_Model2_EQB_CH2,Step30_Model1_EQC_CH1,,39.91,,,,,,,,,,,,,,,,,,,,45.44,,38.79,,,33.38,,59.35,45.01,,,,,,59.98,,,,,,,,,,,,,,,,,,,,,,,,,,,,
L004W05,L004,5,Step1_Model2_EQC_CH4,Step2_Model3_EQA_CH4,Step3_Model1_EQB_CH2,Step4_Model3_EQC_CH2,Step5_Model1_EQC_CH4,Step6_Model1_EQB_CH3,Step7_Model1_EQC_CH4,Step8_Model2_EQA_CH2,Step9_Model1_EQB_CH1,Step10_Model2_EQA_CH1,Step11_Model3_EQA_CH3,Step12_Model2_EQA_CH4,Step13_Model2_EQB_CH1,Step14_Model3_EQB_CH4,Step15_Model2_EQC_CH2,Step16_Model2_EQC_CH1,Step17_Model3_EQB_CH3,Step18_Model2_EQA_CH2,Step19_Model3_EQA_CH3,Step20_Model2_EQA_CH2,Step21_Model3_EQA_CH1,Step22_Model3_EQB_CH3,Step23_Model2_EQC_CH3,Step24_Model2_EQB_CH2,Step25_Model2_EQB_CH3,Step26_Model3_EQA_CH2,Step27_Model1_EQB_CH2,Step28_Model1_EQA_CH2,Step29_Model2_EQB_CH2,Step30_Model1_EQC_CH1,,,42.74,,,44.82,,,,65.5,54.14,,,,,,,,47.79,,,,,,,,,,,,61.49,,48.64,,,66.03,,,,,,,59.05,,,,,,,,,,,,,,,13,,,,,,
L004W06,L004,6,Step1_Model2_EQC_CH2,Step2_Model3_EQA_CH4,Step3_Model1_EQB_CH3,Step4_Model3_EQC_CH4,Step5_Model1_EQC_CH1,Step6_Model1_EQB_CH4,Step7_Model1_EQC_CH3,Step8_Model2_EQA_CH4,Step9_Model1_EQB_CH1,Step10_Model2_EQA_CH2,Step11_Model3_EQA_CH4,Step12_Model2_EQA_CH1,Step13_Model2_EQB_CH1,Step14_Model3_EQB_CH3,Step15_Model2_EQC_CH3,Step16_Model2_EQC_CH4,Step17_Model3_EQB_CH2,Step18_Model2_EQA_CH1,Step19_Model3_EQA_CH4,Step20_Model2_EQA_CH1,Step21_Model3_EQA_CH1,Step22_Model3_EQB_CH2,Step23_Model2_EQC_CH2,Step24_Model2_EQB_CH4,Step25_Model2_EQB_CH2,Step26_Model3_EQA_CH2,Step27_Model1_EQB_CH4,Step28_Model1_EQA_CH2,Step29_Model2_EQB_CH3,Step30_Model1_EQC_CH1,34.59,,,,,,,,,,,,,,46.92,,,,,,,,37.65,,,54.62,,,,,,,,,,60.11,60.57,,,,,,,,,,,,,,,,,,,,,,,,,,,
L004W07,L004,7,Step1_Model2_EQC_CH1,Step2_Model3_EQA_CH1,Step3_Model1_EQB_CH1,Step4_Model3_EQC_CH4,Step5_Model1_EQC_CH1,Step6_Model1_EQB_CH1,Step7_Model1_EQC_CH1,Step8_Model2_EQA_CH1,Step9_Model1_EQB_CH3,Step10_Model2_EQA_CH1,Step11_Model3_EQA_CH3,Step12_Model2_EQA_CH4,Step13_Model2_EQB_CH2,Step14_Model3_EQB_CH1,Step15_Model2_EQC_CH2,Step16_Model2_EQC_CH2,Step17_Model3_EQB_CH4,Step18_Model2_EQA_CH2,Step19_Model3_EQA_CH3,Step20_Model2_EQA_CH2,Step21_Model3_EQA_CH2,Step22_Model3_EQB_CH2,Step23_Model2_EQC_CH1,Step24_Model2_EQB_CH1,Step25_Model2_EQB_CH3,Step26_Model3_EQA_CH3,Step27_Model1_EQB_CH1,Step28_Model1_EQA_CH3,Step29_Model2_EQB_CH1,Step30_Model1_EQC_CH4,36.55,34.1,,,,,,66.9,,,,,,,,,,,,,,,,,,,,53.75,,,,,,,,,,,,,,49.75,,,,,,,,,,,,,,,,,,,,,,
L004W08,L004,8,Step1_Model2_EQC_CH2,Step2_Model3_EQA_CH2,Step3_Model1_EQB_CH3,Step4_Model3_EQC_CH1,Step5_Model1_EQC_CH1,Step6_Model1_EQB_CH3,Step7_Model1_EQC_CH1,Step8_Model2_EQA_CH4,Step9_Model1_EQB_CH2,Step10_Model2_EQA_CH3,Step11_Model3_EQA_CH3,Step12_Model2_EQA_CH1,Step13_Model2_EQB_CH3,Step14_Model3_EQB_CH4,Step15_Model2_EQC_CH1,Step16_Model2_EQC_CH1,Step17_Model3_EQB_CH1,Step18_Model2_EQA_CH1,Step19_Model3_EQA_CH4,Step20_Model2_EQA_CH1,Step21_Model3_EQA_CH3,Step22_Model3_EQB_CH4,Step23_Model2_EQC_CH2,Step24_Model2_EQB_CH2,Step25_Model2_EQB_CH3,Step26_Model3_EQA_CH3,Step27_Model1_EQB_CH4,Step28_Model1_EQA_CH2,Step29_Model2_EQB_CH2,Step30_Model1_EQC_CH2,,47.02,,,,,,,45.8,,,,,,,,,,,39.37,,,,,,73.8,,,57.16,,,,,,46.18,,,,76.45,,,,60.05,,,,,,,,,,,,,7,,,,,,,,
L004W09,L004,9,Step1_Model2_EQC_CH2,Step2_Model3_EQA_CH2,Step3_Model1_EQB_CH1,Step4_Model3_EQC_CH3,Step5_Model1_EQC_CH1,Step6_Model1_EQB_CH2,Step7_Model1_EQC_CH4,Step8_Model2_EQA_CH4,Step9_Model1_EQB_CH2,Step10_Model2_EQA_CH2,Step11_Model3_EQA_CH4,Step12_Model2_EQA_CH1,Step13_Model2_EQB_CH1,Step14_Model3_EQB_CH2,Step15_Model2_EQC_CH1,Step16_Model2_EQC_CH4,Step17_Model3_EQB_CH1,Step18_Model2_EQA_CH2,Step19_Model3_EQA_CH4,Step20_Model2_EQA_CH1,Step21_Model3_EQA_CH3,Step22_Model3_EQB_CH4,Step23_Model2_EQC_CH4,Step24_Model2_EQB_CH3,Step25_Model2_EQB_CH3,Step26_Model3_EQA_CH4,Step27_Model1_EQB_CH3,Step28_Model1_EQA_CH2,Step29_Model2_EQB_CH2,Step30_Model1_EQC_CH2,,,37.63,40.15,,,,,,,,,40.52,,39.71,,,,,,,49.28,,,,,28.18,,,,,42.87,,46.77,,,,,,,,,,,,50.67,,36.75,,,,,,,,,15,,,,,,,
L004W10,L004,10,Step1_Model2_EQC_CH4,Step2_Model3_EQA_CH3,Step3_Model1_EQB_CH3,Step4_Model3_EQC_CH1,Step5_Model1_EQC_CH1,Step6_Model1_EQB_CH3,Step7_Model1_EQC_CH3,Step8_Model2_EQA_CH3,Step9_Model1_EQB_CH4,Step10_Model2_EQA_CH3,Step11_Model3_EQA_CH1,Step12_Model2_EQA_CH4,Step13_Model2_EQB_CH3,Step14_Model3_EQB_CH1,Step15_Model2_EQC_CH4,Step16_Model2_EQC_CH3,Step17_Model3_EQB_CH3,Step18_Model2_EQA_CH3,Step19_Model3_EQA_CH4,Step20_Model2_EQA_CH1,Step21_Model3_EQA_CH1,Step22_Model3_EQB_CH2,Step23_Model2_EQC_CH3,Step24_Model2_EQB_CH2,Step25_Model2_EQB_CH2,Step26_Model3_EQA_CH1,Step27_Model1_EQB_CH4,Step28_Model1_EQA_CH4,Step29_Model2_EQB_CH1,Step30_Model1_EQC_CH4,,,,,,,,63.65,,,,,,,,,,,,,,,,,,56.32,32.5,58.66,,,60.43,,,44.36,,,,,,,,58.87,,,,,,,,,10,,,,,11,,,,,,,,
L004W11,L004,11,Step1_Model2_EQC_CH2,Step2_Model3_EQA_CH3,Step3_Model1_EQB_CH1,Step4_Model3_EQC_CH3,Step5_Model1_EQC_CH4,Step6_Model1_EQB_CH3,Step7_Model1_EQC_CH4,Step8_Model2_EQA_CH4,Step9_Model1_EQB_CH2,Step10_Model2_EQA_CH4,Step11_Model3_EQA_CH2,Step12_Model2_EQA_CH2,Step13_Model2_EQB_CH2,Step14_Model3_EQB_CH1,Step15_Model2_EQC_CH1,Step16_Model2_EQC_CH4,Step17_Model3_EQB_CH2,Step18_Model2_EQA_CH1,Step19_Model3_EQA_CH2,Step20_Model2_EQA_CH3,Step21_Model3_EQA_CH3,Step22_Model3_EQB_CH3,Step23_Model2_EQC_CH4,Step24_Model2_EQB_CH2,Step25_Model2_EQB_CH3,Step26_Model3_EQA_CH1,Step27_Model1_EQB_CH3,Step28_Model1_EQA_CH3,Step29_Model2_EQB_CH3,Step30_Model1_EQC_CH4,,,,,,,,,,,,,,,,,56.87,,,39.46,,,,,,62.15,,,,,,,,,,,,,,,,,,,,,,,,,,,,,,,,,,,,,,
L004W12,L004,12,Step1_Model2_EQC_CH1,Step2_Model3_EQA_CH2,Step3_Model1_EQB_CH1,Step4_Model3_EQC_CH2,Step5_Model1_EQC_CH4,Step6_Model1_EQB_CH4,Step7_Model1_EQC_CH4,Step8_Model2_EQA_CH4,Step9_Model1_EQB_CH2,Step10_Model2_EQA_CH3,Step11_Model3_EQA_CH2,Step12_Model2_EQA_CH1,Step13_Model2_EQB_CH4,Step14_Model3_EQB_CH4,Step15_Model2_EQC_CH1,Step16_Model2_EQC_CH2,Step17_Model3_EQB_CH3,Step18_Model2_EQA_CH3,Step19_Model3_EQA_CH1,Step20_Model2_EQA_CH3,Step21_Model3_EQA_CH2,Step22_Model3_EQB_CH2,Step23_Model2_EQC_CH1,Step24_Model2_EQB_CH2,Step25_Model2_EQB_CH4,Step26_Model3_EQA_CH1,Step27_Model1_EQB_CH2,Step28_Model1_EQA_CH1,Step29_Model2_EQB_CH3,Step30_Model1_EQC_CH2,,,,,,,,,68.56,,,,,,,,,41.44,,,,,,,39.42,,,,,44.23,,,,,,,,56.62,,,,,,,63.95,46.96,,,,,,,,,,,,16,,,,,,
L004W13,L004,13,Step1_Model2_EQC_CH4,Step2_Model3_EQA_CH2,Step3_Model1_EQB_CH1,Step4_Model3_EQC_CH1,Step5_Model1_EQC_CH2,Step6_Model1_EQB_CH4,Step7_Model1_EQC_CH4,Step8_Model2_EQA_CH4,Step9_Model1_EQB_CH1,Step10_Model2_EQA_CH2,Step11_Model3_EQA_CH3,Step12_Model2_EQA_CH1,Step13_Model2_EQB_CH4,Step14_Model3_EQB_CH2,Step15_Model2_EQC_CH4,Step16_Model2_EQC_CH3,Step17_Model3_EQB_CH4,Step18_Model2_EQA_CH4,Step19_Model3_EQA_CH3,Step20_Model2_EQA_CH2,Step21_Model3_EQA_CH1,Step22_Model3_EQB_CH2,Step23_Model2_EQC_CH3,Step24_Model2_EQB_CH4,Step25_Model2_EQB_CH2,Step26_Model3_EQA_CH1,Step27_Model1_EQB_CH3,Step28_Model1_EQA_CH2,Step29_Model2_EQB_CH1,Step30_Model1_EQC_CH3,,,44.05,,,51.6,,,,,53.78,40.93,,,47.57,,,,,40.48,,,,38.57,,,33.32,55.79,57.61,,,,,46.99,42.57,,,,,,,,,,,,,,,,,,,,,,,,,,,,,
L004W14,L004,14,Step1_Model2_EQC_CH1,Step2_Model3_EQA_CH3,Step3_Model1_EQB_CH4,Step4_Model3_EQC_CH2,Step5_Model1_EQC_CH1,Step6_Model1_EQB_CH3,Step7_Model1_EQC_CH1,Step8_Model2_EQA_CH1,Step9_Model1_EQB_CH2,Step10_Model2_EQA_CH4,Step11_Model3_EQA_CH1,Step12_Model2_EQA_CH3,Step13_Model2_EQB_CH3,Step14_Model3_EQB_CH4,Step15_Model2_EQC_CH3,Step16_Model2_EQC_CH4,Step17_Model3_EQB_CH3,Step18_Model2_EQA_CH2,Step19_Model3_EQA_CH1,Step20_Model2_EQA_CH2,Step21_Model3_EQA_CH1,Step22_Model3_EQB_CH1,Step23_Model2_EQC_CH1,Step24_Model2_EQB_CH2,Step25_Model2_EQB_CH1,Step26_Model3_EQA_CH2,Step27_Model1_EQB_CH4,Step28_Model1_EQA_CH3,Step29_Model2_EQB_CH3,Step30_Model1_EQC_CH1,,,48.52,,,,,61.21,,,,,,,,60.51,,,,40.92,,,,,,,31.84,,55.75,,61.94,,46.88,41.8,,63.52,,,,,,,,,,56.43,,39.5,,,,,,,,,,,,,,,,
L004W15,L004,15,Step1_Model2_EQC_CH2,Step2_Model3_EQA_CH3,Step3_Model1_EQB_CH2,Step4_Model3_EQC_CH2,Step5_Model1_EQC_CH1,Step6_Model1_EQB_CH3,Step7_Model1_EQC_CH1,Step8_Model2_EQA_CH1,Step9_Model1_EQB_CH3,Step10_Model2_EQA_CH3,Step11_Model3_EQA_CH4,Step12_Model2_EQA_CH4,Step13_Model2_EQB_CH2,Step14_Model3_EQB_CH3,Step15_Model2_EQC_CH4,Step16_Model2_EQC_CH2,Step17_Model3_EQB_CH2,Step18_Model2_EQA_CH2,Step19_Model3_EQA_CH4,Step20_Model2_EQA_CH3,Step21_Model3_EQA_CH1,Step22_Model3_EQB_CH2,Step23_Model2_EQC_CH4,Step24_Model2_EQB_CH4,Step25_Model2_EQB_CH1,Step26_Model3_EQA_CH1,Step27_Model1_EQB_CH4,Step28_Model1_EQA_CH3,Step29_Model2_EQB_CH1,Step30_Model1_EQC_CH4,,,,,34.75,,,,,61.97,,,,,,,,,,42.11,43.41,40.12,,,33.37,,,,,,,43.17,,,,,,,,,,,,,,,,37.25,,,,,,8,,8,,,,,,,,
L004W16,L004,16,Step1_Model2_EQC_CH1,Step2_Model3_EQA_CH3,Step3_Model1_EQB_CH2,Step4_Model3_EQC_CH1,Step5_Model1_EQC_CH3,Step6_Model1_EQB_CH4,Step7_Model1_EQC_CH1,Step8_Model2_EQA_CH1,Step9_Model1_EQB_CH4,Step10_Model2_EQA_CH2,Step11_Model3_EQA_CH4,Step12_Model2_EQA_CH1,Step13_Model2_EQB_CH4,Step14_Model3_EQB_CH3,Step15_Model2_EQC_CH4,Step16_Model2_EQC_CH1,Step17_Model3_EQB_CH4,Step18_Model2_EQA_CH2,Step19_Model3_EQA_CH4,Step20_Model2_EQA_CH2,Step21_Model3_EQA_CH3,Step22_Model3_EQB_CH2,Step23_Model2_EQC_CH4,Step24_Model2_EQB_CH1,Step25_Model2_EQB_CH2,Step26_Model3_EQA_CH3,Step27_Model1_EQB_CH2,Step28_Model1_EQA_CH2,Step29_Model2_EQB_CH2,Step30_Model1_EQC_CH3,44.84,39.99,,,,47.46,,,,,,,,36.45,45.14,62.04,,58.7,,,38.43,,,,,,,,,,,,,44.77,,,,,,,,,,,,,,,,,,,,,,,12,,,,,,,
L004W17,L004,17,Step1_Model2_EQC_CH4,Step2_Model3_EQA_CH2,Step3_Model1_EQB_CH2,Step4_Model3_EQC_CH1,Step5_Model1_EQC_CH3,Step6_Model1_EQB_CH2,Step7_Model1_EQC_CH3,Step8_Model2_EQA_CH2,Step9_Model1_EQB_CH4,Step10_Model2_EQA_CH4,Step11_Model3_EQA_CH2,Step12_Model2_EQA_CH4,Step13_Model2_EQB_CH2,Step14_Model3_EQB_CH4,Step15_Model2_EQC_CH1,Step16_Model2_EQC_CH1,Step17_Model3_EQB_CH1,Step18_Model2_EQA_CH3,Step19_Model3_EQA_CH3,Step20_Model2_EQA_CH1,Step21_Model3_EQA_CH3,Step22_Model3_EQB_CH4,Step23_Model2_EQC_CH2,Step24_Model2_EQB_CH2,Step25_Model2_EQB_CH2,Step26_Model3_EQA_CH1,Step27_Model1_EQB_CH3,Step28_Model1_EQA_CH4,Step29_Model2_EQB_CH4,Step30_Model1_EQC_CH1,,,,49.35,,,,,,,,,,37.96,,,,,,49.49,,,,,,53.99,,58.02,,48.7,,47.22,,,,,,63.98,,69.53,,,,,,,,,,,,,,,,,,12,,,,,,
L004W18,L004,18,Step1_Model2_EQC_CH4,Step2_Model3_EQA_CH4,Step3_Model1_EQB_CH4,Step4_Model3_EQC_CH4,Step5_Model1_EQC_CH3,Step6_Model1_EQB_CH4,Step7_Model1_EQC_CH2,Step8_Model2_EQA_CH1,Step9_Model1_EQB_CH3,Step10_Model2_EQA_CH4,Step11_Model3_EQA_CH3,Step12_Model2_EQA_CH4,Step13_Model2_EQB_CH2,Step14_Model3_EQB_CH1,Step15_Model2_EQC_CH4,Step16_Model2_EQC_CH4,Step17_Model3_EQB_CH4,Step18_Model2_EQA_CH4,Step19_Model3_EQA_CH1,Step20_Model2_EQA_CH1,Step21_Model3_EQA_CH2,Step22_Model3_EQB_CH1,Step23_Model2_EQC_CH4,Step24_Model2_EQB_CH2,Step25_Model2_EQB_CH2,Step26_Model3_EQA_CH2,Step27_Model1_EQB_CH4,Step28_Model1_EQA_CH3,Step29_Model2_EQB_CH4,Step30_Model1_EQC_CH1,42.15,,,,,64.45,,,,,,,,,,,,,,,,,38.61,,,,,,,,,,,,,,,,,,,,60.89,,,,55.02,,,,,,,,,,,,,,,,,
L004W19,L004,19,Step1_Model2_EQC_CH1,Step2_Model3_EQA_CH4,Step3_Model1_EQB_CH4,Step4_Model3_EQC_CH2,Step5_Model1_EQC_CH4,Step6_Model1_EQB_CH2,Step7_Model1_EQC_CH1,Step8_Model2_EQA_CH2,Step9_Model1_EQB_CH4,Step10_Model2_EQA_CH1,Step11_Model3_EQA_CH3,Step12_Model2_EQA_CH2,Step13_Model2_EQB_CH1,Step14_Model3_EQB_CH2,Step15_Model2_EQC_CH1,Step16_Model2_EQC_CH1,Step17_Model3_EQB_CH2,Step18_Model2_EQA_CH3,Step19_Model3_EQA_CH1,Step20_Model2_EQA_CH1,Step21_Model3_EQA_CH1,Step22_Model3_EQB_CH3,Step23_Model2_EQC_CH3,Step24_Model2_EQB_CH4,Step25_Model2_EQB_CH2,Step26_Model3_EQA_CH3,Step27_Model1_EQB_CH2,Step28_Model1_EQA_CH4,Step29_Model2_EQB_CH2,Step30_Model1_EQC_CH3,,,,36.89,,,,,55.12,,,,33.2,,,,,,,,,41.49,,,,,,,57.83,47.63,61.17,,,,,,,,,,,,,,,,,,,,,,,,,,,,,,,,,
L004W20,L004,20,Step1_Model2_EQC_CH2,Step2_Model3_EQA_CH3,Step3_Model1_EQB_CH2,Step4_Model3_EQC_CH3,Step5_Model1_EQC_CH3,Step6_Model1_EQB_CH2,Step7_Model1_EQC_CH4,Step8_Model2_EQA_CH1,Step9_Model1_EQB_CH4,Step10_Model2_EQA_CH2,Step11_Model3_EQA_CH4,Step12_Model2_EQA_CH3,Step13_Model2_EQB_CH1,Step14_Model3_EQB_CH2,Step15_Model2_EQC_CH2,Step16_Model2_EQC_CH2,Step17_Model3_EQB_CH1,Step18_Model2_EQA_CH3,Step19_Model3_EQA_CH2,Step20_Model2_EQA_CH4,Step21_Model3_EQA_CH2,Step22_Model3_EQB_CH2,Step23_Model2_EQC_CH2,Step24_Model2_EQB_CH2,Step25_Model2_EQB_CH3,Step26_Model3_EQA_CH4,Step27_Model1_EQB_CH3,Step28_Model1_EQA_CH4,Step29_Model2_EQB_CH2,Step30_Model1_EQC_CH1,,,40.62,,,,,,,,,,46.54,37.18,51.26,,,,,,,,,,,,,,,,,,45.21,43.35,,,,,,,,,,,,53.37,,,,,,,,,10,,,,,,,,,
L004W21,L004,21,Step1_Model2_EQC_CH3,Step2_Model3_EQA_CH1,Step3_Model1_EQB_CH3,Step4_Model3_EQC_CH2,Step5_Model1_EQC_CH3,Step6_Model1_EQB_CH2,Step7_Model1_EQC_CH3,Step8_Model2_EQA_CH2,Step9_Model1_EQB_CH2,Step10_Model2_EQA_CH4,Step11_Model3_EQA_CH2,Step12_Model2_EQA_CH4,Step13_Model2_EQB_CH2,Step14_Model3_EQB_CH1,Step15_Model2_EQC_CH2,Step16_Model2_EQC_CH1,Step17_Model3_EQB_CH1,Step18_Model2_EQA_CH2,Step19_Model3_EQA_CH1,Step20_Model2_EQA_CH4,Step21_Model3_EQA_CH3,Step22_Model3_EQB_CH2,Step23_Model2_EQC_CH1,Step24_Model2_EQB_CH2,Step25_Model2_EQB_CH4,Step26_Model3_EQA_CH2,Step27_Model1_EQB_CH2,Step28_Model1_EQA_CH1,Step29_Model2_EQB_CH4,Step30_Model1_EQC_CH3,,38.06,,,,,,,,,,,37.74,,46.79,,,41.65,,,,,,,,,,,,,,,,50.58,46.76,,,,,,39.79,,,,57.74,50.83,,,,,,,,,,,,,,,,,,
L004W22,L004,22,Step1_Model2_EQC_CH3,Step2_Model3_EQA_CH1,Step3_Model1_EQB_CH2,Step4_Model3_EQC_CH1,Step5_Model1_EQC_CH1,Step6_Model1_EQB_CH1,Step7_Model1_EQC_CH2,Step8_Model2_EQA_CH4,Step9_Model1_EQB_CH1,Step10_Model2_EQA_CH2,Step11_Model3_EQA_CH4,Step12_Model2_EQA_CH1,Step13_Model2_EQB_CH3,Step14_Model3_EQB_CH4,Step15_Model2_EQC_CH1,Step16_Model2_EQC_CH4,Step17_Model3_EQB_CH4,Step18_Model2_EQA_CH4,Step19_Model3_EQA_CH4,Step20_Model2_EQA_CH4,Step21_Model3_EQA_CH4,Step22_Model3_EQB_CH1,Step23_Model2_EQC_CH3,Step24_Model2_EQB_CH2,Step25_Model2_EQB_CH4,Step26_Model3_EQA_CH2,Step27_Model1_EQB_CH1,Step28_Model1_EQA_CH4,Step29_Model2_EQB_CH3,Step30_Model1_EQC_CH2,,39.85,,,,,65.2,,,,,,,,,,65.39,,42.63,,,40.81,,,,,,,,,,,,,,,,,58.14,57.85,,58.65,,,60.72,,,,,,,,,,,,,,,,,,,
L004W23,L004,23,Step1_Model2_EQC_CH4,Step2_Model3_EQA_CH1,Step3_Model1_EQB_CH3,Step4_Model3_EQC_CH2,Step5_Model1_EQC_CH2,Step6_Model1_EQB_CH4,Step7_Model1_EQC_CH3,Step8_Model2_EQA_CH3,Step9_Model1_EQB_CH3,Step10_Model2_EQA_CH3,Step11_Model3_EQA_CH1,Step12_Model2_EQA_CH3,Step13_Model2_EQB_CH2,Step14_Model3_EQB_CH2,Step15_Model2_EQC_CH1,Step16_Model2_EQC_CH2,Step17_Model3_EQB_CH2,Step18_Model2_EQA_CH3,Step19_Model3_EQA_CH2,Step20_Model2_EQA_CH1,Step21_Model3_EQA_CH3,Step22_Model3_EQB_CH4,Step23_Model2_EQC_CH3,Step24_Model2_EQB_CH1,Step25_Model2_EQB_CH3,Step26_Model3_EQA_CH3,Step27_Model1_EQB_CH1,Step28_Model1_EQA_CH3,Step29_Model2_EQB_CH1,Step30_Model1_EQC_CH1,42.35,41.37,41.72,,,,,,62.28,,,,,,,62.08,60.92,,,,,37.03,,,39.44,,,,,,,,,,,,61.12,,58.63,63.7,,60.67,,,,,,,,,,,,,,9,,,,,,,,
L004W24,L004,24,Step1_Model2_EQC_CH4,Step2_Model3_EQA_CH2,Step3_Model1_EQB_CH2,Step4_Model3_EQC_CH3,Step5_Model1_EQC_CH3,Step6_Model1_EQB_CH4,Step7_Model1_EQC_CH4,Step8_Model2_EQA_CH4,Step9_Model1_EQB_CH1,Step10_Model2_EQA_CH4,Step11_Model3_EQA_CH4,Step12_Model2_EQA_CH3,Step13_Model2_EQB_CH4,Step14_Model3_EQB_CH1,Step15_Model2_EQC_CH1,Step16_Model2_EQC_CH3,Step17_Model3_EQB_CH4,Step18_Model2_EQA_CH4,Step19_Model3_EQA_CH1,Step20_Model2_EQA_CH4,Step21_Model3_EQA_CH4,Step22_Model3_EQB_CH4,Step23_Model2_EQC_CH2,Step24_Model2_EQB_CH3,Step25_Model2_EQB_CH2,Step26_Model3_EQA_CH3,Step27_Model1_EQB_CH1,Step28_Model1_EQA_CH4,Step29_Model2_EQB_CH3,Step30_Model1_EQC_CH2,,,,,,,,,,,49.86,,37.95,,,,,,,,,,,,,,35.68,,,,,,,,,,,,,,,,,,,,,34.22,,,,,,,,,,,,,,,,
L004W25,L004,25,Step1_Model2_EQC_CH4,Step2_Model3_EQA_CH1,Step3_Model1_EQB_CH3,Step4_Model3_EQC_CH3,Step5_Model1_EQC_CH3,Step6_Model1_EQB_CH4,Step7_Model1_EQC_CH2,Step8_Model2_EQA_CH2,Step9_Model1_EQB_CH3,Step10_Model2_EQA_CH1,Step11_Model3_EQA_CH1,Step12_Model2_EQA_CH2,Step13_Model2_EQB_CH1,Step14_Model3_EQB_CH2,Step15_Model2_EQC_CH3,Step16_Model2_EQC_CH2,Step17_Model3_EQB_CH2,Step18_Model2_EQA_CH3,Step19_Model3_EQA_CH1,Step20_Model2_EQA_CH2,Step21_Model3_EQA_CH2,Step22_Model3_EQB_CH3,Step23_Model2_EQC_CH1,Step24_Model2_EQB_CH2,Step25_Model2_EQB_CH3,Step26_Model3_EQA_CH2,Step27_Model1_EQB_CH4,Step28_Model1_EQA_CH3,Step29_Model2_EQB_CH1,Step30_Model1_EQC_CH1,,,,,,,,,,,,42.35,,,43.19,,,,,,,,,,,,,,,,,,,,,,,64.22,,,,,,,57.7,,,,,,,,,,,,,,,,,,,
L005W01,L005,1,Step1_Model1_EQA_CH4,Step2_Model2_EQB_CH1,Step3_Model1_EQA_CH3,Step4_Model1_EQB_CH3,Step5_Model1_EQA_CH1,Step6_Model1_EQC_CH1,Step7_Model1_EQC_CH3,Step8_Model3_EQA_CH4,Step9_Model3_EQA_CH3,Step10_Model2_EQB_CH4,Step11_Model2_EQB_CH1,Step12_Model3_EQA_CH1,Step13_Model1_EQA_CH4,Step14_Model2_EQB_CH1,Step15_Model1_EQB_CH4,Step16_Model1_EQA_CH2,Step17_Model1_EQA_CH3,Step18_Model1_EQA_CH2,Step19_Model1_EQB_CH4,Step20_Model1_EQA_CH3,Step21_Model2_EQB_CH4,Step22_Model2_EQA_CH3,Step23_Model3_EQC_CH3,Step24_Model2_EQC_CH3,Step25_Model2_EQA_CH3,Step26_Model3_EQA_CH4,Step27_Model3_EQA_CH3,Step28_Model3_EQA_CH3,Step29_Model1_EQC_CH2,Step30_Model1_EQA_CH1,,,,,,,80.75,,,63.41,,,,,,,61.18,39.6,42.51,,,,,35.64,,57.52,,,,,65.04,47.12,46.4,,,,,,,,,,,,,,,,,,,,,,,,,,,,,,,
L005W02,L005,2,Step1_Model1_EQA_CH1,Step2_Model2_EQB_CH2,Step3_Model1_EQA_CH2,Step4_Model1_EQB_CH4,Step5_Model1_EQA_CH4,Step6_Model1_EQC_CH4,Step7_Model1_EQC_CH2,Step8_Model3_EQA_CH2,Step9_Model3_EQA_CH3,Step10_Model2_EQB_CH4,Step11_Model2_EQB_CH4,Step12_Model3_EQA_CH4,Step13_Model1_EQA_CH1,Step14_Model2_EQB_CH3,Step15_Model1_EQB_CH4,Step16_Model1_EQA_CH4,Step17_Model1_EQA_CH4,Step18_Model1_EQA_CH1,Step19_Model1_EQB_CH1,Step20_Model1_EQA_CH2,Step21_Model2_EQB_CH3,Step22_Model2_EQA_CH2,Step23_Model3_EQC_CH3,Step24_Model2_EQC_CH1,Step25_Model2_EQA_CH4,Step26_Model3_EQA_CH2,Step27_Model3_EQA_CH4,Step28_Model3_EQA_CH2,Step29_Model1_EQC_CH1,Step30_Model1_EQA_CH1,,,,,,,,,,,,,,,,,,,,40.15,,,,,,,,,,,,,,,,,,,56.16,57.22,,,,,,,,,,,,,,,,,,,,,,,,
L005W03,L005,3,Step1_Model1_EQA_CH1,Step2_Model2_EQB_CH2,Step3_Model1_EQA_CH3,Step4_Model1_EQB_CH2,Step5_Model1_EQA_CH3,Step6_Model1_EQC_CH2,Step7_Model1_EQC_CH2,Step8_Model3_EQA_CH1,Step9_Model3_EQA_CH4,Step10_Model2_EQB_CH4,Step11_Model2_EQB_CH3,Step12_Model3_EQA_CH4,Step13_Model1_EQA_CH2,Step14_Model2_EQB_CH2,Step15_Model1_EQB_CH1,Step16_Model1_EQA_CH1,Step17_Model1_EQA_CH4,Step18_Model1_EQA_CH3,Step19_Model1_EQB_CH4,Step20_Model1_EQA_CH4,Step21_Model2_EQB_CH4,Step22_Model2_EQA_CH4,Step23_Model3_EQC_CH2,Step24_Model2_EQC_CH3,Step25_Model2_EQA_CH2,Step26_Model3_EQA_CH3,Step27_Model3_EQA_CH1,Step28_Model3_EQA_CH4,Step29_Model1_EQC_CH2,Step30_Model1_EQA_CH3,,,,,,,68.38,,,,,,43.63,,,,56.93,41.99,43.59,,,,,32.4,,,42.33,,,,,45.29,,,,,,,,,,,,,,,,,,,,,2,,,,,,,,,,,
L005W04,L005,4,Step1_Model1_EQA_CH1,Step2_Model2_EQB_CH1,Step3_Model1_EQA_CH4,Step4_Model1_EQB_CH3,Step5_Model1_EQA_CH2,Step6_Model1_EQC_CH4,Step7_Model1_EQC_CH2,Step8_Model3_EQA_CH1,Step9_Model3_EQA_CH2,Step10_Model2_EQB_CH2,Step11_Model2_EQB_CH4,Step12_Model3_EQA_CH2,Step13_Model1_EQA_CH4,Step14_Model2_EQB_CH1,Step15_Model1_EQB_CH4,Step16_Model1_EQA_CH4,Step17_Model1_EQA_CH3,Step18_Model1_EQA_CH2,Step19_Model1_EQB_CH1,Step20_Model1_EQA_CH4,Step21_Model2_EQB_CH1,Step22_Model2_EQA_CH3,Step23_Model3_EQC_CH2,Step24_Model2_EQC_CH4,Step25_Model2_EQA_CH2,Step26_Model3_EQA_CH3,Step27_Model3_EQA_CH3,Step28_Model3_EQA_CH1,Step29_Model1_EQC_CH4,Step30_Model1_EQA_CH1,,,,,,,,,,,,,,,,,,42.68,,,,,,55.05,44.64,,,,,,,,,,43.43,,,,,,,,,,,,,,,,,,,,,,,,,,,,,
L005W05,L005,5,Step1_Model1_EQA_CH3,Step2_Model2_EQB_CH2,Step3_Model1_EQA_CH1,Step4_Model1_EQB_CH1,Step5_Model1_EQA_CH2,Step6_Model1_EQC_CH1,Step7_Model1_EQC_CH2,Step8_Model3_EQA_CH4,Step9_Model3_EQA_CH2,Step10_Model2_EQB_CH4,Step11_Model2_EQB_CH2,Step12_Model3_EQA_CH3,Step13_Model1_EQA_CH3,Step14_Model2_EQB_CH4,Step15_Model1_EQB_CH4,Step16_Model1_EQA_CH3,Step17_Model1_EQA_CH4,Step18_Model1_EQA_CH2,Step19_Model1_EQB_CH2,Step20_Model1_EQA_CH3,Step21_Model2_EQB_CH1,Step22_Model2_EQA_CH2,Step23_Model3_EQC_CH4,Step24_Model2_EQC_CH1,Step25_Model2_EQA_CH1,Step26_Model3_EQA_CH2,Step27_Model3_EQA_CH2,Step28_Model3_EQA_CH1,Step29_Model1_EQC_CH1,Step30_Model1_EQA_CH3,,,,,49,,,,,,47.47,43.62,,,40.8,,,,42.02,,,,,,,,,,,48.04,,,,,,58.63,,,,,,,,,,,,,,,,,,,,,,,,,,,,
L005W06,L005,6,Step1_Model1_EQA_CH4,Step2_Model2_EQB_CH3,Step3_Model1_EQA_CH2,Step4_Model1_EQB_CH3,Step5_Model1_EQA_CH3,Step6_Model1_EQC_CH3,Step7_Model1_EQC_CH3,Step8_Model3_EQA_CH4,Step9_Model3_EQA_CH4,Step10_Model2_EQB_CH1,Step11_Model2_EQB_CH2,Step12_Model3_EQA_CH3,Step13_Model1_EQA_CH1,Step14_Model2_EQB_CH1,Step15_Model1_EQB_CH1,Step16_Model1_EQA_CH4,Step17_Model1_EQA_CH3,Step18_Model1_EQA_CH3,Step19_Model1_EQB_CH2,Step20_Model1_EQA_CH3,Step21_Model2_EQB_CH3,Step22_Model2_EQA_CH1,Step23_Model3_EQC_CH2,Step24_Model2_EQC_CH3,Step25_Model2_EQA_CH4,Step26_Model3_EQA_CH3,Step27_Model3_EQA_CH1,Step28_Model3_EQA_CH4,Step29_Model1_EQC_CH1,Step30_Model1_EQA_CH3,,,,,,,,,,,,,,,,,,,,,,,,,,59.38,,42.52,,46.15,,,,,,,,,,,,,,,,,,,,,,,,,,,,,,,,,,
L005W07,L005,7,Step1_Model1_EQA_CH4,Step2_Model2_EQB_CH2,Step3_Model1_EQA_CH2,Step4_Model1_EQB_CH4,Step5_Model1_EQA_CH4,Step6_Model1_EQC_CH1,Step7_Model1_EQC_CH4,Step8_Model3_EQA_CH1,Step9_Model3_EQA_CH3,Step10_Model2_EQB_CH1,Step11_Model2_EQB_CH4,Step12_Model3_EQA_CH4,Step13_Model1_EQA_CH3,Step14_Model2_EQB_CH4,Step15_Model1_EQB_CH4,Step16_Model1_EQA_CH2,Step17_Model1_EQA_CH2,Step18_Model1_EQA_CH3,Step19_Model1_EQB_CH1,Step20_Model1_EQA_CH2,Step21_Model2_EQB_CH1,Step22_Model2_EQA_CH4,Step23_Model3_EQC_CH2,Step24_Model2_EQC_CH3,Step25_Model2_EQA_CH3,Step26_Model3_EQA_CH3,Step27_Model3_EQA_CH2,Step28_Model3_EQA_CH1,Step29_Model1_EQC_CH4,Step30_Model1_EQA_CH1,,,,,,,,63.18,,,,39.75,,,,,61.2,,,,,,39.72,,,,,,,,,42.9,,,,,,,,,,,,,,,54.38,,,,,,,,,,,,,,,,,
L005W08,L005,8,Step1_Model1_EQA_CH1,Step2_Model2_EQB_CH4,Step3_Model1_EQA_CH4,Step4_Model1_EQB_CH2,Step5_Model1_EQA_CH2,Step6_Model1_EQC_CH2,Step7_Model1_EQC_CH2,Step8_Model3_EQA_CH2,Step9_Model3_EQA_CH4,Step10_Model2_EQB_CH1,Step11_Model2_EQB_CH2,Step12_Model3_EQA_CH2,Step13_Model1_EQA_CH1,Step14_Model2_EQB_CH2,Step15_Model1_EQB_CH1,Step16_Model1_EQA_CH1,Step17_Model1_EQA_CH4,Step18_Model1_EQA_CH3,Step19_Model1_EQB_CH4,Step20_Model1_EQA_CH3,Step21_Model2_EQB_CH3,Step22_Model2_EQA_CH3,Step23_Model3_EQC_CH2,Step24_Model2_EQC_CH4,Step25_Model2_EQA_CH3,Step26_Model3_EQA_CH1,Step27_Model3_EQA_CH2,Step28_Model3_EQA_CH4,Step29_Model1_EQC_CH3,Step30_Model1_EQA_CH1,39.84,,,,,,,,,,,,,,,62.66,,,,39.78,,,,,,,,,53.94,,,,,,,,60.3,,,,34.12,,,,,,,,,,,,7,,,,,,,,,,,
L005W09,L005,9,Step1_Model1_EQA_CH4,Step2_Model2_EQB_CH4,Step3_Model1_EQA_CH2,Step4_Model1_EQB_CH4,Step5_Model1_EQA_CH2,Step6_Model1_EQC_CH3,Step7_Model1_EQC_CH2,Step8_Model3_EQA_CH1,Step9_Model3_EQA_CH2,Step10_Model2_EQB_CH1,Step11_Model2_EQB_CH2,Step12_Model3_EQA_CH4,Step13_Model1_EQA_CH3,Step14_Model2_EQB_CH1,Step15_Model1_EQB_CH2,Step16_Model1_EQA_CH2,Step17_Model1_EQA_CH2,Step18_Model1_EQA_CH4,Step19_Model1_EQB_CH4,Step20_Model1_EQA_CH1,Step21_Model2_EQB_CH1,Step22_Model2_EQA_CH4,Step23_Model3_EQC_CH1,Step24_Model2_EQC_CH3,Step25_Model2_EQA_CH3,Step26_Model3_EQA_CH4,Step27_Model3_EQA_CH1,Step28_Model3_EQA_CH2,Step29_Model1_EQC_CH3,Step30_Model1_EQA_CH4,,,,,,,,,,,,,,,,,,,,,,,40.39,,,,,,,,,,40.5,,,56.99,,,63.3,,,61.6,,,63.4,,,35.22,,,,,,,,,,,,,,,,
L005W10,L005,10,Step1_Model1_EQA_CH1,Step2_Model2_EQB_CH4,Step3_Model1_EQA_CH2,Step4_Model1_EQB_CH3,Step5_Model1_EQA_CH4,Step6_Model1_EQC_CH4,Step7_Model1_EQC_CH4,Step8_Model3_EQA_CH2,Step9_Model3_EQA_CH4,Step10_Model2_EQB_CH2,Step11_Model2_EQB_CH2,Step12_Model3_EQA_CH2,Step13_Model1_EQA_CH3,Step14_Model2_EQB_CH3,Step15_Model1_EQB_CH4,Step16_Model1_EQA_CH4,Step17_Model1_EQA_CH3,Step18_Model1_EQA_CH1,Step19_Model1_EQB_CH3,Step20_Model1_EQA_CH2,Step21_Model2_EQB_CH3,Step22_Model2_EQA_CH2,Step23_Model3_EQC_CH4,Step24_Model2_EQC_CH1,Step25_Model2_EQA_CH4,Step26_Model3_EQA_CH2,Step27_Model3_EQA_CH2,Step28_Model3_EQA_CH2,Step29_Model1_EQC_CH1,Step30_Model1_EQA_CH3,,40.98,,,,,,,,,,,38.61,41.44,,,,,,,,,,,,,,75.14,61.47,44.29,,,47.72,,,,,,,,,,,,,,,,,,,,,,,,,,,,,,,
L005W11,L005,11,Step1_Model1_EQA_CH4,Step2_Model2_EQB_CH4,Step3_Model1_EQA_CH3,Step4_Model1_EQB_CH4,Step5_Model1_EQA_CH1,Step6_Model1_EQC_CH4,Step7_Model1_EQC_CH2,Step8_Model3_EQA_CH3,Step9_Model3_EQA_CH1,Step10_Model2_EQB_CH3,Step11_Model2_EQB_CH1,Step12_Model3_EQA_CH2,Step13_Model1_EQA_CH3,Step14_Model2_EQB_CH4,Step15_Model1_EQB_CH1,Step16_Model1_EQA_CH3,Step17_Model1_EQA_CH4,Step18_Model1_EQA_CH3,Step19_Model1_EQB_CH3,Step20_Model1_EQA_CH3,Step21_Model2_EQB_CH1,Step22_Model2_EQA_CH4,Step23_Model3_EQC_CH2,Step24_Model2_EQC_CH1,Step25_Model2_EQA_CH1,Step26_Model3_EQA_CH1,Step27_Model3_EQA_CH2,Step28_Model3_EQA_CH4,Step29_Model1_EQC_CH4,Step30_Model1_EQA_CH4,,,,,,,,,,,,,,,,53.98,,,,,,39.95,,32.69,,,,,,,,,,43.4,,,,,58.89,,39.57,,59.86,,,,,,,,,5,,12,,,,,,,,,,
L005W12,L005,12,Step1_Model1_EQA_CH3,Step2_Model2_EQB_CH3,Step3_Model1_EQA_CH3,Step4_Model1_EQB_CH2,Step5_Model1_EQA_CH3,Step6_Model1_EQC_CH2,Step7_Model1_EQC_CH4,Step8_Model3_EQA_CH3,Step9_Model3_EQA_CH3,Step10_Model2_EQB_CH1,Step11_Model2_EQB_CH2,Step12_Model3_EQA_CH4,Step13_Model1_EQA_CH1,Step14_Model2_EQB_CH1,Step15_Model1_EQB_CH4,Step16_Model1_EQA_CH1,Step17_Model1_EQA_CH2,Step18_Model1_EQA_CH2,Step19_Model1_EQB_CH3,Step20_Model1_EQA_CH1,Step21_Model2_EQB_CH3,Step22_Model2_EQA_CH1,Step23_Model3_EQC_CH2,Step24_Model2_EQC_CH2,Step25_Model2_EQA_CH2,Step26_Model3_EQA_CH1,Step27_Model3_EQA_CH2,Step28_Model3_EQA_CH1,Step29_Model1_EQC_CH3,Step30_Model1_EQA_CH1,,,,,,,,,,,,33.67,,,,,,,,,,,,,,60.47,,,54.98,47.29,,,,,,,,,,,,,,,,,,,,,,,,,,,,,,,,,,
L005W13,L005,13,Step1_Model1_EQA_CH3,Step2_Model2_EQB_CH1,Step3_Model1_EQA_CH3,Step4_Model1_EQB_CH2,Step5_Model1_EQA_CH3,Step6_Model1_EQC_CH2,Step7_Model1_EQC_CH2,Step8_Model3_EQA_CH3,Step9_Model3_EQA_CH1,Step10_Model2_EQB_CH1,Step11_Model2_EQB_CH4,Step12_Model3_EQA_CH1,Step13_Model1_EQA_CH4,Step14_Model2_EQB_CH1,Step15_Model1_EQB_CH1,Step16_Model1_EQA_CH2,Step17_Model1_EQA_CH4,Step18_Model1_EQA_CH1,Step19_Model1_EQB_CH4,Step20_Model1_EQA_CH2,Step21_Model2_EQB_CH2,Step22_Model2_EQA_CH4,Step23_Model3_EQC_CH2,Step24_Model2_EQC_CH3,Step25_Model2_EQA_CH3,Step26_Model3_EQA_CH2,Step27_Model3_EQA_CH3,Step28_Model3_EQA_CH1,Step29_Model1_EQC_CH4,Step30_Model1_EQA_CH1,,31.37,26.75,,44.99,,,,,,,,,,,62.12,,,,,,,,,40.46,,,,,,57.69,,,,,,,,,,,,,,59.74,,,,,,,,5,,,,,,,,,,,
L005W14,L005,14,Step1_Model1_EQA_CH4,Step2_Model2_EQB_CH2,Step3_Model1_EQA_CH1,Step4_Model1_EQB_CH2,Step5_Model1_EQA_CH2,Step6_Model1_EQC_CH4,Step7_Model1_EQC_CH4,Step8_Model3_EQA_CH4,Step9_Model3_EQA_CH1,Step10_Model2_EQB_CH3,Step11_Model2_EQB_CH4,Step12_Model3_EQA_CH4,Step13_Model1_EQA_CH1,Step14_Model2_EQB_CH4,Step15_Model1_EQB_CH1,Step16_Model1_EQA_CH2,Step17_Model1_EQA_CH4,Step18_Model1_EQA_CH4,Step19_Model1_EQB_CH2,Step20_Model1_EQA_CH2,Step21_Model2_EQB_CH2,Step22_Model2_EQA_CH4,Step23_Model3_EQC_CH3,Step24_Model2_EQC_CH3,Step25_Model2_EQA_CH3,Step26_Model3_EQA_CH4,Step27_Model3_EQA_CH2,Step28_Model3_EQA_CH4,Step29_Model1_EQC_CH2,Step30_Model1_EQA_CH4,,,,,50.7,,,,,,,,,,,,,,,,,,,,,,,,,,60.22,,,,,53.86,,62.96,,,,,,,,,,,,,,,,,,,,,,,,,,
L005W15,L005,15,Step1_Model1_EQA_CH4,Step2_Model2_EQB_CH2,Step3_Model1_EQA_CH3,Step4_Model1_EQB_CH2,Step5_Model1_EQA_CH1,Step6_Model1_EQC_CH1,Step7_Model1_EQC_CH2,Step8_Model3_EQA_CH4,Step9_Model3_EQA_CH1,Step10_Model2_EQB_CH1,Step11_Model2_EQB_CH4,Step12_Model3_EQA_CH4,Step13_Model1_EQA_CH3,Step14_Model2_EQB_CH4,Step15_Model1_EQB_CH2,Step16_Model1_EQA_CH2,Step17_Model1_EQA_CH3,Step18_Model1_EQA_CH1,Step19_Model1_EQB_CH1,Step20_Model1_EQA_CH4,Step21_Model2_EQB_CH2,Step22_Model2_EQA_CH1,Step23_Model3_EQC_CH3,Step24_Model2_EQC_CH3,Step25_Model2_EQA_CH2,Step26_Model3_EQA_CH3,Step27_Model3_EQA_CH3,Step28_Model3_EQA_CH2,Step29_Model1_EQC_CH4,Step30_Model1_EQA_CH4,,,42.42,,,,,,,,59.23,,,,,,,,42.4,,,,,,,54.33,,,,,,,,,41.55,57.77,57.48,57.18,,,,,,,60.57,55.55,,,,,,,,,,,,,,,,,,
L005W16,L005,16,Step1_Model1_EQA_CH3,Step2_Model2_EQB_CH4,Step3_Model1_EQA_CH4,Step4_Model1_EQB_CH3,Step5_Model1_EQA_CH4,Step6_Model1_EQC_CH3,Step7_Model1_EQC_CH1,Step8_Model3_EQA_CH2,Step9_Model3_EQA_CH2,Step10_Model2_EQB_CH4,Step11_Model2_EQB_CH4,Step12_Model3_EQA_CH4,Step13_Model1_EQA_CH2,Step14_Model2_EQB_CH1,Step15_Model1_EQB_CH1,Step16_Model1_EQA_CH2,Step17_Model1_EQA_CH1,Step18_Model1_EQA_CH2,Step19_Model1_EQB_CH1,Step20_Model1_EQA_CH3,Step21_Model2_EQB_CH3,Step22_Model2_EQA_CH2,Step23_Model3_EQC_CH1,Step24_Model2_EQC_CH4,Step25_Model2_EQA_CH1,Step26_Model3_EQA_CH3,Step27_Model3_EQA_CH3,Step28_Model3_EQA_CH1,Step29_Model1_EQC_CH1,Step30_Model1_EQA_CH4,,,,,,,,,,,,,,,,57.28,,,,,,,,,42.79,,,,,,59.08,,,,,,,,,,,57.37,,60.54,,,40.53,,,,,,,,,,,,,,,,,
L005W17,L005,17,Step1_Model1_EQA_CH4,Step2_Model2_EQB_CH1,Step3_Model1_EQA_CH1,Step4_Model1_EQB_CH1,Step5_Model1_EQA_CH1,Step6_Model1_EQC_CH2,Step7_Model1_EQC_CH1,Step8_Model3_EQA_CH4,Step9_Model3_EQA_CH3,Step10_Model2_EQB_CH2,Step11_Model2_EQB_CH1,Step12_Model3_EQA_CH3,Step13_Model1_EQA_CH2,Step14_Model2_EQB_CH3,Step15_Model1_EQB_CH1,Step16_Model1_EQA_CH1,Step17_Model1_EQA_CH4,Step18_Model1_EQA_CH1,Step19_Model1_EQB_CH1,Step20_Model1_EQA_CH2,Step21_Model2_EQB_CH4,Step22_Model2_EQA_CH2,Step23_Model3_EQC_CH3,Step24_Model2_EQC_CH1,Step25_Model2_EQA_CH3,Step26_Model3_EQA_CH2,Step27_Model3_EQA_CH1,Step28_Model3_EQA_CH1,Step29_Model1_EQC_CH2,Step30_Model1_EQA_CH2,,,,,,,,60.66,,,,,43.23,,,,,,,,,,,33.02,,,,,,48.27,,,45.35,,44.41,,,,,,,,,58.33,,,,,,,,,,,,,,,,,,,,
L005W18,L005,18,Step1_Model1_EQA_CH2,Step2_Model2_EQB_CH2,Step3_Model1_EQA_CH2,Step4_Model1_EQB_CH1,Step5_Model1_EQA_CH2,Step6_Model1_EQC_CH1,Step7_Model1_EQC_CH1,Step8_Model3_EQA_CH2,Step9_Model3_EQA_CH2,Step10_Model2_EQB_CH4,Step11_Model2_EQB_CH1,Step12_Model3_EQA_CH2,Step13_Model1_EQA_CH2,Step14_Model2_EQB_CH2,Step15_Model1_EQB_CH4,Step16_Model1_EQA_CH4,Step17_Model1_EQA_CH3,Step18_Model1_EQA_CH1,Step19_Model1_EQB_CH3,Step20_Model1_EQA_CH2,Step21_Model2_EQB_CH4,Step22_Model2_EQA_CH4,Step23_Model3_EQC_CH3,Step24_Model2_EQC_CH4,Step25_Model2_EQA_CH2,Step26_Model3_EQA_CH4,Step27_Model3_EQA_CH3,Step28_Model3_EQA_CH2,Step29_Model1_EQC_CH3,Step30_Model1_EQA_CH4,,,,,,,,,,,,,,43.58,,,,40.96,,,,,,,,,,,,,,,,,,,,,,,,59.53,,,,56.68,,,,,,,,10,,,6,,,,,,,
L005W19,L005,19,Step1_Model1_EQA_CH3,Step2_Model2_EQB_CH3,Step3_Model1_EQA_CH1,Step4_Model1_EQB_CH4,Step5_Model1_EQA_CH4,Step6_Model1_EQC_CH3,Step7_Model1_EQC_CH1,Step8_Model3_EQA_CH4,Step9_Model3_EQA_CH2,Step10_Model2_EQB_CH3,Step11_Model2_EQB_CH4,Step12_Model3_EQA_CH2,Step13_Model1_EQA_CH4,Step14_Model2_EQB_CH2,Step15_Model1_EQB_CH3,Step16_Model1_EQA_CH4,Step17_Model1_EQA_CH4,Step18_Model1_EQA_CH1,Step19_Model1_EQB_CH3,Step20_Model1_EQA_CH2,Step21_Model2_EQB_CH4,Step22_Model2_EQA_CH4,Step23_Model3_EQC_CH2,Step24_Model2_EQC_CH3,Step25_Model2_EQA_CH1,Step26_Model3_EQA_CH1,Step27_Model3_EQA_CH4,Step28_Model3_EQA_CH2,Step29_Model1_EQC_CH4,Step30_Model1_EQA_CH2,,,,,46.37,,,,,,,,39.64,,,,,,,,,,,,,60.68,,,,,,48.38,,,41.69,,,,60.01,,,61.14,,,,,,,,,,,,,,,,,,,,,,
L005W20,L005,20,Step1_Model1_EQA_CH1,Step2_Model2_EQB_CH3,Step3_Model1_EQA_CH2,Step4_Model1_EQB_CH1,Step5_Model1_EQA_CH4,Step6_Model1_EQC_CH2,Step7_Model1_EQC_CH3,Step8_Model3_EQA_CH4,Step9_Model3_EQA_CH4,Step10_Model2_EQB_CH1,Step11_Model2_EQB_CH2,Step12_Model3_EQA_CH4,Step13_Model1_EQA_CH3,Step14_Model2_EQB_CH2,Step15_Model1_EQB_CH3,Step16_Model1_EQA_CH4,Step17_Model1_EQA_CH3,Step18_Model1_EQA_CH1,Step19_Model1_EQB_CH3,Step20_Model1_EQA_CH2,Step21_Model2_EQB_CH3,Step22_Model2_EQA_CH3,Step23_Model3_EQC_CH1,Step24_Model2_EQC_CH3,Step25_Model2_EQA_CH3,Step26_Model3_EQA_CH4,Step27_Model3_EQA_CH4,Step28_Model3_EQA_CH2,Step29_Model1_EQC_CH4,Step30_Model1_EQA_CH4,,,,,45.41,,,,,,,,,,,,,,40.59,,,,,,,,,,,,,,,,44.95,,52.69,62.34,,,,,59.57,,,,,,,,,,,,,,,,,,,,,
L005W21,L005,21,Step1_Model1_EQA_CH4,Step2_Model2_EQB_CH4,Step3_Model1_EQA_CH1,Step4_Model1_EQB_CH4,Step5_Model1_EQA_CH1,Step6_Model1_EQC_CH1,Step7_Model1_EQC_CH4,Step8_Model3_EQA_CH3,Step9_Model3_EQA_CH1,Step10_Model2_EQB_CH3,Step11_Model2_EQB_CH3,Step12_Model3_EQA_CH4,Step13_Model1_EQA_CH2,Step14_Model2_EQB_CH4,Step15_Model1_EQB_CH2,Step16_Model1_EQA_CH2,Step17_Model1_EQA_CH4,Step18_Model1_EQA_CH4,Step19_Model1_EQB_CH2,Step20_Model1_EQA_CH4,Step21_Model2_EQB_CH2,Step22_Model2_EQA_CH3,Step23_Model3_EQC_CH4,Step24_Model2_EQC_CH3,Step25_Model2_EQA_CH1,Step26_Model3_EQA_CH3,Step27_Model3_EQA_CH3,Step28_Model3_EQA_CH2,Step29_Model1_EQC_CH3,Step30_Model1_EQA_CH4,,,,41.03,,,,,,,53.99,,,,,,,,,,,,,37.09,,,,,,,,48.59,,47.57,,,,61.2,,,,,,,,,,,,,,,,,,,,,,,,,,
L005W22,L005,22,Step1_Model1_EQA_CH2,Step2_Model2_EQB_CH1,Step3_Model1_EQA_CH4,Step4_Model1_EQB_CH1,Step5_Model1_EQA_CH3,Step6_Model1_EQC_CH4,Step7_Model1_EQC_CH4,Step8_Model3_EQA_CH1,Step9_Model3_EQA_CH4,Step10_Model2_EQB_CH4,Step11_Model2_EQB_CH4,Step12_Model3_EQA_CH3,Step13_Model1_EQA_CH1,Step14_Model2_EQB_CH4,Step15_Model1_EQB_CH2,Step16_Model1_EQA_CH2,Step17_Model1_EQA_CH2,Step18_Model1_EQA_CH2,Step19_Model1_EQB_CH3,Step20_Model1_EQA_CH4,Step21_Model2_EQB_CH1,Step22_Model2_EQA_CH4,Step23_Model3_EQC_CH3,Step24_Model2_EQC_CH2,Step25_Model2_EQA_CH3,Step26_Model3_EQA_CH4,Step27_Model3_EQA_CH1,Step28_Model3_EQA_CH3,Step29_Model1_EQC_CH1,Step30_Model1_EQA_CH3,,40.98,,,,,,,,57.49,,,,,,54.95,,,,,,,56,,,,32.46,,,,,,,,,,,,,55.38,32.42,,,64.12,,,,,,,,,,,7,,,,,,,,,
L005W23,L005,23,Step1_Model1_EQA_CH1,Step2_Model2_EQB_CH1,Step3_Model1_EQA_CH2,Step4_Model1_EQB_CH1,Step5_Model1_EQA_CH2,Step6_Model1_EQC_CH4,Step7_Model1_EQC_CH4,Step8_Model3_EQA_CH2,Step9_Model3_EQA_CH2,Step10_Model2_EQB_CH3,Step11_Model2_EQB_CH3,Step12_Model3_EQA_CH3,Step13_Model1_EQA_CH4,Step14_Model2_EQB_CH3,Step15_Model1_EQB_CH1,Step16_Model1_EQA_CH1,Step17_Model1_EQA_CH3,Step18_Model1_EQA_CH1,Step19_Model1_EQB_CH4,Step20_Model1_EQA_CH1,Step21_Model2_EQB_CH4,Step22_Model2_EQA_CH2,Step23_Model3_EQC_CH2,Step24_Model2_EQC_CH2,Step25_Model2_EQA_CH2,Step26_Model3_EQA_CH1,Step27_Model3_EQA_CH3,Step28_Model3_EQA_CH1,Step29_Model1_EQC_CH4,Step30_Model1_EQA_CH1,,,,,,,,,,,,,,,,,,,40.05,,,,,31.23,,,,,,,,,,,,56.77,59.53,,,,,,,,63.47,,,,,,,,,,,,,,,,,,,
L005W24,L005,24,Step1_Model1_EQA_CH1,Step2_Model2_EQB_CH4,Step3_Model1_EQA_CH2,Step4_Model1_EQB_CH2,Step5_Model1_EQA_CH2,Step6_Model1_EQC_CH3,Step7_Model1_EQC_CH4,Step8_Model3_EQA_CH4,Step9_Model3_EQA_CH1,Step10_Model2_EQB_CH3,Step11_Model2_EQB_CH2,Step12_Model3_EQA_CH3,Step13_Model1_EQA_CH4,Step14_Model2_EQB_CH4,Step15_Model1_EQB_CH1,Step16_Model1_EQA_CH1,Step17_Model1_EQA_CH4,Step18_Model1_EQA_CH2,Step19_Model1_EQB_CH2,Step20_Model1_EQA_CH3,Step21_Model2_EQB_CH4,Step22_Model2_EQA_CH4,Step23_Model3_EQC_CH2,Step24_Model2_EQC_CH2,Step25_Model2_EQA_CH4,Step26_Model3_EQA_CH1,Step27_Model3_EQA_CH4,Step28_Model3_EQA_CH4,Step29_Model1_EQC_CH2,Step30_Model1_EQA_CH2,,,,,,,,,,,50.32,,,,,,61.79,,,,,,34.14,,,59.73,,,,,,,,,,,,,,,,,,,65.75,,,,,,,,,,,,,15,,,,,,
L005W25,L005,25,Step1_Model1_EQA_CH1,Step2_Model2_EQB_CH1,Step3_Model1_EQA_CH3,Step4_Model1_EQB_CH4,Step5_Model1_EQA_CH2,Step6_Model1_EQC_CH1,Step7_Model1_EQC_CH3,Step8_Model3_EQA_CH3,Step9_Model3_EQA_CH2,Step10_Model2_EQB_CH2,Step11_Model2_EQB_CH3,Step12_Model3_EQA_CH1,Step13_Model1_EQA_CH3,Step14_Model2_EQB_CH4,Step15_Model1_EQB_CH4,Step16_Model1_EQA_CH2,Step17_Model1_EQA_CH1,Step18_Model1_EQA_CH1,Step19_Model1_EQB_CH4,Step20_Model1_EQA_CH3,Step21_Model2_EQB_CH2,Step22_Model2_EQA_CH3,Step23_Model3_EQC_CH3,Step24_Model2_EQC_CH3,Step25_Model2_EQA_CH1,Step26_Model3_EQA_CH4,Step27_Model3_EQA_CH1,Step28_Model3_EQA_CH4,Step29_Model1_EQC_CH2,Step30_Model1_EQA_CH2,,,,,,,,,60.75,58.72,,,,,,,,,,,,,,,,,,,59.04,,,,,,,62.55,,,,,,,,,,,,,,,,,,,,,,,,,,,,
L006W01,L006,1,Step1_Model3_EQC_CH3,Step2_Model3_EQB_CH3,Step3_Model1_EQA_CH2,Step4_Model3_EQC_CH3,Step5_Model3_EQC_CH1,Step6_Model2_EQA_CH4,Step7_Model3_EQB_CH4,Step8_Model3_EQC_CH1,Step9_Model1_EQC_CH3,Step10_Model1_EQA_CH2,Step11_Model1_EQB_CH3,Step12_Model2_EQA_CH1,Step13_Model3_EQA_CH3,Step14_Model3_EQA_CH4,Step15_Model3_EQB_CH3,Step16_Model3_EQA_CH1,Step17_Model2_EQC_CH4,Step18_Model3_EQC_CH3,Step19_Model3_EQC_CH3,Step20_Model2_EQB_CH4,Step21_Model2_EQB_CH2,Step22_Model1_EQB_CH4,Step23_Model3_EQC_CH2,Step24_Model2_EQC_CH1,Step25_Model2_EQC_CH1,Step26_Model1_EQA_CH4,Step27_Model2_EQB_CH4,Step28_Model2_EQC_CH1,Step29_Model2_EQA_CH2,Step30_Model3_EQB_CH1,,,,,43.38,,,,,,,,,,,,,,,,,39.78,43.22,,,,,,,43.98,,,,,,,,,,,,,,,60.24,,,,,,,8,,,,,,,,,,,,
L006W02,L006,2,Step1_Model3_EQC_CH4,Step2_Model3_EQB_CH1,Step3_Model1_EQA_CH4,Step4_Model3_EQC_CH4,Step5_Model3_EQC_CH1,Step6_Model2_EQA_CH2,Step7_Model3_EQB_CH3,Step8_Model3_EQC_CH1,Step9_Model1_EQC_CH3,Step10_Model1_EQA_CH1,Step11_Model1_EQB_CH3,Step12_Model2_EQA_CH2,Step13_Model3_EQA_CH2,Step14_Model3_EQA_CH1,Step15_Model3_EQB_CH4,Step16_Model3_EQA_CH3,Step17_Model2_EQC_CH4,Step18_Model3_EQC_CH4,Step19_Model3_EQC_CH4,Step20_Model2_EQB_CH2,Step21_Model2_EQB_CH1,Step22_Model1_EQB_CH1,Step23_Model3_EQC_CH2,Step24_Model2_EQC_CH2,Step25_Model2_EQC_CH1,Step26_Model1_EQA_CH4,Step27_Model2_EQB_CH3,Step28_Model2_EQC_CH3,Step29_Model2_EQA_CH3,Step30_Model3_EQB_CH4,,,,,,,,,,,,,,,49.45,,,,,,,,,,,,,,,,,,44.76,,39.66,,,,60.26,,,,,,65.14,37.18,,,,,,,,,,,,,,,,,,
L006W03,L006,3,Step1_Model3_EQC_CH1,Step2_Model3_EQB_CH2,Step3_Model1_EQA_CH1,Step4_Model3_EQC_CH4,Step5_Model3_EQC_CH2,Step6_Model2_EQA_CH4,Step7_Model3_EQB_CH3,Step8_Model3_EQC_CH3,Step9_Model1_EQC_CH4,Step10_Model1_EQA_CH2,Step11_Model1_EQB_CH2,Step12_Model2_EQA_CH1,Step13_Model3_EQA_CH3,Step14_Model3_EQA_CH1,Step15_Model3_EQB_CH1,Step16_Model3_EQA_CH4,Step17_Model2_EQC_CH4,Step18_Model3_EQC_CH1,Step19_Model3_EQC_CH3,Step20_Model2_EQB_CH4,Step21_Model2_EQB_CH1,Step22_Model1_EQB_CH1,Step23_Model3_EQC_CH1,Step24_Model2_EQC_CH1,Step25_Model2_EQC_CH1,Step26_Model1_EQA_CH1,Step27_Model2_EQB_CH4,Step28_Model2_EQC_CH3,Step29_Model2_EQA_CH1,Step30_Model3_EQB_CH2,,,,,42.85,,66.69,,,66.7,,,,,,,,,,,,,35.66,,,,,,,,,,,,43,,,,,,,,,,,53.85,,,,,,,,,,,,,,,,,,
L006W04,L006,4,Step1_Model3_EQC_CH4,Step2_Model3_EQB_CH4,Step3_Model1_EQA_CH1,Step4_Model3_EQC_CH4,Step5_Model3_EQC_CH1,Step6_Model2_EQA_CH3,Step7_Model3_EQB_CH3,Step8_Model3_EQC_CH4,Step9_Model1_EQC_CH4,Step10_Model1_EQA_CH2,Step11_Model1_EQB_CH4,Step12_Model2_EQA_CH2,Step13_Model3_EQA_CH3,Step14_Model3_EQA_CH3,Step15_Model3_EQB_CH1,Step16_Model3_EQA_CH3,Step17_Model2_EQC_CH2,Step18_Model3_EQC_CH4,Step19_Model3_EQC_CH1,Step20_Model2_EQB_CH2,Step21_Model2_EQB_CH4,Step22_Model1_EQB_CH1,Step23_Model3_EQC_CH3,Step24_Model2_EQC_CH2,Step25_Model2_EQC_CH4,Step26_Model1_EQA_CH1,Step27_Model2_EQB_CH1,Step28_Model2_EQC_CH3,Step29_Model2_EQA_CH4,Step30_Model3_EQB_CH3,,18.6,,,,51.94,,,,59.81,,,,,,,,,43.8,,,,,,,,,,56.44,,,,41.58,,,64.38,,,,,,,62,,,51.03,,,,,,,,,,,,,,,,,,
L006W05,L006,5,Step1_Model3_EQC_CH3,Step2_Model3_EQB_CH4,Step3_Model1_EQA_CH4,Step4_Model3_EQC_CH4,Step5_Model3_EQC_CH2,Step6_Model2_EQA_CH4,Step7_Model3_EQB_CH1,Step8_Model3_EQC_CH3,Step9_Model1_EQC_CH2,Step10_Model1_EQA_CH4,Step11_Model1_EQB_CH2,Step12_Model2_EQA_CH4,Step13_Model3_EQA_CH2,Step14_Model3_EQA_CH3,Step15_Model3_EQB_CH3,Step16_Model3_EQA_CH1,Step17_Model2_EQC_CH1,Step18_Model3_EQC_CH4,Step19_Model3_EQC_CH3,Step20_Model2_EQB_CH2,Step21_Model2_EQB_CH2,Step22_Model1_EQB_CH2,Step23_Model3_EQC_CH1,Step24_Model2_EQC_CH2,Step25_Model2_EQC_CH1,Step26_Model1_EQA_CH1,Step27_Model2_EQB_CH4,Step28_Model2_EQC_CH2,Step29_Model2_EQA_CH2,Step30_Model3_EQB_CH3,,,,,,,,59.68,,,,,,,,,,,,,,,,37.63,,,,,,,58.98,32.45,,,,,65.24,,,,,,,,59.88,,,,,,,,9,,,,,12,,,,,,
L006W06,L006,6,Step1_Model3_EQC_CH4,Step2_Model3_EQB_CH3,Step3_Model1_EQA_CH4,Step4_Model3_EQC_CH2,Step5_Model3_EQC_CH1,Step6_Model2_EQA_CH1,Step7_Model3_EQB_CH1,Step8_Model3_EQC_CH1,Step9_Model1_EQC_CH1,Step10_Model1_EQA_CH3,Step11_Model1_EQB_CH4,Step12_Model2_EQA_CH2,Step13_Model3_EQA_CH3,Step14_Model3_EQA_CH4,Step15_Model3_EQB_CH1,Step16_Model3_EQA_CH4,Step17_Model2_EQC_CH4,Step18_Model3_EQC_CH1,Step19_Model3_EQC_CH1,Step20_Model2_EQB_CH1,Step21_Model2_EQB_CH2,Step22_Model1_EQB_CH1,Step23_Model3_EQC_CH2,Step24_Model2_EQC_CH1,Step25_Model2_EQC_CH2,Step26_Model1_EQA_CH4,Step27_Model2_EQB_CH3,Step28_Model2_EQC_CH4,Step29_Model2_EQA_CH4,Step30_Model3_EQB_CH1,35.64,,,,,50.5,,,,,,,,,,,,,,,,,,,,,,,,47.07,,,32.45,45.35,,,60.16,,61.18,,,,,,,,,,,,,,,,,,,,,,,,,
L006W07,L006,7,Step1_Model3_EQC_CH2,Step2_Model3_EQB_CH3,Step3_Model1_EQA_CH1,Step4_Model3_EQC_CH1,Step5_Model3_EQC_CH1,Step6_Model2_EQA_CH4,Step7_Model3_EQB_CH2,Step8_Model3_EQC_CH2,Step9_Model1_EQC_CH3,Step10_Model1_EQA_CH2,Step11_Model1_EQB_CH2,Step12_Model2_EQA_CH1,Step13_Model3_EQA_CH1,Step14_Model3_EQA_CH4,Step15_Model3_EQB_CH1,Step16_Model3_EQA_CH1,Step17_Model2_EQC_CH1,Step18_Model3_EQC_CH1,Step19_Model3_EQC_CH4,Step20_Model2_EQB_CH1,Step21_Model2_EQB_CH3,Step22_Model1_EQB_CH3,Step23_Model3_EQC_CH3,Step24_Model2_EQC_CH3,Step25_Model2_EQC_CH1,Step26_Model1_EQA_CH3,Step27_Model2_EQB_CH1,Step28_Model2_EQC_CH4,Step29_Model2_EQA_CH3,Step30_Model3_EQB_CH2,,,,,59.55,,,,,,50.39,,,,,,,,,,,,,,,,34.62,,55.71,,63.43,,,,,,,,,,,,,,,,,,,,,,,,13,,,,,,,,,
L006W08,L006,8,Step1_Model3_EQC_CH3,Step2_Model3_EQB_CH3,Step3_Model1_EQA_CH1,Step4_Model3_EQC_CH3,Step5_Model3_EQC_CH2,Step6_Model2_EQA_CH1,Step7_Model3_EQB_CH1,Step8_Model3_EQC_CH4,Step9_Model1_EQC_CH4,Step10_Model1_EQA_CH3,Step11_Model1_EQB_CH4,Step12_Model2_EQA_CH4,Step13_Model3_EQA_CH4,Step14_Model3_EQA_CH1,Step15_Model3_EQB_CH1,Step16_Model3_EQA_CH1,Step17_Model2_EQC_CH4,Step18_Model3_EQC_CH1,Step19_Model3_EQC_CH4,Step20_Model2_EQB_CH1,Step21_Model2_EQB_CH1,Step22_Model1_EQB_CH2,Step23_Model3_EQC_CH3,Step24_Model2_EQC_CH4,Step25_Model2_EQC_CH2,Step26_Model1_EQA_CH1,Step27_Model2_EQB_CH4,Step28_Model2_EQC_CH1,Step29_Model2_EQA_CH3,Step30_Model3_EQB_CH2,,,,,41.61,,,,,,,,,,47.06,,,,,,,,,35.67,,65.32,52.15,,,,,,,,,,59.72,,,,39.08,,,,,,,,,,,,,,,,,,,,,,,
L006W09,L006,9,Step1_Model3_EQC_CH3,Step2_Model3_EQB_CH2,Step3_Model1_EQA_CH1,Step4_Model3_EQC_CH3,Step5_Model3_EQC_CH3,Step6_Model2_EQA_CH1,Step7_Model3_EQB_CH3,Step8_Model3_EQC_CH4,Step9_Model1_EQC_CH2,Step10_Model1_EQA_CH2,Step11_Model1_EQB_CH2,Step12_Model2_EQA_CH4,Step13_Model3_EQA_CH2,Step14_Model3_EQA_CH1,Step15_Model3_EQB_CH3,Step16_Model3_EQA_CH4,Step17_Model2_EQC_CH2,Step18_Model3_EQC_CH1,Step19_Model3_EQC_CH3,Step20_Model2_EQB_CH3,Step21_Model2_EQB_CH4,Step22_Model1_EQB_CH4,Step23_Model3_EQC_CH4,Step24_Model2_EQC_CH1,Step25_Model2_EQC_CH1,Step26_Model1_EQA_CH4,Step27_Model2_EQB_CH2,Step28_Model2_EQC_CH3,Step29_Model2_EQA_CH3,Step30_Model3_EQB_CH1,,,,,,,,,66.05,,,,,,,,,,,,,,,,,59.31,,,,,,,,44.67,,,,,,,,62.36,,,,,57.69,,,,,,,,,,,,,,,,,
L006W10,L006,10,Step1_Model3_EQC_CH3,Step2_Model3_EQB_CH2,Step3_Model1_EQA_CH3,Step4_Model3_EQC_CH1,Step5_Model3_EQC_CH1,Step6_Model2_EQA_CH2,Step7_Model3_EQB_CH2,Step8_Model3_EQC_CH3,Step9_Model1_EQC_CH3,Step10_Model1_EQA_CH1,Step11_Model1_EQB_CH2,Step12_Model2_EQA_CH2,Step13_Model3_EQA_CH2,Step14_Model3_EQA_CH3,Step15_Model3_EQB_CH2,Step16_Model3_EQA_CH1,Step17_Model2_EQC_CH1,Step18_Model3_EQC_CH3,Step19_Model3_EQC_CH4,Step20_Model2_EQB_CH3,Step21_Model2_EQB_CH4,Step22_Model1_EQB_CH2,Step23_Model3_EQC_CH3,Step24_Model2_EQC_CH1,Step25_Model2_EQC_CH2,Step26_Model1_EQA_CH1,Step27_Model2_EQB_CH2,Step28_Model2_EQC_CH3,Step29_Model2_EQA_CH4,Step30_Model3_EQB_CH2,38.4,,,43.52,,,,67.86,,,54.75,,,,,55.89,,,,,41.47,,,48.92,,,,,,,,,,,,,,,,,39.31,,,,,,,,,,,,,,,,,,,,,,,
L006W11,L006,11,Step1_Model3_EQC_CH4,Step2_Model3_EQB_CH2,Step3_Model1_EQA_CH1,Step4_Model3_EQC_CH1,Step5_Model3_EQC_CH2,Step6_Model2_EQA_CH4,Step7_Model3_EQB_CH3,Step8_Model3_EQC_CH3,Step9_Model1_EQC_CH1,Step10_Model1_EQA_CH3,Step11_Model1_EQB_CH1,Step12_Model2_EQA_CH3,Step13_Model3_EQA_CH2,Step14_Model3_EQA_CH1,Step15_Model3_EQB_CH1,Step16_Model3_EQA_CH2,Step17_Model2_EQC_CH1,Step18_Model3_EQC_CH3,Step19_Model3_EQC_CH3,Step20_Model2_EQB_CH1,Step21_Model2_EQB_CH3,Step22_Model1_EQB_CH4,Step23_Model3_EQC_CH1,Step24_Model2_EQC_CH2,Step25_Model2_EQC_CH4,Step26_Model1_EQA_CH1,Step27_Model2_EQB_CH2,Step28_Model2_EQC_CH3,Step29_Model2_EQA_CH2,Step30_Model3_EQB_CH4,,,,,,,67.65,,,,,,,,,,58.52,,,,,34.38,,34.62,,,,,,,,,,,,,,,,,,,,,,,,,,,,,,,,,,,,,,,,
L006W12,L006,12,Step1_Model3_EQC_CH3,Step2_Model3_EQB_CH1,Step3_Model1_EQA_CH3,Step4_Model3_EQC_CH1,Step5_Model3_EQC_CH1,Step6_Model2_EQA_CH2,Step7_Model3_EQB_CH2,Step8_Model3_EQC_CH2,Step9_Model1_EQC_CH4,Step10_Model1_EQA_CH4,Step11_Model1_EQB_CH2,Step12_Model2_EQA_CH4,Step13_Model3_EQA_CH3,Step14_Model3_EQA_CH3,Step15_Model3_EQB_CH4,Step16_Model3_EQA_CH4,Step17_Model2_EQC_CH3,Step18_Model3_EQC_CH1,Step19_Model3_EQC_CH3,Step20_Model2_EQB_CH3,Step21_Model2_EQB_CH4,Step22_Model1_EQB_CH3,Step23_Model3_EQC_CH4,Step24_Model2_EQC_CH4,Step25_Model2_EQC_CH2,Step26_Model1_EQA_CH3,Step27_Model2_EQB_CH1,Step28_Model2_EQC_CH2,Step29_Model2_EQA_CH4,Step30_Model3_EQB_CH4,,,,,,,,,,62.12,,40.61,,,,,,,,,,,,,,,,56,,40.01,,,,,,,56.06,,,,,,,,,,,,,,,,,,,,,,,,,,,
L006W13,L006,13,Step1_Model3_EQC_CH1,Step2_Model3_EQB_CH4,Step3_Model1_EQA_CH3,Step4_Model3_EQC_CH2,Step5_Model3_EQC_CH4,Step6_Model2_EQA_CH4,Step7_Model3_EQB_CH1,Step8_Model3_EQC_CH3,Step9_Model1_EQC_CH4,Step10_Model1_EQA_CH1,Step11_Model1_EQB_CH4,Step12_Model2_EQA_CH1,Step13_Model3_EQA_CH1,Step14_Model3_EQA_CH3,Step15_Model3_EQB_CH4,Step16_Model3_EQA_CH3,Step17_Model2_EQC_CH1,Step18_Model3_EQC_CH2,Step19_Model3_EQC_CH4,Step20_Model2_EQB_CH2,Step21_Model2_EQB_CH4,Step22_Model1_EQB_CH3,Step23_Model3_EQC_CH3,Step24_Model2_EQC_CH3,Step25_Model2_EQC_CH3,Step26_Model1_EQA_CH3,Step27_Model2_EQB_CH2,Step28_Model2_EQC_CH3,Step29_Model2_EQA_CH1,Step30_Model3_EQB_CH1,,,,,,,,,,,,,,35.26,,,,,,,,,,37.74,,,,,,,,,,,,,,,,,,,,,61.28,,,,,,,,,,,,,,,,,,,
L006W14,L006,14,Step1_Model3_EQC_CH2,Step2_Model3_EQB_CH4,Step3_Model1_EQA_CH1,Step4_Model3_EQC_CH4,Step5_Model3_EQC_CH2,Step6_Model2_EQA_CH4,Step7_Model3_EQB_CH4,Step8_Model3_EQC_CH4,Step9_Model1_EQC_CH4,Step10_Model1_EQA_CH2,Step11_Model1_EQB_CH1,Step12_Model2_EQA_CH3,Step13_Model3_EQA_CH4,Step14_Model3_EQA_CH1,Step15_Model3_EQB_CH1,Step16_Model3_EQA_CH2,Step17_Model2_EQC_CH1,Step18_Model3_EQC_CH2,Step19_Model3_EQC_CH4,Step20_Model2_EQB_CH4,Step21_Model2_EQB_CH3,Step22_Model1_EQB_CH3,Step23_Model3_EQC_CH3,Step24_Model2_EQC_CH1,Step25_Model2_EQC_CH4,Step26_Model1_EQA_CH2,Step27_Model2_EQB_CH3,Step28_Model2_EQC_CH2,Step29_Model2_EQA_CH2,Step30_Model3_EQB_CH3,,,,,,,,,68.18,,55.13,,37.7,32.73,,,,,46.1,43.89,,,,,,,,54.31,,,,,,,,,,,,,,,,,,61.82,,,,,,,,,,,,,,,,,,
L006W15,L006,15,Step1_Model3_EQC_CH4,Step2_Model3_EQB_CH3,Step3_Model1_EQA_CH2,Step4_Model3_EQC_CH3,Step5_Model3_EQC_CH2,Step6_Model2_EQA_CH2,Step7_Model3_EQB_CH3,Step8_Model3_EQC_CH1,Step9_Model1_EQC_CH3,Step10_Model1_EQA_CH1,Step11_Model1_EQB_CH2,Step12_Model2_EQA_CH2,Step13_Model3_EQA_CH1,Step14_Model3_EQA_CH2,Step15_Model3_EQB_CH1,Step16_Model3_EQA_CH1,Step17_Model2_EQC_CH2,Step18_Model3_EQC_CH4,Step19_Model3_EQC_CH1,Step20_Model2_EQB_CH3,Step21_Model2_EQB_CH3,Step22_Model1_EQB_CH2,Step23_Model3_EQC_CH4,Step24_Model2_EQC_CH2,Step25_Model2_EQC_CH4,Step26_Model1_EQA_CH1,Step27_Model2_EQB_CH1,Step28_Model2_EQC_CH1,Step29_Model2_EQA_CH1,Step30_Model3_EQB_CH3,,,,45.99,,,66.29,61.22,,,,,,,,,,,,,,,,,,,,,70.55,,,,,46.27,,62.29,67.16,62.68,,,,,59.85,,,,,,,,,,,,,,,,,,,,,
L006W16,L006,16,Step1_Model3_EQC_CH3,Step2_Model3_EQB_CH2,Step3_Model1_EQA_CH4,Step4_Model3_EQC_CH1,Step5_Model3_EQC_CH1,Step6_Model2_EQA_CH4,Step7_Model3_EQB_CH4,Step8_Model3_EQC_CH2,Step9_Model1_EQC_CH4,Step10_Model1_EQA_CH1,Step11_Model1_EQB_CH1,Step12_Model2_EQA_CH1,Step13_Model3_EQA_CH1,Step14_Model3_EQA_CH1,Step15_Model3_EQB_CH2,Step16_Model3_EQA_CH1,Step17_Model2_EQC_CH2,Step18_Model3_EQC_CH1,Step19_Model3_EQC_CH3,Step20_Model2_EQB_CH3,Step21_Model2_EQB_CH3,Step22_Model1_EQB_CH3,Step23_Model3_EQC_CH2,Step24_Model2_EQC_CH2,Step25_Model2_EQC_CH4,Step26_Model1_EQA_CH1,Step27_Model2_EQB_CH3,Step28_Model2_EQC_CH2,Step29_Model2_EQA_CH1,Step30_Model3_EQB_CH1,,,38.85,41.5,59.55,,,,,,,,,,,,,,,,,,,,,,35.41,,,,,,,,,,,,,,,,,,,51.53,,,,,,,,,,,,,,,,,,
L006W17,L006,17,Step1_Model3_EQC_CH2,Step2_Model3_EQB_CH3,Step3_Model1_EQA_CH4,Step4_Model3_EQC_CH1,Step5_Model3_EQC_CH4,Step6_Model2_EQA_CH3,Step7_Model3_EQB_CH3,Step8_Model3_EQC_CH4,Step9_Model1_EQC_CH3,Step10_Model1_EQA_CH1,Step11_Model1_EQB_CH4,Step12_Model2_EQA_CH3,Step13_Model3_EQA_CH4,Step14_Model3_EQA_CH1,Step15_Model3_EQB_CH3,Step16_Model3_EQA_CH1,Step17_Model2_EQC_CH3,Step18_Model3_EQC_CH2,Step19_Model3_EQC_CH3,Step20_Model2_EQB_CH4,Step21_Model2_EQB_CH3,Step22_Model1_EQB_CH1,Step23_Model3_EQC_CH1,Step24_Model2_EQC_CH3,Step25_Model2_EQC_CH4,Step26_Model1_EQA_CH2,Step27_Model2_EQB_CH4,Step28_Model2_EQC_CH2,Step29_Model2_EQA_CH1,Step30_Model3_EQB_CH4,,,,,,,,,,,,38.72,,,,,,,,,,,,,,,,,,,,,,,,52.74,,,,,,,,,,,,,,,,,,,,,,,,,,,,
L006W18,L006,18,Step1_Model3_EQC_CH2,Step2_Model3_EQB_CH3,Step3_Model1_EQA_CH1,Step4_Model3_EQC_CH3,Step5_Model3_EQC_CH1,Step6_Model2_EQA_CH4,Step7_Model3_EQB_CH4,Step8_Model3_EQC_CH1,Step9_Model1_EQC_CH1,Step10_Model1_EQA_CH1,Step11_Model1_EQB_CH4,Step12_Model2_EQA_CH2,Step13_Model3_EQA_CH3,Step14_Model3_EQA_CH3,Step15_Model3_EQB_CH4,Step16_Model3_EQA_CH3,Step17_Model2_EQC_CH1,Step18_Model3_EQC_CH2,Step19_Model3_EQC_CH3,Step20_Model2_EQB_CH2,Step21_Model2_EQB_CH1,Step22_Model1_EQB_CH3,Step23_Model3_EQC_CH4,Step24_Model2_EQC_CH2,Step25_Model2_EQC_CH1,Step26_Model1_EQA_CH2,Step27_Model2_EQB_CH3,Step28_Model2_EQC_CH3,Step29_Model2_EQA_CH4,Step30_Model3_EQB_CH1,36.18,,,,,,,,,,,,38.13,36.44,,,,,,,,,,,,,,,,,,,,46.22,,,,,,,,,,,57.97,,,,,,,,,,,,,,,,,,,
L006W19,L006,19,Step1_Model3_EQC_CH1,Step2_Model3_EQB_CH4,Step3_Model1_EQA_CH4,Step4_Model3_EQC_CH1,Step5_Model3_EQC_CH2,Step6_Model2_EQA_CH2,Step7_Model3_EQB_CH4,Step8_Model3_EQC_CH2,Step9_Model1_EQC_CH1,Step10_Model1_EQA_CH3,Step11_Model1_EQB_CH3,Step12_Model2_EQA_CH2,Step13_Model3_EQA_CH4,Step14_Model3_EQA_CH4,Step15_Model3_EQB_CH4,Step16_Model3_EQA_CH4,Step17_Model2_EQC_CH4,Step18_Model3_EQC_CH2,Step19_Model3_EQC_CH3,Step20_Model2_EQB_CH3,Step21_Model2_EQB_CH2,Step22_Model1_EQB_CH4,Step23_Model3_EQC_CH2,Step24_Model2_EQC_CH3,Step25_Model2_EQC_CH1,Step26_Model1_EQA_CH2,Step27_Model2_EQB_CH4,Step28_Model2_EQC_CH3,Step29_Model2_EQA_CH3,Step30_Model3_EQB_CH3,,,,,40.11,,,,,,,,,,,,,,,,,,,45.44,,59.24,,54.94,,,,,,,,64.69,,,,,,,,,,,,,,,,,,,,,,,,,,,,
L006W20,L006,20,Step1_Model3_EQC_CH3,Step2_Model3_EQB_CH4,Step3_Model1_EQA_CH1,Step4_Model3_EQC_CH3,Step5_Model3_EQC_CH2,Step6_Model2_EQA_CH1,Step7_Model3_EQB_CH3,Step8_Model3_EQC_CH1,Step9_Model1_EQC_CH2,Step10_Model1_EQA_CH3,Step11_Model1_EQB_CH2,Step12_Model2_EQA_CH4,Step13_Model3_EQA_CH3,Step14_Model3_EQA_CH3,Step15_Model3_EQB_CH3,Step16_Model3_EQA_CH3,Step17_Model2_EQC_CH4,Step18_Model3_EQC_CH3,Step19_Model3_EQC_CH1,Step20_Model2_EQB_CH3,Step21_Model2_EQB_CH4,Step22_Model1_EQB_CH3,Step23_Model3_EQC_CH1,Step24_Model2_EQC_CH4,Step25_Model2_EQC_CH4,Step26_Model1_EQA_CH1,Step27_Model2_EQB_CH1,Step28_Model2_EQC_CH1,Step29_Model2_EQA_CH1,Step30_Model3_EQB_CH1,34.95,,44.59,,,,,,,,,,,40.44,,,,,,,40.26,,,,,,,,,,,47.54,,,,,,,,,,,,,,50.09,,,,,,,,,,,,,,,,,,
L006W21,L006,21,Step1_Model3_EQC_CH4,Step2_Model3_EQB_CH4,Step3_Model1_EQA_CH3,Step4_Model3_EQC_CH3,Step5_Model3_EQC_CH2,Step6_Model2_EQA_CH3,Step7_Model3_EQB_CH3,Step8_Model3_EQC_CH1,Step9_Model1_EQC_CH1,Step10_Model1_EQA_CH3,Step11_Model1_EQB_CH2,Step12_Model2_EQA_CH1,Step13_Model3_EQA_CH3,Step14_Model3_EQA_CH3,Step15_Model3_EQB_CH4,Step16_Model3_EQA_CH2,Step17_Model2_EQC_CH4,Step18_Model3_EQC_CH2,Step19_Model3_EQC_CH1,Step20_Model2_EQB_CH2,Step21_Model2_EQB_CH3,Step22_Model1_EQB_CH3,Step23_Model3_EQC_CH2,Step24_Model2_EQC_CH2,Step25_Model2_EQC_CH2,Step26_Model1_EQA_CH4,Step27_Model2_EQB_CH2,Step28_Model2_EQC_CH1,Step29_Model2_EQA_CH4,Step30_Model3_EQB_CH4,,,,41.24,45.8,52.74,,,,,,,41.05,,44.27,,,44.44,,,41.53,,,,42.1,,,55.37,,45.75,68.87,,,,41.97,59.81,58.84,,,,,,,,62.6,,,,,,,,,,,,,,,,,,,
L006W22,L006,22,Step1_Model3_EQC_CH2,Step2_Model3_EQB_CH1,Step3_Model1_EQA_CH4,Step4_Model3_EQC_CH3,Step5_Model3_EQC_CH4,Step6_Model2_EQA_CH2,Step7_Model3_EQB_CH1,Step8_Model3_EQC_CH2,Step9_Model1_EQC_CH3,Step10_Model1_EQA_CH3,Step11_Model1_EQB_CH3,Step12_Model2_EQA_CH2,Step13_Model3_EQA_CH4,Step14_Model3_EQA_CH2,Step15_Model3_EQB_CH1,Step16_Model3_EQA_CH4,Step17_Model2_EQC_CH3,Step18_Model3_EQC_CH2,Step19_Model3_EQC_CH3,Step20_Model2_EQB_CH3,Step21_Model2_EQB_CH1,Step22_Model1_EQB_CH4,Step23_Model3_EQC_CH1,Step24_Model2_EQC_CH1,Step25_Model2_EQC_CH1,Step26_Model1_EQA_CH3,Step27_Model2_EQB_CH1,Step28_Model2_EQC_CH1,Step29_Model2_EQA_CH4,Step30_Model3_EQB_CH4,,28.17,,46.43,,,,,,,,,,,,,,,,,,46.53,,,,63.09,,,,,,,,48.17,,,,,,,,,,,,,,,,,,,,,,,,,,,,,,
L006W23,L006,23,Step1_Model3_EQC_CH1,Step2_Model3_EQB_CH4,Step3_Model1_EQA_CH4,Step4_Model3_EQC_CH1,Step5_Model3_EQC_CH3,Step6_Model2_EQA_CH1,Step7_Model3_EQB_CH4,Step8_Model3_EQC_CH3,Step9_Model1_EQC_CH2,Step10_Model1_EQA_CH3,Step11_Model1_EQB_CH4,Step12_Model2_EQA_CH3,Step13_Model3_EQA_CH1,Step14_Model3_EQA_CH2,Step15_Model3_EQB_CH2,Step16_Model3_EQA_CH2,Step17_Model2_EQC_CH4,Step18_Model3_EQC_CH4,Step19_Model3_EQC_CH2,Step20_Model2_EQB_CH3,Step21_Model2_EQB_CH2,Step22_Model1_EQB_CH3,Step23_Model3_EQC_CH3,Step24_Model2_EQC_CH4,Step25_Model2_EQC_CH3,Step26_Model1_EQA_CH2,Step27_Model2_EQB_CH4,Step28_Model2_EQC_CH1,Step29_Model2_EQA_CH1,Step30_Model3_EQB_CH4,,,,,,,,,63.32,,,,,,,,,,,,,,,,,61.89,,,,38.19,,,,,45.73,,,,,,,,,,,,,,,,13,,,,,,,,,,,,,
L006W24,L006,24,Step1_Model3_EQC_CH2,Step2_Model3_EQB_CH1,Step3_Model1_EQA_CH1,Step4_Model3_EQC_CH3,Step5_Model3_EQC_CH3,Step6_Model2_EQA_CH2,Step7_Model3_EQB_CH4,Step8_Model3_EQC_CH2,Step9_Model1_EQC_CH4,Step10_Model1_EQA_CH1,Step11_Model1_EQB_CH3,Step12_Model2_EQA_CH2,Step13_Model3_EQA_CH2,Step14_Model3_EQA_CH4,Step15_Model3_EQB_CH4,Step16_Model3_EQA_CH2,Step17_Model2_EQC_CH4,Step18_Model3_EQC_CH2,Step19_Model3_EQC_CH2,Step20_Model2_EQB_CH2,Step21_Model2_EQB_CH1,Step22_Model1_EQB_CH4,Step23_Model3_EQC_CH3,Step24_Model2_EQC_CH3,Step25_Model2_EQC_CH4,Step26_Model1_EQA_CH2,Step27_Model2_EQB_CH3,Step28_Model2_EQC_CH3,Step29_Model2_EQA_CH4,Step30_Model3_EQB_CH3,,,,,,,,,,,,,,,48.58,,,,43.23,,,,44.02,,,,,,,,,47.18,46.85,,,,,,,,38.93,61.99,,,,,,,,,,,,,,,,,,,,,,
L006W25,L006,25,Step1_Model3_EQC_CH2,Step2_Model3_EQB_CH4,Step3_Model1_EQA_CH2,Step4_Model3_EQC_CH3,Step5_Model3_EQC_CH3,Step6_Model2_EQA_CH2,Step7_Model3_EQB_CH1,Step8_Model3_EQC_CH3,Step9_Model1_EQC_CH1,Step10_Model1_EQA_CH3,Step11_Model1_EQB_CH1,Step12_Model2_EQA_CH1,Step13_Model3_EQA_CH1,Step14_Model3_EQA_CH2,Step15_Model3_EQB_CH1,Step16_Model3_EQA_CH1,Step17_Model2_EQC_CH1,Step18_Model3_EQC_CH3,Step19_Model3_EQC_CH1,Step20_Model2_EQB_CH3,Step21_Model2_EQB_CH1,Step22_Model1_EQB_CH1,Step23_Model3_EQC_CH2,Step24_Model2_EQC_CH3,Step25_Model2_EQC_CH1,Step26_Model1_EQA_CH3,Step27_Model2_EQB_CH3,Step28_Model2_EQC_CH4,Step29_Model2_EQA_CH2,Step30_Model3_EQB_CH2,,,,,,,,,,,,,,,,,56.26,,,,35.94,,,,27.55,,,,57.08,,,,,,,,,,,,,,,,,,,,,,,,,,,,,,,,,,,
L007W01,L007,1,Step1_Model2_EQB_CH1,Step2_Model2_EQB_CH2,Step3_Model2_EQB_CH3,Step4_Model1_EQC_CH2,Step5_Model2_EQB_CH1,Step6_Model3_EQA_CH1,Step7_Model3_EQC_CH4,Step8_Model2_EQC_CH3,Step9_Model3_EQB_CH1,Step10_Model2_EQB_CH4,Step11_Model2_EQC_CH3,Step12_Model3_EQA_CH2,Step13_Model1_EQC_CH3,Step14_Model1_EQC_CH3,Step15_Model1_EQB_CH1,Step16_Model1_EQB_CH1,Step17_Model2_EQB_CH3,Step18_Model2_EQA_CH1,Step19_Model3_EQB_CH1,Step20_Model1_EQB_CH1,Step21_Model1_EQA_CH4,Step22_Model1_EQC_CH4,Step23_Model1_EQA_CH3,Step24_Model3_EQC_CH1,Step25_Model1_EQC_CH4,Step26_Model2_EQB_CH3,Step27_Model3_EQC_CH1,Step28_Model1_EQC_CH2,Step29_Model1_EQB_CH1,Step30_Model3_EQA_CH1,,37.49,,,,,,,,65.06,,,,37.96,,,,,,,,,,,,,,,,,,,47.03,,,,,59.06,,,,,,,,,,,,,,,,,,,,,,,,,,
L007W02,L007,2,Step1_Model2_EQB_CH4,Step2_Model2_EQB_CH3,Step3_Model2_EQB_CH3,Step4_Model1_EQC_CH4,Step5_Model2_EQB_CH1,Step6_Model3_EQA_CH2,Step7_Model3_EQC_CH1,Step8_Model2_EQC_CH1,Step9_Model3_EQB_CH2,Step10_Model2_EQB_CH4,Step11_Model2_EQC_CH3,Step12_Model3_EQA_CH4,Step13_Model1_EQC_CH4,Step14_Model1_EQC_CH1,Step15_Model1_EQB_CH3,Step16_Model1_EQB_CH3,Step17_Model2_EQB_CH4,Step18_Model2_EQA_CH2,Step19_Model3_EQB_CH4,Step20_Model1_EQB_CH2,Step21_Model1_EQA_CH3,Step22_Model1_EQC_CH4,Step23_Model1_EQA_CH1,Step24_Model3_EQC_CH4,Step25_Model1_EQC_CH3,Step26_Model2_EQB_CH1,Step27_Model3_EQC_CH1,Step28_Model1_EQC_CH2,Step29_Model1_EQB_CH1,Step30_Model3_EQA_CH1,38.09,,,,,,,66.41,,,50.91,,37.3,,47.35,,,,,,,44.51,,,,59.21,,,,,,,,,,51.58,,,,,,,,,,,,,,,,,,,,,,,,,,,,
L007W03,L007,3,Step1_Model2_EQB_CH4,Step2_Model2_EQB_CH3,Step3_Model2_EQB_CH2,Step4_Model1_EQC_CH4,Step5_Model2_EQB_CH1,Step6_Model3_EQA_CH1,Step7_Model3_EQC_CH2,Step8_Model2_EQC_CH3,Step9_Model3_EQB_CH2,Step10_Model2_EQB_CH4,Step11_Model2_EQC_CH2,Step12_Model3_EQA_CH1,Step13_Model1_EQC_CH4,Step14_Model1_EQC_CH1,Step15_Model1_EQB_CH3,Step16_Model1_EQB_CH1,Step17_Model2_EQB_CH1,Step18_Model2_EQA_CH2,Step19_Model3_EQB_CH1,Step20_Model1_EQB_CH4,Step21_Model1_EQA_CH4,Step22_Model1_EQC_CH3,Step23_Model1_EQA_CH4,Step24_Model3_EQC_CH2,Step25_Model1_EQC_CH3,Step26_Model2_EQB_CH4,Step27_Model3_EQC_CH2,Step28_Model1_EQC_CH4,Step29_Model1_EQB_CH4,Step30_Model3_EQA_CH1,,,,,,,,,,61.56,55.92,,,32.79,,60.46,,,,43.89,38.98,,,38.09,,,,,,,,,,,,52.14,64.98,,46.75,,,,,,58.98,48.85,,,,9,,,,,,,,,,,,,,
L007W04,L007,4,Step1_Model2_EQB_CH4,Step2_Model2_EQB_CH4,Step3_Model2_EQB_CH2,Step4_Model1_EQC_CH2,Step5_Model2_EQB_CH1,Step6_Model3_EQA_CH4,Step7_Model3_EQC_CH1,Step8_Model2_EQC_CH4,Step9_Model3_EQB_CH3,Step10_Model2_EQB_CH3,Step11_Model2_EQC_CH1,Step12_Model3_EQA_CH1,Step13_Model1_EQC_CH1,Step14_Model1_EQC_CH2,Step15_Model1_EQB_CH2,Step16_Model1_EQB_CH2,Step17_Model2_EQB_CH1,Step18_Model2_EQA_CH4,Step19_Model3_EQB_CH3,Step20_Model1_EQB_CH1,Step21_Model1_EQA_CH2,Step22_Model1_EQC_CH2,Step23_Model1_EQA_CH1,Step24_Model3_EQC_CH1,Step25_Model1_EQC_CH2,Step26_Model2_EQB_CH4,Step27_Model3_EQC_CH2,Step28_Model1_EQC_CH2,Step29_Model1_EQB_CH1,Step30_Model3_EQA_CH4,,53.4,,,,,,,,,,,,,42.93,,,40.5,,,,37.8,,,,,,,,44.34,,49.91,,,,,,,,,,,,,,,,,,,,14,,,,,,,,,,,,
L007W05,L007,5,Step1_Model2_EQB_CH2,Step2_Model2_EQB_CH2,Step3_Model2_EQB_CH3,Step4_Model1_EQC_CH1,Step5_Model2_EQB_CH3,Step6_Model3_EQA_CH3,Step7_Model3_EQC_CH2,Step8_Model2_EQC_CH1,Step9_Model3_EQB_CH4,Step10_Model2_EQB_CH2,Step11_Model2_EQC_CH4,Step12_Model3_EQA_CH4,Step13_Model1_EQC_CH1,Step14_Model1_EQC_CH3,Step15_Model1_EQB_CH1,Step16_Model1_EQB_CH4,Step17_Model2_EQB_CH2,Step18_Model2_EQA_CH4,Step19_Model3_EQB_CH2,Step20_Model1_EQB_CH2,Step21_Model1_EQA_CH1,Step22_Model1_EQC_CH4,Step23_Model1_EQA_CH3,Step24_Model3_EQC_CH4,Step25_Model1_EQC_CH4,Step26_Model2_EQB_CH3,Step27_Model3_EQC_CH1,Step28_Model1_EQC_CH4,Step29_Model1_EQB_CH4,Step30_Model3_EQA_CH2,42.38,,,,,,,67.05,,66.31,49.87,42.48,,,45.94,,,37.78,41.94,48.45,,,,,41.83,,,,,,,49.47,,,,,,,,,,,,,,,,,,,,,,,,,,,,,,,,
L007W06,L007,6,Step1_Model2_EQB_CH4,Step2_Model2_EQB_CH3,Step3_Model2_EQB_CH2,Step4_Model1_EQC_CH1,Step5_Model2_EQB_CH2,Step6_Model3_EQA_CH3,Step7_Model3_EQC_CH3,Step8_Model2_EQC_CH2,Step9_Model3_EQB_CH1,Step10_Model2_EQB_CH2,Step11_Model2_EQC_CH1,Step12_Model3_EQA_CH2,Step13_Model1_EQC_CH3,Step14_Model1_EQC_CH4,Step15_Model1_EQB_CH4,Step16_Model1_EQB_CH1,Step17_Model2_EQB_CH1,Step18_Model2_EQA_CH1,Step19_Model3_EQB_CH3,Step20_Model1_EQB_CH2,Step21_Model1_EQA_CH3,Step22_Model1_EQC_CH4,Step23_Model1_EQA_CH1,Step24_Model3_EQC_CH2,Step25_Model1_EQC_CH4,Step26_Model2_EQB_CH4,Step27_Model3_EQC_CH4,Step28_Model1_EQC_CH3,Step29_Model1_EQB_CH1,Step30_Model3_EQA_CH4,39.03,,,42.63,46.59,,,,,,,,,,43.06,59.74,,,,,36.54,,,,,,,,,,,,,,,,,,,,,,,,,,,,,,,,,,,,,,,,,,,
L007W07,L007,7,Step1_Model2_EQB_CH1,Step2_Model2_EQB_CH3,Step3_Model2_EQB_CH4,Step4_Model1_EQC_CH3,Step5_Model2_EQB_CH3,Step6_Model3_EQA_CH1,Step7_Model3_EQC_CH4,Step8_Model2_EQC_CH3,Step9_Model3_EQB_CH4,Step10_Model2_EQB_CH1,Step11_Model2_EQC_CH3,Step12_Model3_EQA_CH1,Step13_Model1_EQC_CH4,Step14_Model1_EQC_CH4,Step15_Model1_EQB_CH1,Step16_Model1_EQB_CH2,Step17_Model2_EQB_CH3,Step18_Model2_EQA_CH4,Step19_Model3_EQB_CH4,Step20_Model1_EQB_CH3,Step21_Model1_EQA_CH1,Step22_Model1_EQC_CH1,Step23_Model1_EQA_CH1,Step24_Model3_EQC_CH2,Step25_Model1_EQC_CH2,Step26_Model2_EQB_CH4,Step27_Model3_EQC_CH1,Step28_Model1_EQC_CH3,Step29_Model1_EQB_CH4,Step30_Model3_EQA_CH3,,,,,,,,,,61.77,,,,,,,62.19,,,,,,39.96,,,,,,,,,,45.47,,42.15,55.15,,,,,34.13,,,,62.07,55.74,,39.91,,,,,,,,,,,,,,,,
L007W08,L007,8,Step1_Model2_EQB_CH4,Step2_Model2_EQB_CH2,Step3_Model2_EQB_CH4,Step4_Model1_EQC_CH2,Step5_Model2_EQB_CH4,Step6_Model3_EQA_CH1,Step7_Model3_EQC_CH3,Step8_Model2_EQC_CH1,Step9_Model3_EQB_CH4,Step10_Model2_EQB_CH4,Step11_Model2_EQC_CH4,Step12_Model3_EQA_CH2,Step13_Model1_EQC_CH3,Step14_Model1_EQC_CH3,Step15_Model1_EQB_CH4,Step16_Model1_EQB_CH4,Step17_Model2_EQB_CH2,Step18_Model2_EQA_CH1,Step19_Model3_EQB_CH1,Step20_Model1_EQB_CH3,Step21_Model1_EQA_CH2,Step22_Model1_EQC_CH4,Step23_Model1_EQA_CH3,Step24_Model3_EQC_CH2,Step25_Model1_EQC_CH1,Step26_Model2_EQB_CH2,Step27_Model3_EQC_CH1,Step28_Model1_EQC_CH2,Step29_Model1_EQB_CH3,Step30_Model3_EQA_CH1,,37.64,,,,,,,,,47.36,,,,,59.28,,45.5,,,42.46,,,28.52,,,,60.35,,,63.99,46.65,,44.61,,56.26,,,,,,,,,,,,,,,,,,,,,17,,,,,,,
L007W09,L007,9,Step1_Model2_EQB_CH3,Step2_Model2_EQB_CH3,Step3_Model2_EQB_CH1,Step4_Model1_EQC_CH1,Step5_Model2_EQB_CH4,Step6_Model3_EQA_CH4,Step7_Model3_EQC_CH4,Step8_Model2_EQC_CH3,Step9_Model3_EQB_CH3,Step10_Model2_EQB_CH4,Step11_Model2_EQC_CH3,Step12_Model3_EQA_CH3,Step13_Model1_EQC_CH1,Step14_Model1_EQC_CH1,Step15_Model1_EQB_CH3,Step16_Model1_EQB_CH4,Step17_Model2_EQB_CH2,Step18_Model2_EQA_CH4,Step19_Model3_EQB_CH2,Step20_Model1_EQB_CH4,Step21_Model1_EQA_CH1,Step22_Model1_EQC_CH3,Step23_Model1_EQA_CH3,Step24_Model3_EQC_CH1,Step25_Model1_EQC_CH2,Step26_Model2_EQB_CH2,Step27_Model3_EQC_CH2,Step28_Model1_EQC_CH1,Step29_Model1_EQB_CH2,Step30_Model3_EQA_CH1,,,,,,,,,,65.98,,40.11,38.99,38.84,,,59.38,,,38.85,,42.84,,,,,,,,,,,,,,,,,,,,,,,,,,,,,,,,,,8,,,,,,,,
L007W10,L007,10,Step1_Model2_EQB_CH4,Step2_Model2_EQB_CH4,Step3_Model2_EQB_CH1,Step4_Model1_EQC_CH3,Step5_Model2_EQB_CH4,Step6_Model3_EQA_CH2,Step7_Model3_EQC_CH1,Step8_Model2_EQC_CH2,Step9_Model3_EQB_CH2,Step10_Model2_EQB_CH3,Step11_Model2_EQC_CH2,Step12_Model3_EQA_CH3,Step13_Model1_EQC_CH4,Step14_Model1_EQC_CH1,Step15_Model1_EQB_CH2,Step16_Model1_EQB_CH1,Step17_Model2_EQB_CH2,Step18_Model2_EQA_CH1,Step19_Model3_EQB_CH2,Step20_Model1_EQB_CH2,Step21_Model1_EQA_CH2,Step22_Model1_EQC_CH2,Step23_Model1_EQA_CH2,Step24_Model3_EQC_CH2,Step25_Model1_EQC_CH2,Step26_Model2_EQB_CH2,Step27_Model3_EQC_CH2,Step28_Model1_EQC_CH1,Step29_Model1_EQB_CH3,Step30_Model3_EQA_CH2,,,43.85,,,53.53,67.71,,62.22,,,,,,,,61.1,,,,,,,,35.97,,36.33,,,,,,,,,,,,,,,,,,,,,,,,,16,9,,,,,,,,,,,
L007W11,L007,11,Step1_Model2_EQB_CH3,Step2_Model2_EQB_CH2,Step3_Model2_EQB_CH2,Step4_Model1_EQC_CH1,Step5_Model2_EQB_CH4,Step6_Model3_EQA_CH4,Step7_Model3_EQC_CH1,Step8_Model2_EQC_CH3,Step9_Model3_EQB_CH4,Step10_Model2_EQB_CH1,Step11_Model2_EQC_CH1,Step12_Model3_EQA_CH4,Step13_Model1_EQC_CH3,Step14_Model1_EQC_CH1,Step15_Model1_EQB_CH2,Step16_Model1_EQB_CH3,Step17_Model2_EQB_CH3,Step18_Model2_EQA_CH4,Step19_Model3_EQB_CH4,Step20_Model1_EQB_CH2,Step21_Model1_EQA_CH1,Step22_Model1_EQC_CH4,Step23_Model1_EQA_CH4,Step24_Model3_EQC_CH3,Step25_Model1_EQC_CH4,Step26_Model2_EQB_CH4,Step27_Model3_EQC_CH4,Step28_Model1_EQC_CH4,Step29_Model1_EQB_CH3,Step30_Model3_EQA_CH2,,,,,,,,,,,,,,,,,,,,,,,,,44.66,,,,,,,,44.1,,,,,,,,,,,55.2,,,,,,,,,16,,,15,,10,,,,,,
L007W12,L007,12,Step1_Model2_EQB_CH2,Step2_Model2_EQB_CH1,Step3_Model2_EQB_CH4,Step4_Model1_EQC_CH3,Step5_Model2_EQB_CH1,Step6_Model3_EQA_CH1,Step7_Model3_EQC_CH2,Step8_Model2_EQC_CH3,Step9_Model3_EQB_CH3,Step10_Model2_EQB_CH3,Step11_Model2_EQC_CH2,Step12_Model3_EQA_CH2,Step13_Model1_EQC_CH2,Step14_Model1_EQC_CH2,Step15_Model1_EQB_CH2,Step16_Model1_EQB_CH4,Step17_Model2_EQB_CH4,Step18_Model2_EQA_CH3,Step19_Model3_EQB_CH1,Step20_Model1_EQB_CH3,Step21_Model1_EQA_CH1,Step22_Model1_EQC_CH2,Step23_Model1_EQA_CH1,Step24_Model3_EQC_CH3,Step25_Model1_EQC_CH3,Step26_Model2_EQB_CH1,Step27_Model3_EQC_CH4,Step28_Model1_EQC_CH2,Step29_Model1_EQB_CH2,Step30_Model3_EQA_CH3,45.64,,,,42.78,,,,,,,,,,,,,,46.75,,,,,,,,36.5,,,,,,,,,61.29,,,,,,,,,,,,,,,,,,,,,,,,,,,,
L007W13,L007,13,Step1_Model2_EQB_CH4,Step2_Model2_EQB_CH1,Step3_Model2_EQB_CH2,Step4_Model1_EQC_CH4,Step5_Model2_EQB_CH2,Step6_Model3_EQA_CH4,Step7_Model3_EQC_CH4,Step8_Model2_EQC_CH3,Step9_Model3_EQB_CH2,Step10_Model2_EQB_CH1,Step11_Model2_EQC_CH3,Step12_Model3_EQA_CH3,Step13_Model1_EQC_CH1,Step14_Model1_EQC_CH3,Step15_Model1_EQB_CH4,Step16_Model1_EQB_CH4,Step17_Model2_EQB_CH2,Step18_Model2_EQA_CH2,Step19_Model3_EQB_CH1,Step20_Model1_EQB_CH2,Step21_Model1_EQA_CH4,Step22_Model1_EQC_CH1,Step23_Model1_EQA_CH1,Step24_Model3_EQC_CH2,Step25_Model1_EQC_CH4,Step26_Model2_EQB_CH1,Step27_Model3_EQC_CH4,Step28_Model1_EQC_CH4,Step29_Model1_EQB_CH4,Step30_Model3_EQA_CH2,,,,,,,,,,,,,,,,,,,,,,,,,,,,,,,,,,44.63,,,,,,,,,,,,,,,,,13,,,,,,,,,,,,,
L007W14,L007,14,Step1_Model2_EQB_CH3,Step2_Model2_EQB_CH3,Step3_Model2_EQB_CH1,Step4_Model1_EQC_CH4,Step5_Model2_EQB_CH2,Step6_Model3_EQA_CH4,Step7_Model3_EQC_CH4,Step8_Model2_EQC_CH2,Step9_Model3_EQB_CH3,Step10_Model2_EQB_CH4,Step11_Model2_EQC_CH4,Step12_Model3_EQA_CH3,Step13_Model1_EQC_CH2,Step14_Model1_EQC_CH1,Step15_Model1_EQB_CH3,Step16_Model1_EQB_CH1,Step17_Model2_EQB_CH1,Step18_Model2_EQA_CH3,Step19_Model3_EQB_CH4,Step20_Model1_EQB_CH1,Step21_Model1_EQA_CH1,Step22_Model1_EQC_CH2,Step23_Model1_EQA_CH4,Step24_Model3_EQC_CH1,Step25_Model1_EQC_CH2,Step26_Model2_EQB_CH4,Step27_Model3_EQC_CH3,Step28_Model1_EQC_CH3,Step29_Model1_EQB_CH2,Step30_Model3_EQA_CH3,,,,,,,,63.57,,,54.3,,,,,,60.86,,,,,,,,37.92,,,,,,,,49.12,,,,,,,,,,,,,,,,,,,,,,,,,,,,,,,
L007W15,L007,15,Step1_Model2_EQB_CH1,Step2_Model2_EQB_CH4,Step3_Model2_EQB_CH1,Step4_Model1_EQC_CH1,Step5_Model2_EQB_CH3,Step6_Model3_EQA_CH1,Step7_Model3_EQC_CH3,Step8_Model2_EQC_CH4,Step9_Model3_EQB_CH4,Step10_Model2_EQB_CH1,Step11_Model2_EQC_CH2,Step12_Model3_EQA_CH3,Step13_Model1_EQC_CH3,Step14_Model1_EQC_CH1,Step15_Model1_EQB_CH3,Step16_Model1_EQB_CH3,Step17_Model2_EQB_CH2,Step18_Model2_EQA_CH2,Step19_Model3_EQB_CH1,Step20_Model1_EQB_CH2,Step21_Model1_EQA_CH1,Step22_Model1_EQC_CH4,Step23_Model1_EQA_CH1,Step24_Model3_EQC_CH4,Step25_Model1_EQC_CH1,Step26_Model2_EQB_CH3,Step27_Model3_EQC_CH2,Step28_Model1_EQC_CH4,Step29_Model1_EQB_CH1,Step30_Model3_EQA_CH2,,,,,,,,,,,,39.35,33.83,,45.84,,,,,,32.6,,,31.63,,,30.97,,,,,,,,,,,,54.78,,,53.19,,,58.44,,,,,,,,,11,,,,,,,,,,
L007W16,L007,16,Step1_Model2_EQB_CH1,Step2_Model2_EQB_CH2,Step3_Model2_EQB_CH2,Step4_Model1_EQC_CH1,Step5_Model2_EQB_CH4,Step6_Model3_EQA_CH4,Step7_Model3_EQC_CH3,Step8_Model2_EQC_CH2,Step9_Model3_EQB_CH3,Step10_Model2_EQB_CH3,Step11_Model2_EQC_CH1,Step12_Model3_EQA_CH1,Step13_Model1_EQC_CH1,Step14_Model1_EQC_CH2,Step15_Model1_EQB_CH1,Step16_Model1_EQB_CH1,Step17_Model2_EQB_CH2,Step18_Model2_EQA_CH2,Step19_Model3_EQB_CH4,Step20_Model1_EQB_CH1,Step21_Model1_EQA_CH1,Step22_Model1_EQC_CH1,Step23_Model1_EQA_CH4,Step24_Model3_EQC_CH1,Step25_Model1_EQC_CH4,Step26_Model2_EQB_CH3,Step27_Model3_EQC_CH4,Step28_Model1_EQC_CH3,Step29_Model1_EQB_CH1,Step30_Model3_EQA_CH3,,,44.28,43.27,,52.82,,,62.21,66.47,,,36.83,,,,,,,,,43.7,,33.53,36.49,,,,,,55.68,,,,,,,,,,,,,,,,47.7,,,,,,,,,,,,,,,,,
L007W17,L007,17,Step1_Model2_EQB_CH4,Step2_Model2_EQB_CH2,Step3_Model2_EQB_CH3,Step4_Model1_EQC_CH3,Step5_Model2_EQB_CH1,Step6_Model3_EQA_CH4,Step7_Model3_EQC_CH3,Step8_Model2_EQC_CH3,Step9_Model3_EQB_CH3,Step10_Model2_EQB_CH3,Step11_Model2_EQC_CH2,Step12_Model3_EQA_CH4,Step13_Model1_EQC_CH1,Step14_Model1_EQC_CH1,Step15_Model1_EQB_CH2,Step16_Model1_EQB_CH4,Step17_Model2_EQB_CH3,Step18_Model2_EQA_CH2,Step19_Model3_EQB_CH4,Step20_Model1_EQB_CH3,Step21_Model1_EQA_CH2,Step22_Model1_EQC_CH4,Step23_Model1_EQA_CH1,Step24_Model3_EQC_CH1,Step25_Model1_EQC_CH4,Step26_Model2_EQB_CH1,Step27_Model3_EQC_CH4,Step28_Model1_EQC_CH3,Step29_Model1_EQB_CH4,Step30_Model3_EQA_CH3,,,40.48,,,,,,,,,,,,,59.17,,,,,,,,,,,,,,,,,,,,,,,58.15,,,,,,,50.89,,37.66,,,,,,,,,,,,,,,,
L007W18,L007,18,Step1_Model2_EQB_CH2,Step2_Model2_EQB_CH4,Step3_Model2_EQB_CH2,Step4_Model1_EQC_CH1,Step5_Model2_EQB_CH3,Step6_Model3_EQA_CH4,Step7_Model3_EQC_CH2,Step8_Model2_EQC_CH3,Step9_Model3_EQB_CH3,Step10_Model2_EQB_CH1,Step11_Model2_EQC_CH1,Step12_Model3_EQA_CH3,Step13_Model1_EQC_CH3,Step14_Model1_EQC_CH4,Step15_Model1_EQB_CH3,Step16_Model1_EQB_CH4,Step17_Model2_EQB_CH3,Step18_Model2_EQA_CH1,Step19_Model3_EQB_CH4,Step20_Model1_EQB_CH2,Step21_Model1_EQA_CH1,Step22_Model1_EQC_CH4,Step23_Model1_EQA_CH4,Step24_Model3_EQC_CH2,Step25_Model1_EQC_CH4,Step26_Model2_EQB_CH3,Step27_Model3_EQC_CH2,Step28_Model1_EQC_CH1,Step29_Model1_EQB_CH1,Step30_Model3_EQA_CH3,,,,,,,,,,,,,,,,,,,,,36.19,,,,19.35,,,59.43,,,,,,,,,,,,,34.02,62.44,,,,,49.55,,,,,,,,,,,,,,,,,
L007W19,L007,19,Step1_Model2_EQB_CH1,Step2_Model2_EQB_CH4,Step3_Model2_EQB_CH4,Step4_Model1_EQC_CH3,Step5_Model2_EQB_CH1,Step6_Model3_EQA_CH1,Step7_Model3_EQC_CH3,Step8_Model2_EQC_CH2,Step9_Model3_EQB_CH1,Step10_Model2_EQB_CH2,Step11_Model2_EQC_CH1,Step12_Model3_EQA_CH1,Step13_Model1_EQC_CH1,Step14_Model1_EQC_CH1,Step15_Model1_EQB_CH4,Step16_Model1_EQB_CH2,Step17_Model2_EQB_CH2,Step18_Model2_EQA_CH1,Step19_Model3_EQB_CH1,Step20_Model1_EQB_CH2,Step21_Model1_EQA_CH4,Step22_Model1_EQC_CH3,Step23_Model1_EQA_CH3,Step24_Model3_EQC_CH2,Step25_Model1_EQC_CH1,Step26_Model2_EQB_CH1,Step27_Model3_EQC_CH4,Step28_Model1_EQC_CH3,Step29_Model1_EQB_CH4,Step30_Model3_EQA_CH3,,,,,,,,,,,,,,39.68,,,,48.41,46.43,,,,,,,73.91,,,,,,,46.23,,,,,,65.01,58.05,45.51,,,,,,45.56,35.5,14,,,,,,,,,,,,,,,
L007W20,L007,20,Step1_Model2_EQB_CH2,Step2_Model2_EQB_CH3,Step3_Model2_EQB_CH4,Step4_Model1_EQC_CH4,Step5_Model2_EQB_CH4,Step6_Model3_EQA_CH2,Step7_Model3_EQC_CH3,Step8_Model2_EQC_CH3,Step9_Model3_EQB_CH4,Step10_Model2_EQB_CH3,Step11_Model2_EQC_CH1,Step12_Model3_EQA_CH1,Step13_Model1_EQC_CH1,Step14_Model1_EQC_CH3,Step15_Model1_EQB_CH2,Step16_Model1_EQB_CH2,Step17_Model2_EQB_CH2,Step18_Model2_EQA_CH2,Step19_Model3_EQB_CH1,Step20_Model1_EQB_CH1,Step21_Model1_EQA_CH4,Step22_Model1_EQC_CH3,Step23_Model1_EQA_CH3,Step24_Model3_EQC_CH2,Step25_Model1_EQC_CH1,Step26_Model2_EQB_CH2,Step27_Model3_EQC_CH4,Step28_Model1_EQC_CH3,Step29_Model1_EQB_CH3,Step30_Model3_EQA_CH2,,,,,,,,,,,,,,39.84,,,,,,,,,33.52,,,,,,,43.78,,,,,,,,,,,,,,,63.38,,,,,,,,,,,,,9,,,,,,
L007W21,L007,21,Step1_Model2_EQB_CH4,Step2_Model2_EQB_CH3,Step3_Model2_EQB_CH4,Step4_Model1_EQC_CH4,Step5_Model2_EQB_CH2,Step6_Model3_EQA_CH1,Step7_Model3_EQC_CH2,Step8_Model2_EQC_CH1,Step9_Model3_EQB_CH4,Step10_Model2_EQB_CH1,Step11_Model2_EQC_CH4,Step12_Model3_EQA_CH3,Step13_Model1_EQC_CH3,Step14_Model1_EQC_CH3,Step15_Model1_EQB_CH2,Step16_Model1_EQB_CH2,Step17_Model2_EQB_CH4,Step18_Model2_EQA_CH3,Step19_Model3_EQB_CH2,Step20_Model1_EQB_CH3,Step21_Model1_EQA_CH2,Step22_Model1_EQC_CH1,Step23_Model1_EQA_CH1,Step24_Model3_EQC_CH3,Step25_Model1_EQC_CH4,Step26_Model2_EQB_CH2,Step27_Model3_EQC_CH2,Step28_Model1_EQC_CH1,Step29_Model1_EQB_CH1,Step30_Model3_EQA_CH4,,,,,,,,,,,,,43.6,,,,,40.41,,,,,,,,,,,,,63.42,,46.39,,,56.39,57.07,,,,,,,60.02,,,,,,14,,,,,,,,,,,,,,
L007W22,L007,22,Step1_Model2_EQB_CH4,Step2_Model2_EQB_CH4,Step3_Model2_EQB_CH3,Step4_Model1_EQC_CH1,Step5_Model2_EQB_CH3,Step6_Model3_EQA_CH1,Step7_Model3_EQC_CH1,Step8_Model2_EQC_CH2,Step9_Model3_EQB_CH1,Step10_Model2_EQB_CH1,Step11_Model2_EQC_CH3,Step12_Model3_EQA_CH1,Step13_Model1_EQC_CH3,Step14_Model1_EQC_CH4,Step15_Model1_EQB_CH1,Step16_Model1_EQB_CH1,Step17_Model2_EQB_CH3,Step18_Model2_EQA_CH4,Step19_Model3_EQB_CH2,Step20_Model1_EQB_CH4,Step21_Model1_EQA_CH3,Step22_Model1_EQC_CH4,Step23_Model1_EQA_CH3,Step24_Model3_EQC_CH3,Step25_Model1_EQC_CH2,Step26_Model2_EQB_CH1,Step27_Model3_EQC_CH3,Step28_Model1_EQC_CH3,Step29_Model1_EQB_CH2,Step30_Model3_EQA_CH3,,,,,,,70.76,,,63.19,,,,,,,,,,,,,,,,57.65,,,70.55,,65.87,,,,,,,,,,,,,,,,,,6,,,,,,,,,,,,,,,
L007W23,L007,23,Step1_Model2_EQB_CH1,Step2_Model2_EQB_CH2,Step3_Model2_EQB_CH1,Step4_Model1_EQC_CH1,Step5_Model2_EQB_CH2,Step6_Model3_EQA_CH3,Step7_Model3_EQC_CH1,Step8_Model2_EQC_CH1,Step9_Model3_EQB_CH1,Step10_Model2_EQB_CH1,Step11_Model2_EQC_CH2,Step12_Model3_EQA_CH2,Step13_Model1_EQC_CH4,Step14_Model1_EQC_CH4,Step15_Model1_EQB_CH1,Step16_Model1_EQB_CH3,Step17_Model2_EQB_CH1,Step18_Model2_EQA_CH3,Step19_Model3_EQB_CH1,Step20_Model1_EQB_CH4,Step21_Model1_EQA_CH4,Step22_Model1_EQC_CH3,Step23_Model1_EQA_CH1,Step24_Model3_EQC_CH3,Step25_Model1_EQC_CH4,Step26_Model2_EQB_CH1,Step27_Model3_EQC_CH1,Step28_Model1_EQC_CH3,Step29_Model1_EQB_CH2,Step30_Model3_EQA_CH3,,,,,,,,,,,,,,36.78,,,,,,,,,38.95,,,,,,,,,,,,,,,58.2,,,,,,,,,,,,,,,,,,,,,,,,,,
L007W24,L007,24,Step1_Model2_EQB_CH4,Step2_Model2_EQB_CH4,Step3_Model2_EQB_CH4,Step4_Model1_EQC_CH4,Step5_Model2_EQB_CH4,Step6_Model3_EQA_CH2,Step7_Model3_EQC_CH1,Step8_Model2_EQC_CH3,Step9_Model3_EQB_CH3,Step10_Model2_EQB_CH4,Step11_Model2_EQC_CH3,Step12_Model3_EQA_CH4,Step13_Model1_EQC_CH2,Step14_Model1_EQC_CH2,Step15_Model1_EQB_CH1,Step16_Model1_EQB_CH2,Step17_Model2_EQB_CH2,Step18_Model2_EQA_CH1,Step19_Model3_EQB_CH3,Step20_Model1_EQB_CH4,Step21_Model1_EQA_CH4,Step22_Model1_EQC_CH3,Step23_Model1_EQA_CH1,Step24_Model3_EQC_CH3,Step25_Model1_EQC_CH2,Step26_Model2_EQB_CH1,Step27_Model3_EQC_CH1,Step28_Model1_EQC_CH1,Step29_Model1_EQB_CH4,Step30_Model3_EQA_CH3,,,,,,54.7,,,,62.4,,38.33,,,46.95,,,,,,,,56,,,,,56.87,,,,,,,,,,,65.5,,,,,,56.16,,,,,,,10,,,8,,,,,,,,,
L007W25,L007,25,Step1_Model2_EQB_CH1,Step2_Model2_EQB_CH1,Step3_Model2_EQB_CH1,Step4_Model1_EQC_CH3,Step5_Model2_EQB_CH4,Step6_Model3_EQA_CH2,Step7_Model3_EQC_CH4,Step8_Model2_EQC_CH1,Step9_Model3_EQB_CH4,Step10_Model2_EQB_CH4,Step11_Model2_EQC_CH2,Step12_Model3_EQA_CH3,Step13_Model1_EQC_CH3,Step14_Model1_EQC_CH4,Step15_Model1_EQB_CH4,Step16_Model1_EQB_CH3,Step17_Model2_EQB_CH3,Step18_Model2_EQA_CH2,Step19_Model3_EQB_CH1,Step20_Model1_EQB_CH4,Step21_Model1_EQA_CH3,Step22_Model1_EQC_CH4,Step23_Model1_EQA_CH4,Step24_Model3_EQC_CH3,Step25_Model1_EQC_CH2,Step26_Model2_EQB_CH4,Step27_Model3_EQC_CH2,Step28_Model1_EQC_CH3,Step29_Model1_EQB_CH1,Step30_Model3_EQA_CH1,42.38,,36.58,,,,,,,,,41.57,,35.77,49.95,55.66,63.57,,,,,,,,,,,,,44.54,,,,,,53.03,,,,,,,,,,52.26,,,,,,,,,,,,,,,,,,
L008W01,L008,1,Step1_Model3_EQB_CH2,Step2_Model3_EQC_CH2,Step3_Model2_EQC_CH1,Step4_Model3_EQC_CH4,Step5_Model2_EQA_CH2,Step6_Model1_EQB_CH1,Step7_Model1_EQC_CH1,Step8_Model1_EQC_CH2,Step9_Model1_EQB_CH2,Step10_Model1_EQA_CH4,Step11_Model1_EQB_CH1,Step12_Model1_EQB_CH1,Step13_Model3_EQA_CH3,Step14_Model2_EQB_CH1,Step15_Model1_EQC_CH4,Step16_Model2_EQA_CH3,Step17_Model3_EQB_CH3,Step18_Model2_EQC_CH3,Step19_Model3_EQA_CH2,Step20_Model1_EQB_CH2,Step21_Model3_EQC_CH1,Step22_Model3_EQB_CH3,Step23_Model3_EQC_CH4,Step24_Model2_EQA_CH2,Step25_Model1_EQB_CH4,Step26_Model3_EQB_CH4,Step27_Model1_EQA_CH2,Step28_Model2_EQB_CH2,Step29_Model1_EQB_CH2,Step30_Model1_EQB_CH2,41.36,,,45.53,,,,,,,,,43.88,,45.54,,,,,,,,,,,,,,,,,,,44.84,45.87,,,,,,,,,,,,,,,,,,,,,,,,,,,,,
L008W02,L008,2,Step1_Model3_EQB_CH3,Step2_Model3_EQC_CH3,Step3_Model2_EQC_CH3,Step4_Model3_EQC_CH3,Step5_Model2_EQA_CH1,Step6_Model1_EQB_CH3,Step7_Model1_EQC_CH2,Step8_Model1_EQC_CH4,Step9_Model1_EQB_CH3,Step10_Model1_EQA_CH1,Step11_Model1_EQB_CH2,Step12_Model1_EQB_CH4,Step13_Model3_EQA_CH4,Step14_Model2_EQB_CH3,Step15_Model1_EQC_CH4,Step16_Model2_EQA_CH3,Step17_Model3_EQB_CH3,Step18_Model2_EQC_CH2,Step19_Model3_EQA_CH2,Step20_Model1_EQB_CH1,Step21_Model3_EQC_CH2,Step22_Model3_EQB_CH2,Step23_Model3_EQC_CH3,Step24_Model2_EQA_CH2,Step25_Model1_EQB_CH3,Step26_Model3_EQB_CH3,Step27_Model1_EQA_CH2,Step28_Model2_EQB_CH1,Step29_Model1_EQB_CH1,Step30_Model1_EQB_CH4,,,,,,,,69.34,,,47.45,,,,,,68.12,41.22,40.18,,,,,,,,,,,,62.11,,45.2,,,,,,,64.43,,63.84,,,,,50.12,,,,,,,,,,,,,,,,,
L008W03,L008,3,Step1_Model3_EQB_CH4,Step2_Model3_EQC_CH2,Step3_Model2_EQC_CH1,Step4_Model3_EQC_CH3,Step5_Model2_EQA_CH4,Step6_Model1_EQB_CH3,Step7_Model1_EQC_CH4,Step8_Model1_EQC_CH2,Step9_Model1_EQB_CH1,Step10_Model1_EQA_CH4,Step11_Model1_EQB_CH1,Step12_Model1_EQB_CH3,Step13_Model3_EQA_CH2,Step14_Model2_EQB_CH1,Step15_Model1_EQC_CH2,Step16_Model2_EQA_CH1,Step17_Model3_EQB_CH3,Step18_Model2_EQC_CH3,Step19_Model3_EQA_CH2,Step20_Model1_EQB_CH3,Step21_Model3_EQC_CH4,Step22_Model3_EQB_CH1,Step23_Model3_EQC_CH3,Step24_Model2_EQA_CH4,Step25_Model1_EQB_CH2,Step26_Model3_EQB_CH4,Step27_Model1_EQA_CH2,Step28_Model2_EQB_CH2,Step29_Model1_EQB_CH1,Step30_Model1_EQB_CH1,,,,,59.55,,,,,58.99,60.68,,,,46.67,,,,,,,,,,,,,,,,,,,,43.18,,,,,,,,,,,49.46,,,,,,,,,,,,,,,,,,
L008W04,L008,4,Step1_Model3_EQB_CH4,Step2_Model3_EQC_CH1,Step3_Model2_EQC_CH1,Step4_Model3_EQC_CH1,Step5_Model2_EQA_CH4,Step6_Model1_EQB_CH3,Step7_Model1_EQC_CH1,Step8_Model1_EQC_CH1,Step9_Model1_EQB_CH4,Step10_Model1_EQA_CH3,Step11_Model1_EQB_CH1,Step12_Model1_EQB_CH2,Step13_Model3_EQA_CH4,Step14_Model2_EQB_CH1,Step15_Model1_EQC_CH1,Step16_Model2_EQA_CH2,Step17_Model3_EQB_CH2,Step18_Model2_EQC_CH4,Step19_Model3_EQA_CH4,Step20_Model1_EQB_CH2,Step21_Model3_EQC_CH4,Step22_Model3_EQB_CH2,Step23_Model3_EQC_CH1,Step24_Model2_EQA_CH2,Step25_Model1_EQB_CH2,Step26_Model3_EQB_CH3,Step27_Model1_EQA_CH2,Step28_Model2_EQB_CH2,Step29_Model1_EQB_CH3,Step30_Model1_EQB_CH4,,,,45.91,,,,,,,,,,,,,52.06,,40.56,,,,35.93,,,,,,,,,,,,,,,,,,,,69.31,,,,,,,,,,,,,,,,,,,,,
L008W05,L008,5,Step1_Model3_EQB_CH3,Step2_Model3_EQC_CH1,Step3_Model2_EQC_CH3,Step4_Model3_EQC_CH1,Step5_Model2_EQA_CH4,Step6_Model1_EQB_CH3,Step7_Model1_EQC_CH3,Step8_Model1_EQC_CH4,Step9_Model1_EQB_CH1,Step10_Model1_EQA_CH3,Step11_Model1_EQB_CH1,Step12_Model1_EQB_CH3,Step13_Model3_EQA_CH2,Step14_Model2_EQB_CH3,Step15_Model1_EQC_CH4,Step16_Model2_EQA_CH4,Step17_Model3_EQB_CH1,Step18_Model2_EQC_CH3,Step19_Model3_EQA_CH1,Step20_Model1_EQB_CH1,Step21_Model3_EQC_CH2,Step22_Model3_EQB_CH2,Step23_Model3_EQC_CH4,Step24_Model2_EQA_CH1,Step25_Model1_EQB_CH4,Step26_Model3_EQB_CH3,Step27_Model1_EQA_CH1,Step28_Model2_EQB_CH1,Step29_Model1_EQB_CH3,Step30_Model1_EQB_CH3,,,,43.36,,,,,,,,34.57,,,,,,,,,40.85,,,,,66.44,,,,,,46.92,,,43.59,,,,,,,,,,,,,,,,,,,9,,,,,,,,,,
L008W06,L008,6,Step1_Model3_EQB_CH4,Step2_Model3_EQC_CH4,Step3_Model2_EQC_CH3,Step4_Model3_EQC_CH4,Step5_Model2_EQA_CH3,Step6_Model1_EQB_CH1,Step7_Model1_EQC_CH1,Step8_Model1_EQC_CH2,Step9_Model1_EQB_CH1,Step10_Model1_EQA_CH3,Step11_Model1_EQB_CH4,Step12_Model1_EQB_CH2,Step13_Model3_EQA_CH4,Step14_Model2_EQB_CH3,Step15_Model1_EQC_CH1,Step16_Model2_EQA_CH2,Step17_Model3_EQB_CH3,Step18_Model2_EQC_CH2,Step19_Model3_EQA_CH2,Step20_Model1_EQB_CH1,Step21_Model3_EQC_CH3,Step22_Model3_EQB_CH4,Step23_Model3_EQC_CH2,Step24_Model2_EQA_CH2,Step25_Model1_EQB_CH4,Step26_Model3_EQB_CH3,Step27_Model1_EQA_CH2,Step28_Model2_EQB_CH2,Step29_Model1_EQB_CH2,Step30_Model1_EQB_CH3,,33.43,,,,,80.75,68.76,65.54,,,,,,,,,40.87,,,,,,,,,,,,,,,,,,,,62.74,,61.26,,,,,,,57.01,,,,,,,6,,,,,,,,,,
L008W07,L008,7,Step1_Model3_EQB_CH3,Step2_Model3_EQC_CH4,Step3_Model2_EQC_CH3,Step4_Model3_EQC_CH3,Step5_Model2_EQA_CH1,Step6_Model1_EQB_CH4,Step7_Model1_EQC_CH2,Step8_Model1_EQC_CH3,Step9_Model1_EQB_CH2,Step10_Model1_EQA_CH2,Step11_Model1_EQB_CH1,Step12_Model1_EQB_CH3,Step13_Model3_EQA_CH4,Step14_Model2_EQB_CH3,Step15_Model1_EQC_CH2,Step16_Model2_EQA_CH4,Step17_Model3_EQB_CH3,Step18_Model2_EQC_CH2,Step19_Model3_EQA_CH2,Step20_Model1_EQB_CH1,Step21_Model3_EQC_CH1,Step22_Model3_EQB_CH1,Step23_Model3_EQC_CH2,Step24_Model2_EQA_CH3,Step25_Model1_EQB_CH1,Step26_Model3_EQB_CH3,Step27_Model1_EQA_CH1,Step28_Model2_EQB_CH4,Step29_Model1_EQB_CH4,Step30_Model1_EQB_CH1,,,,,,,,,58.42,,,39.78,,36.74,,,60.12,,,,33.46,,,37.36,,,37.02,,,51.03,,,,,,,,61.33,,62.57,,,,,61.02,,,,,9,,,9,,7,,,,,,,,,
L008W08,L008,8,Step1_Model3_EQB_CH2,Step2_Model3_EQC_CH1,Step3_Model2_EQC_CH1,Step4_Model3_EQC_CH2,Step5_Model2_EQA_CH4,Step6_Model1_EQB_CH3,Step7_Model1_EQC_CH1,Step8_Model1_EQC_CH2,Step9_Model1_EQB_CH1,Step10_Model1_EQA_CH2,Step11_Model1_EQB_CH3,Step12_Model1_EQB_CH3,Step13_Model3_EQA_CH4,Step14_Model2_EQB_CH2,Step15_Model1_EQC_CH2,Step16_Model2_EQA_CH4,Step17_Model3_EQB_CH4,Step18_Model2_EQC_CH2,Step19_Model3_EQA_CH4,Step20_Model1_EQB_CH3,Step21_Model3_EQC_CH1,Step22_Model3_EQB_CH3,Step23_Model3_EQC_CH4,Step24_Model2_EQA_CH2,Step25_Model1_EQB_CH2,Step26_Model3_EQB_CH3,Step27_Model1_EQA_CH2,Step28_Model2_EQB_CH4,Step29_Model1_EQB_CH3,Step30_Model1_EQB_CH2,,,,,,,,,,63.48,,,,,44.2,,,,,,,,,36.94,36.39,,,,,,,,,,,,,,76.45,,44.86,59.95,,,,,48.73,,,,,,,,,,,,,,,,,
L008W09,L008,9,Step1_Model3_EQB_CH1,Step2_Model3_EQC_CH1,Step3_Model2_EQC_CH4,Step4_Model3_EQC_CH2,Step5_Model2_EQA_CH4,Step6_Model1_EQB_CH3,Step7_Model1_EQC_CH1,Step8_Model1_EQC_CH3,Step9_Model1_EQB_CH2,Step10_Model1_EQA_CH4,Step11_Model1_EQB_CH4,Step12_Model1_EQB_CH4,Step13_Model3_EQA_CH3,Step14_Model2_EQB_CH1,Step15_Model1_EQC_CH3,Step16_Model2_EQA_CH3,Step17_Model3_EQB_CH2,Step18_Model2_EQC_CH2,Step19_Model3_EQA_CH2,Step20_Model1_EQB_CH1,Step21_Model3_EQC_CH1,Step22_Model3_EQB_CH2,Step23_Model3_EQC_CH2,Step24_Model2_EQA_CH1,Step25_Model1_EQB_CH4,Step26_Model3_EQB_CH1,Step27_Model1_EQA_CH1,Step28_Model2_EQB_CH1,Step29_Model1_EQB_CH2,Step30_Model1_EQB_CH4,,,,,,,,,,60.03,,,,,,,,,,,,,,,,,,,,,51.06,,,,,,54.38,,,,,,,,61.44,,,41.2,,,,,7,,,,4,,,,,,,
L008W10,L008,10,Step1_Model3_EQB_CH1,Step2_Model3_EQC_CH2,Step3_Model2_EQC_CH3,Step4_Model3_EQC_CH3,Step5_Model2_EQA_CH1,Step6_Model1_EQB_CH3,Step7_Model1_EQC_CH4,Step8_Model1_EQC_CH3,Step9_Model1_EQB_CH3,Step10_Model1_EQA_CH4,Step11_Model1_EQB_CH1,Step12_Model1_EQB_CH1,Step13_Model3_EQA_CH4,Step14_Model2_EQB_CH4,Step15_Model1_EQC_CH4,Step16_Model2_EQA_CH3,Step17_Model3_EQB_CH4,Step18_Model2_EQC_CH2,Step19_Model3_EQA_CH3,Step20_Model1_EQB_CH1,Step21_Model3_EQC_CH1,Step22_Model3_EQB_CH1,Step23_Model3_EQC_CH3,Step24_Model2_EQA_CH2,Step25_Model1_EQB_CH4,Step26_Model3_EQB_CH4,Step27_Model1_EQA_CH1,Step28_Model2_EQB_CH1,Step29_Model1_EQB_CH3,Step30_Model1_EQB_CH2,41.1,,,,,,64.97,61.69,,64.87,,40.29,,38.71,47.07,,,40.49,41.28,,,,,,34.43,60,,,,,,,,,,,,64.57,,,41.52,,,,58.99,,,,,,,,,,,,,,,,,,,
L008W11,L008,11,Step1_Model3_EQB_CH4,Step2_Model3_EQC_CH3,Step3_Model2_EQC_CH4,Step4_Model3_EQC_CH1,Step5_Model2_EQA_CH4,Step6_Model1_EQB_CH2,Step7_Model1_EQC_CH2,Step8_Model1_EQC_CH1,Step9_Model1_EQB_CH2,Step10_Model1_EQA_CH2,Step11_Model1_EQB_CH3,Step12_Model1_EQB_CH4,Step13_Model3_EQA_CH1,Step14_Model2_EQB_CH1,Step15_Model1_EQC_CH1,Step16_Model2_EQA_CH1,Step17_Model3_EQB_CH1,Step18_Model2_EQC_CH2,Step19_Model3_EQA_CH3,Step20_Model1_EQB_CH1,Step21_Model3_EQC_CH3,Step22_Model3_EQB_CH3,Step23_Model3_EQC_CH2,Step24_Model2_EQA_CH1,Step25_Model1_EQB_CH2,Step26_Model3_EQB_CH1,Step27_Model1_EQA_CH2,Step28_Model2_EQB_CH3,Step29_Model1_EQB_CH1,Step30_Model1_EQB_CH4,,,,,,,,,,56.9,,,,,,,,,45.87,,,,,,,,,58.29,,,,,,,,,62.49,,,,37.83,,67.2,,,,,,,,,,,,,,,15,,,,,,
L008W12,L008,12,Step1_Model3_EQB_CH3,Step2_Model3_EQC_CH4,Step3_Model2_EQC_CH3,Step4_Model3_EQC_CH2,Step5_Model2_EQA_CH1,Step6_Model1_EQB_CH3,Step7_Model1_EQC_CH2,Step8_Model1_EQC_CH1,Step9_Model1_EQB_CH1,Step10_Model1_EQA_CH3,Step11_Model1_EQB_CH1,Step12_Model1_EQB_CH3,Step13_Model3_EQA_CH1,Step14_Model2_EQB_CH4,Step15_Model1_EQC_CH2,Step16_Model2_EQA_CH4,Step17_Model3_EQB_CH3,Step18_Model2_EQC_CH4,Step19_Model3_EQA_CH3,Step20_Model1_EQB_CH1,Step21_Model3_EQC_CH1,Step22_Model3_EQB_CH3,Step23_Model3_EQC_CH4,Step24_Model2_EQA_CH1,Step25_Model1_EQB_CH2,Step26_Model3_EQB_CH1,Step27_Model1_EQA_CH2,Step28_Model2_EQB_CH4,Step29_Model1_EQB_CH2,Step30_Model1_EQB_CH2,,,,,,,,,,,,,,,,,,,,,,,,,,,,,,,59.66,,,,,,,62.3,,,,,,,,,,,,,,,,,,,,,,,,,,
L008W13,L008,13,Step1_Model3_EQB_CH2,Step2_Model3_EQC_CH2,Step3_Model2_EQC_CH1,Step4_Model3_EQC_CH2,Step5_Model2_EQA_CH1,Step6_Model1_EQB_CH2,Step7_Model1_EQC_CH3,Step8_Model1_EQC_CH4,Step9_Model1_EQB_CH2,Step10_Model1_EQA_CH3,Step11_Model1_EQB_CH2,Step12_Model1_EQB_CH2,Step13_Model3_EQA_CH2,Step14_Model2_EQB_CH3,Step15_Model1_EQC_CH4,Step16_Model2_EQA_CH3,Step17_Model3_EQB_CH4,Step18_Model2_EQC_CH2,Step19_Model3_EQA_CH1,Step20_Model1_EQB_CH2,Step21_Model3_EQC_CH4,Step22_Model3_EQB_CH3,Step23_Model3_EQC_CH2,Step24_Model2_EQA_CH3,Step25_Model1_EQB_CH3,Step26_Model3_EQB_CH3,Step27_Model1_EQA_CH2,Step28_Model2_EQB_CH3,Step29_Model1_EQB_CH3,Step30_Model1_EQB_CH2,,,,38.64,,,,,,52.76,,,,,,,60.1,,45.54,,,,,,,,28.06,,,,,,,41.92,,,,58.99,,,,,,,50.91,,,,6,,,,,,,,,,,,,,,
L008W14,L008,14,Step1_Model3_EQB_CH3,Step2_Model3_EQC_CH2,Step3_Model2_EQC_CH4,Step4_Model3_EQC_CH4,Step5_Model2_EQA_CH4,Step6_Model1_EQB_CH3,Step7_Model1_EQC_CH1,Step8_Model1_EQC_CH1,Step9_Model1_EQB_CH3,Step10_Model1_EQA_CH1,Step11_Model1_EQB_CH2,Step12_Model1_EQB_CH1,Step13_Model3_EQA_CH3,Step14_Model2_EQB_CH3,Step15_Model1_EQC_CH2,Step16_Model2_EQA_CH4,Step17_Model3_EQB_CH3,Step18_Model2_EQC_CH2,Step19_Model3_EQA_CH1,Step20_Model1_EQB_CH1,Step21_Model3_EQC_CH2,Step22_Model3_EQB_CH2,Step23_Model3_EQC_CH3,Step24_Model2_EQA_CH1,Step25_Model1_EQB_CH2,Step26_Model3_EQB_CH1,Step27_Model1_EQA_CH2,Step28_Model2_EQB_CH1,Step29_Model1_EQB_CH4,Step30_Model1_EQB_CH3,,,43.74,,,52.39,,,66.9,,,,,,,,,,,,,,,,,,,,,,,,49.22,,,,,,,,,,,,,,,,,,,,,,,,,,,,,,,
L008W15,L008,15,Step1_Model3_EQB_CH1,Step2_Model3_EQC_CH4,Step3_Model2_EQC_CH1,Step4_Model3_EQC_CH1,Step5_Model2_EQA_CH4,Step6_Model1_EQB_CH1,Step7_Model1_EQC_CH1,Step8_Model1_EQC_CH3,Step9_Model1_EQB_CH4,Step10_Model1_EQA_CH4,Step11_Model1_EQB_CH2,Step12_Model1_EQB_CH1,Step13_Model3_EQA_CH3,Step14_Model2_EQB_CH1,Step15_Model1_EQC_CH1,Step16_Model2_EQA_CH2,Step17_Model3_EQB_CH1,Step18_Model2_EQC_CH3,Step19_Model3_EQA_CH3,Step20_Model1_EQB_CH2,Step21_Model3_EQC_CH1,Step22_Model3_EQB_CH3,Step23_Model3_EQC_CH1,Step24_Model2_EQA_CH1,Step25_Model1_EQB_CH1,Step26_Model3_EQB_CH2,Step27_Model1_EQA_CH1,Step28_Model2_EQB_CH3,Step29_Model1_EQB_CH1,Step30_Model1_EQB_CH3,,,,,,,,,,,,,,,,63.72,,,,,,,,,,,,,,,,,44.32,,,,,,,,,,60.97,,57.22,,,,,,,,,,,,,7,,,,,,
L008W16,L008,16,Step1_Model3_EQB_CH1,Step2_Model3_EQC_CH3,Step3_Model2_EQC_CH3,Step4_Model3_EQC_CH1,Step5_Model2_EQA_CH1,Step6_Model1_EQB_CH3,Step7_Model1_EQC_CH4,Step8_Model1_EQC_CH2,Step9_Model1_EQB_CH4,Step10_Model1_EQA_CH4,Step11_Model1_EQB_CH1,Step12_Model1_EQB_CH2,Step13_Model3_EQA_CH4,Step14_Model2_EQB_CH1,Step15_Model1_EQC_CH4,Step16_Model2_EQA_CH4,Step17_Model3_EQB_CH1,Step18_Model2_EQC_CH1,Step19_Model3_EQA_CH1,Step20_Model1_EQB_CH2,Step21_Model3_EQC_CH4,Step22_Model3_EQB_CH1,Step23_Model3_EQC_CH3,Step24_Model2_EQA_CH4,Step25_Model1_EQB_CH3,Step26_Model3_EQB_CH2,Step27_Model1_EQA_CH1,Step28_Model2_EQB_CH3,Step29_Model1_EQB_CH2,Step30_Model1_EQB_CH1,,,,,,,64.72,,,,,,40.34,,,,58.53,,45.82,,,,,,,,,,57.08,42.57,,,,,42.68,55.02,,,,,,,,,60.02,,,,,,,,,,,6,,,,,,,,
L008W17,L008,17,Step1_Model3_EQB_CH3,Step2_Model3_EQC_CH3,Step3_Model2_EQC_CH2,Step4_Model3_EQC_CH1,Step5_Model2_EQA_CH1,Step6_Model1_EQB_CH3,Step7_Model1_EQC_CH3,Step8_Model1_EQC_CH3,Step9_Model1_EQB_CH1,Step10_Model1_EQA_CH2,Step11_Model1_EQB_CH2,Step12_Model1_EQB_CH1,Step13_Model3_EQA_CH4,Step14_Model2_EQB_CH2,Step15_Model1_EQC_CH3,Step16_Model2_EQA_CH4,Step17_Model3_EQB_CH4,Step18_Model2_EQC_CH2,Step19_Model3_EQA_CH4,Step20_Model1_EQB_CH4,Step21_Model3_EQC_CH2,Step22_Model3_EQB_CH2,Step23_Model3_EQC_CH4,Step24_Model2_EQA_CH3,Step25_Model1_EQB_CH1,Step26_Model3_EQB_CH4,Step27_Model1_EQA_CH4,Step28_Model2_EQB_CH3,Step29_Model1_EQB_CH4,Step30_Model1_EQB_CH4,,,,,,,,63.39,,,,,,,,,,,,38.96,,,,,37.69,,,,,,,,,57.35,,,,62.38,,,,,,,,52.34,,,,,,,,,,,,,,,,,,
L008W18,L008,18,Step1_Model3_EQB_CH1,Step2_Model3_EQC_CH1,Step3_Model2_EQC_CH1,Step4_Model3_EQC_CH2,Step5_Model2_EQA_CH2,Step6_Model1_EQB_CH1,Step7_Model1_EQC_CH1,Step8_Model1_EQC_CH2,Step9_Model1_EQB_CH3,Step10_Model1_EQA_CH4,Step11_Model1_EQB_CH4,Step12_Model1_EQB_CH1,Step13_Model3_EQA_CH3,Step14_Model2_EQB_CH2,Step15_Model1_EQC_CH1,Step16_Model2_EQA_CH3,Step17_Model3_EQB_CH3,Step18_Model2_EQC_CH3,Step19_Model3_EQA_CH2,Step20_Model1_EQB_CH2,Step21_Model3_EQC_CH4,Step22_Model3_EQB_CH4,Step23_Model3_EQC_CH3,Step24_Model2_EQA_CH3,Step25_Model1_EQB_CH2,Step26_Model3_EQB_CH4,Step27_Model1_EQA_CH3,Step28_Model2_EQB_CH4,Step29_Model1_EQB_CH4,Step30_Model1_EQB_CH3,,,,,,,65.31,,,,60.21,,,,,,,50.45,,,,,,43.06,,,,,,,,,,,,,,,,,,,,,,,,,,,,,,,,,,,,,,,,
L008W19,L008,19,Step1_Model3_EQB_CH2,Step2_Model3_EQC_CH3,Step3_Model2_EQC_CH3,Step4_Model3_EQC_CH4,Step5_Model2_EQA_CH3,Step6_Model1_EQB_CH2,Step7_Model1_EQC_CH3,Step8_Model1_EQC_CH2,Step9_Model1_EQB_CH2,Step10_Model1_EQA_CH4,Step11_Model1_EQB_CH1,Step12_Model1_EQB_CH1,Step13_Model3_EQA_CH4,Step14_Model2_EQB_CH3,Step15_Model1_EQC_CH4,Step16_Model2_EQA_CH2,Step17_Model3_EQB_CH1,Step18_Model2_EQC_CH4,Step19_Model3_EQA_CH3,Step20_Model1_EQB_CH4,Step21_Model3_EQC_CH1,Step22_Model3_EQB_CH4,Step23_Model3_EQC_CH4,Step24_Model2_EQA_CH1,Step25_Model1_EQB_CH2,Step26_Model3_EQB_CH2,Step27_Model1_EQA_CH1,Step28_Model2_EQB_CH4,Step29_Model1_EQB_CH1,Step30_Model1_EQB_CH2,,,,,,,,,,,,,,,,58.07,,42.83,42.77,,,,,,,,30.72,,,,,,,,40.53,,,61.87,,,,,,,,,,,,,,,,,,,,,,,,,,
L008W20,L008,20,Step1_Model3_EQB_CH3,Step2_Model3_EQC_CH4,Step3_Model2_EQC_CH2,Step4_Model3_EQC_CH4,Step5_Model2_EQA_CH1,Step6_Model1_EQB_CH3,Step7_Model1_EQC_CH1,Step8_Model1_EQC_CH3,Step9_Model1_EQB_CH4,Step10_Model1_EQA_CH4,Step11_Model1_EQB_CH1,Step12_Model1_EQB_CH3,Step13_Model3_EQA_CH3,Step14_Model2_EQB_CH4,Step15_Model1_EQC_CH1,Step16_Model2_EQA_CH3,Step17_Model3_EQB_CH4,Step18_Model2_EQC_CH2,Step19_Model3_EQA_CH1,Step20_Model1_EQB_CH2,Step21_Model3_EQC_CH1,Step22_Model3_EQB_CH4,Step23_Model3_EQC_CH3,Step24_Model2_EQA_CH3,Step25_Model1_EQB_CH3,Step26_Model3_EQB_CH1,Step27_Model1_EQA_CH4,Step28_Model2_EQB_CH2,Step29_Model1_EQB_CH4,Step30_Model1_EQB_CH2,,,,,,,,60.52,,55.87,,,,,44.45,,,,43.68,,,36.31,,,,,,62.22,,,62.17,,,,,,,,,,,,,,,,50.35,,,,,,,,,,10,,,,,,,
L008W21,L008,21,Step1_Model3_EQB_CH1,Step2_Model3_EQC_CH1,Step3_Model2_EQC_CH2,Step4_Model3_EQC_CH2,Step5_Model2_EQA_CH2,Step6_Model1_EQB_CH4,Step7_Model1_EQC_CH2,Step8_Model1_EQC_CH1,Step9_Model1_EQB_CH1,Step10_Model1_EQA_CH3,Step11_Model1_EQB_CH2,Step12_Model1_EQB_CH4,Step13_Model3_EQA_CH4,Step14_Model2_EQB_CH4,Step15_Model1_EQC_CH3,Step16_Model2_EQA_CH1,Step17_Model3_EQB_CH4,Step18_Model2_EQC_CH1,Step19_Model3_EQA_CH3,Step20_Model1_EQB_CH2,Step21_Model3_EQC_CH2,Step22_Model3_EQB_CH2,Step23_Model3_EQC_CH4,Step24_Model2_EQA_CH2,Step25_Model1_EQB_CH4,Step26_Model3_EQB_CH3,Step27_Model1_EQA_CH3,Step28_Model2_EQB_CH4,Step29_Model1_EQB_CH1,Step30_Model1_EQB_CH2,,,,,,,,,,68.23,56.07,36.81,41.56,,,,,,,43.68,37.39,41.46,,,43.32,,,,56.8,,,46.02,,,,59.69,,,,,,,,,,,,38.01,,,,,,,,,,,,,,,,
L008W22,L008,22,Step1_Model3_EQB_CH2,Step2_Model3_EQC_CH2,Step3_Model2_EQC_CH4,Step4_Model3_EQC_CH3,Step5_Model2_EQA_CH2,Step6_Model1_EQB_CH3,Step7_Model1_EQC_CH2,Step8_Model1_EQC_CH2,Step9_Model1_EQB_CH4,Step10_Model1_EQA_CH1,Step11_Model1_EQB_CH4,Step12_Model1_EQB_CH2,Step13_Model3_EQA_CH2,Step14_Model2_EQB_CH1,Step15_Model1_EQC_CH3,Step16_Model2_EQA_CH3,Step17_Model3_EQB_CH2,Step18_Model2_EQC_CH3,Step19_Model3_EQA_CH2,Step20_Model1_EQB_CH1,Step21_Model3_EQC_CH1,Step22_Model3_EQB_CH2,Step23_Model3_EQC_CH1,Step24_Model2_EQA_CH4,Step25_Model1_EQB_CH4,Step26_Model3_EQB_CH1,Step27_Model1_EQA_CH2,Step28_Model2_EQB_CH2,Step29_Model1_EQB_CH1,Step30_Model1_EQB_CH3,,,,,,,,80.75,,,,,,,,,,,,,,,,,,,,,56.79,,,,44.82,,,,,,60.49,,,56.14,,,,,,,,,,,,,,,,,,,,,,
L008W23,L008,23,Step1_Model3_EQB_CH4,Step2_Model3_EQC_CH3,Step3_Model2_EQC_CH2,Step4_Model3_EQC_CH2,Step5_Model2_EQA_CH3,Step6_Model1_EQB_CH1,Step7_Model1_EQC_CH3,Step8_Model1_EQC_CH3,Step9_Model1_EQB_CH4,Step10_Model1_EQA_CH4,Step11_Model1_EQB_CH3,Step12_Model1_EQB_CH3,Step13_Model3_EQA_CH2,Step14_Model2_EQB_CH4,Step15_Model1_EQC_CH4,Step16_Model2_EQA_CH2,Step17_Model3_EQB_CH1,Step18_Model2_EQC_CH4,Step19_Model3_EQA_CH4,Step20_Model1_EQB_CH1,Step21_Model3_EQC_CH4,Step22_Model3_EQB_CH4,Step23_Model3_EQC_CH1,Step24_Model2_EQA_CH1,Step25_Model1_EQB_CH3,Step26_Model3_EQB_CH2,Step27_Model1_EQA_CH2,Step28_Model2_EQB_CH1,Step29_Model1_EQB_CH1,Step30_Model1_EQB_CH4,,35.22,,46.36,,,65.52,,,,,38.92,,,45.25,,64.34,,,,,,,,,,,,,,,,,,45.6,,,,,,,,,,,,,,7,,,,,,,,,,,,,,,
L008W24,L008,24,Step1_Model3_EQB_CH3,Step2_Model3_EQC_CH3,Step3_Model2_EQC_CH1,Step4_Model3_EQC_CH4,Step5_Model2_EQA_CH4,Step6_Model1_EQB_CH2,Step7_Model1_EQC_CH2,Step8_Model1_EQC_CH4,Step9_Model1_EQB_CH2,Step10_Model1_EQA_CH1,Step11_Model1_EQB_CH4,Step12_Model1_EQB_CH2,Step13_Model3_EQA_CH3,Step14_Model2_EQB_CH4,Step15_Model1_EQC_CH4,Step16_Model2_EQA_CH3,Step17_Model3_EQB_CH1,Step18_Model2_EQC_CH3,Step19_Model3_EQA_CH4,Step20_Model1_EQB_CH1,Step21_Model3_EQC_CH2,Step22_Model3_EQB_CH2,Step23_Model3_EQC_CH2,Step24_Model2_EQA_CH4,Step25_Model1_EQB_CH3,Step26_Model3_EQB_CH1,Step27_Model1_EQA_CH2,Step28_Model2_EQB_CH1,Step29_Model1_EQB_CH4,Step30_Model1_EQB_CH2,,,39.81,,,,65.49,,,,,,,,,,,,,,,,,,43.33,,,,,,,,,,44.7,,53.96,,,,,,,,,,,37.85,,,,,,,,,6,,,,,,,
L008W25,L008,25,Step1_Model3_EQB_CH4,Step2_Model3_EQC_CH3,Step3_Model2_EQC_CH4,Step4_Model3_EQC_CH4,Step5_Model2_EQA_CH3,Step6_Model1_EQB_CH1,Step7_Model1_EQC_CH3,Step8_Model1_EQC_CH3,Step9_Model1_EQB_CH4,Step10_Model1_EQA_CH1,Step11_Model1_EQB_CH2,Step12_Model1_EQB_CH3,Step13_Model3_EQA_CH1,Step14_Model2_EQB_CH3,Step15_Model1_EQC_CH3,Step16_Model2_EQA_CH3,Step17_Model3_EQB_CH3,Step18_Model2_EQC_CH4,Step19_Model3_EQA_CH1,Step20_Model1_EQB_CH1,Step21_Model3_EQC_CH1,Step22_Model3_EQB_CH3,Step23_Model3_EQC_CH4,Step24_Model2_EQA_CH3,Step25_Model1_EQB_CH3,Step26_Model3_EQB_CH1,Step27_Model1_EQA_CH3,Step28_Model2_EQB_CH2,Step29_Model1_EQB_CH3,Step30_Model1_EQB_CH2,,,,,46.78,54.29,62.96,,,,,,,,48.43,62.82,,47.95,,,,,,,,,,,,,,,,,50.46,56.57,,,,,,,59.2,,,48.54,,,,,,,,,,,,,,,,,,
L009W01,L009,1,Step1_Model3_EQA_CH1,Step2_Model3_EQB_CH4,Step3_Model2_EQC_CH1,Step4_Model2_EQB_CH3,Step5_Model1_EQC_CH1,Step6_Model3_EQC_CH3,Step7_Model2_EQC_CH3,Step8_Model3_EQA_CH1,Step9_Model1_EQA_CH1,Step10_Model2_EQC_CH2,Step11_Model1_EQA_CH2,Step12_Model1_EQC_CH2,Step13_Model3_EQC_CH3,Step14_Model2_EQB_CH1,Step15_Model1_EQC_CH4,Step16_Model1_EQC_CH3,Step17_Model3_EQC_CH4,Step18_Model2_EQB_CH1,Step19_Model3_EQA_CH3,Step20_Model3_EQC_CH4,Step21_Model1_EQC_CH4,Step22_Model1_EQB_CH2,Step23_Model2_EQA_CH2,Step24_Model2_EQB_CH2,Step25_Model1_EQB_CH3,Step26_Model3_EQC_CH1,Step27_Model1_EQB_CH1,Step28_Model3_EQC_CH2,Step29_Model2_EQB_CH2,Step30_Model3_EQC_CH2,,,,40.96,,,63.47,68.17,,67.51,47.88,,,,,,,,48,,,,,,,,,,,,,,,48.79,,62.13,,,,,,,,59.71,61.98,,51.34,,,,,10,,,,,,,,,,,,
L009W02,L009,2,Step1_Model3_EQA_CH4,Step2_Model3_EQB_CH2,Step3_Model2_EQC_CH4,Step4_Model2_EQB_CH1,Step5_Model1_EQC_CH3,Step6_Model3_EQC_CH3,Step7_Model2_EQC_CH3,Step8_Model3_EQA_CH3,Step9_Model1_EQA_CH4,Step10_Model2_EQC_CH4,Step11_Model1_EQA_CH2,Step12_Model1_EQC_CH4,Step13_Model3_EQC_CH2,Step14_Model2_EQB_CH2,Step15_Model1_EQC_CH3,Step16_Model1_EQC_CH4,Step17_Model3_EQC_CH4,Step18_Model2_EQB_CH2,Step19_Model3_EQA_CH2,Step20_Model3_EQC_CH1,Step21_Model1_EQC_CH1,Step22_Model1_EQB_CH2,Step23_Model2_EQA_CH1,Step24_Model2_EQB_CH1,Step25_Model1_EQB_CH2,Step26_Model3_EQC_CH2,Step27_Model1_EQB_CH4,Step28_Model3_EQC_CH2,Step29_Model2_EQB_CH2,Step30_Model3_EQC_CH3,,,,,,,72.65,,,,,38.4,,42.36,,64.11,,,,,,,40.82,,38.66,,,,,,,,,,,,,,58.04,,,,,,,,,,,,,,,,,,,,,,,,,
L009W03,L009,3,Step1_Model3_EQA_CH4,Step2_Model3_EQB_CH4,Step3_Model2_EQC_CH4,Step4_Model2_EQB_CH3,Step5_Model1_EQC_CH2,Step6_Model3_EQC_CH4,Step7_Model2_EQC_CH4,Step8_Model3_EQA_CH1,Step9_Model1_EQA_CH4,Step10_Model2_EQC_CH2,Step11_Model1_EQA_CH2,Step12_Model1_EQC_CH1,Step13_Model3_EQC_CH4,Step14_Model2_EQB_CH4,Step15_Model1_EQC_CH4,Step16_Model1_EQC_CH3,Step17_Model3_EQC_CH4,Step18_Model2_EQB_CH2,Step19_Model3_EQA_CH2,Step20_Model3_EQC_CH3,Step21_Model1_EQC_CH3,Step22_Model1_EQB_CH4,Step23_Model2_EQA_CH1,Step24_Model2_EQB_CH3,Step25_Model1_EQB_CH3,Step26_Model3_EQC_CH4,Step27_Model1_EQB_CH4,Step28_Model3_EQC_CH3,Step29_Model2_EQB_CH1,Step30_Model3_EQC_CH3,,,,,42.99,,,,,,,,,,,,,,,,,,,38.16,37.67,,,,,,,,,,,,,,,,37.6,,,,,,,,,,,,,,,,,,,,,,,
L009W04,L009,4,Step1_Model3_EQA_CH4,Step2_Model3_EQB_CH4,Step3_Model2_EQC_CH3,Step4_Model2_EQB_CH1,Step5_Model1_EQC_CH3,Step6_Model3_EQC_CH3,Step7_Model2_EQC_CH4,Step8_Model3_EQA_CH1,Step9_Model1_EQA_CH2,Step10_Model2_EQC_CH1,Step11_Model1_EQA_CH3,Step12_Model1_EQC_CH3,Step13_Model3_EQC_CH3,Step14_Model2_EQB_CH1,Step15_Model1_EQC_CH4,Step16_Model1_EQC_CH3,Step17_Model3_EQC_CH3,Step18_Model2_EQB_CH1,Step19_Model3_EQA_CH2,Step20_Model3_EQC_CH2,Step21_Model1_EQC_CH4,Step22_Model1_EQB_CH4,Step23_Model2_EQA_CH3,Step24_Model2_EQB_CH1,Step25_Model1_EQB_CH3,Step26_Model3_EQC_CH4,Step27_Model1_EQB_CH1,Step28_Model3_EQC_CH1,Step29_Model2_EQB_CH4,Step30_Model3_EQC_CH2,,,,,,,,,,,,,,,46.9,,,,,,,,,,,,,,,,,,,,41.25,,,,,,,58.95,,,58.76,,,,,,,,,,,,,,,,,,,
L009W05,L009,5,Step1_Model3_EQA_CH2,Step2_Model3_EQB_CH1,Step3_Model2_EQC_CH3,Step4_Model2_EQB_CH2,Step5_Model1_EQC_CH3,Step6_Model3_EQC_CH2,Step7_Model2_EQC_CH2,Step8_Model3_EQA_CH3,Step9_Model1_EQA_CH4,Step10_Model2_EQC_CH2,Step11_Model1_EQA_CH2,Step12_Model1_EQC_CH3,Step13_Model3_EQC_CH4,Step14_Model2_EQB_CH2,Step15_Model1_EQC_CH2,Step16_Model1_EQC_CH4,Step17_Model3_EQC_CH2,Step18_Model2_EQB_CH4,Step19_Model3_EQA_CH4,Step20_Model3_EQC_CH3,Step21_Model1_EQC_CH1,Step22_Model1_EQB_CH4,Step23_Model2_EQA_CH3,Step24_Model2_EQB_CH1,Step25_Model1_EQB_CH2,Step26_Model3_EQC_CH1,Step27_Model1_EQB_CH4,Step28_Model3_EQC_CH4,Step29_Model2_EQB_CH4,Step30_Model3_EQC_CH4,,,,,43.97,,,,67.05,,,,,,,,,,44.12,,,,,,,55.31,,,,,,,,,,,,,,,,,,,,,,,,,,,,,,,,,,,,,,
L009W06,L009,6,Step1_Model3_EQA_CH4,Step2_Model3_EQB_CH3,Step3_Model2_EQC_CH4,Step4_Model2_EQB_CH3,Step5_Model1_EQC_CH2,Step6_Model3_EQC_CH4,Step7_Model2_EQC_CH4,Step8_Model3_EQA_CH1,Step9_Model1_EQA_CH2,Step10_Model2_EQC_CH4,Step11_Model1_EQA_CH4,Step12_Model1_EQC_CH2,Step13_Model3_EQC_CH3,Step14_Model2_EQB_CH4,Step15_Model1_EQC_CH1,Step16_Model1_EQC_CH4,Step17_Model3_EQC_CH1,Step18_Model2_EQB_CH1,Step19_Model3_EQA_CH4,Step20_Model3_EQC_CH4,Step21_Model1_EQC_CH1,Step22_Model1_EQB_CH2,Step23_Model2_EQA_CH2,Step24_Model2_EQB_CH4,Step25_Model1_EQB_CH3,Step26_Model3_EQC_CH2,Step27_Model1_EQB_CH4,Step28_Model3_EQC_CH2,Step29_Model2_EQB_CH3,Step30_Model3_EQC_CH4,,,,,,54.69,,,,,,,,,48.96,,,,,,,,,,,,,,,,,,50.48,42.57,,55.22,,58.8,,,,,,,,,,,,,,,,,,,,,,,,,,
L009W07,L009,7,Step1_Model3_EQA_CH3,Step2_Model3_EQB_CH4,Step3_Model2_EQC_CH3,Step4_Model2_EQB_CH2,Step5_Model1_EQC_CH2,Step6_Model3_EQC_CH3,Step7_Model2_EQC_CH3,Step8_Model3_EQA_CH3,Step9_Model1_EQA_CH4,Step10_Model2_EQC_CH2,Step11_Model1_EQA_CH4,Step12_Model1_EQC_CH2,Step13_Model3_EQC_CH1,Step14_Model2_EQB_CH4,Step15_Model1_EQC_CH2,Step16_Model1_EQC_CH2,Step17_Model3_EQC_CH4,Step18_Model2_EQB_CH4,Step19_Model3_EQA_CH2,Step20_Model3_EQC_CH4,Step21_Model1_EQC_CH3,Step22_Model1_EQB_CH4,Step23_Model2_EQA_CH4,Step24_Model2_EQB_CH4,Step25_Model1_EQB_CH2,Step26_Model3_EQC_CH3,Step27_Model1_EQB_CH1,Step28_Model3_EQC_CH1,Step29_Model2_EQB_CH3,Step30_Model3_EQC_CH3,33.96,34.79,44.48,,,,,,,,,42.49,,,,,,42.88,,,35.43,31.6,,,,,,,,45.07,,,,,,,,,,,,,,61.63,,,,,,,,,,,,,,10,,,,,,
L009W08,L009,8,Step1_Model3_EQA_CH3,Step2_Model3_EQB_CH2,Step3_Model2_EQC_CH1,Step4_Model2_EQB_CH3,Step5_Model1_EQC_CH2,Step6_Model3_EQC_CH1,Step7_Model2_EQC_CH4,Step8_Model3_EQA_CH2,Step9_Model1_EQA_CH1,Step10_Model2_EQC_CH2,Step11_Model1_EQA_CH1,Step12_Model1_EQC_CH1,Step13_Model3_EQC_CH4,Step14_Model2_EQB_CH2,Step15_Model1_EQC_CH3,Step16_Model1_EQC_CH4,Step17_Model3_EQC_CH4,Step18_Model2_EQB_CH1,Step19_Model3_EQA_CH3,Step20_Model3_EQC_CH2,Step21_Model1_EQC_CH3,Step22_Model1_EQB_CH3,Step23_Model2_EQA_CH3,Step24_Model2_EQB_CH3,Step25_Model1_EQB_CH3,Step26_Model3_EQC_CH1,Step27_Model1_EQB_CH1,Step28_Model3_EQC_CH4,Step29_Model2_EQB_CH1,Step30_Model3_EQC_CH4,,,,45.39,,,,,,68.24,,,,,,,,,,,,,,,38.86,,,,,,,,,,41.46,,,,53.14,,,57.92,,,,,,37.52,,,11,,,,,,,,,,,,,
L009W09,L009,9,Step1_Model3_EQA_CH4,Step2_Model3_EQB_CH2,Step3_Model2_EQC_CH3,Step4_Model2_EQB_CH1,Step5_Model1_EQC_CH2,Step6_Model3_EQC_CH1,Step7_Model2_EQC_CH4,Step8_Model3_EQA_CH1,Step9_Model1_EQA_CH3,Step10_Model2_EQC_CH4,Step11_Model1_EQA_CH4,Step12_Model1_EQC_CH2,Step13_Model3_EQC_CH3,Step14_Model2_EQB_CH4,Step15_Model1_EQC_CH3,Step16_Model1_EQC_CH1,Step17_Model3_EQC_CH3,Step18_Model2_EQB_CH4,Step19_Model3_EQA_CH2,Step20_Model3_EQC_CH4,Step21_Model1_EQC_CH3,Step22_Model1_EQB_CH3,Step23_Model2_EQA_CH4,Step24_Model2_EQB_CH3,Step25_Model1_EQB_CH1,Step26_Model3_EQC_CH4,Step27_Model1_EQB_CH2,Step28_Model3_EQC_CH4,Step29_Model2_EQB_CH1,Step30_Model3_EQC_CH1,33.03,,,,,,,,,,,,,,,,57.3,,,,56,,44.78,,,,,55.53,,42.99,,,,52.9,,,,,,,,,,,,,,,,,,,,,,,,,,,,,,
L009W10,L009,10,Step1_Model3_EQA_CH1,Step2_Model3_EQB_CH1,Step3_Model2_EQC_CH1,Step4_Model2_EQB_CH2,Step5_Model1_EQC_CH3,Step6_Model3_EQC_CH1,Step7_Model2_EQC_CH1,Step8_Model3_EQA_CH4,Step9_Model1_EQA_CH2,Step10_Model2_EQC_CH2,Step11_Model1_EQA_CH3,Step12_Model1_EQC_CH2,Step13_Model3_EQC_CH4,Step14_Model2_EQB_CH4,Step15_Model1_EQC_CH3,Step16_Model1_EQC_CH4,Step17_Model3_EQC_CH1,Step18_Model2_EQB_CH1,Step19_Model3_EQA_CH4,Step20_Model3_EQC_CH3,Step21_Model1_EQC_CH2,Step22_Model1_EQB_CH3,Step23_Model2_EQA_CH2,Step24_Model2_EQB_CH4,Step25_Model1_EQB_CH4,Step26_Model3_EQC_CH1,Step27_Model1_EQB_CH2,Step28_Model3_EQC_CH3,Step29_Model2_EQB_CH4,Step30_Model3_EQC_CH3,,,,,,,,,,,,,43.11,,,,,,,43.4,,,,,,,,,45.65,,,,,,,,,,67,,,,58.03,,,,,,,,,,,,,,,,,,,,,
L009W11,L009,11,Step1_Model3_EQA_CH1,Step2_Model3_EQB_CH2,Step3_Model2_EQC_CH2,Step4_Model2_EQB_CH4,Step5_Model1_EQC_CH2,Step6_Model3_EQC_CH4,Step7_Model2_EQC_CH1,Step8_Model3_EQA_CH2,Step9_Model1_EQA_CH4,Step10_Model2_EQC_CH3,Step11_Model1_EQA_CH4,Step12_Model1_EQC_CH2,Step13_Model3_EQC_CH1,Step14_Model2_EQB_CH2,Step15_Model1_EQC_CH2,Step16_Model1_EQC_CH4,Step17_Model3_EQC_CH3,Step18_Model2_EQB_CH2,Step19_Model3_EQA_CH3,Step20_Model3_EQC_CH4,Step21_Model1_EQC_CH3,Step22_Model1_EQB_CH4,Step23_Model2_EQA_CH1,Step24_Model2_EQB_CH3,Step25_Model1_EQB_CH3,Step26_Model3_EQC_CH1,Step27_Model1_EQB_CH3,Step28_Model3_EQC_CH1,Step29_Model2_EQB_CH2,Step30_Model3_EQC_CH4,,,,,,,62.91,,,,,,,38.53,,,,,40.76,39.86,,,,32.8,,,,,,,,,,40.88,,,,55.57,,,41.45,,,,61.15,56.2,,37,,,,,,,,,,,,,,,,
L009W12,L009,12,Step1_Model3_EQA_CH1,Step2_Model3_EQB_CH3,Step3_Model2_EQC_CH1,Step4_Model2_EQB_CH3,Step5_Model1_EQC_CH2,Step6_Model3_EQC_CH1,Step7_Model2_EQC_CH2,Step8_Model3_EQA_CH4,Step9_Model1_EQA_CH3,Step10_Model2_EQC_CH3,Step11_Model1_EQA_CH2,Step12_Model1_EQC_CH4,Step13_Model3_EQC_CH1,Step14_Model2_EQB_CH1,Step15_Model1_EQC_CH3,Step16_Model1_EQC_CH2,Step17_Model3_EQC_CH2,Step18_Model2_EQB_CH1,Step19_Model3_EQA_CH4,Step20_Model3_EQC_CH4,Step21_Model1_EQC_CH1,Step22_Model1_EQB_CH1,Step23_Model2_EQA_CH2,Step24_Model2_EQB_CH4,Step25_Model1_EQB_CH1,Step26_Model3_EQC_CH1,Step27_Model1_EQB_CH3,Step28_Model3_EQC_CH1,Step29_Model2_EQB_CH1,Step30_Model3_EQC_CH4,,32.98,,,,55.91,,,,,54.67,43.31,33.89,,,,45.8,,,44.81,,,,,,,,,,,,,42.47,,,,61.97,,,,,,,,,52.13,57.89,,9,,,,11,,,,,,,,,,,
L009W13,L009,13,Step1_Model3_EQA_CH2,Step2_Model3_EQB_CH4,Step3_Model2_EQC_CH2,Step4_Model2_EQB_CH3,Step5_Model1_EQC_CH1,Step6_Model3_EQC_CH3,Step7_Model2_EQC_CH2,Step8_Model3_EQA_CH4,Step9_Model1_EQA_CH4,Step10_Model2_EQC_CH3,Step11_Model1_EQA_CH2,Step12_Model1_EQC_CH3,Step13_Model3_EQC_CH3,Step14_Model2_EQB_CH1,Step15_Model1_EQC_CH3,Step16_Model1_EQC_CH1,Step17_Model3_EQC_CH1,Step18_Model2_EQB_CH4,Step19_Model3_EQA_CH1,Step20_Model3_EQC_CH1,Step21_Model1_EQC_CH4,Step22_Model1_EQB_CH3,Step23_Model2_EQA_CH2,Step24_Model2_EQB_CH2,Step25_Model1_EQB_CH2,Step26_Model3_EQC_CH3,Step27_Model1_EQB_CH1,Step28_Model3_EQC_CH2,Step29_Model2_EQB_CH3,Step30_Model3_EQC_CH1,,,40.83,44.55,,,,66.9,,,,,,,,,,42.59,,,,,,40.82,35.62,,,,,51.17,,,44.1,,,,,,,,,,,,,,,,,,,,,,,,12,,,,,,,
L009W14,L009,14,Step1_Model3_EQA_CH4,Step2_Model3_EQB_CH2,Step3_Model2_EQC_CH1,Step4_Model2_EQB_CH2,Step5_Model1_EQC_CH2,Step6_Model3_EQC_CH2,Step7_Model2_EQC_CH1,Step8_Model3_EQA_CH3,Step9_Model1_EQA_CH1,Step10_Model2_EQC_CH2,Step11_Model1_EQA_CH1,Step12_Model1_EQC_CH4,Step13_Model3_EQC_CH3,Step14_Model2_EQB_CH1,Step15_Model1_EQC_CH4,Step16_Model1_EQC_CH3,Step17_Model3_EQC_CH4,Step18_Model2_EQB_CH3,Step19_Model3_EQA_CH1,Step20_Model3_EQC_CH4,Step21_Model1_EQC_CH2,Step22_Model1_EQB_CH4,Step23_Model2_EQA_CH3,Step24_Model2_EQB_CH1,Step25_Model1_EQB_CH3,Step26_Model3_EQC_CH4,Step27_Model1_EQB_CH4,Step28_Model3_EQC_CH2,Step29_Model2_EQB_CH1,Step30_Model3_EQC_CH1,,34.06,43.63,,,,,,,,54.5,,,,,61.99,,41.18,,,,,,,,,,,,,65.45,,,,40.76,74.62,,,,,,54.07,61.38,,,,,,,,10,,,,,,,,,,,,,
L009W15,L009,15,Step1_Model3_EQA_CH4,Step2_Model3_EQB_CH1,Step3_Model2_EQC_CH2,Step4_Model2_EQB_CH3,Step5_Model1_EQC_CH1,Step6_Model3_EQC_CH4,Step7_Model2_EQC_CH3,Step8_Model3_EQA_CH3,Step9_Model1_EQA_CH2,Step10_Model2_EQC_CH4,Step11_Model1_EQA_CH1,Step12_Model1_EQC_CH4,Step13_Model3_EQC_CH3,Step14_Model2_EQB_CH4,Step15_Model1_EQC_CH1,Step16_Model1_EQC_CH1,Step17_Model3_EQC_CH2,Step18_Model2_EQB_CH1,Step19_Model3_EQA_CH1,Step20_Model3_EQC_CH4,Step21_Model1_EQC_CH4,Step22_Model1_EQB_CH3,Step23_Model2_EQA_CH2,Step24_Model2_EQB_CH4,Step25_Model1_EQB_CH1,Step26_Model3_EQC_CH3,Step27_Model1_EQB_CH4,Step28_Model3_EQC_CH2,Step29_Model2_EQB_CH2,Step30_Model3_EQC_CH3,,,,43.28,,,,,,66.99,52.03,,,,44.34,,,,,42.38,,,,,,,,66.45,,,,,,,,,55.33,,56.05,,,63.3,,,57.93,,,,,,,,,,,,,,,,,,,
L009W16,L009,16,Step1_Model3_EQA_CH3,Step2_Model3_EQB_CH3,Step3_Model2_EQC_CH3,Step4_Model2_EQB_CH3,Step5_Model1_EQC_CH1,Step6_Model3_EQC_CH1,Step7_Model2_EQC_CH4,Step8_Model3_EQA_CH2,Step9_Model1_EQA_CH1,Step10_Model2_EQC_CH1,Step11_Model1_EQA_CH1,Step12_Model1_EQC_CH4,Step13_Model3_EQC_CH3,Step14_Model2_EQB_CH4,Step15_Model1_EQC_CH2,Step16_Model1_EQC_CH2,Step17_Model3_EQC_CH2,Step18_Model2_EQB_CH2,Step19_Model3_EQA_CH1,Step20_Model3_EQC_CH1,Step21_Model1_EQC_CH4,Step22_Model1_EQB_CH3,Step23_Model2_EQA_CH2,Step24_Model2_EQB_CH4,Step25_Model1_EQB_CH1,Step26_Model3_EQC_CH1,Step27_Model1_EQB_CH3,Step28_Model3_EQC_CH3,Step29_Model2_EQB_CH3,Step30_Model3_EQC_CH4,,,,,,48.83,,,,,,,,,,,,,58.7,39.61,,38.25,,,,,35.81,,,,,,45.64,,,,55.24,,,,,,,,,,,32.33,,,,,12,,,,,,,,,,,
L009W17,L009,17,Step1_Model3_EQA_CH1,Step2_Model3_EQB_CH1,Step3_Model2_EQC_CH3,Step4_Model2_EQB_CH2,Step5_Model1_EQC_CH3,Step6_Model3_EQC_CH4,Step7_Model2_EQC_CH3,Step8_Model3_EQA_CH3,Step9_Model1_EQA_CH4,Step10_Model2_EQC_CH3,Step11_Model1_EQA_CH1,Step12_Model1_EQC_CH2,Step13_Model3_EQC_CH3,Step14_Model2_EQB_CH4,Step15_Model1_EQC_CH2,Step16_Model1_EQC_CH4,Step17_Model3_EQC_CH2,Step18_Model2_EQB_CH2,Step19_Model3_EQA_CH3,Step20_Model3_EQC_CH1,Step21_Model1_EQC_CH3,Step22_Model1_EQB_CH4,Step23_Model2_EQA_CH4,Step24_Model2_EQB_CH2,Step25_Model1_EQB_CH2,Step26_Model3_EQC_CH1,Step27_Model1_EQB_CH3,Step28_Model3_EQC_CH4,Step29_Model2_EQB_CH2,Step30_Model3_EQC_CH1,,,,48.3,,,,,,63.39,,,,,,,,,40.48,,,,,,39.96,,,,,,,,42.97,,,52.67,,62.68,,,32.96,,,,,,54.22,,,,,,,,,,,,,,,,,
L009W18,L009,18,Step1_Model3_EQA_CH4,Step2_Model3_EQB_CH2,Step3_Model2_EQC_CH4,Step4_Model2_EQB_CH1,Step5_Model1_EQC_CH1,Step6_Model3_EQC_CH4,Step7_Model2_EQC_CH3,Step8_Model3_EQA_CH4,Step9_Model1_EQA_CH2,Step10_Model2_EQC_CH3,Step11_Model1_EQA_CH2,Step12_Model1_EQC_CH4,Step13_Model3_EQC_CH3,Step14_Model2_EQB_CH2,Step15_Model1_EQC_CH4,Step16_Model1_EQC_CH4,Step17_Model3_EQC_CH3,Step18_Model2_EQB_CH4,Step19_Model3_EQA_CH1,Step20_Model3_EQC_CH2,Step21_Model1_EQC_CH2,Step22_Model1_EQB_CH4,Step23_Model2_EQA_CH4,Step24_Model2_EQB_CH1,Step25_Model1_EQB_CH3,Step26_Model3_EQC_CH4,Step27_Model1_EQB_CH4,Step28_Model3_EQC_CH4,Step29_Model2_EQB_CH4,Step30_Model3_EQC_CH2,,,,,,,,,,,,,,,,,,,,,,,,,,,41.82,54.41,,,,,,43.02,40.62,,,,,,,,,,,,,,,,,,,,,,,,,,,,,
L009W19,L009,19,Step1_Model3_EQA_CH4,Step2_Model3_EQB_CH2,Step3_Model2_EQC_CH4,Step4_Model2_EQB_CH3,Step5_Model1_EQC_CH1,Step6_Model3_EQC_CH3,Step7_Model2_EQC_CH4,Step8_Model3_EQA_CH4,Step9_Model1_EQA_CH4,Step10_Model2_EQC_CH3,Step11_Model1_EQA_CH4,Step12_Model1_EQC_CH3,Step13_Model3_EQC_CH2,Step14_Model2_EQB_CH1,Step15_Model1_EQC_CH1,Step16_Model1_EQC_CH3,Step17_Model3_EQC_CH2,Step18_Model2_EQB_CH3,Step19_Model3_EQA_CH2,Step20_Model3_EQC_CH4,Step21_Model1_EQC_CH2,Step22_Model1_EQB_CH2,Step23_Model2_EQA_CH2,Step24_Model2_EQB_CH1,Step25_Model1_EQB_CH2,Step26_Model3_EQC_CH4,Step27_Model1_EQB_CH4,Step28_Model3_EQC_CH4,Step29_Model2_EQB_CH2,Step30_Model3_EQC_CH3,,,,,,,,,,,,41.08,,,,,,,,,,,,,,,,,,,,41.97,46.28,,,,,,,,,,,,,55.56,,,,,,,,,,,10,,,,,,,
L009W20,L009,20,Step1_Model3_EQA_CH3,Step2_Model3_EQB_CH4,Step3_Model2_EQC_CH1,Step4_Model2_EQB_CH3,Step5_Model1_EQC_CH2,Step6_Model3_EQC_CH3,Step7_Model2_EQC_CH4,Step8_Model3_EQA_CH1,Step9_Model1_EQA_CH3,Step10_Model2_EQC_CH3,Step11_Model1_EQA_CH4,Step12_Model1_EQC_CH1,Step13_Model3_EQC_CH1,Step14_Model2_EQB_CH4,Step15_Model1_EQC_CH2,Step16_Model1_EQC_CH3,Step17_Model3_EQC_CH2,Step18_Model2_EQB_CH3,Step19_Model3_EQA_CH3,Step20_Model3_EQC_CH2,Step21_Model1_EQC_CH4,Step22_Model1_EQB_CH4,Step23_Model2_EQA_CH3,Step24_Model2_EQB_CH4,Step25_Model1_EQB_CH3,Step26_Model3_EQC_CH4,Step27_Model1_EQB_CH3,Step28_Model3_EQC_CH4,Step29_Model2_EQB_CH1,Step30_Model3_EQC_CH2,,,,,,,,,,,,,,,,,,42.88,,,,,,,,,,,,,,,47.58,,,61.39,,,,,,,50.89,,,,,,,,,,,,,,11,,,,,,,
L009W21,L009,21,Step1_Model3_EQA_CH1,Step2_Model3_EQB_CH2,Step3_Model2_EQC_CH2,Step4_Model2_EQB_CH3,Step5_Model1_EQC_CH2,Step6_Model3_EQC_CH1,Step7_Model2_EQC_CH1,Step8_Model3_EQA_CH4,Step9_Model1_EQA_CH1,Step10_Model2_EQC_CH4,Step11_Model1_EQA_CH2,Step12_Model1_EQC_CH1,Step13_Model3_EQC_CH2,Step14_Model2_EQB_CH1,Step15_Model1_EQC_CH1,Step16_Model1_EQC_CH4,Step17_Model3_EQC_CH2,Step18_Model2_EQB_CH1,Step19_Model3_EQA_CH3,Step20_Model3_EQC_CH2,Step21_Model1_EQC_CH2,Step22_Model1_EQB_CH2,Step23_Model2_EQA_CH4,Step24_Model2_EQB_CH3,Step25_Model1_EQB_CH2,Step26_Model3_EQC_CH1,Step27_Model1_EQB_CH1,Step28_Model3_EQC_CH4,Step29_Model2_EQB_CH1,Step30_Model3_EQC_CH2,,,,,,,,,,,,,43.71,,,,,,,,,,,,,63.31,,,,,,,,,,55.16,59.44,,,,,59.18,,,,,,,,,,,,,,,12,,,,,,,
L009W22,L009,22,Step1_Model3_EQA_CH1,Step2_Model3_EQB_CH2,Step3_Model2_EQC_CH1,Step4_Model2_EQB_CH3,Step5_Model1_EQC_CH4,Step6_Model3_EQC_CH4,Step7_Model2_EQC_CH3,Step8_Model3_EQA_CH3,Step9_Model1_EQA_CH4,Step10_Model2_EQC_CH3,Step11_Model1_EQA_CH2,Step12_Model1_EQC_CH1,Step13_Model3_EQC_CH4,Step14_Model2_EQB_CH3,Step15_Model1_EQC_CH2,Step16_Model1_EQC_CH4,Step17_Model3_EQC_CH3,Step18_Model2_EQB_CH4,Step19_Model3_EQA_CH3,Step20_Model3_EQC_CH4,Step21_Model1_EQC_CH2,Step22_Model1_EQB_CH2,Step23_Model2_EQA_CH1,Step24_Model2_EQB_CH4,Step25_Model1_EQB_CH1,Step26_Model3_EQC_CH4,Step27_Model1_EQB_CH3,Step28_Model3_EQC_CH3,Step29_Model2_EQB_CH1,Step30_Model3_EQC_CH4,,35.04,,,,49.38,,,,,,54.26,,,,,,,,,,,,,,,,,,,,,,,,,56.76,,,,,58.12,,,,,,,,,,,,,,,,,,,,,,
L009W23,L009,23,Step1_Model3_EQA_CH1,Step2_Model3_EQB_CH2,Step3_Model2_EQC_CH1,Step4_Model2_EQB_CH1,Step5_Model1_EQC_CH3,Step6_Model3_EQC_CH1,Step7_Model2_EQC_CH4,Step8_Model3_EQA_CH3,Step9_Model1_EQA_CH1,Step10_Model2_EQC_CH2,Step11_Model1_EQA_CH1,Step12_Model1_EQC_CH1,Step13_Model3_EQC_CH1,Step14_Model2_EQB_CH3,Step15_Model1_EQC_CH4,Step16_Model1_EQC_CH2,Step17_Model3_EQC_CH1,Step18_Model2_EQB_CH4,Step19_Model3_EQA_CH4,Step20_Model3_EQC_CH3,Step21_Model1_EQC_CH2,Step22_Model1_EQB_CH3,Step23_Model2_EQA_CH4,Step24_Model2_EQB_CH4,Step25_Model1_EQB_CH4,Step26_Model3_EQC_CH3,Step27_Model1_EQB_CH2,Step28_Model3_EQC_CH1,Step29_Model2_EQB_CH3,Step30_Model3_EQC_CH4,35.13,,,,,,59.84,,,,,,,,47.12,,,,,,,,,,,,,,,,,,41.84,,,52.97,,,,,,,,,,,52.65,,,,,,,,,,,,,,,,,
L009W24,L009,24,Step1_Model3_EQA_CH3,Step2_Model3_EQB_CH4,Step3_Model2_EQC_CH1,Step4_Model2_EQB_CH1,Step5_Model1_EQC_CH2,Step6_Model3_EQC_CH4,Step7_Model2_EQC_CH2,Step8_Model3_EQA_CH2,Step9_Model1_EQA_CH1,Step10_Model2_EQC_CH3,Step11_Model1_EQA_CH3,Step12_Model1_EQC_CH2,Step13_Model3_EQC_CH1,Step14_Model2_EQB_CH4,Step15_Model1_EQC_CH3,Step16_Model1_EQC_CH2,Step17_Model3_EQC_CH3,Step18_Model2_EQB_CH3,Step19_Model3_EQA_CH4,Step20_Model3_EQC_CH1,Step21_Model1_EQC_CH4,Step22_Model1_EQB_CH1,Step23_Model2_EQA_CH3,Step24_Model2_EQB_CH2,Step25_Model1_EQB_CH4,Step26_Model3_EQC_CH1,Step27_Model1_EQB_CH3,Step28_Model3_EQC_CH1,Step29_Model2_EQB_CH1,Step30_Model3_EQC_CH1,,,,,,,,,,,,,38.36,,,,,,43.43,,37.55,41.25,,,,,,,,,45.15,,,,,,,67.75,,,,,,51.51,,56.14,,,,,,,,,,,,,,,,,,
L009W25,L009,25,Step1_Model3_EQA_CH3,Step2_Model3_EQB_CH2,Step3_Model2_EQC_CH2,Step4_Model2_EQB_CH2,Step5_Model1_EQC_CH1,Step6_Model3_EQC_CH3,Step7_Model2_EQC_CH1,Step8_Model3_EQA_CH2,Step9_Model1_EQA_CH2,Step10_Model2_EQC_CH3,Step11_Model1_EQA_CH1,Step12_Model1_EQC_CH4,Step13_Model3_EQC_CH4,Step14_Model2_EQB_CH2,Step15_Model1_EQC_CH3,Step16_Model1_EQC_CH1,Step17_Model3_EQC_CH1,Step18_Model2_EQB_CH2,Step19_Model3_EQA_CH2,Step20_Model3_EQC_CH1,Step21_Model1_EQC_CH1,Step22_Model1_EQB_CH2,Step23_Model2_EQA_CH1,Step24_Model2_EQB_CH4,Step25_Model1_EQB_CH2,Step26_Model3_EQC_CH1,Step27_Model1_EQB_CH2,Step28_Model3_EQC_CH3,Step29_Model2_EQB_CH2,Step30_Model3_EQC_CH2,,,,,,,,,,65.75,,,,,,,,,42.84,,,,38.95,,,,,,,,,,,,,,,,62.2,,,,,,,,55.87,,,,,,,,,,,,,,,,,
L010W01,L010,1,Step1_Model3_EQA_CH3,Step2_Model3_EQB_CH2,Step3_Model1_EQC_CH4,Step4_Model1_EQA_CH4,Step5_Model3_EQA_CH3,Step6_Model3_EQB_CH4,Step7_Model1_EQB_CH4,Step8_Model2_EQA_CH4,Step9_Model3_EQA_CH2,Step10_Model2_EQB_CH4,Step11_Model3_EQA_CH1,Step12_Model2_EQB_CH2,Step13_Model2_EQC_CH4,Step14_Model2_EQB_CH4,Step15_Model1_EQA_CH1,Step16_Model2_EQB_CH2,Step17_Model1_EQC_CH3,Step18_Model3_EQC_CH3,Step19_Model3_EQC_CH2,Step20_Model3_EQC_CH4,Step21_Model3_EQA_CH4,Step22_Model3_EQC_CH3,Step23_Model3_EQB_CH3,Step24_Model1_EQA_CH3,Step25_Model1_EQC_CH1,Step26_Model3_EQB_CH3,Step27_Model1_EQC_CH1,Step28_Model1_EQB_CH2,Step29_Model2_EQB_CH4,Step30_Model1_EQC_CH3,,,,41.02,,,,,,,,,,,,,,45.49,,,37.98,,,,,,,,,46.78,,,,,,,,,,,34.55,,,,62.34,,,,,,,,,,,,,,,,,,,
L010W02,L010,2,Step1_Model3_EQA_CH4,Step2_Model3_EQB_CH4,Step3_Model1_EQC_CH3,Step4_Model1_EQA_CH3,Step5_Model3_EQA_CH2,Step6_Model3_EQB_CH1,Step7_Model1_EQB_CH1,Step8_Model2_EQA_CH4,Step9_Model3_EQA_CH3,Step10_Model2_EQB_CH2,Step11_Model3_EQA_CH2,Step12_Model2_EQB_CH2,Step13_Model2_EQC_CH2,Step14_Model2_EQB_CH2,Step15_Model1_EQA_CH1,Step16_Model2_EQB_CH1,Step17_Model1_EQC_CH1,Step18_Model3_EQC_CH3,Step19_Model3_EQC_CH4,Step20_Model3_EQC_CH2,Step21_Model3_EQA_CH3,Step22_Model3_EQC_CH2,Step23_Model3_EQB_CH1,Step24_Model1_EQA_CH3,Step25_Model1_EQC_CH1,Step26_Model3_EQB_CH2,Step27_Model1_EQC_CH2,Step28_Model1_EQB_CH4,Step29_Model2_EQB_CH2,Step30_Model1_EQC_CH1,,,,,,,,47.45,,,,,34.79,,,63,,,,50.88,,,,,,,,,,49.45,,43.87,,,,,,,,,41.98,,,,66.91,47.6,,,,,,,,,,,,,,,,,,
L010W03,L010,3,Step1_Model3_EQA_CH2,Step2_Model3_EQB_CH4,Step3_Model1_EQC_CH4,Step4_Model1_EQA_CH1,Step5_Model3_EQA_CH3,Step6_Model3_EQB_CH2,Step7_Model1_EQB_CH4,Step8_Model2_EQA_CH2,Step9_Model3_EQA_CH2,Step10_Model2_EQB_CH3,Step11_Model3_EQA_CH4,Step12_Model2_EQB_CH2,Step13_Model2_EQC_CH4,Step14_Model2_EQB_CH1,Step15_Model1_EQA_CH1,Step16_Model2_EQB_CH2,Step17_Model1_EQC_CH4,Step18_Model3_EQC_CH2,Step19_Model3_EQC_CH4,Step20_Model3_EQC_CH4,Step21_Model3_EQA_CH3,Step22_Model3_EQC_CH3,Step23_Model3_EQB_CH3,Step24_Model1_EQA_CH2,Step25_Model1_EQC_CH3,Step26_Model3_EQB_CH3,Step27_Model1_EQC_CH1,Step28_Model1_EQB_CH4,Step29_Model2_EQB_CH4,Step30_Model1_EQC_CH3,,,43.96,,,,,58.92,,,,,38.13,,,,,,,,22.4,,,,,,,,,,,,46.79,,,,63.69,,71.5,,,,,,,,,,,,,,,,,,,,,,,,,
L010W04,L010,4,Step1_Model3_EQA_CH4,Step2_Model3_EQB_CH1,Step3_Model1_EQC_CH1,Step4_Model1_EQA_CH3,Step5_Model3_EQA_CH1,Step6_Model3_EQB_CH4,Step7_Model1_EQB_CH2,Step8_Model2_EQA_CH4,Step9_Model3_EQA_CH2,Step10_Model2_EQB_CH3,Step11_Model3_EQA_CH2,Step12_Model2_EQB_CH1,Step13_Model2_EQC_CH4,Step14_Model2_EQB_CH2,Step15_Model1_EQA_CH4,Step16_Model2_EQB_CH3,Step17_Model1_EQC_CH3,Step18_Model3_EQC_CH1,Step19_Model3_EQC_CH3,Step20_Model3_EQC_CH2,Step21_Model3_EQA_CH3,Step22_Model3_EQC_CH1,Step23_Model3_EQB_CH4,Step24_Model1_EQA_CH4,Step25_Model1_EQC_CH3,Step26_Model3_EQB_CH2,Step27_Model1_EQC_CH1,Step28_Model1_EQB_CH2,Step29_Model2_EQB_CH1,Step30_Model1_EQC_CH3,,,,,,,,,,,,,,,,,,,,,,,,34.63,,,,,,,,,41.44,,,61.11,,,58.48,67.25,42.22,58.99,,,,49.54,,30.96,,,,,,,,,,,,,,,,
L010W05,L010,5,Step1_Model3_EQA_CH1,Step2_Model3_EQB_CH1,Step3_Model1_EQC_CH3,Step4_Model1_EQA_CH2,Step5_Model3_EQA_CH3,Step6_Model3_EQB_CH1,Step7_Model1_EQB_CH3,Step8_Model2_EQA_CH1,Step9_Model3_EQA_CH3,Step10_Model2_EQB_CH4,Step11_Model3_EQA_CH4,Step12_Model2_EQB_CH3,Step13_Model2_EQC_CH2,Step14_Model2_EQB_CH1,Step15_Model1_EQA_CH4,Step16_Model2_EQB_CH2,Step17_Model1_EQC_CH1,Step18_Model3_EQC_CH4,Step19_Model3_EQC_CH4,Step20_Model3_EQC_CH3,Step21_Model3_EQA_CH1,Step22_Model3_EQC_CH2,Step23_Model3_EQB_CH2,Step24_Model1_EQA_CH2,Step25_Model1_EQC_CH1,Step26_Model3_EQB_CH2,Step27_Model1_EQC_CH2,Step28_Model1_EQB_CH2,Step29_Model2_EQB_CH3,Step30_Model1_EQC_CH3,41.98,,,,,,,,,,,,,,,59.88,,58.7,,34.56,,,,,,,,56.42,,,,,,,30.35,,67.9,,,,,,,,57.58,,,,,8,,,,,,,,,,,,,,
L010W06,L010,6,Step1_Model3_EQA_CH1,Step2_Model3_EQB_CH1,Step3_Model1_EQC_CH2,Step4_Model1_EQA_CH3,Step5_Model3_EQA_CH4,Step6_Model3_EQB_CH4,Step7_Model1_EQB_CH2,Step8_Model2_EQA_CH2,Step9_Model3_EQA_CH3,Step10_Model2_EQB_CH3,Step11_Model3_EQA_CH3,Step12_Model2_EQB_CH1,Step13_Model2_EQC_CH1,Step14_Model2_EQB_CH2,Step15_Model1_EQA_CH1,Step16_Model2_EQB_CH3,Step17_Model1_EQC_CH3,Step18_Model3_EQC_CH1,Step19_Model3_EQC_CH4,Step20_Model3_EQC_CH2,Step21_Model3_EQA_CH4,Step22_Model3_EQC_CH2,Step23_Model3_EQB_CH4,Step24_Model1_EQA_CH1,Step25_Model1_EQC_CH2,Step26_Model3_EQB_CH2,Step27_Model1_EQC_CH2,Step28_Model1_EQB_CH3,Step29_Model2_EQB_CH3,Step30_Model1_EQC_CH4,33.68,,,,,,,,,,,38.2,,,,,,58.7,,,,,,,,,,,,,61.4,,,,,,,,59.6,,37.08,,,,,,49.5,,,,,,,7,,,,,,,,,,
L010W07,L010,7,Step1_Model3_EQA_CH1,Step2_Model3_EQB_CH3,Step3_Model1_EQC_CH2,Step4_Model1_EQA_CH3,Step5_Model3_EQA_CH1,Step6_Model3_EQB_CH3,Step7_Model1_EQB_CH2,Step8_Model2_EQA_CH4,Step9_Model3_EQA_CH2,Step10_Model2_EQB_CH1,Step11_Model3_EQA_CH4,Step12_Model2_EQB_CH3,Step13_Model2_EQC_CH3,Step14_Model2_EQB_CH3,Step15_Model1_EQA_CH4,Step16_Model2_EQB_CH2,Step17_Model1_EQC_CH4,Step18_Model3_EQC_CH4,Step19_Model3_EQC_CH1,Step20_Model3_EQC_CH4,Step21_Model3_EQA_CH3,Step22_Model3_EQC_CH2,Step23_Model3_EQB_CH2,Step24_Model1_EQA_CH2,Step25_Model1_EQC_CH3,Step26_Model3_EQB_CH3,Step27_Model1_EQC_CH3,Step28_Model1_EQB_CH3,Step29_Model2_EQB_CH3,Step30_Model1_EQC_CH4,35.23,,,,45.65,,,,,,,,,,,57.74,,,,,,,,,,,35.72,,,,,,,,,,,63.56,,,,,58.48,,,,,,,,,,,,,,,,,,,,,
L010W08,L010,8,Step1_Model3_EQA_CH3,Step2_Model3_EQB_CH3,Step3_Model1_EQC_CH3,Step4_Model1_EQA_CH3,Step5_Model3_EQA_CH2,Step6_Model3_EQB_CH3,Step7_Model1_EQB_CH4,Step8_Model2_EQA_CH4,Step9_Model3_EQA_CH4,Step10_Model2_EQB_CH1,Step11_Model3_EQA_CH2,Step12_Model2_EQB_CH3,Step13_Model2_EQC_CH1,Step14_Model2_EQB_CH3,Step15_Model1_EQA_CH1,Step16_Model2_EQB_CH1,Step17_Model1_EQC_CH4,Step18_Model3_EQC_CH4,Step19_Model3_EQC_CH1,Step20_Model3_EQC_CH4,Step21_Model3_EQA_CH1,Step22_Model3_EQC_CH2,Step23_Model3_EQB_CH4,Step24_Model1_EQA_CH4,Step25_Model1_EQC_CH4,Step26_Model3_EQB_CH2,Step27_Model1_EQC_CH1,Step28_Model1_EQB_CH3,Step29_Model2_EQB_CH4,Step30_Model1_EQC_CH1,,,,,,,,,,66.39,,,,,,57.45,58.1,,42.4,,,41.55,,,,,38.66,,,,,,,,48.31,,,,,,32.49,,54,,,,,,,,,,,,,,,,,,,,,
L010W09,L010,9,Step1_Model3_EQA_CH2,Step2_Model3_EQB_CH3,Step3_Model1_EQC_CH4,Step4_Model1_EQA_CH2,Step5_Model3_EQA_CH2,Step6_Model3_EQB_CH3,Step7_Model1_EQB_CH1,Step8_Model2_EQA_CH4,Step9_Model3_EQA_CH4,Step10_Model2_EQB_CH1,Step11_Model3_EQA_CH1,Step12_Model2_EQB_CH1,Step13_Model2_EQC_CH3,Step14_Model2_EQB_CH3,Step15_Model1_EQA_CH4,Step16_Model2_EQB_CH3,Step17_Model1_EQC_CH2,Step18_Model3_EQC_CH4,Step19_Model3_EQC_CH3,Step20_Model3_EQC_CH1,Step21_Model3_EQA_CH2,Step22_Model3_EQC_CH1,Step23_Model3_EQB_CH4,Step24_Model1_EQA_CH1,Step25_Model1_EQC_CH3,Step26_Model3_EQB_CH3,Step27_Model1_EQC_CH4,Step28_Model1_EQB_CH1,Step29_Model2_EQB_CH4,Step30_Model1_EQC_CH1,,32.08,,,44.34,,,63.75,,,,,35.53,,,,,36.94,,,,,,,,,,,,44.69,,,,,,,59.46,,,58.51,,,,,63.46,,,,13,,,,,13,,,,,,,,,,
L010W10,L010,10,Step1_Model3_EQA_CH2,Step2_Model3_EQB_CH3,Step3_Model1_EQC_CH4,Step4_Model1_EQA_CH2,Step5_Model3_EQA_CH2,Step6_Model3_EQB_CH4,Step7_Model1_EQB_CH4,Step8_Model2_EQA_CH2,Step9_Model3_EQA_CH1,Step10_Model2_EQB_CH2,Step11_Model3_EQA_CH4,Step12_Model2_EQB_CH2,Step13_Model2_EQC_CH1,Step14_Model2_EQB_CH3,Step15_Model1_EQA_CH3,Step16_Model2_EQB_CH2,Step17_Model1_EQC_CH1,Step18_Model3_EQC_CH3,Step19_Model3_EQC_CH2,Step20_Model3_EQC_CH2,Step21_Model3_EQA_CH1,Step22_Model3_EQC_CH4,Step23_Model3_EQB_CH2,Step24_Model1_EQA_CH4,Step25_Model1_EQC_CH4,Step26_Model3_EQB_CH3,Step27_Model1_EQC_CH4,Step28_Model1_EQB_CH1,Step29_Model2_EQB_CH3,Step30_Model1_EQC_CH3,,,,,,,,,,,,,,,,63.45,,,,,,,,37.46,,,,57.86,54.99,42.29,60.51,,,,,,,,,53.44,,,,,,,,,,,,,,,,,,,,,,,,
L010W11,L010,11,Step1_Model3_EQA_CH3,Step2_Model3_EQB_CH2,Step3_Model1_EQC_CH2,Step4_Model1_EQA_CH4,Step5_Model3_EQA_CH3,Step6_Model3_EQB_CH3,Step7_Model1_EQB_CH1,Step8_Model2_EQA_CH4,Step9_Model3_EQA_CH1,Step10_Model2_EQB_CH4,Step11_Model3_EQA_CH4,Step12_Model2_EQB_CH2,Step13_Model2_EQC_CH2,Step14_Model2_EQB_CH1,Step15_Model1_EQA_CH4,Step16_Model2_EQB_CH3,Step17_Model1_EQC_CH2,Step18_Model3_EQC_CH3,Step19_Model3_EQC_CH1,Step20_Model3_EQC_CH2,Step21_Model3_EQA_CH2,Step22_Model3_EQC_CH4,Step23_Model3_EQB_CH1,Step24_Model1_EQA_CH4,Step25_Model1_EQC_CH2,Step26_Model3_EQB_CH1,Step27_Model1_EQC_CH2,Step28_Model1_EQB_CH1,Step29_Model2_EQB_CH2,Step30_Model1_EQC_CH3,,,,41.03,,,,,,,,,,,,,,,,58.7,,,,,,,26.57,,,,,46.61,,44,,59.66,,,57.32,76.45,34.19,,,,,,,,,,,6,,,,,,,,,,,,
L010W12,L010,12,Step1_Model3_EQA_CH3,Step2_Model3_EQB_CH4,Step3_Model1_EQC_CH3,Step4_Model1_EQA_CH2,Step5_Model3_EQA_CH2,Step6_Model3_EQB_CH3,Step7_Model1_EQB_CH4,Step8_Model2_EQA_CH3,Step9_Model3_EQA_CH1,Step10_Model2_EQB_CH1,Step11_Model3_EQA_CH1,Step12_Model2_EQB_CH3,Step13_Model2_EQC_CH3,Step14_Model2_EQB_CH3,Step15_Model1_EQA_CH1,Step16_Model2_EQB_CH4,Step17_Model1_EQC_CH2,Step18_Model3_EQC_CH3,Step19_Model3_EQC_CH4,Step20_Model3_EQC_CH2,Step21_Model3_EQA_CH2,Step22_Model3_EQC_CH2,Step23_Model3_EQB_CH4,Step24_Model1_EQA_CH4,Step25_Model1_EQC_CH1,Step26_Model3_EQB_CH4,Step27_Model1_EQC_CH4,Step28_Model1_EQB_CH4,Step29_Model2_EQB_CH2,Step30_Model1_EQC_CH3,,,46.33,,,,,,,,,,,,,,,,,44.26,,,,40.94,,,,,,46.97,,,,43.54,,,,59.74,,63.24,,56.87,,,,,46.26,,,,,,,,,,,,,,,,,
L010W13,L010,13,Step1_Model3_EQA_CH1,Step2_Model3_EQB_CH3,Step3_Model1_EQC_CH3,Step4_Model1_EQA_CH4,Step5_Model3_EQA_CH1,Step6_Model3_EQB_CH3,Step7_Model1_EQB_CH3,Step8_Model2_EQA_CH1,Step9_Model3_EQA_CH4,Step10_Model2_EQB_CH3,Step11_Model3_EQA_CH2,Step12_Model2_EQB_CH3,Step13_Model2_EQC_CH2,Step14_Model2_EQB_CH4,Step15_Model1_EQA_CH3,Step16_Model2_EQB_CH1,Step17_Model1_EQC_CH1,Step18_Model3_EQC_CH3,Step19_Model3_EQC_CH4,Step20_Model3_EQC_CH4,Step21_Model3_EQA_CH1,Step22_Model3_EQC_CH3,Step23_Model3_EQB_CH4,Step24_Model1_EQA_CH1,Step25_Model1_EQC_CH2,Step26_Model3_EQB_CH3,Step27_Model1_EQC_CH2,Step28_Model1_EQB_CH2,Step29_Model2_EQB_CH4,Step30_Model1_EQC_CH4,39.08,,,,,,,,,69.13,,,,,,,,,,,,,,,,,,,,,55.23,,48.54,,,,,,,,,,,,,,,36.79,,10,,,,,,8,,,,,,,,
L010W14,L010,14,Step1_Model3_EQA_CH4,Step2_Model3_EQB_CH3,Step3_Model1_EQC_CH2,Step4_Model1_EQA_CH3,Step5_Model3_EQA_CH4,Step6_Model3_EQB_CH2,Step7_Model1_EQB_CH3,Step8_Model2_EQA_CH3,Step9_Model3_EQA_CH1,Step10_Model2_EQB_CH3,Step11_Model3_EQA_CH4,Step12_Model2_EQB_CH3,Step13_Model2_EQC_CH2,Step14_Model2_EQB_CH3,Step15_Model1_EQA_CH1,Step16_Model2_EQB_CH2,Step17_Model1_EQC_CH2,Step18_Model3_EQC_CH1,Step19_Model3_EQC_CH4,Step20_Model3_EQC_CH2,Step21_Model3_EQA_CH4,Step22_Model3_EQC_CH2,Step23_Model3_EQB_CH2,Step24_Model1_EQA_CH4,Step25_Model1_EQC_CH2,Step26_Model3_EQB_CH4,Step27_Model1_EQC_CH1,Step28_Model1_EQB_CH4,Step29_Model2_EQB_CH1,Step30_Model1_EQC_CH2,,31.15,,,40.06,,,,,,,,,,46.95,58.76,,,40.48,,,,,,,,,,,,,,,,,60.06,,,,,,73.1,,,,,55.36,,,,,,,,,,,,,,,,,
L010W15,L010,15,Step1_Model3_EQA_CH4,Step2_Model3_EQB_CH2,Step3_Model1_EQC_CH4,Step4_Model1_EQA_CH1,Step5_Model3_EQA_CH1,Step6_Model3_EQB_CH4,Step7_Model1_EQB_CH1,Step8_Model2_EQA_CH2,Step9_Model3_EQA_CH2,Step10_Model2_EQB_CH3,Step11_Model3_EQA_CH1,Step12_Model2_EQB_CH2,Step13_Model2_EQC_CH4,Step14_Model2_EQB_CH1,Step15_Model1_EQA_CH2,Step16_Model2_EQB_CH1,Step17_Model1_EQC_CH4,Step18_Model3_EQC_CH2,Step19_Model3_EQC_CH3,Step20_Model3_EQC_CH3,Step21_Model3_EQA_CH1,Step22_Model3_EQC_CH4,Step23_Model3_EQB_CH2,Step24_Model1_EQA_CH4,Step25_Model1_EQC_CH2,Step26_Model3_EQB_CH1,Step27_Model1_EQC_CH2,Step28_Model1_EQB_CH4,Step29_Model2_EQB_CH4,Step30_Model1_EQC_CH1,,,,,,51.61,60.29,,,,,,,,,61.93,,38.94,41.05,,,,,,28.63,74.01,,62,,,,,,42.74,,,,,,,,,,,,,,,10,,,,,,,,,,,,,,,
L010W16,L010,16,Step1_Model3_EQA_CH4,Step2_Model3_EQB_CH2,Step3_Model1_EQC_CH1,Step4_Model1_EQA_CH2,Step5_Model3_EQA_CH4,Step6_Model3_EQB_CH1,Step7_Model1_EQB_CH2,Step8_Model2_EQA_CH4,Step9_Model3_EQA_CH4,Step10_Model2_EQB_CH3,Step11_Model3_EQA_CH4,Step12_Model2_EQB_CH2,Step13_Model2_EQC_CH1,Step14_Model2_EQB_CH3,Step15_Model1_EQA_CH4,Step16_Model2_EQB_CH4,Step17_Model1_EQC_CH4,Step18_Model3_EQC_CH2,Step19_Model3_EQC_CH3,Step20_Model3_EQC_CH2,Step21_Model3_EQA_CH3,Step22_Model3_EQC_CH1,Step23_Model3_EQB_CH2,Step24_Model1_EQA_CH2,Step25_Model1_EQC_CH1,Step26_Model3_EQB_CH3,Step27_Model1_EQC_CH4,Step28_Model1_EQB_CH1,Step29_Model2_EQB_CH4,Step30_Model1_EQC_CH4,,,,,,,,,64.96,,,,43.17,,,59.26,,,,42.35,,,42.91,33.53,,,,,,,,44.25,,,,,,,60.52,,,,,,,,,39.5,,,,,10,,,,,,,,,,,
L010W17,L010,17,Step1_Model3_EQA_CH1,Step2_Model3_EQB_CH3,Step3_Model1_EQC_CH4,Step4_Model1_EQA_CH1,Step5_Model3_EQA_CH2,Step6_Model3_EQB_CH2,Step7_Model1_EQB_CH2,Step8_Model2_EQA_CH1,Step9_Model3_EQA_CH2,Step10_Model2_EQB_CH4,Step11_Model3_EQA_CH2,Step12_Model2_EQB_CH2,Step13_Model2_EQC_CH4,Step14_Model2_EQB_CH2,Step15_Model1_EQA_CH4,Step16_Model2_EQB_CH2,Step17_Model1_EQC_CH4,Step18_Model3_EQC_CH2,Step19_Model3_EQC_CH4,Step20_Model3_EQC_CH1,Step21_Model3_EQA_CH4,Step22_Model3_EQC_CH2,Step23_Model3_EQB_CH2,Step24_Model1_EQA_CH3,Step25_Model1_EQC_CH4,Step26_Model3_EQB_CH1,Step27_Model1_EQC_CH4,Step28_Model1_EQB_CH4,Step29_Model2_EQB_CH1,Step30_Model1_EQC_CH4,,,38.27,,,,,,,,55.78,41.83,,38.94,,,64.92,,,,,,,,,,33.68,,,,,,,,,,,58.67,,,,,,,,,,,,,,9,,,,,,,,,,,,
L010W18,L010,18,Step1_Model3_EQA_CH1,Step2_Model3_EQB_CH1,Step3_Model1_EQC_CH4,Step4_Model1_EQA_CH4,Step5_Model3_EQA_CH2,Step6_Model3_EQB_CH2,Step7_Model1_EQB_CH3,Step8_Model2_EQA_CH3,Step9_Model3_EQA_CH4,Step10_Model2_EQB_CH1,Step11_Model3_EQA_CH3,Step12_Model2_EQB_CH4,Step13_Model2_EQC_CH3,Step14_Model2_EQB_CH1,Step15_Model1_EQA_CH4,Step16_Model2_EQB_CH1,Step17_Model1_EQC_CH4,Step18_Model3_EQC_CH3,Step19_Model3_EQC_CH2,Step20_Model3_EQC_CH3,Step21_Model3_EQA_CH3,Step22_Model3_EQC_CH2,Step23_Model3_EQB_CH2,Step24_Model1_EQA_CH4,Step25_Model1_EQC_CH4,Step26_Model3_EQB_CH1,Step27_Model1_EQC_CH1,Step28_Model1_EQB_CH3,Step29_Model2_EQB_CH2,Step30_Model1_EQC_CH1,,38.79,,,46.17,,47.45,,,,,,,,,,,,,,,,31.68,,,,,,70.55,,,,,,,,,,,57.49,,,,64.53,,54.92,,,,,,,,10,,,,,,,,,,
L010W19,L010,19,Step1_Model3_EQA_CH3,Step2_Model3_EQB_CH2,Step3_Model1_EQC_CH4,Step4_Model1_EQA_CH3,Step5_Model3_EQA_CH4,Step6_Model3_EQB_CH1,Step7_Model1_EQB_CH1,Step8_Model2_EQA_CH2,Step9_Model3_EQA_CH3,Step10_Model2_EQB_CH4,Step11_Model3_EQA_CH2,Step12_Model2_EQB_CH1,Step13_Model2_EQC_CH1,Step14_Model2_EQB_CH3,Step15_Model1_EQA_CH4,Step16_Model2_EQB_CH3,Step17_Model1_EQC_CH4,Step18_Model3_EQC_CH4,Step19_Model3_EQC_CH3,Step20_Model3_EQC_CH2,Step21_Model3_EQA_CH3,Step22_Model3_EQC_CH3,Step23_Model3_EQB_CH1,Step24_Model1_EQA_CH1,Step25_Model1_EQC_CH3,Step26_Model3_EQB_CH3,Step27_Model1_EQC_CH1,Step28_Model1_EQB_CH4,Step29_Model2_EQB_CH3,Step30_Model1_EQC_CH2,,,,47.8,,52.24,,,,,35.35,,39.88,,39.11,,,,,,,41.34,,,,,,,,,,41.88,,,,,,,64.34,,,,,,,,50.14,,,,,,,,,,,,,,,,,
L010W20,L010,20,Step1_Model3_EQA_CH2,Step2_Model3_EQB_CH2,Step3_Model1_EQC_CH3,Step4_Model1_EQA_CH4,Step5_Model3_EQA_CH4,Step6_Model3_EQB_CH1,Step7_Model1_EQB_CH3,Step8_Model2_EQA_CH4,Step9_Model3_EQA_CH3,Step10_Model2_EQB_CH1,Step11_Model3_EQA_CH1,Step12_Model2_EQB_CH1,Step13_Model2_EQC_CH2,Step14_Model2_EQB_CH3,Step15_Model1_EQA_CH1,Step16_Model2_EQB_CH3,Step17_Model1_EQC_CH2,Step18_Model3_EQC_CH2,Step19_Model3_EQC_CH1,Step20_Model3_EQC_CH1,Step21_Model3_EQA_CH4,Step22_Model3_EQC_CH3,Step23_Model3_EQB_CH1,Step24_Model1_EQA_CH4,Step25_Model1_EQC_CH3,Step26_Model3_EQB_CH1,Step27_Model1_EQC_CH4,Step28_Model1_EQB_CH4,Step29_Model2_EQB_CH3,Step30_Model1_EQC_CH4,,,,,,,,,,,,,41.43,,47.51,,,46.07,47.38,42.14,,,,33.35,,,,60.35,,,,,,,30.35,,66.04,,,,,,,,,,,,,,,,,,,,,,,,,,,
L010W21,L010,21,Step1_Model3_EQA_CH3,Step2_Model3_EQB_CH3,Step3_Model1_EQC_CH3,Step4_Model1_EQA_CH2,Step5_Model3_EQA_CH4,Step6_Model3_EQB_CH3,Step7_Model1_EQB_CH1,Step8_Model2_EQA_CH2,Step9_Model3_EQA_CH2,Step10_Model2_EQB_CH4,Step11_Model3_EQA_CH3,Step12_Model2_EQB_CH4,Step13_Model2_EQC_CH2,Step14_Model2_EQB_CH3,Step15_Model1_EQA_CH1,Step16_Model2_EQB_CH3,Step17_Model1_EQC_CH2,Step18_Model3_EQC_CH1,Step19_Model3_EQC_CH3,Step20_Model3_EQC_CH1,Step21_Model3_EQA_CH1,Step22_Model3_EQC_CH2,Step23_Model3_EQB_CH1,Step24_Model1_EQA_CH4,Step25_Model1_EQC_CH2,Step26_Model3_EQB_CH4,Step27_Model1_EQC_CH1,Step28_Model1_EQB_CH4,Step29_Model2_EQB_CH3,Step30_Model1_EQC_CH1,,,,,,,68.71,,,,,,,,,61.81,55.36,,43.64,,,,,,,,,,,46.01,,,,,,,59.8,,,,,,,,,,,32.93,,,12,,,,,,,,,,,,,
L010W22,L010,22,Step1_Model3_EQA_CH3,Step2_Model3_EQB_CH4,Step3_Model1_EQC_CH3,Step4_Model1_EQA_CH1,Step5_Model3_EQA_CH3,Step6_Model3_EQB_CH4,Step7_Model1_EQB_CH4,Step8_Model2_EQA_CH4,Step9_Model3_EQA_CH1,Step10_Model2_EQB_CH4,Step11_Model3_EQA_CH1,Step12_Model2_EQB_CH3,Step13_Model2_EQC_CH4,Step14_Model2_EQB_CH3,Step15_Model1_EQA_CH2,Step16_Model2_EQB_CH3,Step17_Model1_EQC_CH2,Step18_Model3_EQC_CH3,Step19_Model3_EQC_CH1,Step20_Model3_EQC_CH3,Step21_Model3_EQA_CH1,Step22_Model3_EQC_CH1,Step23_Model3_EQB_CH4,Step24_Model1_EQA_CH1,Step25_Model1_EQC_CH2,Step26_Model3_EQB_CH4,Step27_Model1_EQC_CH4,Step28_Model1_EQB_CH3,Step29_Model2_EQB_CH1,Step30_Model1_EQC_CH1,,,,,,,,,,,,,,,,58.74,,,,,,,,,,,,,,48.71,,,,,,,,,,62.33,,53.16,,,,,,,,,,,,,,,,,,,,,,
L010W23,L010,23,Step1_Model3_EQA_CH2,Step2_Model3_EQB_CH3,Step3_Model1_EQC_CH3,Step4_Model1_EQA_CH4,Step5_Model3_EQA_CH4,Step6_Model3_EQB_CH4,Step7_Model1_EQB_CH2,Step8_Model2_EQA_CH2,Step9_Model3_EQA_CH4,Step10_Model2_EQB_CH3,Step11_Model3_EQA_CH2,Step12_Model2_EQB_CH3,Step13_Model2_EQC_CH3,Step14_Model2_EQB_CH1,Step15_Model1_EQA_CH4,Step16_Model2_EQB_CH1,Step17_Model1_EQC_CH4,Step18_Model3_EQC_CH4,Step19_Model3_EQC_CH3,Step20_Model3_EQC_CH4,Step21_Model3_EQA_CH3,Step22_Model3_EQC_CH3,Step23_Model3_EQB_CH4,Step24_Model1_EQA_CH3,Step25_Model1_EQC_CH3,Step26_Model3_EQB_CH3,Step27_Model1_EQC_CH2,Step28_Model1_EQB_CH3,Step29_Model2_EQB_CH2,Step30_Model1_EQC_CH2,,,,,48.87,,,,,,,,,,,64.41,,,,45.2,38.69,,,,,,,,,,,,,,,56.74,,,,,,,61.84,,62.48,,,,,,,,,,,,,,,,,,,
L010W24,L010,24,Step1_Model3_EQA_CH3,Step2_Model3_EQB_CH3,Step3_Model1_EQC_CH2,Step4_Model1_EQA_CH2,Step5_Model3_EQA_CH3,Step6_Model3_EQB_CH3,Step7_Model1_EQB_CH4,Step8_Model2_EQA_CH2,Step9_Model3_EQA_CH2,Step10_Model2_EQB_CH4,Step11_Model3_EQA_CH2,Step12_Model2_EQB_CH1,Step13_Model2_EQC_CH2,Step14_Model2_EQB_CH4,Step15_Model1_EQA_CH1,Step16_Model2_EQB_CH3,Step17_Model1_EQC_CH4,Step18_Model3_EQC_CH4,Step19_Model3_EQC_CH3,Step20_Model3_EQC_CH4,Step21_Model3_EQA_CH2,Step22_Model3_EQC_CH3,Step23_Model3_EQB_CH4,Step24_Model1_EQA_CH3,Step25_Model1_EQC_CH3,Step26_Model3_EQB_CH3,Step27_Model1_EQC_CH1,Step28_Model1_EQB_CH4,Step29_Model2_EQB_CH1,Step30_Model1_EQC_CH4,,,,,37.06,,,,,,,39.88,,,,,62.17,,,,,,,40.99,,,,,,,,44.33,44.68,,,,,,,,,,63.53,,,,,,9,,,,,,,,,,,,,,,
L010W25,L010,25,Step1_Model3_EQA_CH2,Step2_Model3_EQB_CH2,Step3_Model1_EQC_CH2,Step4_Model1_EQA_CH4,Step5_Model3_EQA_CH3,Step6_Model3_EQB_CH3,Step7_Model1_EQB_CH1,Step8_Model2_EQA_CH1,Step9_Model3_EQA_CH2,Step10_Model2_EQB_CH1,Step11_Model3_EQA_CH4,Step12_Model2_EQB_CH4,Step13_Model2_EQC_CH1,Step14_Model2_EQB_CH1,Step15_Model1_EQA_CH1,Step16_Model2_EQB_CH1,Step17_Model1_EQC_CH2,Step18_Model3_EQC_CH2,Step19_Model3_EQC_CH1,Step20_Model3_EQC_CH4,Step21_Model3_EQA_CH2,Step22_Model3_EQC_CH4,Step23_Model3_EQB_CH3,Step24_Model1_EQA_CH4,Step25_Model1_EQC_CH1,Step26_Model3_EQB_CH3,Step27_Model1_EQC_CH2,Step28_Model1_EQB_CH2,Step29_Model2_EQB_CH3,Step30_Model1_EQC_CH4,,,,,,,,,,,,,45.51,,,,61.81,37,,,,,41.92,,,58.15,,,,,60.27,,,,,,,,,,,59.7,,,,,50.7,,7,,,,,,,,,,,,,,,
L011W01,L011,1,Step1_Model2_EQA_CH2,Step2_Model3_EQA_CH2,Step3_Model3_EQB_CH4,Step4_Model3_EQC_CH1,Step5_Model1_EQB_CH3,Step6_Model1_EQB_CH2,Step7_Model1_EQC_CH2,Step8_Model1_EQB_CH1,Step9_Model2_EQC_CH1,Step10_Model2_EQA_CH3,Step11_Model3_EQB_CH4,Step12_Model2_EQA_CH1,Step13_Model1_EQC_CH4,Step14_Model2_EQA_CH3,Step15_Model3_EQB_CH4,Step16_Model2_EQC_CH2,Step17_Model3_EQA_CH4,Step18_Model2_EQB_CH3,Step19_Model2_EQC_CH3,Step20_Model1_EQB_CH3,Step21_Model3_EQB_CH4,Step22_Model1_EQB_CH2,Step23_Model1_EQA_CH1,Step24_Model2_EQB_CH2,Step25_Model1_EQC_CH4,Step26_Model1_EQB_CH4,Step27_Model2_EQC_CH1,Step28_Model1_EQA_CH4,Step29_Model1_EQB_CH3,Step30_Model1_EQC_CH3,31.66,,,,,,66.49,,,,,,,,,,58.76,,,,,,,,,,,,,,,,,,,,,,,,,,,,,,,36.92,,,,,,,,14,,,,,,,,
L011W02,L011,2,Step1_Model2_EQA_CH3,Step2_Model3_EQA_CH3,Step3_Model3_EQB_CH3,Step4_Model3_EQC_CH4,Step5_Model1_EQB_CH1,Step6_Model1_EQB_CH1,Step7_Model1_EQC_CH3,Step8_Model1_EQB_CH4,Step9_Model2_EQC_CH2,Step10_Model2_EQA_CH2,Step11_Model3_EQB_CH4,Step12_Model2_EQA_CH3,Step13_Model1_EQC_CH1,Step14_Model2_EQA_CH4,Step15_Model3_EQB_CH2,Step16_Model2_EQC_CH2,Step17_Model3_EQA_CH2,Step18_Model2_EQB_CH3,Step19_Model2_EQC_CH2,Step20_Model1_EQB_CH4,Step21_Model3_EQB_CH4,Step22_Model1_EQB_CH2,Step23_Model1_EQA_CH4,Step24_Model2_EQB_CH2,Step25_Model1_EQC_CH2,Step26_Model1_EQB_CH1,Step27_Model2_EQC_CH3,Step28_Model1_EQA_CH3,Step29_Model1_EQB_CH1,Step30_Model1_EQC_CH1,36.77,,43.31,,46.55,,,,,,,,,,,,,,,,,,,,,64.61,,,,,,,,,,55.46,,,,,,,60.78,,57.61,,,,,13,,,,,,,,,,,,,,
L011W03,L011,3,Step1_Model2_EQA_CH3,Step2_Model3_EQA_CH2,Step3_Model3_EQB_CH2,Step4_Model3_EQC_CH3,Step5_Model1_EQB_CH2,Step6_Model1_EQB_CH1,Step7_Model1_EQC_CH2,Step8_Model1_EQB_CH2,Step9_Model2_EQC_CH4,Step10_Model2_EQA_CH4,Step11_Model3_EQB_CH4,Step12_Model2_EQA_CH2,Step13_Model1_EQC_CH3,Step14_Model2_EQA_CH1,Step15_Model3_EQB_CH2,Step16_Model2_EQC_CH3,Step17_Model3_EQA_CH2,Step18_Model2_EQB_CH1,Step19_Model2_EQC_CH2,Step20_Model1_EQB_CH1,Step21_Model3_EQB_CH2,Step22_Model1_EQB_CH1,Step23_Model1_EQA_CH2,Step24_Model2_EQB_CH1,Step25_Model1_EQC_CH4,Step26_Model1_EQB_CH2,Step27_Model2_EQC_CH2,Step28_Model1_EQA_CH3,Step29_Model1_EQB_CH3,Step30_Model1_EQC_CH1,,,,,,,,,,,,,,,,,,,,,,36.42,,,,,,,,,,,39.31,,,,,,,,,,,,,,,,,,,,,,,,,,,,,,,
L011W04,L011,4,Step1_Model2_EQA_CH2,Step2_Model3_EQA_CH1,Step3_Model3_EQB_CH4,Step4_Model3_EQC_CH3,Step5_Model1_EQB_CH1,Step6_Model1_EQB_CH1,Step7_Model1_EQC_CH3,Step8_Model1_EQB_CH2,Step9_Model2_EQC_CH1,Step10_Model2_EQA_CH3,Step11_Model3_EQB_CH2,Step12_Model2_EQA_CH4,Step13_Model1_EQC_CH3,Step14_Model2_EQA_CH1,Step15_Model3_EQB_CH4,Step16_Model2_EQC_CH2,Step17_Model3_EQA_CH2,Step18_Model2_EQB_CH3,Step19_Model2_EQC_CH3,Step20_Model1_EQB_CH3,Step21_Model3_EQB_CH2,Step22_Model1_EQB_CH4,Step23_Model1_EQA_CH2,Step24_Model2_EQB_CH1,Step25_Model1_EQC_CH2,Step26_Model1_EQB_CH1,Step27_Model2_EQC_CH4,Step28_Model1_EQA_CH3,Step29_Model1_EQB_CH3,Step30_Model1_EQC_CH2,37.26,35.02,,,,,,,,,,,,41.06,,,,42.97,,42.03,40.06,,,,,,,,,,,,,43.03,,,,,,,,,,,,,,,,,,,,,,,,,,,,,,
L011W05,L011,5,Step1_Model2_EQA_CH3,Step2_Model3_EQA_CH4,Step3_Model3_EQB_CH3,Step4_Model3_EQC_CH2,Step5_Model1_EQB_CH4,Step6_Model1_EQB_CH1,Step7_Model1_EQC_CH2,Step8_Model1_EQB_CH1,Step9_Model2_EQC_CH4,Step10_Model2_EQA_CH2,Step11_Model3_EQB_CH2,Step12_Model2_EQA_CH4,Step13_Model1_EQC_CH3,Step14_Model2_EQA_CH2,Step15_Model3_EQB_CH2,Step16_Model2_EQC_CH1,Step17_Model3_EQA_CH3,Step18_Model2_EQB_CH1,Step19_Model2_EQC_CH1,Step20_Model1_EQB_CH3,Step21_Model3_EQB_CH3,Step22_Model1_EQB_CH4,Step23_Model1_EQA_CH3,Step24_Model2_EQB_CH2,Step25_Model1_EQC_CH3,Step26_Model1_EQB_CH4,Step27_Model2_EQC_CH4,Step28_Model1_EQA_CH4,Step29_Model1_EQB_CH3,Step30_Model1_EQC_CH3,,,,39.34,35,,63.51,,,62.95,,,,33.74,50.03,,62.34,,,,40.18,40.79,,,,,26.92,66.92,59.28,,,,,,41.29,63.44,,,,,36.91,,57.1,,,,,,,,,,,,,,,,,,,,,
L011W06,L011,6,Step1_Model2_EQA_CH1,Step2_Model3_EQA_CH1,Step3_Model3_EQB_CH2,Step4_Model3_EQC_CH1,Step5_Model1_EQB_CH2,Step6_Model1_EQB_CH4,Step7_Model1_EQC_CH1,Step8_Model1_EQB_CH3,Step9_Model2_EQC_CH1,Step10_Model2_EQA_CH2,Step11_Model3_EQB_CH1,Step12_Model2_EQA_CH4,Step13_Model1_EQC_CH3,Step14_Model2_EQA_CH2,Step15_Model3_EQB_CH3,Step16_Model2_EQC_CH3,Step17_Model3_EQA_CH2,Step18_Model2_EQB_CH3,Step19_Model2_EQC_CH3,Step20_Model1_EQB_CH1,Step21_Model3_EQB_CH3,Step22_Model1_EQB_CH3,Step23_Model1_EQA_CH3,Step24_Model2_EQB_CH3,Step25_Model1_EQC_CH2,Step26_Model1_EQB_CH4,Step27_Model2_EQC_CH1,Step28_Model1_EQA_CH3,Step29_Model1_EQB_CH3,Step30_Model1_EQC_CH2,,,,,49.48,,,,,,,,,,,,,40.61,,,,,,36.29,,,,,60.39,48.47,,,,,,,59.58,,,,37.06,,,,,,,,,,,,,,,,,,,,,,,
L011W07,L011,7,Step1_Model2_EQA_CH4,Step2_Model3_EQA_CH3,Step3_Model3_EQB_CH2,Step4_Model3_EQC_CH1,Step5_Model1_EQB_CH1,Step6_Model1_EQB_CH3,Step7_Model1_EQC_CH3,Step8_Model1_EQB_CH4,Step9_Model2_EQC_CH4,Step10_Model2_EQA_CH3,Step11_Model3_EQB_CH2,Step12_Model2_EQA_CH4,Step13_Model1_EQC_CH3,Step14_Model2_EQA_CH4,Step15_Model3_EQB_CH3,Step16_Model2_EQC_CH1,Step17_Model3_EQA_CH3,Step18_Model2_EQB_CH1,Step19_Model2_EQC_CH4,Step20_Model1_EQB_CH3,Step21_Model3_EQB_CH4,Step22_Model1_EQB_CH1,Step23_Model1_EQA_CH3,Step24_Model2_EQB_CH4,Step25_Model1_EQC_CH1,Step26_Model1_EQB_CH4,Step27_Model2_EQC_CH2,Step28_Model1_EQA_CH1,Step29_Model1_EQB_CH1,Step30_Model1_EQC_CH1,,,42.14,,,,,,,,,,,,,,,,,43.62,,,,,,,,,,47.13,,42.91,,,,,,,,,,,,,,,51.2,,,,,,,,12,,,,,,,,,
L011W08,L011,8,Step1_Model2_EQA_CH3,Step2_Model3_EQA_CH3,Step3_Model3_EQB_CH3,Step4_Model3_EQC_CH2,Step5_Model1_EQB_CH2,Step6_Model1_EQB_CH1,Step7_Model1_EQC_CH2,Step8_Model1_EQB_CH4,Step9_Model2_EQC_CH1,Step10_Model2_EQA_CH1,Step11_Model3_EQB_CH4,Step12_Model2_EQA_CH1,Step13_Model1_EQC_CH2,Step14_Model2_EQA_CH3,Step15_Model3_EQB_CH4,Step16_Model2_EQC_CH2,Step17_Model3_EQA_CH4,Step18_Model2_EQB_CH4,Step19_Model2_EQC_CH1,Step20_Model1_EQB_CH1,Step21_Model3_EQB_CH2,Step22_Model1_EQB_CH4,Step23_Model1_EQA_CH1,Step24_Model2_EQB_CH1,Step25_Model1_EQC_CH4,Step26_Model1_EQB_CH2,Step27_Model2_EQC_CH2,Step28_Model1_EQA_CH4,Step29_Model1_EQB_CH2,Step30_Model1_EQC_CH1,40.64,,,,47.78,,47.45,,,,55.27,,,39.12,45.1,,,,,42.46,36.19,,22.4,,,54.12,,,,45.53,,,,,,,,,,65.32,,64.48,,65.7,,,48.99,43.13,,,,,,,,,,,,,,,,
L011W09,L011,9,Step1_Model2_EQA_CH4,Step2_Model3_EQA_CH1,Step3_Model3_EQB_CH3,Step4_Model3_EQC_CH3,Step5_Model1_EQB_CH2,Step6_Model1_EQB_CH3,Step7_Model1_EQC_CH1,Step8_Model1_EQB_CH3,Step9_Model2_EQC_CH1,Step10_Model2_EQA_CH2,Step11_Model3_EQB_CH2,Step12_Model2_EQA_CH1,Step13_Model1_EQC_CH3,Step14_Model2_EQA_CH2,Step15_Model3_EQB_CH4,Step16_Model2_EQC_CH2,Step17_Model3_EQA_CH3,Step18_Model2_EQB_CH4,Step19_Model2_EQC_CH3,Step20_Model1_EQB_CH1,Step21_Model3_EQB_CH4,Step22_Model1_EQB_CH3,Step23_Model1_EQA_CH4,Step24_Model2_EQB_CH3,Step25_Model1_EQC_CH4,Step26_Model1_EQB_CH3,Step27_Model2_EQC_CH1,Step28_Model1_EQA_CH4,Step29_Model1_EQB_CH4,Step30_Model1_EQC_CH4,,,,,,,,65.19,,,52.19,,,,,,,,,,,,,34.52,,,33.66,,,45.81,,,,,,,,65.98,61.55,,,,,,,,,,,,,,,,,,,,,,,,,
L011W10,L011,10,Step1_Model2_EQA_CH4,Step2_Model3_EQA_CH1,Step3_Model3_EQB_CH4,Step4_Model3_EQC_CH2,Step5_Model1_EQB_CH1,Step6_Model1_EQB_CH2,Step7_Model1_EQC_CH4,Step8_Model1_EQB_CH3,Step9_Model2_EQC_CH2,Step10_Model2_EQA_CH4,Step11_Model3_EQB_CH2,Step12_Model2_EQA_CH4,Step13_Model1_EQC_CH4,Step14_Model2_EQA_CH4,Step15_Model3_EQB_CH3,Step16_Model2_EQC_CH2,Step17_Model3_EQA_CH1,Step18_Model2_EQB_CH1,Step19_Model2_EQC_CH1,Step20_Model1_EQB_CH1,Step21_Model3_EQB_CH4,Step22_Model1_EQB_CH2,Step23_Model1_EQA_CH2,Step24_Model2_EQB_CH3,Step25_Model1_EQC_CH2,Step26_Model1_EQB_CH2,Step27_Model2_EQC_CH2,Step28_Model1_EQA_CH3,Step29_Model1_EQB_CH1,Step30_Model1_EQC_CH2,,,,49.34,39.82,,,,,,,,,,48.17,,,,,,,,39.46,,,,,,,43.2,,41.42,44.78,,,,,,,,,59.05,,,,,,,,,,,,,,,,,,,,,,
L011W11,L011,11,Step1_Model2_EQA_CH3,Step2_Model3_EQA_CH3,Step3_Model3_EQB_CH4,Step4_Model3_EQC_CH3,Step5_Model1_EQB_CH1,Step6_Model1_EQB_CH2,Step7_Model1_EQC_CH3,Step8_Model1_EQB_CH1,Step9_Model2_EQC_CH3,Step10_Model2_EQA_CH3,Step11_Model3_EQB_CH3,Step12_Model2_EQA_CH3,Step13_Model1_EQC_CH3,Step14_Model2_EQA_CH1,Step15_Model3_EQB_CH2,Step16_Model2_EQC_CH2,Step17_Model3_EQA_CH2,Step18_Model2_EQB_CH2,Step19_Model2_EQC_CH1,Step20_Model1_EQB_CH4,Step21_Model3_EQB_CH4,Step22_Model1_EQB_CH1,Step23_Model1_EQA_CH1,Step24_Model2_EQB_CH3,Step25_Model1_EQC_CH3,Step26_Model1_EQB_CH3,Step27_Model2_EQC_CH2,Step28_Model1_EQA_CH3,Step29_Model1_EQB_CH4,Step30_Model1_EQC_CH2,,,45.64,,42.16,,64.18,,64.83,,,40.47,,,,,,,,,,,,,,,,,,42.89,,,,,,,,,,,,,,,,,50.97,35.33,6,,,,,,,,,,,,,,,
L011W12,L011,12,Step1_Model2_EQA_CH3,Step2_Model3_EQA_CH2,Step3_Model3_EQB_CH4,Step4_Model3_EQC_CH3,Step5_Model1_EQB_CH4,Step6_Model1_EQB_CH4,Step7_Model1_EQC_CH4,Step8_Model1_EQB_CH3,Step9_Model2_EQC_CH1,Step10_Model2_EQA_CH3,Step11_Model3_EQB_CH4,Step12_Model2_EQA_CH3,Step13_Model1_EQC_CH4,Step14_Model2_EQA_CH1,Step15_Model3_EQB_CH2,Step16_Model2_EQC_CH1,Step17_Model3_EQA_CH1,Step18_Model2_EQB_CH2,Step19_Model2_EQC_CH3,Step20_Model1_EQB_CH2,Step21_Model3_EQB_CH3,Step22_Model1_EQB_CH3,Step23_Model1_EQA_CH4,Step24_Model2_EQB_CH4,Step25_Model1_EQC_CH2,Step26_Model1_EQB_CH1,Step27_Model2_EQC_CH2,Step28_Model1_EQA_CH3,Step29_Model1_EQB_CH4,Step30_Model1_EQC_CH2,,,,,,,,,,,50.05,,,,,,67.86,,,,31.38,36.67,,,,,,,,44.54,53.05,,,,,,,,,,,,59.51,,57.67,,,,,,,,,,,,,,,,,,,
L011W13,L011,13,Step1_Model2_EQA_CH2,Step2_Model3_EQA_CH4,Step3_Model3_EQB_CH4,Step4_Model3_EQC_CH4,Step5_Model1_EQB_CH3,Step6_Model1_EQB_CH4,Step7_Model1_EQC_CH1,Step8_Model1_EQB_CH2,Step9_Model2_EQC_CH4,Step10_Model2_EQA_CH4,Step11_Model3_EQB_CH3,Step12_Model2_EQA_CH3,Step13_Model1_EQC_CH2,Step14_Model2_EQA_CH1,Step15_Model3_EQB_CH2,Step16_Model2_EQC_CH4,Step17_Model3_EQA_CH1,Step18_Model2_EQB_CH1,Step19_Model2_EQC_CH1,Step20_Model1_EQB_CH1,Step21_Model3_EQB_CH2,Step22_Model1_EQB_CH3,Step23_Model1_EQA_CH3,Step24_Model2_EQB_CH4,Step25_Model1_EQC_CH3,Step26_Model1_EQB_CH3,Step27_Model2_EQC_CH3,Step28_Model1_EQA_CH3,Step29_Model1_EQB_CH4,Step30_Model1_EQC_CH2,,,,,,47.91,,,,,,39.49,,,,,,,,,,,,,41.23,60.23,,60,56.23,,66.86,,,,45.5,,,76.45,,,,,,61.5,59.42,,,,,,,,,,,,,,,,,,,
L011W14,L011,14,Step1_Model2_EQA_CH1,Step2_Model3_EQA_CH3,Step3_Model3_EQB_CH2,Step4_Model3_EQC_CH3,Step5_Model1_EQB_CH3,Step6_Model1_EQB_CH1,Step7_Model1_EQC_CH1,Step8_Model1_EQB_CH1,Step9_Model2_EQC_CH3,Step10_Model2_EQA_CH3,Step11_Model3_EQB_CH3,Step12_Model2_EQA_CH1,Step13_Model1_EQC_CH4,Step14_Model2_EQA_CH2,Step15_Model3_EQB_CH4,Step16_Model2_EQC_CH3,Step17_Model3_EQA_CH3,Step18_Model2_EQB_CH4,Step19_Model2_EQC_CH3,Step20_Model1_EQB_CH2,Step21_Model3_EQB_CH3,Step22_Model1_EQB_CH2,Step23_Model1_EQA_CH4,Step24_Model2_EQB_CH4,Step25_Model1_EQC_CH3,Step26_Model1_EQB_CH2,Step27_Model2_EQC_CH3,Step28_Model1_EQA_CH1,Step29_Model1_EQB_CH1,Step30_Model1_EQC_CH1,,,,,,,,,,,53.78,,40.99,,,53.2,,,,,,,,,,,36.61,,,,,,,,,,66.77,,,,,,,61.81,,,,,,,,,,7,,,9,,,,,,,
L011W15,L011,15,Step1_Model2_EQA_CH1,Step2_Model3_EQA_CH3,Step3_Model3_EQB_CH1,Step4_Model3_EQC_CH2,Step5_Model1_EQB_CH4,Step6_Model1_EQB_CH4,Step7_Model1_EQC_CH1,Step8_Model1_EQB_CH1,Step9_Model2_EQC_CH1,Step10_Model2_EQA_CH3,Step11_Model3_EQB_CH4,Step12_Model2_EQA_CH1,Step13_Model1_EQC_CH2,Step14_Model2_EQA_CH1,Step15_Model3_EQB_CH4,Step16_Model2_EQC_CH1,Step17_Model3_EQA_CH4,Step18_Model2_EQB_CH1,Step19_Model2_EQC_CH2,Step20_Model1_EQB_CH1,Step21_Model3_EQB_CH2,Step22_Model1_EQB_CH2,Step23_Model1_EQA_CH1,Step24_Model2_EQB_CH2,Step25_Model1_EQC_CH3,Step26_Model1_EQB_CH1,Step27_Model2_EQC_CH1,Step28_Model1_EQA_CH2,Step29_Model1_EQB_CH2,Step30_Model1_EQC_CH1,,,,46.68,,,,69.2,58.49,70.9,,,,,,,60.12,,,45.04,,40.76,,,,,,63.39,,46.03,,38.7,,,,,,,53.01,64.11,,,,,,,,,,,,,,,8,9,,,,,,,,
L011W16,L011,16,Step1_Model2_EQA_CH3,Step2_Model3_EQA_CH2,Step3_Model3_EQB_CH2,Step4_Model3_EQC_CH4,Step5_Model1_EQB_CH3,Step6_Model1_EQB_CH3,Step7_Model1_EQC_CH1,Step8_Model1_EQB_CH3,Step9_Model2_EQC_CH1,Step10_Model2_EQA_CH4,Step11_Model3_EQB_CH3,Step12_Model2_EQA_CH2,Step13_Model1_EQC_CH4,Step14_Model2_EQA_CH1,Step15_Model3_EQB_CH4,Step16_Model2_EQC_CH1,Step17_Model3_EQA_CH4,Step18_Model2_EQB_CH1,Step19_Model2_EQC_CH3,Step20_Model1_EQB_CH2,Step21_Model3_EQB_CH1,Step22_Model1_EQB_CH4,Step23_Model1_EQA_CH1,Step24_Model2_EQB_CH1,Step25_Model1_EQC_CH1,Step26_Model1_EQB_CH4,Step27_Model2_EQC_CH2,Step28_Model1_EQA_CH3,Step29_Model1_EQB_CH2,Step30_Model1_EQC_CH1,,,39.31,44.63,,,,,,,,,,,,,,,28.1,,,,,,,,29.57,,55.44,,,,,,,,,,,,,,52.55,,,,,,16,,,,,,,,,,,,,,,
L011W17,L011,17,Step1_Model2_EQA_CH4,Step2_Model3_EQA_CH2,Step3_Model3_EQB_CH1,Step4_Model3_EQC_CH3,Step5_Model1_EQB_CH3,Step6_Model1_EQB_CH3,Step7_Model1_EQC_CH1,Step8_Model1_EQB_CH4,Step9_Model2_EQC_CH2,Step10_Model2_EQA_CH3,Step11_Model3_EQB_CH1,Step12_Model2_EQA_CH1,Step13_Model1_EQC_CH2,Step14_Model2_EQA_CH3,Step15_Model3_EQB_CH1,Step16_Model2_EQC_CH2,Step17_Model3_EQA_CH4,Step18_Model2_EQB_CH4,Step19_Model2_EQC_CH4,Step20_Model1_EQB_CH3,Step21_Model3_EQB_CH2,Step22_Model1_EQB_CH2,Step23_Model1_EQA_CH1,Step24_Model2_EQB_CH1,Step25_Model1_EQC_CH1,Step26_Model1_EQB_CH2,Step27_Model2_EQC_CH1,Step28_Model1_EQA_CH2,Step29_Model1_EQB_CH2,Step30_Model1_EQC_CH4,,,,,,,,60.42,,59.57,,38.17,,,,,,,,,,,,,33.42,,,,59.81,,63.08,42.37,39.75,,,,,,,,,62.39,,,,,49.91,,,,,,,,,,,,,,,,,
L011W18,L011,18,Step1_Model2_EQA_CH1,Step2_Model3_EQA_CH4,Step3_Model3_EQB_CH3,Step4_Model3_EQC_CH3,Step5_Model1_EQB_CH3,Step6_Model1_EQB_CH2,Step7_Model1_EQC_CH2,Step8_Model1_EQB_CH2,Step9_Model2_EQC_CH1,Step10_Model2_EQA_CH4,Step11_Model3_EQB_CH2,Step12_Model2_EQA_CH4,Step13_Model1_EQC_CH4,Step14_Model2_EQA_CH4,Step15_Model3_EQB_CH1,Step16_Model2_EQC_CH1,Step17_Model3_EQA_CH3,Step18_Model2_EQB_CH3,Step19_Model2_EQC_CH4,Step20_Model1_EQB_CH3,Step21_Model3_EQB_CH4,Step22_Model1_EQB_CH1,Step23_Model1_EQA_CH1,Step24_Model2_EQB_CH1,Step25_Model1_EQC_CH2,Step26_Model1_EQB_CH4,Step27_Model2_EQC_CH1,Step28_Model1_EQA_CH4,Step29_Model1_EQB_CH3,Step30_Model1_EQC_CH3,,,,,,54.34,61.21,,,,52.31,,,41.2,48.24,,60.46,,,,,,,,34.38,63.27,,,60.38,,,42.81,45.72,,42.12,60.47,,,,,41.5,,,,56.3,48.79,,,,,,,,,13,,,,,,,,,
L011W19,L011,19,Step1_Model2_EQA_CH1,Step2_Model3_EQA_CH4,Step3_Model3_EQB_CH1,Step4_Model3_EQC_CH3,Step5_Model1_EQB_CH1,Step6_Model1_EQB_CH4,Step7_Model1_EQC_CH3,Step8_Model1_EQB_CH2,Step9_Model2_EQC_CH3,Step10_Model2_EQA_CH2,Step11_Model3_EQB_CH1,Step12_Model2_EQA_CH1,Step13_Model1_EQC_CH4,Step14_Model2_EQA_CH2,Step15_Model3_EQB_CH1,Step16_Model2_EQC_CH2,Step17_Model3_EQA_CH1,Step18_Model2_EQB_CH3,Step19_Model2_EQC_CH1,Step20_Model1_EQB_CH4,Step21_Model3_EQB_CH3,Step22_Model1_EQB_CH4,Step23_Model1_EQA_CH3,Step24_Model2_EQB_CH2,Step25_Model1_EQC_CH4,Step26_Model1_EQB_CH1,Step27_Model2_EQC_CH2,Step28_Model1_EQA_CH1,Step29_Model1_EQB_CH3,Step30_Model1_EQC_CH3,,,,,,,,58.06,,,,,,,,,,,,,,,,,,,,,,,,,,,,,,,58.32,,,,65.69,65.62,,53.89,,,12,,,,,,,,,,,,,,,
L011W20,L011,20,Step1_Model2_EQA_CH1,Step2_Model3_EQA_CH1,Step3_Model3_EQB_CH2,Step4_Model3_EQC_CH1,Step5_Model1_EQB_CH4,Step6_Model1_EQB_CH4,Step7_Model1_EQC_CH1,Step8_Model1_EQB_CH4,Step9_Model2_EQC_CH1,Step10_Model2_EQA_CH2,Step11_Model3_EQB_CH4,Step12_Model2_EQA_CH4,Step13_Model1_EQC_CH1,Step14_Model2_EQA_CH4,Step15_Model3_EQB_CH3,Step16_Model2_EQC_CH2,Step17_Model3_EQA_CH2,Step18_Model2_EQB_CH4,Step19_Model2_EQC_CH4,Step20_Model1_EQB_CH3,Step21_Model3_EQB_CH3,Step22_Model1_EQB_CH4,Step23_Model1_EQA_CH4,Step24_Model2_EQB_CH3,Step25_Model1_EQC_CH1,Step26_Model1_EQB_CH3,Step27_Model2_EQC_CH1,Step28_Model1_EQA_CH2,Step29_Model1_EQB_CH2,Step30_Model1_EQC_CH3,,,,,,,,,,,,36.01,,,41.77,,,,,,,37.64,,,,,,,,,,46.7,,,,,,,,,39.46,51.48,,,,,,,,,,,,,,,9,,,,,,,
L011W21,L011,21,Step1_Model2_EQA_CH1,Step2_Model3_EQA_CH3,Step3_Model3_EQB_CH3,Step4_Model3_EQC_CH1,Step5_Model1_EQB_CH3,Step6_Model1_EQB_CH2,Step7_Model1_EQC_CH4,Step8_Model1_EQB_CH4,Step9_Model2_EQC_CH3,Step10_Model2_EQA_CH1,Step11_Model3_EQB_CH1,Step12_Model2_EQA_CH2,Step13_Model1_EQC_CH1,Step14_Model2_EQA_CH1,Step15_Model3_EQB_CH2,Step16_Model2_EQC_CH3,Step17_Model3_EQA_CH4,Step18_Model2_EQB_CH2,Step19_Model2_EQC_CH3,Step20_Model1_EQB_CH2,Step21_Model3_EQB_CH3,Step22_Model1_EQB_CH2,Step23_Model1_EQA_CH3,Step24_Model2_EQB_CH2,Step25_Model1_EQC_CH3,Step26_Model1_EQB_CH2,Step27_Model2_EQC_CH4,Step28_Model1_EQA_CH4,Step29_Model1_EQB_CH1,Step30_Model1_EQC_CH3,,,,,,,,,,,,,,,,,,,,,,,,,,,,,55.25,,,,,,,,,,60.6,62.49,,,,,,,,,,,,,,,,,,9,,,,,,
L011W22,L011,22,Step1_Model2_EQA_CH2,Step2_Model3_EQA_CH3,Step3_Model3_EQB_CH4,Step4_Model3_EQC_CH3,Step5_Model1_EQB_CH2,Step6_Model1_EQB_CH3,Step7_Model1_EQC_CH2,Step8_Model1_EQB_CH4,Step9_Model2_EQC_CH4,Step10_Model2_EQA_CH4,Step11_Model3_EQB_CH1,Step12_Model2_EQA_CH4,Step13_Model1_EQC_CH3,Step14_Model2_EQA_CH1,Step15_Model3_EQB_CH4,Step16_Model2_EQC_CH3,Step17_Model3_EQA_CH3,Step18_Model2_EQB_CH3,Step19_Model2_EQC_CH2,Step20_Model1_EQB_CH1,Step21_Model3_EQB_CH3,Step22_Model1_EQB_CH2,Step23_Model1_EQA_CH4,Step24_Model2_EQB_CH3,Step25_Model1_EQC_CH2,Step26_Model1_EQB_CH3,Step27_Model2_EQC_CH1,Step28_Model1_EQA_CH1,Step29_Model1_EQB_CH4,Step30_Model1_EQC_CH3,,34.32,,49.08,,,,,,,57.82,,43.58,,,,,,,,,,,,,,,58.51,,,,,,,,,,,64.98,63.31,39.71,,,,,,,,,,,,,,,,,,,,,,,
L011W23,L011,23,Step1_Model2_EQA_CH2,Step2_Model3_EQA_CH4,Step3_Model3_EQB_CH3,Step4_Model3_EQC_CH4,Step5_Model1_EQB_CH2,Step6_Model1_EQB_CH4,Step7_Model1_EQC_CH4,Step8_Model1_EQB_CH4,Step9_Model2_EQC_CH3,Step10_Model2_EQA_CH2,Step11_Model3_EQB_CH1,Step12_Model2_EQA_CH3,Step13_Model1_EQC_CH1,Step14_Model2_EQA_CH1,Step15_Model3_EQB_CH3,Step16_Model2_EQC_CH3,Step17_Model3_EQA_CH2,Step18_Model2_EQB_CH2,Step19_Model2_EQC_CH4,Step20_Model1_EQB_CH1,Step21_Model3_EQB_CH2,Step22_Model1_EQB_CH4,Step23_Model1_EQA_CH2,Step24_Model2_EQB_CH3,Step25_Model1_EQC_CH2,Step26_Model1_EQB_CH1,Step27_Model2_EQC_CH2,Step28_Model1_EQA_CH1,Step29_Model1_EQB_CH3,Step30_Model1_EQC_CH1,,,,29.25,,,,,,,,,,36.4,,,,,,,,38.05,,,,,,,,47.5,,44,,,42.53,60.57,,,,,,,,,58.47,,50.29,,,,,,,9,,,,,,,,,,
L011W24,L011,24,Step1_Model2_EQA_CH2,Step2_Model3_EQA_CH4,Step3_Model3_EQB_CH3,Step4_Model3_EQC_CH2,Step5_Model1_EQB_CH3,Step6_Model1_EQB_CH3,Step7_Model1_EQC_CH2,Step8_Model1_EQB_CH2,Step9_Model2_EQC_CH4,Step10_Model2_EQA_CH3,Step11_Model3_EQB_CH3,Step12_Model2_EQA_CH2,Step13_Model1_EQC_CH1,Step14_Model2_EQA_CH2,Step15_Model3_EQB_CH3,Step16_Model2_EQC_CH2,Step17_Model3_EQA_CH4,Step18_Model2_EQB_CH1,Step19_Model2_EQC_CH2,Step20_Model1_EQB_CH4,Step21_Model3_EQB_CH3,Step22_Model1_EQB_CH2,Step23_Model1_EQA_CH3,Step24_Model2_EQB_CH4,Step25_Model1_EQC_CH3,Step26_Model1_EQB_CH4,Step27_Model2_EQC_CH4,Step28_Model1_EQA_CH4,Step29_Model1_EQB_CH2,Step30_Model1_EQC_CH3,,,,,47.48,,,,,,,,,,,,,,,,,,,,,,38.92,,58.77,,60.43,,,,,,,,,,,,,,,,,,,,,,,,,,,,,,,,,
L011W25,L011,25,Step1_Model2_EQA_CH3,Step2_Model3_EQA_CH1,Step3_Model3_EQB_CH1,Step4_Model3_EQC_CH1,Step5_Model1_EQB_CH1,Step6_Model1_EQB_CH3,Step7_Model1_EQC_CH4,Step8_Model1_EQB_CH4,Step9_Model2_EQC_CH2,Step10_Model2_EQA_CH4,Step11_Model3_EQB_CH3,Step12_Model2_EQA_CH3,Step13_Model1_EQC_CH3,Step14_Model2_EQA_CH2,Step15_Model3_EQB_CH1,Step16_Model2_EQC_CH4,Step17_Model3_EQA_CH3,Step18_Model2_EQB_CH3,Step19_Model2_EQC_CH1,Step20_Model1_EQB_CH3,Step21_Model3_EQB_CH4,Step22_Model1_EQB_CH2,Step23_Model1_EQA_CH3,Step24_Model2_EQB_CH4,Step25_Model1_EQC_CH3,Step26_Model1_EQB_CH1,Step27_Model2_EQC_CH3,Step28_Model1_EQA_CH3,Step29_Model1_EQB_CH2,Step30_Model1_EQC_CH1,,,,,38.33,49.8,56.56,,63.77,62.38,,38.06,,,,62.69,60.24,,,,,,,,,65.72,,,,,,45.88,,,,53.78,,,,,,,,,,56.03,,,,,,,,,,,,,,,,,,
L012W01,L012,1,Step1_Model1_EQB_CH1,Step2_Model3_EQA_CH2,Step3_Model1_EQC_CH2,Step4_Model3_EQA_CH4,Step5_Model3_EQA_CH3,Step6_Model3_EQC_CH2,Step7_Model2_EQC_CH2,Step8_Model2_EQC_CH1,Step9_Model1_EQA_CH1,Step10_Model3_EQC_CH2,Step11_Model1_EQC_CH1,Step12_Model2_EQB_CH4,Step13_Model2_EQB_CH2,Step14_Model2_EQC_CH1,Step15_Model3_EQB_CH4,Step16_Model3_EQC_CH1,Step17_Model2_EQC_CH1,Step18_Model3_EQC_CH1,Step19_Model2_EQC_CH2,Step20_Model1_EQA_CH3,Step21_Model2_EQA_CH1,Step22_Model2_EQA_CH4,Step23_Model1_EQA_CH2,Step24_Model2_EQB_CH2,Step25_Model3_EQB_CH4,Step26_Model1_EQA_CH1,Step27_Model2_EQB_CH3,Step28_Model2_EQC_CH1,Step29_Model1_EQC_CH4,Step30_Model3_EQA_CH2,,,,,,,,,,,,,,36.66,,,,38.58,,,,,,,,,39.21,,,,,,,,49.4,60.48,,,,65.69,40.34,,64.65,,,,,,,,,2,,,,,,,,,,,,
L012W02,L012,2,Step1_Model1_EQB_CH3,Step2_Model3_EQA_CH2,Step3_Model1_EQC_CH4,Step4_Model3_EQA_CH1,Step5_Model3_EQA_CH3,Step6_Model3_EQC_CH2,Step7_Model2_EQC_CH2,Step8_Model2_EQC_CH2,Step9_Model1_EQA_CH1,Step10_Model3_EQC_CH3,Step11_Model1_EQC_CH1,Step12_Model2_EQB_CH1,Step13_Model2_EQB_CH1,Step14_Model2_EQC_CH4,Step15_Model3_EQB_CH4,Step16_Model3_EQC_CH4,Step17_Model2_EQC_CH3,Step18_Model3_EQC_CH1,Step19_Model2_EQC_CH1,Step20_Model1_EQA_CH4,Step21_Model2_EQA_CH1,Step22_Model2_EQA_CH1,Step23_Model1_EQA_CH2,Step24_Model2_EQB_CH1,Step25_Model3_EQB_CH2,Step26_Model1_EQA_CH1,Step27_Model2_EQB_CH3,Step28_Model2_EQC_CH4,Step29_Model1_EQC_CH2,Step30_Model3_EQA_CH4,,,,,,,59.88,,,,,32.56,,,,,,,,,,,,,,,,73.28,,,,,,,,,,,,60.26,,,59.76,,,,,48.4,,,,,,,,15,,,,,,,,
L012W03,L012,3,Step1_Model1_EQB_CH2,Step2_Model3_EQA_CH2,Step3_Model1_EQC_CH2,Step4_Model3_EQA_CH3,Step5_Model3_EQA_CH1,Step6_Model3_EQC_CH2,Step7_Model2_EQC_CH3,Step8_Model2_EQC_CH2,Step9_Model1_EQA_CH1,Step10_Model3_EQC_CH2,Step11_Model1_EQC_CH3,Step12_Model2_EQB_CH1,Step13_Model2_EQB_CH3,Step14_Model2_EQC_CH1,Step15_Model3_EQB_CH1,Step16_Model3_EQC_CH4,Step17_Model2_EQC_CH4,Step18_Model3_EQC_CH4,Step19_Model2_EQC_CH1,Step20_Model1_EQA_CH2,Step21_Model2_EQA_CH3,Step22_Model2_EQA_CH3,Step23_Model1_EQA_CH3,Step24_Model2_EQB_CH4,Step25_Model3_EQB_CH1,Step26_Model1_EQA_CH4,Step27_Model2_EQB_CH2,Step28_Model2_EQC_CH1,Step29_Model1_EQC_CH3,Step30_Model3_EQA_CH4,35.3,43.5,,,,,,,,,,,,,,,,,,39.08,,,,,,,,,,,,,40.48,,,,,,60.38,,37.45,63.08,,,,,,,,,7,,,12,9,,,,,,,,,
L012W04,L012,4,Step1_Model1_EQB_CH4,Step2_Model3_EQA_CH2,Step3_Model1_EQC_CH2,Step4_Model3_EQA_CH4,Step5_Model3_EQA_CH2,Step6_Model3_EQC_CH3,Step7_Model2_EQC_CH2,Step8_Model2_EQC_CH2,Step9_Model1_EQA_CH4,Step10_Model3_EQC_CH4,Step11_Model1_EQC_CH1,Step12_Model2_EQB_CH1,Step13_Model2_EQB_CH4,Step14_Model2_EQC_CH2,Step15_Model3_EQB_CH2,Step16_Model3_EQC_CH1,Step17_Model2_EQC_CH1,Step18_Model3_EQC_CH1,Step19_Model2_EQC_CH3,Step20_Model1_EQA_CH3,Step21_Model2_EQA_CH1,Step22_Model2_EQA_CH2,Step23_Model1_EQA_CH1,Step24_Model2_EQB_CH3,Step25_Model3_EQB_CH2,Step26_Model1_EQA_CH3,Step27_Model2_EQB_CH2,Step28_Model2_EQC_CH3,Step29_Model1_EQC_CH2,Step30_Model3_EQA_CH2,38.6,40.71,,,,,,,,,,,,,,,61.01,,49.9,,,,,,35.18,,,,,49.71,,,,,,,,71.45,65.91,,,,,,,,,,,,,,,,,,,,,,,,,
L012W05,L012,5,Step1_Model1_EQB_CH2,Step2_Model3_EQA_CH2,Step3_Model1_EQC_CH4,Step4_Model3_EQA_CH3,Step5_Model3_EQA_CH3,Step6_Model3_EQC_CH4,Step7_Model2_EQC_CH2,Step8_Model2_EQC_CH2,Step9_Model1_EQA_CH3,Step10_Model3_EQC_CH4,Step11_Model1_EQC_CH2,Step12_Model2_EQB_CH2,Step13_Model2_EQB_CH2,Step14_Model2_EQC_CH1,Step15_Model3_EQB_CH4,Step16_Model3_EQC_CH2,Step17_Model2_EQC_CH1,Step18_Model3_EQC_CH4,Step19_Model2_EQC_CH2,Step20_Model1_EQA_CH3,Step21_Model2_EQA_CH1,Step22_Model2_EQA_CH1,Step23_Model1_EQA_CH2,Step24_Model2_EQB_CH2,Step25_Model3_EQB_CH1,Step26_Model1_EQA_CH3,Step27_Model2_EQB_CH3,Step28_Model2_EQC_CH4,Step29_Model1_EQC_CH2,Step30_Model3_EQA_CH3,,35.46,,,42.51,,,,,,,,,,,,,,,,,,,28.17,,,52.15,,56.92,,,,,47.3,,,,65.38,,,,58.55,,,57.1,55.62,,,,,,,,,,,,13,,,,,,
L012W06,L012,6,Step1_Model1_EQB_CH4,Step2_Model3_EQA_CH3,Step3_Model1_EQC_CH2,Step4_Model3_EQA_CH4,Step5_Model3_EQA_CH4,Step6_Model3_EQC_CH4,Step7_Model2_EQC_CH3,Step8_Model2_EQC_CH2,Step9_Model1_EQA_CH4,Step10_Model3_EQC_CH1,Step11_Model1_EQC_CH2,Step12_Model2_EQB_CH1,Step13_Model2_EQB_CH1,Step14_Model2_EQC_CH4,Step15_Model3_EQB_CH4,Step16_Model3_EQC_CH3,Step17_Model2_EQC_CH3,Step18_Model3_EQC_CH3,Step19_Model2_EQC_CH2,Step20_Model1_EQA_CH3,Step21_Model2_EQA_CH1,Step22_Model2_EQA_CH3,Step23_Model1_EQA_CH4,Step24_Model2_EQB_CH3,Step25_Model3_EQB_CH2,Step26_Model1_EQA_CH2,Step27_Model2_EQB_CH1,Step28_Model2_EQC_CH2,Step29_Model1_EQC_CH3,Step30_Model3_EQA_CH4,,,,37.68,,50.09,63.61,,59.15,,,,,,,,,,43.29,,,40,,,,,37.04,,,,,,,42.7,,,,,,,,,,,,,47.26,,8,,,,,,,,,,,,,,,
L012W07,L012,7,Step1_Model1_EQB_CH2,Step2_Model3_EQA_CH1,Step3_Model1_EQC_CH3,Step4_Model3_EQA_CH1,Step5_Model3_EQA_CH2,Step6_Model3_EQC_CH2,Step7_Model2_EQC_CH1,Step8_Model2_EQC_CH3,Step9_Model1_EQA_CH2,Step10_Model3_EQC_CH4,Step11_Model1_EQC_CH2,Step12_Model2_EQB_CH3,Step13_Model2_EQB_CH2,Step14_Model2_EQC_CH1,Step15_Model3_EQB_CH2,Step16_Model3_EQC_CH2,Step17_Model2_EQC_CH3,Step18_Model3_EQC_CH1,Step19_Model2_EQC_CH3,Step20_Model1_EQA_CH2,Step21_Model2_EQA_CH4,Step22_Model2_EQA_CH2,Step23_Model1_EQA_CH3,Step24_Model2_EQB_CH4,Step25_Model3_EQB_CH3,Step26_Model1_EQA_CH3,Step27_Model2_EQB_CH1,Step28_Model2_EQC_CH4,Step29_Model1_EQC_CH2,Step30_Model3_EQA_CH3,,,,,,,,,,,,,39,,,,58.97,,,,,,,33.29,,,,,,,,41.5,,,,59.08,,,,,,,,,,,,,,,,,,,,,,,,,,,,
L012W08,L012,8,Step1_Model1_EQB_CH2,Step2_Model3_EQA_CH1,Step3_Model1_EQC_CH1,Step4_Model3_EQA_CH4,Step5_Model3_EQA_CH1,Step6_Model3_EQC_CH1,Step7_Model2_EQC_CH2,Step8_Model2_EQC_CH1,Step9_Model1_EQA_CH1,Step10_Model3_EQC_CH3,Step11_Model1_EQC_CH1,Step12_Model2_EQB_CH3,Step13_Model2_EQB_CH1,Step14_Model2_EQC_CH1,Step15_Model3_EQB_CH4,Step16_Model3_EQC_CH4,Step17_Model2_EQC_CH3,Step18_Model3_EQC_CH1,Step19_Model2_EQC_CH2,Step20_Model1_EQA_CH4,Step21_Model2_EQA_CH2,Step22_Model2_EQA_CH4,Step23_Model1_EQA_CH4,Step24_Model2_EQB_CH1,Step25_Model3_EQB_CH4,Step26_Model1_EQA_CH2,Step27_Model2_EQB_CH4,Step28_Model2_EQC_CH3,Step29_Model1_EQC_CH1,Step30_Model3_EQA_CH1,36.54,,,,,,,,,,,44.56,,,,57.3,,43.68,,,37.22,40.15,,,,64.16,,,,,,,,,,54.64,67.08,,,,,,,,,54.86,,,,,,,6,,,,,,,,,,,
L012W09,L012,9,Step1_Model1_EQB_CH3,Step2_Model3_EQA_CH3,Step3_Model1_EQC_CH3,Step4_Model3_EQA_CH4,Step5_Model3_EQA_CH1,Step6_Model3_EQC_CH3,Step7_Model2_EQC_CH4,Step8_Model2_EQC_CH3,Step9_Model1_EQA_CH2,Step10_Model3_EQC_CH2,Step11_Model1_EQC_CH1,Step12_Model2_EQB_CH4,Step13_Model2_EQB_CH2,Step14_Model2_EQC_CH2,Step15_Model3_EQB_CH4,Step16_Model3_EQC_CH3,Step17_Model2_EQC_CH4,Step18_Model3_EQC_CH3,Step19_Model2_EQC_CH2,Step20_Model1_EQA_CH2,Step21_Model2_EQA_CH2,Step22_Model2_EQA_CH1,Step23_Model1_EQA_CH1,Step24_Model2_EQB_CH1,Step25_Model3_EQB_CH4,Step26_Model1_EQA_CH2,Step27_Model2_EQB_CH2,Step28_Model2_EQC_CH4,Step29_Model1_EQC_CH1,Step30_Model3_EQA_CH4,,,,,,49.08,,,,69.01,,,,,45.08,,63.51,50.17,,,,,,,,59.77,,,59.29,,,,,,,,,,,,34.34,,57.58,52.49,,51.96,,38.47,,,,,,,,,,,,,,,,
L012W10,L012,10,Step1_Model1_EQB_CH1,Step2_Model3_EQA_CH2,Step3_Model1_EQC_CH3,Step4_Model3_EQA_CH1,Step5_Model3_EQA_CH2,Step6_Model3_EQC_CH2,Step7_Model2_EQC_CH3,Step8_Model2_EQC_CH2,Step9_Model1_EQA_CH2,Step10_Model3_EQC_CH1,Step11_Model1_EQC_CH1,Step12_Model2_EQB_CH3,Step13_Model2_EQB_CH3,Step14_Model2_EQC_CH2,Step15_Model3_EQB_CH1,Step16_Model3_EQC_CH3,Step17_Model2_EQC_CH3,Step18_Model3_EQC_CH4,Step19_Model2_EQC_CH3,Step20_Model1_EQA_CH2,Step21_Model2_EQA_CH1,Step22_Model2_EQA_CH3,Step23_Model1_EQA_CH4,Step24_Model2_EQB_CH1,Step25_Model3_EQB_CH3,Step26_Model1_EQA_CH4,Step27_Model2_EQB_CH3,Step28_Model2_EQC_CH1,Step29_Model1_EQC_CH1,Step30_Model3_EQA_CH1,,39.39,,,,48.21,,,64.13,63.9,,,,,,,,,,,,,,,,,,,,,,,,,,,59.52,,,,,60.89,,,,,55.85,,,,6,,,,7,,,,,,,,,
L012W11,L012,11,Step1_Model1_EQB_CH2,Step2_Model3_EQA_CH3,Step3_Model1_EQC_CH2,Step4_Model3_EQA_CH1,Step5_Model3_EQA_CH4,Step6_Model3_EQC_CH3,Step7_Model2_EQC_CH2,Step8_Model2_EQC_CH3,Step9_Model1_EQA_CH4,Step10_Model3_EQC_CH2,Step11_Model1_EQC_CH1,Step12_Model2_EQB_CH2,Step13_Model2_EQB_CH3,Step14_Model2_EQC_CH3,Step15_Model3_EQB_CH3,Step16_Model3_EQC_CH3,Step17_Model2_EQC_CH1,Step18_Model3_EQC_CH2,Step19_Model2_EQC_CH1,Step20_Model1_EQA_CH1,Step21_Model2_EQA_CH1,Step22_Model2_EQA_CH3,Step23_Model1_EQA_CH3,Step24_Model2_EQB_CH3,Step25_Model3_EQB_CH2,Step26_Model1_EQA_CH4,Step27_Model2_EQB_CH3,Step28_Model2_EQC_CH2,Step29_Model1_EQC_CH3,Step30_Model3_EQA_CH3,,,,,,,,,,,,,44.6,,48.6,,,,,,,,,,,,,,,,,,,41.54,,58.75,,63.19,,,,,,,,,,,,,,,10,13,,7,,,,,,,,
L012W12,L012,12,Step1_Model1_EQB_CH1,Step2_Model3_EQA_CH1,Step3_Model1_EQC_CH1,Step4_Model3_EQA_CH2,Step5_Model3_EQA_CH4,Step6_Model3_EQC_CH4,Step7_Model2_EQC_CH2,Step8_Model2_EQC_CH3,Step9_Model1_EQA_CH2,Step10_Model3_EQC_CH3,Step11_Model1_EQC_CH2,Step12_Model2_EQB_CH2,Step13_Model2_EQB_CH2,Step14_Model2_EQC_CH4,Step15_Model3_EQB_CH1,Step16_Model3_EQC_CH2,Step17_Model2_EQC_CH4,Step18_Model3_EQC_CH1,Step19_Model2_EQC_CH1,Step20_Model1_EQA_CH2,Step21_Model2_EQA_CH3,Step22_Model2_EQA_CH3,Step23_Model1_EQA_CH3,Step24_Model2_EQB_CH2,Step25_Model3_EQB_CH3,Step26_Model1_EQA_CH4,Step27_Model2_EQB_CH4,Step28_Model2_EQC_CH4,Step29_Model1_EQC_CH4,Step30_Model3_EQA_CH1,,,,,,,58.61,64.97,65.67,,,,,,45.97,,58.86,,42.41,44.91,,,,,33.89,58.71,,,,,,48.33,,40.19,49.06,,,,,,,,58.37,,,,,,,,,,,,,,,,,,,,,
L012W13,L012,13,Step1_Model1_EQB_CH4,Step2_Model3_EQA_CH3,Step3_Model1_EQC_CH2,Step4_Model3_EQA_CH3,Step5_Model3_EQA_CH4,Step6_Model3_EQC_CH1,Step7_Model2_EQC_CH4,Step8_Model2_EQC_CH2,Step9_Model1_EQA_CH3,Step10_Model3_EQC_CH2,Step11_Model1_EQC_CH2,Step12_Model2_EQB_CH2,Step13_Model2_EQB_CH3,Step14_Model2_EQC_CH4,Step15_Model3_EQB_CH2,Step16_Model3_EQC_CH3,Step17_Model2_EQC_CH1,Step18_Model3_EQC_CH3,Step19_Model2_EQC_CH1,Step20_Model1_EQA_CH3,Step21_Model2_EQA_CH4,Step22_Model2_EQA_CH2,Step23_Model1_EQA_CH4,Step24_Model2_EQB_CH3,Step25_Model3_EQB_CH2,Step26_Model1_EQA_CH1,Step27_Model2_EQB_CH3,Step28_Model2_EQC_CH2,Step29_Model1_EQC_CH1,Step30_Model3_EQA_CH1,,,,,,,,,,,,38.63,,,,,,,,,,,,,,,31.68,,,,,,,46.94,,,,,60.78,,,,,,,,,,,,,,,,,,,,,,,,,
L012W14,L012,14,Step1_Model1_EQB_CH4,Step2_Model3_EQA_CH3,Step3_Model1_EQC_CH1,Step4_Model3_EQA_CH2,Step5_Model3_EQA_CH1,Step6_Model3_EQC_CH1,Step7_Model2_EQC_CH4,Step8_Model2_EQC_CH4,Step9_Model1_EQA_CH2,Step10_Model3_EQC_CH4,Step11_Model1_EQC_CH1,Step12_Model2_EQB_CH1,Step13_Model2_EQB_CH4,Step14_Model2_EQC_CH1,Step15_Model3_EQB_CH1,Step16_Model3_EQC_CH2,Step17_Model2_EQC_CH4,Step18_Model3_EQC_CH1,Step19_Model2_EQC_CH4,Step20_Model1_EQA_CH2,Step21_Model2_EQA_CH4,Step22_Model2_EQA_CH1,Step23_Model1_EQA_CH4,Step24_Model2_EQB_CH1,Step25_Model3_EQB_CH1,Step26_Model1_EQA_CH1,Step27_Model2_EQB_CH2,Step28_Model2_EQC_CH4,Step29_Model1_EQC_CH2,Step30_Model3_EQA_CH4,,,,,,,,,,,,40.12,,,,,60.03,,53.59,,36.48,,,,,,,,,49.19,,43.92,,,,,,,,,,,,,,,52.67,,,,,,,,,,9,,,,,,,
L012W15,L012,15,Step1_Model1_EQB_CH2,Step2_Model3_EQA_CH3,Step3_Model1_EQC_CH1,Step4_Model3_EQA_CH1,Step5_Model3_EQA_CH2,Step6_Model3_EQC_CH3,Step7_Model2_EQC_CH1,Step8_Model2_EQC_CH4,Step9_Model1_EQA_CH2,Step10_Model3_EQC_CH1,Step11_Model1_EQC_CH1,Step12_Model2_EQB_CH2,Step13_Model2_EQB_CH2,Step14_Model2_EQC_CH4,Step15_Model3_EQB_CH4,Step16_Model3_EQC_CH1,Step17_Model2_EQC_CH1,Step18_Model3_EQC_CH2,Step19_Model2_EQC_CH1,Step20_Model1_EQA_CH1,Step21_Model2_EQA_CH2,Step22_Model2_EQA_CH1,Step23_Model1_EQA_CH1,Step24_Model2_EQB_CH3,Step25_Model3_EQB_CH4,Step26_Model1_EQA_CH2,Step27_Model2_EQB_CH3,Step28_Model2_EQC_CH4,Step29_Model1_EQC_CH4,Step30_Model3_EQA_CH4,,,45.22,,,,,,,,59.43,,,,,,,,,,,,,29.79,,,,,,,63.84,44.85,43.68,,,,,,,,,,,,,54.01,,,,,,,,,,,,,,,,,,
L012W16,L012,16,Step1_Model1_EQB_CH3,Step2_Model3_EQA_CH3,Step3_Model1_EQC_CH4,Step4_Model3_EQA_CH1,Step5_Model3_EQA_CH1,Step6_Model3_EQC_CH3,Step7_Model2_EQC_CH3,Step8_Model2_EQC_CH3,Step9_Model1_EQA_CH4,Step10_Model3_EQC_CH1,Step11_Model1_EQC_CH3,Step12_Model2_EQB_CH3,Step13_Model2_EQB_CH2,Step14_Model2_EQC_CH4,Step15_Model3_EQB_CH2,Step16_Model3_EQC_CH1,Step17_Model2_EQC_CH2,Step18_Model3_EQC_CH2,Step19_Model2_EQC_CH2,Step20_Model1_EQA_CH4,Step21_Model2_EQA_CH1,Step22_Model2_EQA_CH2,Step23_Model1_EQA_CH4,Step24_Model2_EQB_CH1,Step25_Model3_EQB_CH3,Step26_Model1_EQA_CH2,Step27_Model2_EQB_CH1,Step28_Model2_EQC_CH2,Step29_Model1_EQC_CH3,Step30_Model3_EQA_CH1,,39.31,,,,,,,,,,42.6,,,,,,,45.15,,,,,,,,,,,,,,,,,59,,,,,,,,,,,51.66,,,,,,,,,,,,,,,,,
L012W17,L012,17,Step1_Model1_EQB_CH4,Step2_Model3_EQA_CH1,Step3_Model1_EQC_CH4,Step4_Model3_EQA_CH1,Step5_Model3_EQA_CH4,Step6_Model3_EQC_CH3,Step7_Model2_EQC_CH3,Step8_Model2_EQC_CH3,Step9_Model1_EQA_CH1,Step10_Model3_EQC_CH3,Step11_Model1_EQC_CH2,Step12_Model2_EQB_CH3,Step13_Model2_EQB_CH4,Step14_Model2_EQC_CH4,Step15_Model3_EQB_CH4,Step16_Model3_EQC_CH1,Step17_Model2_EQC_CH2,Step18_Model3_EQC_CH3,Step19_Model2_EQC_CH2,Step20_Model1_EQA_CH2,Step21_Model2_EQA_CH4,Step22_Model2_EQA_CH4,Step23_Model1_EQA_CH4,Step24_Model2_EQB_CH1,Step25_Model3_EQB_CH2,Step26_Model1_EQA_CH2,Step27_Model2_EQB_CH1,Step28_Model2_EQC_CH1,Step29_Model1_EQC_CH1,Step30_Model3_EQA_CH2,,,,,41.97,,69.24,,,,,40.76,,,,,,,,,,34.33,40.95,,,60.18,,,62.48,,,47.34,,,,,,,,,,,,,59.58,,,,,,,,,,,8,,,,,,,,
L012W18,L012,18,Step1_Model1_EQB_CH2,Step2_Model3_EQA_CH4,Step3_Model1_EQC_CH4,Step4_Model3_EQA_CH2,Step5_Model3_EQA_CH4,Step6_Model3_EQC_CH1,Step7_Model2_EQC_CH3,Step8_Model2_EQC_CH4,Step9_Model1_EQA_CH2,Step10_Model3_EQC_CH4,Step11_Model1_EQC_CH4,Step12_Model2_EQB_CH4,Step13_Model2_EQB_CH3,Step14_Model2_EQC_CH1,Step15_Model3_EQB_CH2,Step16_Model3_EQC_CH3,Step17_Model2_EQC_CH2,Step18_Model3_EQC_CH2,Step19_Model2_EQC_CH2,Step20_Model1_EQA_CH3,Step21_Model2_EQA_CH1,Step22_Model2_EQA_CH2,Step23_Model1_EQA_CH1,Step24_Model2_EQB_CH1,Step25_Model3_EQB_CH4,Step26_Model1_EQA_CH3,Step27_Model2_EQB_CH3,Step28_Model2_EQC_CH4,Step29_Model1_EQC_CH4,Step30_Model3_EQA_CH1,,,42.74,,,,61.12,,,,,,,,45.88,,,,,43.97,,,,32.27,,,,,,,,,,,,,,,,,,,,,,,,,,,,,,,,,,,,,,,,
L012W19,L012,19,Step1_Model1_EQB_CH2,Step2_Model3_EQA_CH3,Step3_Model1_EQC_CH2,Step4_Model3_EQA_CH2,Step5_Model3_EQA_CH4,Step6_Model3_EQC_CH2,Step7_Model2_EQC_CH1,Step8_Model2_EQC_CH4,Step9_Model1_EQA_CH2,Step10_Model3_EQC_CH4,Step11_Model1_EQC_CH1,Step12_Model2_EQB_CH1,Step13_Model2_EQB_CH2,Step14_Model2_EQC_CH4,Step15_Model3_EQB_CH2,Step16_Model3_EQC_CH2,Step17_Model2_EQC_CH4,Step18_Model3_EQC_CH2,Step19_Model2_EQC_CH1,Step20_Model1_EQA_CH4,Step21_Model2_EQA_CH4,Step22_Model2_EQA_CH4,Step23_Model1_EQA_CH4,Step24_Model2_EQB_CH2,Step25_Model3_EQB_CH2,Step26_Model1_EQA_CH1,Step27_Model2_EQB_CH3,Step28_Model2_EQC_CH3,Step29_Model1_EQC_CH1,Step30_Model3_EQA_CH3,,,,,,,,,64.34,,,,,,,,,,,,,,,,,,,,,,64.61,,43.73,,46.28,,50.84,,,61.23,42.87,,56.3,58.06,,,,,,,,,,,,,,,,,,,,
L012W20,L012,20,Step1_Model1_EQB_CH1,Step2_Model3_EQA_CH2,Step3_Model1_EQC_CH4,Step4_Model3_EQA_CH4,Step5_Model3_EQA_CH2,Step6_Model3_EQC_CH4,Step7_Model2_EQC_CH4,Step8_Model2_EQC_CH3,Step9_Model1_EQA_CH2,Step10_Model3_EQC_CH3,Step11_Model1_EQC_CH3,Step12_Model2_EQB_CH4,Step13_Model2_EQB_CH4,Step14_Model2_EQC_CH2,Step15_Model3_EQB_CH4,Step16_Model3_EQC_CH4,Step17_Model2_EQC_CH2,Step18_Model3_EQC_CH4,Step19_Model2_EQC_CH3,Step20_Model1_EQA_CH2,Step21_Model2_EQA_CH4,Step22_Model2_EQA_CH1,Step23_Model1_EQA_CH2,Step24_Model2_EQB_CH2,Step25_Model3_EQB_CH1,Step26_Model1_EQA_CH4,Step27_Model2_EQB_CH4,Step28_Model2_EQC_CH2,Step29_Model1_EQC_CH2,Step30_Model3_EQA_CH4,35.78,41.02,,46.74,,,,65.98,,,,,,,49.56,61.72,,,49.26,,,,,,30.57,,33.28,,58.88,,,47.19,,47.85,,65.51,,,,,,61.25,,59.02,,,,,,,,,,,,,,,,,,,,
L012W21,L012,21,Step1_Model1_EQB_CH4,Step2_Model3_EQA_CH3,Step3_Model1_EQC_CH2,Step4_Model3_EQA_CH2,Step5_Model3_EQA_CH1,Step6_Model3_EQC_CH3,Step7_Model2_EQC_CH4,Step8_Model2_EQC_CH3,Step9_Model1_EQA_CH4,Step10_Model3_EQC_CH4,Step11_Model1_EQC_CH3,Step12_Model2_EQB_CH2,Step13_Model2_EQB_CH4,Step14_Model2_EQC_CH3,Step15_Model3_EQB_CH1,Step16_Model3_EQC_CH3,Step17_Model2_EQC_CH1,Step18_Model3_EQC_CH4,Step19_Model2_EQC_CH3,Step20_Model1_EQA_CH3,Step21_Model2_EQA_CH1,Step22_Model2_EQA_CH3,Step23_Model1_EQA_CH3,Step24_Model2_EQB_CH4,Step25_Model3_EQB_CH3,Step26_Model1_EQA_CH2,Step27_Model2_EQB_CH1,Step28_Model2_EQC_CH3,Step29_Model1_EQC_CH1,Step30_Model3_EQA_CH1,,,,,42.77,,,,,45.8,42.82,,,,44.25,,54.35,,,41.65,,,,,,,,,,,,,,,45.89,,,,,,,,,,,,,,,,,,,11,,,,,,,,,,
L012W22,L012,22,Step1_Model1_EQB_CH1,Step2_Model3_EQA_CH3,Step3_Model1_EQC_CH3,Step4_Model3_EQA_CH1,Step5_Model3_EQA_CH2,Step6_Model3_EQC_CH1,Step7_Model2_EQC_CH2,Step8_Model2_EQC_CH1,Step9_Model1_EQA_CH4,Step10_Model3_EQC_CH1,Step11_Model1_EQC_CH1,Step12_Model2_EQB_CH3,Step13_Model2_EQB_CH2,Step14_Model2_EQC_CH4,Step15_Model3_EQB_CH2,Step16_Model3_EQC_CH4,Step17_Model2_EQC_CH1,Step18_Model3_EQC_CH3,Step19_Model2_EQC_CH3,Step20_Model1_EQA_CH2,Step21_Model2_EQA_CH3,Step22_Model2_EQA_CH2,Step23_Model1_EQA_CH2,Step24_Model2_EQB_CH4,Step25_Model3_EQB_CH2,Step26_Model1_EQA_CH4,Step27_Model2_EQB_CH3,Step28_Model2_EQC_CH2,Step29_Model1_EQC_CH2,Step30_Model3_EQA_CH1,,29.33,43.74,,,,,,,,,,,,,,55.59,,,,,37.8,,,,,,,57.25,,61.93,,,,41.15,,,,,,,61,,,,,,,,,,,,,,,6,,,,,,,
L012W23,L012,23,Step1_Model1_EQB_CH2,Step2_Model3_EQA_CH2,Step3_Model1_EQC_CH1,Step4_Model3_EQA_CH1,Step5_Model3_EQA_CH3,Step6_Model3_EQC_CH2,Step7_Model2_EQC_CH3,Step8_Model2_EQC_CH3,Step9_Model1_EQA_CH1,Step10_Model3_EQC_CH4,Step11_Model1_EQC_CH3,Step12_Model2_EQB_CH4,Step13_Model2_EQB_CH2,Step14_Model2_EQC_CH1,Step15_Model3_EQB_CH2,Step16_Model3_EQC_CH2,Step17_Model2_EQC_CH1,Step18_Model3_EQC_CH2,Step19_Model2_EQC_CH1,Step20_Model1_EQA_CH4,Step21_Model2_EQA_CH2,Step22_Model2_EQA_CH1,Step23_Model1_EQA_CH3,Step24_Model2_EQB_CH2,Step25_Model3_EQB_CH4,Step26_Model1_EQA_CH1,Step27_Model2_EQB_CH2,Step28_Model2_EQC_CH2,Step29_Model1_EQC_CH2,Step30_Model3_EQA_CH4,,,,,,54.39,67.02,,,,,44.12,,,,,,,,,,,,,,,,,,,,,,,,,,,,,,54.59,,,,,,,,,,,,,,,,11,,,,,,
L012W24,L012,24,Step1_Model1_EQB_CH1,Step2_Model3_EQA_CH3,Step3_Model1_EQC_CH3,Step4_Model3_EQA_CH3,Step5_Model3_EQA_CH1,Step6_Model3_EQC_CH3,Step7_Model2_EQC_CH4,Step8_Model2_EQC_CH1,Step9_Model1_EQA_CH2,Step10_Model3_EQC_CH4,Step11_Model1_EQC_CH2,Step12_Model2_EQB_CH3,Step13_Model2_EQB_CH4,Step14_Model2_EQC_CH1,Step15_Model3_EQB_CH4,Step16_Model3_EQC_CH2,Step17_Model2_EQC_CH1,Step18_Model3_EQC_CH4,Step19_Model2_EQC_CH4,Step20_Model1_EQA_CH4,Step21_Model2_EQA_CH4,Step22_Model2_EQA_CH1,Step23_Model1_EQA_CH2,Step24_Model2_EQB_CH4,Step25_Model3_EQB_CH1,Step26_Model1_EQA_CH2,Step27_Model2_EQB_CH4,Step28_Model2_EQC_CH2,Step29_Model1_EQC_CH2,Step30_Model3_EQA_CH1,,29.75,46.6,,,,,,,,,,,,,57.3,61.24,,,,,,,,,,32.27,,,,,44.27,,,,,,,,,,56.93,,,,,,,,,,,,,,,,,,,,,,
L012W25,L012,25,Step1_Model1_EQB_CH2,Step2_Model3_EQA_CH1,Step3_Model1_EQC_CH4,Step4_Model3_EQA_CH2,Step5_Model3_EQA_CH2,Step6_Model3_EQC_CH3,Step7_Model2_EQC_CH4,Step8_Model2_EQC_CH4,Step9_Model1_EQA_CH3,Step10_Model3_EQC_CH3,Step11_Model1_EQC_CH1,Step12_Model2_EQB_CH1,Step13_Model2_EQB_CH2,Step14_Model2_EQC_CH2,Step15_Model3_EQB_CH2,Step16_Model3_EQC_CH2,Step17_Model2_EQC_CH1,Step18_Model3_EQC_CH4,Step19_Model2_EQC_CH2,Step20_Model1_EQA_CH4,Step21_Model2_EQA_CH2,Step22_Model2_EQA_CH3,Step23_Model1_EQA_CH2,Step24_Model2_EQB_CH2,Step25_Model3_EQB_CH2,Step26_Model1_EQA_CH1,Step27_Model2_EQB_CH3,Step28_Model2_EQC_CH2,Step29_Model1_EQC_CH2,Step30_Model3_EQA_CH4,,36.88,,,,,,,,,,38.48,,,,,,40.2,40.29,,35.69,,,,,,,,,,,,41.82,,45.93,,,,56.02,,,,,,,,,,,7,,11,,,,,,,,,,,,
L013W01,L013,1,Step1_Model3_EQB_CH4,Step2_Model1_EQB_CH2,Step3_Model1_EQA_CH3,Step4_Model2_EQC_CH2,Step5_Model1_EQC_CH1,Step6_Model2_EQA_CH2,Step7_Model2_EQC_CH3,Step8_Model2_EQB_CH2,Step9_Model1_EQB_CH3,Step10_Model2_EQB_CH3,Step11_Model1_EQC_CH2,Step12_Model3_EQB_CH4,Step13_Model1_EQB_CH1,Step14_Model3_EQA_CH4,Step15_Model3_EQC_CH4,Step16_Model1_EQA_CH2,Step17_Model2_EQB_CH1,Step18_Model3_EQA_CH1,Step19_Model1_EQB_CH4,Step20_Model3_EQC_CH2,Step21_Model2_EQA_CH1,Step22_Model2_EQB_CH4,Step23_Model2_EQB_CH1,Step24_Model1_EQB_CH2,Step25_Model1_EQB_CH2,Step26_Model3_EQA_CH2,Step27_Model3_EQB_CH1,Step28_Model2_EQB_CH3,Step29_Model1_EQC_CH1,Step30_Model1_EQA_CH3,,,,,,,,,57.11,,,,,,,,,,,,,,34.45,,,,,,,,63.3,,,,,,61.72,,,,38.28,,,,,52.83,,,,,,,,,,,,,,,,,,
L013W02,L013,2,Step1_Model3_EQB_CH2,Step2_Model1_EQB_CH4,Step3_Model1_EQA_CH3,Step4_Model2_EQC_CH2,Step5_Model1_EQC_CH2,Step6_Model2_EQA_CH3,Step7_Model2_EQC_CH4,Step8_Model2_EQB_CH2,Step9_Model1_EQB_CH3,Step10_Model2_EQB_CH4,Step11_Model1_EQC_CH4,Step12_Model3_EQB_CH2,Step13_Model1_EQB_CH1,Step14_Model3_EQA_CH1,Step15_Model3_EQC_CH2,Step16_Model1_EQA_CH4,Step17_Model2_EQB_CH2,Step18_Model3_EQA_CH3,Step19_Model1_EQB_CH1,Step20_Model3_EQC_CH3,Step21_Model2_EQA_CH2,Step22_Model2_EQB_CH2,Step23_Model2_EQB_CH4,Step24_Model1_EQB_CH4,Step25_Model1_EQB_CH4,Step26_Model3_EQA_CH3,Step27_Model3_EQB_CH4,Step28_Model2_EQB_CH2,Step29_Model1_EQC_CH4,Step30_Model1_EQA_CH1,,,,,,,,,,,,35.41,,,46.9,,,,,,,,,,,,,,,,,,,,,,,,,,41.11,,,,,,,,,8,,,,,,,,4,,,,,,
L013W03,L013,3,Step1_Model3_EQB_CH4,Step2_Model1_EQB_CH3,Step3_Model1_EQA_CH1,Step4_Model2_EQC_CH1,Step5_Model1_EQC_CH1,Step6_Model2_EQA_CH3,Step7_Model2_EQC_CH2,Step8_Model2_EQB_CH4,Step9_Model1_EQB_CH1,Step10_Model2_EQB_CH1,Step11_Model1_EQC_CH1,Step12_Model3_EQB_CH2,Step13_Model1_EQB_CH2,Step14_Model3_EQA_CH3,Step15_Model3_EQC_CH2,Step16_Model1_EQA_CH4,Step17_Model2_EQB_CH3,Step18_Model3_EQA_CH3,Step19_Model1_EQB_CH4,Step20_Model3_EQC_CH4,Step21_Model2_EQA_CH4,Step22_Model2_EQB_CH3,Step23_Model2_EQB_CH3,Step24_Model1_EQB_CH3,Step25_Model1_EQB_CH4,Step26_Model3_EQA_CH4,Step27_Model3_EQB_CH1,Step28_Model2_EQB_CH2,Step29_Model1_EQC_CH1,Step30_Model1_EQA_CH4,,31.63,,,,50.85,,60.84,,70.45,54.55,36.69,,,,,,,,,,,,,,,,,54.94,,,,,43.73,,61.36,,,,,,,,63.38,64.77,,,,,,,,,,,,,,,,,,,
L013W04,L013,4,Step1_Model3_EQB_CH3,Step2_Model1_EQB_CH4,Step3_Model1_EQA_CH2,Step4_Model2_EQC_CH1,Step5_Model1_EQC_CH1,Step6_Model2_EQA_CH3,Step7_Model2_EQC_CH1,Step8_Model2_EQB_CH1,Step9_Model1_EQB_CH4,Step10_Model2_EQB_CH1,Step11_Model1_EQC_CH1,Step12_Model3_EQB_CH1,Step13_Model1_EQB_CH3,Step14_Model3_EQA_CH3,Step15_Model3_EQC_CH4,Step16_Model1_EQA_CH1,Step17_Model2_EQB_CH3,Step18_Model3_EQA_CH3,Step19_Model1_EQB_CH4,Step20_Model3_EQC_CH2,Step21_Model2_EQA_CH1,Step22_Model2_EQB_CH3,Step23_Model2_EQB_CH4,Step24_Model1_EQB_CH4,Step25_Model1_EQB_CH4,Step26_Model3_EQA_CH3,Step27_Model3_EQB_CH1,Step28_Model2_EQB_CH2,Step29_Model1_EQC_CH1,Step30_Model1_EQA_CH4,,36.26,,,46.81,,,,,,49.92,,,,,,,,,,,,,,41.72,,,,,,59.6,,,,45.3,,,,,,,59.77,,,55.97,48.36,,,,,,,,,,15,,,,,,,,
L013W05,L013,5,Step1_Model3_EQB_CH4,Step2_Model1_EQB_CH2,Step3_Model1_EQA_CH1,Step4_Model2_EQC_CH4,Step5_Model1_EQC_CH4,Step6_Model2_EQA_CH1,Step7_Model2_EQC_CH4,Step8_Model2_EQB_CH1,Step9_Model1_EQB_CH4,Step10_Model2_EQB_CH1,Step11_Model1_EQC_CH2,Step12_Model3_EQB_CH4,Step13_Model1_EQB_CH2,Step14_Model3_EQA_CH4,Step15_Model3_EQC_CH4,Step16_Model1_EQA_CH3,Step17_Model2_EQB_CH1,Step18_Model3_EQA_CH2,Step19_Model1_EQB_CH2,Step20_Model3_EQC_CH2,Step21_Model2_EQA_CH1,Step22_Model2_EQB_CH3,Step23_Model2_EQB_CH2,Step24_Model1_EQB_CH1,Step25_Model1_EQB_CH4,Step26_Model3_EQA_CH2,Step27_Model3_EQB_CH2,Step28_Model2_EQB_CH3,Step29_Model1_EQC_CH2,Step30_Model1_EQA_CH2,,,,,,,,,,,,,,,,,,,,44.53,,,,,,,,,,43.5,,,,,42.82,58.24,58.01,,,,,,,,56.13,55.46,,,,,,16,,,,,,,,,,,,
L013W06,L013,6,Step1_Model3_EQB_CH4,Step2_Model1_EQB_CH1,Step3_Model1_EQA_CH1,Step4_Model2_EQC_CH3,Step5_Model1_EQC_CH4,Step6_Model2_EQA_CH1,Step7_Model2_EQC_CH4,Step8_Model2_EQB_CH1,Step9_Model1_EQB_CH4,Step10_Model2_EQB_CH3,Step11_Model1_EQC_CH2,Step12_Model3_EQB_CH3,Step13_Model1_EQB_CH1,Step14_Model3_EQA_CH3,Step15_Model3_EQC_CH2,Step16_Model1_EQA_CH3,Step17_Model2_EQB_CH1,Step18_Model3_EQA_CH1,Step19_Model1_EQB_CH3,Step20_Model3_EQC_CH2,Step21_Model2_EQA_CH3,Step22_Model2_EQB_CH2,Step23_Model2_EQB_CH4,Step24_Model1_EQB_CH2,Step25_Model1_EQB_CH4,Step26_Model3_EQA_CH3,Step27_Model3_EQB_CH2,Step28_Model2_EQB_CH4,Step29_Model1_EQC_CH4,Step30_Model1_EQA_CH4,,,38.81,,,,,,,,,,,38.47,,,,,,,,,38.87,,,,33.66,,,41.85,,,,45.24,,,,,,,,58.31,,,,,,,,,,,,,,,14,,,,,,,
L013W07,L013,7,Step1_Model3_EQB_CH1,Step2_Model1_EQB_CH3,Step3_Model1_EQA_CH4,Step4_Model2_EQC_CH2,Step5_Model1_EQC_CH4,Step6_Model2_EQA_CH1,Step7_Model2_EQC_CH3,Step8_Model2_EQB_CH1,Step9_Model1_EQB_CH1,Step10_Model2_EQB_CH1,Step11_Model1_EQC_CH2,Step12_Model3_EQB_CH3,Step13_Model1_EQB_CH3,Step14_Model3_EQA_CH2,Step15_Model3_EQC_CH3,Step16_Model1_EQA_CH1,Step17_Model2_EQB_CH3,Step18_Model3_EQA_CH2,Step19_Model1_EQB_CH1,Step20_Model3_EQC_CH2,Step21_Model2_EQA_CH4,Step22_Model2_EQB_CH1,Step23_Model2_EQB_CH1,Step24_Model1_EQB_CH3,Step25_Model1_EQB_CH1,Step26_Model3_EQA_CH2,Step27_Model3_EQB_CH3,Step28_Model2_EQB_CH4,Step29_Model1_EQC_CH2,Step30_Model1_EQA_CH4,40.35,,,,,,,,,,,,,,42.82,,,,,,,,,,,,,,,,,,,49.97,,,,,,,,,,,58.76,,,,7,,,,,,,,,,,,,,,
L013W08,L013,8,Step1_Model3_EQB_CH4,Step2_Model1_EQB_CH4,Step3_Model1_EQA_CH1,Step4_Model2_EQC_CH2,Step5_Model1_EQC_CH2,Step6_Model2_EQA_CH1,Step7_Model2_EQC_CH3,Step8_Model2_EQB_CH4,Step9_Model1_EQB_CH2,Step10_Model2_EQB_CH1,Step11_Model1_EQC_CH4,Step12_Model3_EQB_CH3,Step13_Model1_EQB_CH3,Step14_Model3_EQA_CH4,Step15_Model3_EQC_CH3,Step16_Model1_EQA_CH2,Step17_Model2_EQB_CH2,Step18_Model3_EQA_CH2,Step19_Model1_EQB_CH3,Step20_Model3_EQC_CH2,Step21_Model2_EQA_CH1,Step22_Model2_EQB_CH2,Step23_Model2_EQB_CH2,Step24_Model1_EQB_CH3,Step25_Model1_EQB_CH2,Step26_Model3_EQA_CH4,Step27_Model3_EQB_CH1,Step28_Model2_EQB_CH3,Step29_Model1_EQC_CH1,Step30_Model1_EQA_CH4,,,,,,,,,,,60.89,,,,,,53.93,,,,38.44,,,,,62.09,,58.36,,,,,,,42.35,,,,,,,,,,,,,,,,,,,,,,,,,,,,,
L013W09,L013,9,Step1_Model3_EQB_CH3,Step2_Model1_EQB_CH3,Step3_Model1_EQA_CH2,Step4_Model2_EQC_CH1,Step5_Model1_EQC_CH4,Step6_Model2_EQA_CH4,Step7_Model2_EQC_CH3,Step8_Model2_EQB_CH2,Step9_Model1_EQB_CH3,Step10_Model2_EQB_CH3,Step11_Model1_EQC_CH3,Step12_Model3_EQB_CH3,Step13_Model1_EQB_CH4,Step14_Model3_EQA_CH4,Step15_Model3_EQC_CH3,Step16_Model1_EQA_CH3,Step17_Model2_EQB_CH2,Step18_Model3_EQA_CH3,Step19_Model1_EQB_CH4,Step20_Model3_EQC_CH1,Step21_Model2_EQA_CH4,Step22_Model2_EQB_CH2,Step23_Model2_EQB_CH4,Step24_Model1_EQB_CH1,Step25_Model1_EQB_CH3,Step26_Model3_EQA_CH1,Step27_Model3_EQB_CH3,Step28_Model2_EQB_CH3,Step29_Model1_EQC_CH4,Step30_Model1_EQA_CH4,,42.87,,59.55,43.19,,,59.54,,,56.46,,,,,,,45.88,48.41,,34.82,,,,,,,,,,,,,,,,,,64.49,62.43,,,64.69,,,,,,,,,,,,12,,,,,,,,,
L013W10,L013,10,Step1_Model3_EQB_CH4,Step2_Model1_EQB_CH2,Step3_Model1_EQA_CH4,Step4_Model2_EQC_CH2,Step5_Model1_EQC_CH4,Step6_Model2_EQA_CH3,Step7_Model2_EQC_CH2,Step8_Model2_EQB_CH1,Step9_Model1_EQB_CH2,Step10_Model2_EQB_CH2,Step11_Model1_EQC_CH1,Step12_Model3_EQB_CH2,Step13_Model1_EQB_CH3,Step14_Model3_EQA_CH4,Step15_Model3_EQC_CH1,Step16_Model1_EQA_CH4,Step17_Model2_EQB_CH3,Step18_Model3_EQA_CH1,Step19_Model1_EQB_CH4,Step20_Model3_EQC_CH4,Step21_Model2_EQA_CH3,Step22_Model2_EQB_CH4,Step23_Model2_EQB_CH3,Step24_Model1_EQB_CH2,Step25_Model1_EQB_CH3,Step26_Model3_EQA_CH2,Step27_Model3_EQB_CH1,Step28_Model2_EQB_CH4,Step29_Model1_EQC_CH3,Step30_Model1_EQA_CH3,,38.99,,,,,,,,,,,,,,,,,,,,,,37.31,,63.9,,56.59,61.96,,,,,44.32,,,,,60.82,61.31,,,,,,,,,,,,,,,,,,,,,,,,
L013W11,L013,11,Step1_Model3_EQB_CH4,Step2_Model1_EQB_CH4,Step3_Model1_EQA_CH1,Step4_Model2_EQC_CH1,Step5_Model1_EQC_CH3,Step6_Model2_EQA_CH1,Step7_Model2_EQC_CH2,Step8_Model2_EQB_CH1,Step9_Model1_EQB_CH1,Step10_Model2_EQB_CH3,Step11_Model1_EQC_CH2,Step12_Model3_EQB_CH1,Step13_Model1_EQB_CH2,Step14_Model3_EQA_CH2,Step15_Model3_EQC_CH2,Step16_Model1_EQA_CH4,Step17_Model2_EQB_CH4,Step18_Model3_EQA_CH4,Step19_Model1_EQB_CH4,Step20_Model3_EQC_CH3,Step21_Model2_EQA_CH1,Step22_Model2_EQB_CH4,Step23_Model2_EQB_CH3,Step24_Model1_EQB_CH1,Step25_Model1_EQB_CH4,Step26_Model3_EQA_CH1,Step27_Model3_EQB_CH4,Step28_Model2_EQB_CH3,Step29_Model1_EQC_CH2,Step30_Model1_EQA_CH2,,32.45,,,,,59.87,63.81,,,,,,,,,,,,,,,,,39.17,59.14,,,,,,,,,,,56.01,,,,,,,,,,57.18,,,,,,,,,,16,,,,,,,
L013W12,L013,12,Step1_Model3_EQB_CH1,Step2_Model1_EQB_CH3,Step3_Model1_EQA_CH2,Step4_Model2_EQC_CH4,Step5_Model1_EQC_CH2,Step6_Model2_EQA_CH1,Step7_Model2_EQC_CH1,Step8_Model2_EQB_CH3,Step9_Model1_EQB_CH1,Step10_Model2_EQB_CH2,Step11_Model1_EQC_CH2,Step12_Model3_EQB_CH2,Step13_Model1_EQB_CH2,Step14_Model3_EQA_CH3,Step15_Model3_EQC_CH4,Step16_Model1_EQA_CH4,Step17_Model2_EQB_CH3,Step18_Model3_EQA_CH1,Step19_Model1_EQB_CH4,Step20_Model3_EQC_CH1,Step21_Model2_EQA_CH4,Step22_Model2_EQB_CH1,Step23_Model2_EQB_CH3,Step24_Model1_EQB_CH2,Step25_Model1_EQB_CH1,Step26_Model3_EQA_CH2,Step27_Model3_EQB_CH1,Step28_Model2_EQB_CH1,Step29_Model1_EQC_CH1,Step30_Model1_EQA_CH1,,,,,,,,,,,,35.42,,36.57,,,,,,,,39.35,,,,,,,,,,43.98,,,,64.26,,,,,34.88,,,60.81,,,55.3,,,,,,8,,,,,14,,,,,,
L013W13,L013,13,Step1_Model3_EQB_CH1,Step2_Model1_EQB_CH2,Step3_Model1_EQA_CH1,Step4_Model2_EQC_CH2,Step5_Model1_EQC_CH3,Step6_Model2_EQA_CH4,Step7_Model2_EQC_CH1,Step8_Model2_EQB_CH4,Step9_Model1_EQB_CH2,Step10_Model2_EQB_CH3,Step11_Model1_EQC_CH3,Step12_Model3_EQB_CH3,Step13_Model1_EQB_CH4,Step14_Model3_EQA_CH2,Step15_Model3_EQC_CH1,Step16_Model1_EQA_CH1,Step17_Model2_EQB_CH2,Step18_Model3_EQA_CH4,Step19_Model1_EQB_CH1,Step20_Model3_EQC_CH2,Step21_Model2_EQA_CH1,Step22_Model2_EQB_CH3,Step23_Model2_EQB_CH1,Step24_Model1_EQB_CH4,Step25_Model1_EQB_CH2,Step26_Model3_EQA_CH4,Step27_Model3_EQB_CH2,Step28_Model2_EQB_CH3,Step29_Model1_EQC_CH2,Step30_Model1_EQA_CH1,,,40.78,,,54.7,59.79,,,,,,35.95,,,,58.38,,44.39,,33.37,44.2,,,,,,,57.67,,,,,,,,,66.55,59.46,,,,,61.55,,,,,,,,,,,,,,,,,,,,
L013W14,L013,14,Step1_Model3_EQB_CH1,Step2_Model1_EQB_CH3,Step3_Model1_EQA_CH2,Step4_Model2_EQC_CH3,Step5_Model1_EQC_CH1,Step6_Model2_EQA_CH4,Step7_Model2_EQC_CH3,Step8_Model2_EQB_CH4,Step9_Model1_EQB_CH4,Step10_Model2_EQB_CH2,Step11_Model1_EQC_CH3,Step12_Model3_EQB_CH4,Step13_Model1_EQB_CH4,Step14_Model3_EQA_CH2,Step15_Model3_EQC_CH2,Step16_Model1_EQA_CH1,Step17_Model2_EQB_CH4,Step18_Model3_EQA_CH1,Step19_Model1_EQB_CH4,Step20_Model3_EQC_CH1,Step21_Model2_EQA_CH2,Step22_Model2_EQB_CH3,Step23_Model2_EQB_CH2,Step24_Model1_EQB_CH1,Step25_Model1_EQB_CH1,Step26_Model3_EQA_CH3,Step27_Model3_EQB_CH4,Step28_Model2_EQB_CH1,Step29_Model1_EQC_CH1,Step30_Model1_EQA_CH1,40.86,,,,,,64.35,65.19,,,,,,,,,,,,,,,,,,,,,61.43,58.55,,,45.25,,,,,,,,,,,,,,44.12,,,,,,,,6,,,,,,,,,
L013W15,L013,15,Step1_Model3_EQB_CH3,Step2_Model1_EQB_CH2,Step3_Model1_EQA_CH1,Step4_Model2_EQC_CH3,Step5_Model1_EQC_CH1,Step6_Model2_EQA_CH4,Step7_Model2_EQC_CH3,Step8_Model2_EQB_CH1,Step9_Model1_EQB_CH3,Step10_Model2_EQB_CH1,Step11_Model1_EQC_CH2,Step12_Model3_EQB_CH1,Step13_Model1_EQB_CH3,Step14_Model3_EQA_CH4,Step15_Model3_EQC_CH4,Step16_Model1_EQA_CH4,Step17_Model2_EQB_CH1,Step18_Model3_EQA_CH2,Step19_Model1_EQB_CH1,Step20_Model3_EQC_CH4,Step21_Model2_EQA_CH3,Step22_Model2_EQB_CH4,Step23_Model2_EQB_CH3,Step24_Model1_EQB_CH2,Step25_Model1_EQB_CH3,Step26_Model3_EQA_CH1,Step27_Model3_EQB_CH1,Step28_Model2_EQB_CH1,Step29_Model1_EQC_CH3,Step30_Model1_EQA_CH1,,,,,,,,64.84,,,,,,,48.05,,,,,41.05,,,,,,,,,,,,,,,,,56.67,,,,36.57,,,,,,,35.83,,,,,,,,,,,,,,,,
L013W16,L013,16,Step1_Model3_EQB_CH1,Step2_Model1_EQB_CH1,Step3_Model1_EQA_CH2,Step4_Model2_EQC_CH3,Step5_Model1_EQC_CH3,Step6_Model2_EQA_CH4,Step7_Model2_EQC_CH3,Step8_Model2_EQB_CH2,Step9_Model1_EQB_CH3,Step10_Model2_EQB_CH2,Step11_Model1_EQC_CH2,Step12_Model3_EQB_CH3,Step13_Model1_EQB_CH4,Step14_Model3_EQA_CH1,Step15_Model3_EQC_CH1,Step16_Model1_EQA_CH3,Step17_Model2_EQB_CH3,Step18_Model3_EQA_CH2,Step19_Model1_EQB_CH3,Step20_Model3_EQC_CH2,Step21_Model2_EQA_CH4,Step22_Model2_EQB_CH3,Step23_Model2_EQB_CH1,Step24_Model1_EQB_CH1,Step25_Model1_EQB_CH3,Step26_Model3_EQA_CH2,Step27_Model3_EQB_CH1,Step28_Model2_EQB_CH2,Step29_Model1_EQC_CH3,Step30_Model1_EQA_CH3,,,,,40.21,,,68.21,,,,,,,,,,,,,,,,,,,,48.06,,,,44.46,45.5,,,,,,,58.54,,,,,,,,,,,,18,,,,,,,,,,,,
L013W17,L013,17,Step1_Model3_EQB_CH1,Step2_Model1_EQB_CH3,Step3_Model1_EQA_CH4,Step4_Model2_EQC_CH4,Step5_Model1_EQC_CH1,Step6_Model2_EQA_CH4,Step7_Model2_EQC_CH2,Step8_Model2_EQB_CH1,Step9_Model1_EQB_CH1,Step10_Model2_EQB_CH2,Step11_Model1_EQC_CH4,Step12_Model3_EQB_CH4,Step13_Model1_EQB_CH4,Step14_Model3_EQA_CH1,Step15_Model3_EQC_CH1,Step16_Model1_EQA_CH4,Step17_Model2_EQB_CH3,Step18_Model3_EQA_CH4,Step19_Model1_EQB_CH2,Step20_Model3_EQC_CH1,Step21_Model2_EQA_CH2,Step22_Model2_EQB_CH2,Step23_Model2_EQB_CH1,Step24_Model1_EQB_CH3,Step25_Model1_EQB_CH4,Step26_Model3_EQA_CH2,Step27_Model3_EQB_CH1,Step28_Model2_EQB_CH2,Step29_Model1_EQC_CH4,Step30_Model1_EQA_CH3,,,,,,,69,,,65.99,,,41.28,,,,,46.76,,,,,,,,,,,,,,,,,,56.89,,,64.55,,,58.18,,,,,,,,,,,,,,,,,,,,,,
L013W18,L013,18,Step1_Model3_EQB_CH3,Step2_Model1_EQB_CH3,Step3_Model1_EQA_CH1,Step4_Model2_EQC_CH1,Step5_Model1_EQC_CH3,Step6_Model2_EQA_CH4,Step7_Model2_EQC_CH4,Step8_Model2_EQB_CH1,Step9_Model1_EQB_CH3,Step10_Model2_EQB_CH4,Step11_Model1_EQC_CH4,Step12_Model3_EQB_CH4,Step13_Model1_EQB_CH1,Step14_Model3_EQA_CH3,Step15_Model3_EQC_CH2,Step16_Model1_EQA_CH3,Step17_Model2_EQB_CH3,Step18_Model3_EQA_CH1,Step19_Model1_EQB_CH4,Step20_Model3_EQC_CH4,Step21_Model2_EQA_CH1,Step22_Model2_EQB_CH1,Step23_Model2_EQB_CH1,Step24_Model1_EQB_CH1,Step25_Model1_EQB_CH1,Step26_Model3_EQA_CH2,Step27_Model3_EQB_CH3,Step28_Model2_EQB_CH3,Step29_Model1_EQC_CH3,Step30_Model1_EQA_CH4,,,,,,,,,,,,45.3,,,,,63.2,,,,,,43.19,,,58.08,,,,,,,,,,,,,,,,,,56.83,59.99,,,33.12,,,,,,,,,,,,,,,,
L013W19,L013,19,Step1_Model3_EQB_CH2,Step2_Model1_EQB_CH3,Step3_Model1_EQA_CH4,Step4_Model2_EQC_CH2,Step5_Model1_EQC_CH2,Step6_Model2_EQA_CH4,Step7_Model2_EQC_CH2,Step8_Model2_EQB_CH4,Step9_Model1_EQB_CH3,Step10_Model2_EQB_CH4,Step11_Model1_EQC_CH2,Step12_Model3_EQB_CH3,Step13_Model1_EQB_CH3,Step14_Model3_EQA_CH1,Step15_Model3_EQC_CH1,Step16_Model1_EQA_CH2,Step17_Model2_EQB_CH4,Step18_Model3_EQA_CH4,Step19_Model1_EQB_CH2,Step20_Model3_EQC_CH3,Step21_Model2_EQA_CH2,Step22_Model2_EQB_CH2,Step23_Model2_EQB_CH3,Step24_Model1_EQB_CH4,Step25_Model1_EQB_CH2,Step26_Model3_EQA_CH4,Step27_Model3_EQB_CH2,Step28_Model2_EQB_CH3,Step29_Model1_EQC_CH3,Step30_Model1_EQA_CH1,32.59,,,,43.75,,80.75,,65.48,,,,41.76,39,,,,,,,,,,,,,,,,,61.15,50.28,,,,,,,63.44,,,,,66.64,,,,,,,,,,,,,,,,,,,,
L013W20,L013,20,Step1_Model3_EQB_CH3,Step2_Model1_EQB_CH1,Step3_Model1_EQA_CH2,Step4_Model2_EQC_CH4,Step5_Model1_EQC_CH3,Step6_Model2_EQA_CH3,Step7_Model2_EQC_CH3,Step8_Model2_EQB_CH2,Step9_Model1_EQB_CH1,Step10_Model2_EQB_CH2,Step11_Model1_EQC_CH4,Step12_Model3_EQB_CH2,Step13_Model1_EQB_CH4,Step14_Model3_EQA_CH3,Step15_Model3_EQC_CH4,Step16_Model1_EQA_CH4,Step17_Model2_EQB_CH1,Step18_Model3_EQA_CH4,Step19_Model1_EQB_CH4,Step20_Model3_EQC_CH2,Step21_Model2_EQA_CH3,Step22_Model2_EQB_CH2,Step23_Model2_EQB_CH2,Step24_Model1_EQB_CH3,Step25_Model1_EQB_CH3,Step26_Model3_EQA_CH4,Step27_Model3_EQB_CH4,Step28_Model2_EQB_CH1,Step29_Model1_EQC_CH2,Step30_Model1_EQA_CH3,,28.9,,,,,63.43,,,,,,,39.5,,,,,,,,36.6,,,,59.98,,,,,,,45.45,,,,51.64,,59.02,,35,,,,,,,,11,,,,,,,,,,,,,,,
L013W21,L013,21,Step1_Model3_EQB_CH4,Step2_Model1_EQB_CH3,Step3_Model1_EQA_CH4,Step4_Model2_EQC_CH1,Step5_Model1_EQC_CH1,Step6_Model2_EQA_CH3,Step7_Model2_EQC_CH1,Step8_Model2_EQB_CH3,Step9_Model1_EQB_CH4,Step10_Model2_EQB_CH2,Step11_Model1_EQC_CH1,Step12_Model3_EQB_CH4,Step13_Model1_EQB_CH2,Step14_Model3_EQA_CH2,Step15_Model3_EQC_CH2,Step16_Model1_EQA_CH4,Step17_Model2_EQB_CH4,Step18_Model3_EQA_CH3,Step19_Model1_EQB_CH2,Step20_Model3_EQC_CH2,Step21_Model2_EQA_CH2,Step22_Model2_EQB_CH3,Step23_Model2_EQB_CH2,Step24_Model1_EQB_CH4,Step25_Model1_EQB_CH2,Step26_Model3_EQA_CH1,Step27_Model3_EQB_CH4,Step28_Model2_EQB_CH3,Step29_Model1_EQC_CH2,Step30_Model1_EQA_CH1,,,,,,,,,,,,,,42.5,,,,,,,,,34.19,,,,,55.19,,,,,43.72,,,,57.33,,,,,,,,64.19,60.46,,,,,,,,,,,,,,,,,,
L013W22,L013,22,Step1_Model3_EQB_CH3,Step2_Model1_EQB_CH3,Step3_Model1_EQA_CH4,Step4_Model2_EQC_CH3,Step5_Model1_EQC_CH3,Step6_Model2_EQA_CH3,Step7_Model2_EQC_CH3,Step8_Model2_EQB_CH2,Step9_Model1_EQB_CH2,Step10_Model2_EQB_CH2,Step11_Model1_EQC_CH2,Step12_Model3_EQB_CH1,Step13_Model1_EQB_CH2,Step14_Model3_EQA_CH3,Step15_Model3_EQC_CH2,Step16_Model1_EQA_CH2,Step17_Model2_EQB_CH4,Step18_Model3_EQA_CH3,Step19_Model1_EQB_CH2,Step20_Model3_EQC_CH2,Step21_Model2_EQA_CH2,Step22_Model2_EQB_CH1,Step23_Model2_EQB_CH2,Step24_Model1_EQB_CH4,Step25_Model1_EQB_CH3,Step26_Model3_EQA_CH3,Step27_Model3_EQB_CH2,Step28_Model2_EQB_CH2,Step29_Model1_EQC_CH2,Step30_Model1_EQA_CH3,,,,,45.42,,,,61.04,,35.35,,,,,,,,43.5,38.37,35.31,,,,,,,,57.5,,,,46.65,,42.65,57.82,,,65.88,,,,,,,,53.69,,,,,,,,,,,,,,,,,
L013W23,L013,23,Step1_Model3_EQB_CH3,Step2_Model1_EQB_CH1,Step3_Model1_EQA_CH4,Step4_Model2_EQC_CH1,Step5_Model1_EQC_CH4,Step6_Model2_EQA_CH1,Step7_Model2_EQC_CH3,Step8_Model2_EQB_CH1,Step9_Model1_EQB_CH4,Step10_Model2_EQB_CH2,Step11_Model1_EQC_CH4,Step12_Model3_EQB_CH2,Step13_Model1_EQB_CH3,Step14_Model3_EQA_CH4,Step15_Model3_EQC_CH1,Step16_Model1_EQA_CH4,Step17_Model2_EQB_CH2,Step18_Model3_EQA_CH3,Step19_Model1_EQB_CH1,Step20_Model3_EQC_CH4,Step21_Model2_EQA_CH2,Step22_Model2_EQB_CH1,Step23_Model2_EQB_CH3,Step24_Model1_EQB_CH1,Step25_Model1_EQB_CH3,Step26_Model3_EQA_CH1,Step27_Model3_EQB_CH4,Step28_Model2_EQB_CH2,Step29_Model1_EQC_CH4,Step30_Model1_EQA_CH4,,,,,,,,63.94,,,,,36.48,,,,,,,,,,,,,,,,59.81,,,,,,44.01,,,66.35,,,,60.53,,,,,,,,,,,,,,,,,,,,,,
L013W24,L013,24,Step1_Model3_EQB_CH3,Step2_Model1_EQB_CH3,Step3_Model1_EQA_CH3,Step4_Model2_EQC_CH4,Step5_Model1_EQC_CH1,Step6_Model2_EQA_CH1,Step7_Model2_EQC_CH4,Step8_Model2_EQB_CH4,Step9_Model1_EQB_CH2,Step10_Model2_EQB_CH3,Step11_Model1_EQC_CH3,Step12_Model3_EQB_CH4,Step13_Model1_EQB_CH4,Step14_Model3_EQA_CH1,Step15_Model3_EQC_CH4,Step16_Model1_EQA_CH1,Step17_Model2_EQB_CH4,Step18_Model3_EQA_CH2,Step19_Model1_EQB_CH2,Step20_Model3_EQC_CH1,Step21_Model2_EQA_CH3,Step22_Model2_EQB_CH2,Step23_Model2_EQB_CH1,Step24_Model1_EQB_CH4,Step25_Model1_EQB_CH4,Step26_Model3_EQA_CH1,Step27_Model3_EQB_CH3,Step28_Model2_EQB_CH1,Step29_Model1_EQC_CH1,Step30_Model1_EQA_CH2,35.47,,,,,,,,,,,,,,,,,,43.38,47.77,,,,40.47,37.88,,,,,,,,,,,,,,,,,,,,,,,,,,,,,,,,,,,,,,,
L013W25,L013,25,Step1_Model3_EQB_CH1,Step2_Model1_EQB_CH1,Step3_Model1_EQA_CH4,Step4_Model2_EQC_CH2,Step5_Model1_EQC_CH4,Step6_Model2_EQA_CH4,Step7_Model2_EQC_CH3,Step8_Model2_EQB_CH3,Step9_Model1_EQB_CH2,Step10_Model2_EQB_CH2,Step11_Model1_EQC_CH3,Step12_Model3_EQB_CH3,Step13_Model1_EQB_CH3,Step14_Model3_EQA_CH3,Step15_Model3_EQC_CH3,Step16_Model1_EQA_CH4,Step17_Model2_EQB_CH2,Step18_Model3_EQA_CH4,Step19_Model1_EQB_CH4,Step20_Model3_EQC_CH1,Step21_Model2_EQA_CH4,Step22_Model2_EQB_CH3,Step23_Model2_EQB_CH3,Step24_Model1_EQB_CH1,Step25_Model1_EQB_CH1,Step26_Model3_EQA_CH1,Step27_Model3_EQB_CH1,Step28_Model2_EQB_CH1,Step29_Model1_EQC_CH4,Step30_Model1_EQA_CH1,,,,,46.58,,,,,,,,26.76,,,57.77,,,,,,,,,,58.94,,52.43,,,,,,,,,,,,,,,,63.92,,46.02,47.14,,,,,,,,,,,,,,,,,
L014W01,L014,1,Step1_Model2_EQA_CH1,Step2_Model1_EQB_CH2,Step3_Model1_EQC_CH3,Step4_Model3_EQA_CH3,Step5_Model2_EQC_CH4,Step6_Model2_EQC_CH2,Step7_Model1_EQB_CH3,Step8_Model2_EQB_CH2,Step9_Model3_EQC_CH3,Step10_Model3_EQA_CH4,Step11_Model3_EQA_CH4,Step12_Model2_EQB_CH2,Step13_Model1_EQC_CH3,Step14_Model1_EQB_CH1,Step15_Model2_EQA_CH4,Step16_Model3_EQC_CH2,Step17_Model1_EQA_CH2,Step18_Model3_EQB_CH3,Step19_Model1_EQC_CH2,Step20_Model3_EQB_CH4,Step21_Model2_EQB_CH2,Step22_Model2_EQB_CH2,Step23_Model1_EQC_CH1,Step24_Model1_EQA_CH1,Step25_Model1_EQA_CH4,Step26_Model1_EQB_CH3,Step27_Model2_EQC_CH1,Step28_Model1_EQC_CH3,Step29_Model2_EQB_CH4,Step30_Model2_EQA_CH1,,,,,,,,,,,,,40.98,,,,,,,46.58,,37.53,,,32.61,,,,,,,42.14,,,,,42.75,,,,,,56.62,,,,,,,,,,,,,,,,,,,,,
L014W02,L014,2,Step1_Model2_EQA_CH3,Step2_Model1_EQB_CH1,Step3_Model1_EQC_CH4,Step4_Model3_EQA_CH4,Step5_Model2_EQC_CH1,Step6_Model2_EQC_CH3,Step7_Model1_EQB_CH2,Step8_Model2_EQB_CH2,Step9_Model3_EQC_CH1,Step10_Model3_EQA_CH3,Step11_Model3_EQA_CH2,Step12_Model2_EQB_CH4,Step13_Model1_EQC_CH3,Step14_Model1_EQB_CH2,Step15_Model2_EQA_CH3,Step16_Model3_EQC_CH1,Step17_Model1_EQA_CH3,Step18_Model3_EQB_CH2,Step19_Model1_EQC_CH1,Step20_Model3_EQB_CH3,Step21_Model2_EQB_CH4,Step22_Model2_EQB_CH2,Step23_Model1_EQC_CH1,Step24_Model1_EQA_CH3,Step25_Model1_EQA_CH4,Step26_Model1_EQB_CH2,Step27_Model2_EQC_CH4,Step28_Model1_EQC_CH3,Step29_Model2_EQB_CH3,Step30_Model2_EQA_CH1,,,,,44.45,,,,,,,,,,,57.25,61.41,,,,,,,,,,37.75,,,,,,,,,,,,,59.86,,,,,,,,,,,,,,,,,,9,,,,,,
L014W03,L014,3,Step1_Model2_EQA_CH4,Step2_Model1_EQB_CH1,Step3_Model1_EQC_CH2,Step4_Model3_EQA_CH1,Step5_Model2_EQC_CH2,Step6_Model2_EQC_CH3,Step7_Model1_EQB_CH3,Step8_Model2_EQB_CH4,Step9_Model3_EQC_CH2,Step10_Model3_EQA_CH3,Step11_Model3_EQA_CH4,Step12_Model2_EQB_CH4,Step13_Model1_EQC_CH1,Step14_Model1_EQB_CH4,Step15_Model2_EQA_CH3,Step16_Model3_EQC_CH1,Step17_Model1_EQA_CH2,Step18_Model3_EQB_CH2,Step19_Model1_EQC_CH3,Step20_Model3_EQB_CH3,Step21_Model2_EQB_CH1,Step22_Model2_EQB_CH1,Step23_Model1_EQC_CH3,Step24_Model1_EQA_CH3,Step25_Model1_EQA_CH2,Step26_Model1_EQB_CH2,Step27_Model2_EQC_CH2,Step28_Model1_EQC_CH3,Step29_Model2_EQB_CH4,Step30_Model2_EQA_CH3,,,,,,,,61.95,,65.05,,,,,,,,,46.91,,,,,,,,34.93,,,,,45.45,,45.96,,,61.29,64.36,61.32,,,,,43.31,,,52.26,,,,,,,,,,,,,,,,,
L014W04,L014,4,Step1_Model2_EQA_CH3,Step2_Model1_EQB_CH2,Step3_Model1_EQC_CH3,Step4_Model3_EQA_CH1,Step5_Model2_EQC_CH3,Step6_Model2_EQC_CH3,Step7_Model1_EQB_CH3,Step8_Model2_EQB_CH3,Step9_Model3_EQC_CH4,Step10_Model3_EQA_CH3,Step11_Model3_EQA_CH1,Step12_Model2_EQB_CH1,Step13_Model1_EQC_CH3,Step14_Model1_EQB_CH2,Step15_Model2_EQA_CH4,Step16_Model3_EQC_CH3,Step17_Model1_EQA_CH3,Step18_Model3_EQB_CH3,Step19_Model1_EQC_CH2,Step20_Model3_EQB_CH2,Step21_Model2_EQB_CH2,Step22_Model2_EQB_CH4,Step23_Model1_EQC_CH1,Step24_Model1_EQA_CH4,Step25_Model1_EQA_CH2,Step26_Model1_EQB_CH1,Step27_Model2_EQC_CH1,Step28_Model1_EQC_CH2,Step29_Model2_EQB_CH2,Step30_Model2_EQA_CH4,,,,,,,60.73,,,,,,,,40.75,,,42.13,,,,,,,,,,,,,56.97,,,,41.65,,,,,,40.25,,,,,,,,,,,,,,,3,,,,,,,,
L014W05,L014,5,Step1_Model2_EQA_CH2,Step2_Model1_EQB_CH1,Step3_Model1_EQC_CH3,Step4_Model3_EQA_CH2,Step5_Model2_EQC_CH2,Step6_Model2_EQC_CH4,Step7_Model1_EQB_CH4,Step8_Model2_EQB_CH2,Step9_Model3_EQC_CH1,Step10_Model3_EQA_CH1,Step11_Model3_EQA_CH3,Step12_Model2_EQB_CH2,Step13_Model1_EQC_CH4,Step14_Model1_EQB_CH1,Step15_Model2_EQA_CH3,Step16_Model3_EQC_CH2,Step17_Model1_EQA_CH1,Step18_Model3_EQB_CH2,Step19_Model1_EQC_CH2,Step20_Model3_EQB_CH1,Step21_Model2_EQB_CH1,Step22_Model2_EQB_CH1,Step23_Model1_EQC_CH2,Step24_Model1_EQA_CH2,Step25_Model1_EQA_CH3,Step26_Model1_EQB_CH4,Step27_Model2_EQC_CH2,Step28_Model1_EQC_CH4,Step29_Model2_EQB_CH1,Step30_Model2_EQA_CH2,,,,,,,,,,,,,,,47.77,,,,,,,,,,,,,,56.71,,60.92,,49.09,,,,,56.93,,57.61,,,54,,55.95,49.43,,,,,,,,,,11,,,,,,,,
L014W06,L014,6,Step1_Model2_EQA_CH3,Step2_Model1_EQB_CH3,Step3_Model1_EQC_CH4,Step4_Model3_EQA_CH1,Step5_Model2_EQC_CH4,Step6_Model2_EQC_CH1,Step7_Model1_EQB_CH3,Step8_Model2_EQB_CH4,Step9_Model3_EQC_CH3,Step10_Model3_EQA_CH3,Step11_Model3_EQA_CH1,Step12_Model2_EQB_CH4,Step13_Model1_EQC_CH4,Step14_Model1_EQB_CH3,Step15_Model2_EQA_CH3,Step16_Model3_EQC_CH1,Step17_Model1_EQA_CH2,Step18_Model3_EQB_CH2,Step19_Model1_EQC_CH3,Step20_Model3_EQB_CH2,Step21_Model2_EQB_CH2,Step22_Model2_EQB_CH2,Step23_Model1_EQC_CH2,Step24_Model1_EQA_CH3,Step25_Model1_EQA_CH2,Step26_Model1_EQB_CH2,Step27_Model2_EQC_CH1,Step28_Model1_EQC_CH3,Step29_Model2_EQB_CH4,Step30_Model2_EQA_CH4,33.79,,,,,,65.17,,,,,,35.17,36,,60.61,,,48.43,,,,,,,63.12,,,,,,48.14,,,,,,,58.89,,,,,,,,50.17,,9,15,,,,,,,,,,,,,,
L014W07,L014,7,Step1_Model2_EQA_CH1,Step2_Model1_EQB_CH1,Step3_Model1_EQC_CH3,Step4_Model3_EQA_CH4,Step5_Model2_EQC_CH2,Step6_Model2_EQC_CH1,Step7_Model1_EQB_CH4,Step8_Model2_EQB_CH3,Step9_Model3_EQC_CH2,Step10_Model3_EQA_CH3,Step11_Model3_EQA_CH1,Step12_Model2_EQB_CH4,Step13_Model1_EQC_CH4,Step14_Model1_EQB_CH4,Step15_Model2_EQA_CH4,Step16_Model3_EQC_CH2,Step17_Model1_EQA_CH2,Step18_Model3_EQB_CH3,Step19_Model1_EQC_CH2,Step20_Model3_EQB_CH1,Step21_Model2_EQB_CH1,Step22_Model2_EQB_CH4,Step23_Model1_EQC_CH1,Step24_Model1_EQA_CH3,Step25_Model1_EQA_CH2,Step26_Model1_EQB_CH2,Step27_Model2_EQC_CH2,Step28_Model1_EQC_CH1,Step29_Model2_EQB_CH2,Step30_Model2_EQA_CH4,,40.93,,,,,68.86,,,,51.79,,,37.74,,,61.54,,,,,,,40.14,,,,,,,,,,,,57.24,,,,,,,,,60.51,,,,,,,,,,,,,,,,,,,
L014W08,L014,8,Step1_Model2_EQA_CH4,Step2_Model1_EQB_CH4,Step3_Model1_EQC_CH1,Step4_Model3_EQA_CH2,Step5_Model2_EQC_CH1,Step6_Model2_EQC_CH2,Step7_Model1_EQB_CH3,Step8_Model2_EQB_CH3,Step9_Model3_EQC_CH1,Step10_Model3_EQA_CH4,Step11_Model3_EQA_CH1,Step12_Model2_EQB_CH4,Step13_Model1_EQC_CH2,Step14_Model1_EQB_CH4,Step15_Model2_EQA_CH4,Step16_Model3_EQC_CH2,Step17_Model1_EQA_CH3,Step18_Model3_EQB_CH2,Step19_Model1_EQC_CH1,Step20_Model3_EQB_CH1,Step21_Model2_EQB_CH1,Step22_Model2_EQB_CH1,Step23_Model1_EQC_CH1,Step24_Model1_EQA_CH3,Step25_Model1_EQA_CH3,Step26_Model1_EQB_CH4,Step27_Model2_EQC_CH1,Step28_Model1_EQC_CH2,Step29_Model2_EQB_CH1,Step30_Model2_EQA_CH3,,37.1,,38.11,,,,57.53,,,44.79,,,,,,,,,,40.14,32.73,,,36.83,,,,,,62.79,,,,50.51,59.9,58.26,,,,43.09,57.22,,,,,,,8,,,,,,,,8,,,,,,,
L014W09,L014,9,Step1_Model2_EQA_CH1,Step2_Model1_EQB_CH3,Step3_Model1_EQC_CH4,Step4_Model3_EQA_CH4,Step5_Model2_EQC_CH4,Step6_Model2_EQC_CH3,Step7_Model1_EQB_CH1,Step8_Model2_EQB_CH1,Step9_Model3_EQC_CH2,Step10_Model3_EQA_CH3,Step11_Model3_EQA_CH2,Step12_Model2_EQB_CH4,Step13_Model1_EQC_CH1,Step14_Model1_EQB_CH3,Step15_Model2_EQA_CH2,Step16_Model3_EQC_CH2,Step17_Model1_EQA_CH2,Step18_Model3_EQB_CH1,Step19_Model1_EQC_CH1,Step20_Model3_EQB_CH1,Step21_Model2_EQB_CH3,Step22_Model2_EQB_CH1,Step23_Model1_EQC_CH3,Step24_Model1_EQA_CH2,Step25_Model1_EQA_CH2,Step26_Model1_EQB_CH4,Step27_Model2_EQC_CH1,Step28_Model1_EQC_CH2,Step29_Model2_EQB_CH1,Step30_Model2_EQA_CH3,,,41.26,50.28,,52.4,,,,,,,,,,56.97,,,40.04,,,,,,,,39.53,,57.82,,,,,,,,57.66,,,,,,63.03,,,,,,,,14,,,,,,,,,,,,,
L014W10,L014,10,Step1_Model2_EQA_CH2,Step2_Model1_EQB_CH1,Step3_Model1_EQC_CH2,Step4_Model3_EQA_CH2,Step5_Model2_EQC_CH1,Step6_Model2_EQC_CH2,Step7_Model1_EQB_CH2,Step8_Model2_EQB_CH2,Step9_Model3_EQC_CH2,Step10_Model3_EQA_CH3,Step11_Model3_EQA_CH2,Step12_Model2_EQB_CH4,Step13_Model1_EQC_CH2,Step14_Model1_EQB_CH1,Step15_Model2_EQA_CH4,Step16_Model3_EQC_CH3,Step17_Model1_EQA_CH4,Step18_Model3_EQB_CH4,Step19_Model1_EQC_CH4,Step20_Model3_EQB_CH1,Step21_Model2_EQB_CH1,Step22_Model2_EQB_CH1,Step23_Model1_EQC_CH3,Step24_Model1_EQA_CH1,Step25_Model1_EQA_CH1,Step26_Model1_EQB_CH4,Step27_Model2_EQC_CH1,Step28_Model1_EQC_CH2,Step29_Model2_EQB_CH1,Step30_Model2_EQA_CH3,42.11,,,,,54,,63.28,,,,,,,,,,,,,,,,42.56,,65.18,,,,,,,,,,,,,,,,,,,58.4,55.48,,,,,,,,,,,,,,,,,,
L014W11,L014,11,Step1_Model2_EQA_CH3,Step2_Model1_EQB_CH2,Step3_Model1_EQC_CH3,Step4_Model3_EQA_CH3,Step5_Model2_EQC_CH4,Step6_Model2_EQC_CH2,Step7_Model1_EQB_CH4,Step8_Model2_EQB_CH4,Step9_Model3_EQC_CH1,Step10_Model3_EQA_CH2,Step11_Model3_EQA_CH1,Step12_Model2_EQB_CH1,Step13_Model1_EQC_CH4,Step14_Model1_EQB_CH3,Step15_Model2_EQA_CH2,Step16_Model3_EQC_CH3,Step17_Model1_EQA_CH4,Step18_Model3_EQB_CH4,Step19_Model1_EQC_CH4,Step20_Model3_EQB_CH4,Step21_Model2_EQB_CH4,Step22_Model2_EQB_CH4,Step23_Model1_EQC_CH3,Step24_Model1_EQA_CH1,Step25_Model1_EQA_CH3,Step26_Model1_EQB_CH2,Step27_Model2_EQC_CH3,Step28_Model1_EQC_CH4,Step29_Model2_EQB_CH3,Step30_Model2_EQA_CH1,,,,,,,,,,,,,,,,,,41.81,,,,,,,,,,,,48.16,,,,43.3,,,,,,,,,,,,,,,,,,,,,,,,,,,,,,
L014W12,L014,12,Step1_Model2_EQA_CH2,Step2_Model1_EQB_CH3,Step3_Model1_EQC_CH1,Step4_Model3_EQA_CH3,Step5_Model2_EQC_CH2,Step6_Model2_EQC_CH3,Step7_Model1_EQB_CH4,Step8_Model2_EQB_CH3,Step9_Model3_EQC_CH1,Step10_Model3_EQA_CH3,Step11_Model3_EQA_CH1,Step12_Model2_EQB_CH2,Step13_Model1_EQC_CH3,Step14_Model1_EQB_CH2,Step15_Model2_EQA_CH2,Step16_Model3_EQC_CH3,Step17_Model1_EQA_CH1,Step18_Model3_EQB_CH2,Step19_Model1_EQC_CH2,Step20_Model3_EQB_CH3,Step21_Model2_EQB_CH3,Step22_Model2_EQB_CH3,Step23_Model1_EQC_CH3,Step24_Model1_EQA_CH3,Step25_Model1_EQA_CH4,Step26_Model1_EQB_CH3,Step27_Model2_EQC_CH1,Step28_Model1_EQC_CH2,Step29_Model2_EQB_CH1,Step30_Model2_EQA_CH1,,,,,,,,65.86,,,,,,39.57,,60.25,,,,,37.7,,40.62,,,,,,,,,,,,,,,,,,,,,,,48.62,,,6,,,,,,,,,,,,,,,
L014W13,L014,13,Step1_Model2_EQA_CH4,Step2_Model1_EQB_CH3,Step3_Model1_EQC_CH2,Step4_Model3_EQA_CH1,Step5_Model2_EQC_CH3,Step6_Model2_EQC_CH3,Step7_Model1_EQB_CH4,Step8_Model2_EQB_CH4,Step9_Model3_EQC_CH4,Step10_Model3_EQA_CH2,Step11_Model3_EQA_CH1,Step12_Model2_EQB_CH4,Step13_Model1_EQC_CH4,Step14_Model1_EQB_CH4,Step15_Model2_EQA_CH1,Step16_Model3_EQC_CH1,Step17_Model1_EQA_CH4,Step18_Model3_EQB_CH4,Step19_Model1_EQC_CH3,Step20_Model3_EQB_CH4,Step21_Model2_EQB_CH2,Step22_Model2_EQB_CH2,Step23_Model1_EQC_CH4,Step24_Model1_EQA_CH1,Step25_Model1_EQA_CH3,Step26_Model1_EQB_CH1,Step27_Model2_EQC_CH4,Step28_Model1_EQC_CH2,Step29_Model2_EQB_CH3,Step30_Model2_EQA_CH1,,,,,,,,,64.14,,,,39.75,,,,,,,,36.56,,,,,65,,,,,,,,,,43.5,,,,,,,,,62.85,,,33.66,,,,,,,,,,,,,,,,
L014W14,L014,14,Step1_Model2_EQA_CH1,Step2_Model1_EQB_CH4,Step3_Model1_EQC_CH3,Step4_Model3_EQA_CH2,Step5_Model2_EQC_CH4,Step6_Model2_EQC_CH3,Step7_Model1_EQB_CH1,Step8_Model2_EQB_CH4,Step9_Model3_EQC_CH1,Step10_Model3_EQA_CH1,Step11_Model3_EQA_CH4,Step12_Model2_EQB_CH4,Step13_Model1_EQC_CH4,Step14_Model1_EQB_CH4,Step15_Model2_EQA_CH4,Step16_Model3_EQC_CH1,Step17_Model1_EQA_CH2,Step18_Model3_EQB_CH2,Step19_Model1_EQC_CH4,Step20_Model3_EQB_CH1,Step21_Model2_EQB_CH2,Step22_Model2_EQB_CH2,Step23_Model1_EQC_CH2,Step24_Model1_EQA_CH1,Step25_Model1_EQA_CH4,Step26_Model1_EQB_CH4,Step27_Model2_EQC_CH4,Step28_Model1_EQC_CH3,Step29_Model2_EQB_CH3,Step30_Model2_EQA_CH3,,,,,,,63.44,,,,,36.68,,,,,,,,,,,,,,,33.18,,,,62.81,,,,41.06,,,,,61.44,,,,,,52.66,45.66,,,,,,,,,,,,,,,,,
L014W15,L014,15,Step1_Model2_EQA_CH1,Step2_Model1_EQB_CH2,Step3_Model1_EQC_CH2,Step4_Model3_EQA_CH1,Step5_Model2_EQC_CH1,Step6_Model2_EQC_CH4,Step7_Model1_EQB_CH4,Step8_Model2_EQB_CH3,Step9_Model3_EQC_CH3,Step10_Model3_EQA_CH1,Step11_Model3_EQA_CH3,Step12_Model2_EQB_CH2,Step13_Model1_EQC_CH1,Step14_Model1_EQB_CH1,Step15_Model2_EQA_CH2,Step16_Model3_EQC_CH4,Step17_Model1_EQA_CH4,Step18_Model3_EQB_CH2,Step19_Model1_EQC_CH2,Step20_Model3_EQB_CH3,Step21_Model2_EQB_CH1,Step22_Model2_EQB_CH3,Step23_Model1_EQC_CH2,Step24_Model1_EQA_CH3,Step25_Model1_EQA_CH2,Step26_Model1_EQB_CH3,Step27_Model2_EQC_CH3,Step28_Model1_EQC_CH4,Step29_Model2_EQB_CH2,Step30_Model2_EQA_CH3,,,,44.26,,,,,,68.78,,,,,,,65.26,,,,,,,,,,,,,48.18,,,,,,,,,56.91,,44.3,59.54,,,,,,,,,,,,,,,,,,,,,,
L014W16,L014,16,Step1_Model2_EQA_CH1,Step2_Model1_EQB_CH3,Step3_Model1_EQC_CH3,Step4_Model3_EQA_CH1,Step5_Model2_EQC_CH2,Step6_Model2_EQC_CH4,Step7_Model1_EQB_CH4,Step8_Model2_EQB_CH4,Step9_Model3_EQC_CH1,Step10_Model3_EQA_CH3,Step11_Model3_EQA_CH2,Step12_Model2_EQB_CH3,Step13_Model1_EQC_CH4,Step14_Model1_EQB_CH3,Step15_Model2_EQA_CH1,Step16_Model3_EQC_CH1,Step17_Model1_EQA_CH2,Step18_Model3_EQB_CH2,Step19_Model1_EQC_CH4,Step20_Model3_EQB_CH2,Step21_Model2_EQB_CH3,Step22_Model2_EQB_CH1,Step23_Model1_EQC_CH1,Step24_Model1_EQA_CH1,Step25_Model1_EQA_CH2,Step26_Model1_EQB_CH1,Step27_Model2_EQC_CH1,Step28_Model1_EQC_CH1,Step29_Model2_EQB_CH4,Step30_Model2_EQA_CH4,,,,,,,61.85,66.14,,64.03,,43.5,,,47.45,65.17,,44.7,,,,,,37.49,,,,,,,,,46.81,,46.12,,,,,,,58.92,,,61.96,,,,,,,,,,,,,,,,,,,
L014W17,L014,17,Step1_Model2_EQA_CH2,Step2_Model1_EQB_CH1,Step3_Model1_EQC_CH2,Step4_Model3_EQA_CH1,Step5_Model2_EQC_CH1,Step6_Model2_EQC_CH1,Step7_Model1_EQB_CH2,Step8_Model2_EQB_CH2,Step9_Model3_EQC_CH1,Step10_Model3_EQA_CH3,Step11_Model3_EQA_CH2,Step12_Model2_EQB_CH4,Step13_Model1_EQC_CH2,Step14_Model1_EQB_CH1,Step15_Model2_EQA_CH3,Step16_Model3_EQC_CH1,Step17_Model1_EQA_CH4,Step18_Model3_EQB_CH2,Step19_Model1_EQC_CH2,Step20_Model3_EQB_CH1,Step21_Model2_EQB_CH1,Step22_Model2_EQB_CH4,Step23_Model1_EQC_CH3,Step24_Model1_EQA_CH4,Step25_Model1_EQA_CH3,Step26_Model1_EQB_CH2,Step27_Model2_EQC_CH3,Step28_Model1_EQC_CH3,Step29_Model2_EQB_CH2,Step30_Model2_EQA_CH2,36.07,,,,,,57.97,,,,,,,,60.35,,,,,,,43.15,,43.35,,,,,,46.78,,,57.35,,,,,60.21,,,,55.07,,,,,,,,10,,,,,,,,,,,,,,
L014W18,L014,18,Step1_Model2_EQA_CH2,Step2_Model1_EQB_CH4,Step3_Model1_EQC_CH2,Step4_Model3_EQA_CH1,Step5_Model2_EQC_CH2,Step6_Model2_EQC_CH2,Step7_Model1_EQB_CH2,Step8_Model2_EQB_CH3,Step9_Model3_EQC_CH4,Step10_Model3_EQA_CH2,Step11_Model3_EQA_CH4,Step12_Model2_EQB_CH1,Step13_Model1_EQC_CH1,Step14_Model1_EQB_CH2,Step15_Model2_EQA_CH1,Step16_Model3_EQC_CH4,Step17_Model1_EQA_CH3,Step18_Model3_EQB_CH2,Step19_Model1_EQC_CH1,Step20_Model3_EQB_CH4,Step21_Model2_EQB_CH4,Step22_Model2_EQB_CH1,Step23_Model1_EQC_CH4,Step24_Model1_EQA_CH4,Step25_Model1_EQA_CH2,Step26_Model1_EQB_CH4,Step27_Model2_EQC_CH1,Step28_Model1_EQC_CH2,Step29_Model2_EQB_CH1,Step30_Model2_EQA_CH3,,,,,,,63.94,,,62,,40.56,,,,,,46,,,,,,,,,,58.68,,,,,,42.56,,,,,,72.12,38.94,,,,,,,35.62,,,,,,,,,11,,,,,,,
L014W19,L014,19,Step1_Model2_EQA_CH1,Step2_Model1_EQB_CH1,Step3_Model1_EQC_CH2,Step4_Model3_EQA_CH4,Step5_Model2_EQC_CH1,Step6_Model2_EQC_CH2,Step7_Model1_EQB_CH3,Step8_Model2_EQB_CH2,Step9_Model3_EQC_CH2,Step10_Model3_EQA_CH4,Step11_Model3_EQA_CH1,Step12_Model2_EQB_CH3,Step13_Model1_EQC_CH2,Step14_Model1_EQB_CH1,Step15_Model2_EQA_CH1,Step16_Model3_EQC_CH2,Step17_Model1_EQA_CH1,Step18_Model3_EQB_CH2,Step19_Model1_EQC_CH2,Step20_Model3_EQB_CH2,Step21_Model2_EQB_CH3,Step22_Model2_EQB_CH2,Step23_Model1_EQC_CH4,Step24_Model1_EQA_CH1,Step25_Model1_EQA_CH3,Step26_Model1_EQB_CH1,Step27_Model2_EQC_CH3,Step28_Model1_EQC_CH4,Step29_Model2_EQB_CH3,Step30_Model2_EQA_CH3,,38.7,,,,,68.74,,45.8,,,35.2,,38.93,42.63,,,,,,,,,,,,,,55.93,,,,,,,,,,,57.46,39.19,,,,,,54.77,,,,,,,,,,,,,,,,,
L014W20,L014,20,Step1_Model2_EQA_CH3,Step2_Model1_EQB_CH1,Step3_Model1_EQC_CH2,Step4_Model3_EQA_CH1,Step5_Model2_EQC_CH2,Step6_Model2_EQC_CH1,Step7_Model1_EQB_CH4,Step8_Model2_EQB_CH4,Step9_Model3_EQC_CH3,Step10_Model3_EQA_CH4,Step11_Model3_EQA_CH3,Step12_Model2_EQB_CH2,Step13_Model1_EQC_CH4,Step14_Model1_EQB_CH2,Step15_Model2_EQA_CH1,Step16_Model3_EQC_CH2,Step17_Model1_EQA_CH1,Step18_Model3_EQB_CH2,Step19_Model1_EQC_CH2,Step20_Model3_EQB_CH4,Step21_Model2_EQB_CH2,Step22_Model2_EQB_CH4,Step23_Model1_EQC_CH4,Step24_Model1_EQA_CH3,Step25_Model1_EQA_CH3,Step26_Model1_EQB_CH1,Step27_Model2_EQC_CH2,Step28_Model1_EQC_CH1,Step29_Model2_EQB_CH2,Step30_Model2_EQA_CH3,,,,,,,,64.28,,,,,,,,,,,,,38.5,38.62,,32.71,,,,,,,,,42.54,,,,,58.39,,,,,,,,,,,,,,,,,,,,,,,,,,
L014W21,L014,21,Step1_Model2_EQA_CH3,Step2_Model1_EQB_CH2,Step3_Model1_EQC_CH2,Step4_Model3_EQA_CH3,Step5_Model2_EQC_CH3,Step6_Model2_EQC_CH1,Step7_Model1_EQB_CH3,Step8_Model2_EQB_CH2,Step9_Model3_EQC_CH1,Step10_Model3_EQA_CH2,Step11_Model3_EQA_CH4,Step12_Model2_EQB_CH1,Step13_Model1_EQC_CH2,Step14_Model1_EQB_CH3,Step15_Model2_EQA_CH4,Step16_Model3_EQC_CH2,Step17_Model1_EQA_CH1,Step18_Model3_EQB_CH2,Step19_Model1_EQC_CH4,Step20_Model3_EQB_CH1,Step21_Model2_EQB_CH4,Step22_Model2_EQB_CH2,Step23_Model1_EQC_CH3,Step24_Model1_EQA_CH3,Step25_Model1_EQA_CH2,Step26_Model1_EQB_CH2,Step27_Model2_EQC_CH2,Step28_Model1_EQC_CH1,Step29_Model2_EQB_CH4,Step30_Model2_EQA_CH4,,,,,,,,,,,,,,,,63.86,,,44.73,,,,,,,60.56,,,,,58.1,,,,,,,59.24,,,37.95,,,,,,,,,,,,,,,,7,,,,,,,
L014W22,L014,22,Step1_Model2_EQA_CH4,Step2_Model1_EQB_CH2,Step3_Model1_EQC_CH4,Step4_Model3_EQA_CH2,Step5_Model2_EQC_CH1,Step6_Model2_EQC_CH3,Step7_Model1_EQB_CH2,Step8_Model2_EQB_CH2,Step9_Model3_EQC_CH3,Step10_Model3_EQA_CH3,Step11_Model3_EQA_CH1,Step12_Model2_EQB_CH4,Step13_Model1_EQC_CH2,Step14_Model1_EQB_CH4,Step15_Model2_EQA_CH2,Step16_Model3_EQC_CH1,Step17_Model1_EQA_CH3,Step18_Model3_EQB_CH1,Step19_Model1_EQC_CH3,Step20_Model3_EQB_CH4,Step21_Model2_EQB_CH4,Step22_Model2_EQB_CH1,Step23_Model1_EQC_CH3,Step24_Model1_EQA_CH1,Step25_Model1_EQA_CH3,Step26_Model1_EQB_CH3,Step27_Model2_EQC_CH4,Step28_Model1_EQC_CH4,Step29_Model2_EQB_CH3,Step30_Model2_EQA_CH3,,,,,,48.98,,,,,,,,,,,,,,,,,,,,,33.05,,,,,,,,50.65,,,,,,,,,,,,56.85,,,,,,,,,,,,,,,,,
L014W23,L014,23,Step1_Model2_EQA_CH3,Step2_Model1_EQB_CH4,Step3_Model1_EQC_CH4,Step4_Model3_EQA_CH2,Step5_Model2_EQC_CH3,Step6_Model2_EQC_CH2,Step7_Model1_EQB_CH3,Step8_Model2_EQB_CH4,Step9_Model3_EQC_CH2,Step10_Model3_EQA_CH2,Step11_Model3_EQA_CH1,Step12_Model2_EQB_CH3,Step13_Model1_EQC_CH4,Step14_Model1_EQB_CH1,Step15_Model2_EQA_CH1,Step16_Model3_EQC_CH3,Step17_Model1_EQA_CH1,Step18_Model3_EQB_CH3,Step19_Model1_EQC_CH1,Step20_Model3_EQB_CH3,Step21_Model2_EQB_CH4,Step22_Model2_EQB_CH3,Step23_Model1_EQC_CH3,Step24_Model1_EQA_CH2,Step25_Model1_EQA_CH4,Step26_Model1_EQB_CH4,Step27_Model2_EQC_CH4,Step28_Model1_EQC_CH1,Step29_Model2_EQB_CH2,Step30_Model2_EQA_CH4,,38.63,,,,,,,62.52,,48.14,,,,,,,,40.89,,37.7,39.41,,31.59,,,,41.82,,41.61,,,,,,53.73,,64.36,,,,,,,,,,,,,,,,,,,,,,,,,,
L014W24,L014,24,Step1_Model2_EQA_CH1,Step2_Model1_EQB_CH1,Step3_Model1_EQC_CH1,Step4_Model3_EQA_CH2,Step5_Model2_EQC_CH1,Step6_Model2_EQC_CH2,Step7_Model1_EQB_CH3,Step8_Model2_EQB_CH1,Step9_Model3_EQC_CH4,Step10_Model3_EQA_CH1,Step11_Model3_EQA_CH3,Step12_Model2_EQB_CH3,Step13_Model1_EQC_CH1,Step14_Model1_EQB_CH3,Step15_Model2_EQA_CH2,Step16_Model3_EQC_CH2,Step17_Model1_EQA_CH1,Step18_Model3_EQB_CH2,Step19_Model1_EQC_CH2,Step20_Model3_EQB_CH4,Step21_Model2_EQB_CH1,Step22_Model2_EQB_CH3,Step23_Model1_EQC_CH1,Step24_Model1_EQA_CH2,Step25_Model1_EQA_CH4,Step26_Model1_EQB_CH1,Step27_Model2_EQC_CH1,Step28_Model1_EQC_CH2,Step29_Model2_EQB_CH2,Step30_Model2_EQA_CH1,,,,,,,,,,,,,,,,,,36.35,,48.18,,,,,41.56,,,,,44.56,,,,,,,,,,,,,,,,,,,,,,,,,11,,,,,,,,,
L014W25,L014,25,Step1_Model2_EQA_CH2,Step2_Model1_EQB_CH2,Step3_Model1_EQC_CH2,Step4_Model3_EQA_CH2,Step5_Model2_EQC_CH2,Step6_Model2_EQC_CH4,Step7_Model1_EQB_CH2,Step8_Model2_EQB_CH3,Step9_Model3_EQC_CH1,Step10_Model3_EQA_CH4,Step11_Model3_EQA_CH4,Step12_Model2_EQB_CH2,Step13_Model1_EQC_CH1,Step14_Model1_EQB_CH3,Step15_Model2_EQA_CH2,Step16_Model3_EQC_CH1,Step17_Model1_EQA_CH2,Step18_Model3_EQB_CH2,Step19_Model1_EQC_CH2,Step20_Model3_EQB_CH2,Step21_Model2_EQB_CH2,Step22_Model2_EQB_CH2,Step23_Model1_EQC_CH2,Step24_Model1_EQA_CH3,Step25_Model1_EQA_CH4,Step26_Model1_EQB_CH3,Step27_Model2_EQC_CH2,Step28_Model1_EQC_CH2,Step29_Model2_EQB_CH3,Step30_Model2_EQA_CH3,37.19,,,,,,,,,,,,,,49.52,,63.32,,,49.31,,46.93,36.38,,,,,,,,,38.73,,,,,,,,,,57.44,,,,,,,,,,,,,,,,,,,,,,
L015W01,L015,1,Step1_Model3_EQB_CH2,Step2_Model1_EQA_CH1,Step3_Model1_EQA_CH3,Step4_Model2_EQA_CH4,Step5_Model3_EQC_CH2,Step6_Model1_EQC_CH1,Step7_Model2_EQA_CH4,Step8_Model1_EQB_CH4,Step9_Model3_EQB_CH4,Step10_Model2_EQC_CH3,Step11_Model2_EQC_CH2,Step12_Model3_EQB_CH4,Step13_Model3_EQB_CH3,Step14_Model3_EQA_CH2,Step15_Model3_EQC_CH2,Step16_Model2_EQC_CH3,Step17_Model1_EQA_CH3,Step18_Model3_EQC_CH4,Step19_Model1_EQB_CH2,Step20_Model1_EQA_CH1,Step21_Model3_EQC_CH3,Step22_Model1_EQB_CH2,Step23_Model1_EQA_CH2,Step24_Model2_EQA_CH4,Step25_Model1_EQC_CH1,Step26_Model2_EQC_CH4,Step27_Model3_EQB_CH1,Step28_Model2_EQA_CH1,Step29_Model3_EQB_CH3,Step30_Model3_EQC_CH2,,,38.18,,,,,66.62,,,,,,,,,,,,,,,,,,,,,,,60.35,47.62,44.51,,30.35,,53,,,,,,,,54.69,,,,,,,,,,,,,,,,,,,
L015W02,L015,2,Step1_Model3_EQB_CH2,Step2_Model1_EQA_CH2,Step3_Model1_EQA_CH1,Step4_Model2_EQA_CH2,Step5_Model3_EQC_CH3,Step6_Model1_EQC_CH1,Step7_Model2_EQA_CH1,Step8_Model1_EQB_CH1,Step9_Model3_EQB_CH1,Step10_Model2_EQC_CH3,Step11_Model2_EQC_CH2,Step12_Model3_EQB_CH3,Step13_Model3_EQB_CH2,Step14_Model3_EQA_CH3,Step15_Model3_EQC_CH4,Step16_Model2_EQC_CH4,Step17_Model1_EQA_CH4,Step18_Model3_EQC_CH4,Step19_Model1_EQB_CH1,Step20_Model1_EQA_CH1,Step21_Model3_EQC_CH3,Step22_Model1_EQB_CH3,Step23_Model1_EQA_CH4,Step24_Model2_EQA_CH2,Step25_Model1_EQC_CH4,Step26_Model2_EQC_CH3,Step27_Model3_EQB_CH4,Step28_Model2_EQA_CH3,Step29_Model3_EQB_CH4,Step30_Model3_EQC_CH2,,,,40.13,39.79,,,,,,55.38,41.93,,43.87,,,,,,43.68,,,29.46,34,,,,58.93,,49.18,,,,,,,54.51,,,,,,,,,,53.84,,,,,,,,,,,,,,,,,
L015W03,L015,3,Step1_Model3_EQB_CH4,Step2_Model1_EQA_CH2,Step3_Model1_EQA_CH2,Step4_Model2_EQA_CH3,Step5_Model3_EQC_CH2,Step6_Model1_EQC_CH1,Step7_Model2_EQA_CH1,Step8_Model1_EQB_CH1,Step9_Model3_EQB_CH3,Step10_Model2_EQC_CH1,Step11_Model2_EQC_CH3,Step12_Model3_EQB_CH3,Step13_Model3_EQB_CH1,Step14_Model3_EQA_CH2,Step15_Model3_EQC_CH4,Step16_Model2_EQC_CH3,Step17_Model1_EQA_CH1,Step18_Model3_EQC_CH3,Step19_Model1_EQB_CH2,Step20_Model1_EQA_CH2,Step21_Model3_EQC_CH1,Step22_Model1_EQB_CH3,Step23_Model1_EQA_CH4,Step24_Model2_EQA_CH4,Step25_Model1_EQC_CH3,Step26_Model2_EQC_CH3,Step27_Model3_EQB_CH3,Step28_Model2_EQA_CH1,Step29_Model3_EQB_CH2,Step30_Model3_EQC_CH4,,28.31,,,,,,,,,,,,,,,,,,44.72,39.95,34.26,,,,,,,,,,,,45.43,,,,,,63.69,,54.29,,,,,,,,,,,,,,,,,,,,,,
L015W04,L015,4,Step1_Model3_EQB_CH1,Step2_Model1_EQA_CH3,Step3_Model1_EQA_CH3,Step4_Model2_EQA_CH2,Step5_Model3_EQC_CH3,Step6_Model1_EQC_CH1,Step7_Model2_EQA_CH1,Step8_Model1_EQB_CH2,Step9_Model3_EQB_CH1,Step10_Model2_EQC_CH4,Step11_Model2_EQC_CH1,Step12_Model3_EQB_CH1,Step13_Model3_EQB_CH1,Step14_Model3_EQA_CH4,Step15_Model3_EQC_CH3,Step16_Model2_EQC_CH1,Step17_Model1_EQA_CH2,Step18_Model3_EQC_CH4,Step19_Model1_EQB_CH2,Step20_Model1_EQA_CH1,Step21_Model3_EQC_CH2,Step22_Model1_EQB_CH1,Step23_Model1_EQA_CH4,Step24_Model2_EQA_CH2,Step25_Model1_EQC_CH2,Step26_Model2_EQC_CH1,Step27_Model3_EQB_CH1,Step28_Model2_EQA_CH3,Step29_Model3_EQB_CH1,Step30_Model3_EQC_CH1,,,,,48.18,,,,66.11,,,38.21,40.87,,,,,,,,,,,,,,,,,,,,,,,,,,,,,,,,,,,33.11,,,,,,,,,13,,,,,,,
L015W05,L015,5,Step1_Model3_EQB_CH3,Step2_Model1_EQA_CH1,Step3_Model1_EQA_CH1,Step4_Model2_EQA_CH3,Step5_Model3_EQC_CH4,Step6_Model1_EQC_CH4,Step7_Model2_EQA_CH1,Step8_Model1_EQB_CH1,Step9_Model3_EQB_CH3,Step10_Model2_EQC_CH3,Step11_Model2_EQC_CH4,Step12_Model3_EQB_CH2,Step13_Model3_EQB_CH1,Step14_Model3_EQA_CH2,Step15_Model3_EQC_CH2,Step16_Model2_EQC_CH3,Step17_Model1_EQA_CH1,Step18_Model3_EQC_CH1,Step19_Model1_EQB_CH3,Step20_Model1_EQA_CH2,Step21_Model3_EQC_CH3,Step22_Model1_EQB_CH4,Step23_Model1_EQA_CH1,Step24_Model2_EQA_CH4,Step25_Model1_EQC_CH3,Step26_Model2_EQC_CH1,Step27_Model3_EQB_CH4,Step28_Model2_EQA_CH4,Step29_Model3_EQB_CH2,Step30_Model3_EQC_CH1,,,,,45.78,,,,,,,,,,,,,38.77,,41.15,45.42,36.48,,,,,,56.7,,,,,43.04,,,,,,65.24,,,,,,,,,34.3,,,,,,,11,,,,,,,,,
L015W06,L015,6,Step1_Model3_EQB_CH4,Step2_Model1_EQA_CH4,Step3_Model1_EQA_CH2,Step4_Model2_EQA_CH4,Step5_Model3_EQC_CH4,Step6_Model1_EQC_CH4,Step7_Model2_EQA_CH2,Step8_Model1_EQB_CH4,Step9_Model3_EQB_CH4,Step10_Model2_EQC_CH1,Step11_Model2_EQC_CH1,Step12_Model3_EQB_CH2,Step13_Model3_EQB_CH3,Step14_Model3_EQA_CH1,Step15_Model3_EQC_CH2,Step16_Model2_EQC_CH4,Step17_Model1_EQA_CH4,Step18_Model3_EQC_CH2,Step19_Model1_EQB_CH4,Step20_Model1_EQA_CH4,Step21_Model3_EQC_CH3,Step22_Model1_EQB_CH4,Step23_Model1_EQA_CH1,Step24_Model2_EQA_CH4,Step25_Model1_EQC_CH2,Step26_Model2_EQC_CH3,Step27_Model3_EQB_CH4,Step28_Model2_EQA_CH2,Step29_Model3_EQB_CH1,Step30_Model3_EQC_CH4,,,,,,,,66.37,,,,,,,,,,,,,,,,,,,,,,,,,,,,,,66.11,,59.16,,73.1,,,,,,,,,,,,,,,,,,,,,,
L015W07,L015,7,Step1_Model3_EQB_CH3,Step2_Model1_EQA_CH4,Step3_Model1_EQA_CH2,Step4_Model2_EQA_CH3,Step5_Model3_EQC_CH4,Step6_Model1_EQC_CH1,Step7_Model2_EQA_CH3,Step8_Model1_EQB_CH1,Step9_Model3_EQB_CH2,Step10_Model2_EQC_CH4,Step11_Model2_EQC_CH1,Step12_Model3_EQB_CH2,Step13_Model3_EQB_CH4,Step14_Model3_EQA_CH2,Step15_Model3_EQC_CH1,Step16_Model2_EQC_CH2,Step17_Model1_EQA_CH3,Step18_Model3_EQC_CH4,Step19_Model1_EQB_CH2,Step20_Model1_EQA_CH1,Step21_Model3_EQC_CH4,Step22_Model1_EQB_CH3,Step23_Model1_EQA_CH4,Step24_Model2_EQA_CH3,Step25_Model1_EQC_CH4,Step26_Model2_EQC_CH2,Step27_Model3_EQB_CH2,Step28_Model2_EQA_CH1,Step29_Model3_EQB_CH3,Step30_Model3_EQC_CH1,42.45,,,,45.92,51.86,,,,,,,,,,58.16,,,,42.73,,,,,,,,,,,,,,,45.74,,,,64.55,,,57.18,63.62,,,,,,,,,,,,,,,,,,,,,
L015W08,L015,8,Step1_Model3_EQB_CH2,Step2_Model1_EQA_CH3,Step3_Model1_EQA_CH1,Step4_Model2_EQA_CH1,Step5_Model3_EQC_CH1,Step6_Model1_EQC_CH1,Step7_Model2_EQA_CH1,Step8_Model1_EQB_CH3,Step9_Model3_EQB_CH1,Step10_Model2_EQC_CH3,Step11_Model2_EQC_CH1,Step12_Model3_EQB_CH2,Step13_Model3_EQB_CH2,Step14_Model3_EQA_CH1,Step15_Model3_EQC_CH4,Step16_Model2_EQC_CH2,Step17_Model1_EQA_CH3,Step18_Model3_EQC_CH1,Step19_Model1_EQB_CH3,Step20_Model1_EQA_CH4,Step21_Model3_EQC_CH1,Step22_Model1_EQB_CH2,Step23_Model1_EQA_CH3,Step24_Model2_EQA_CH2,Step25_Model1_EQC_CH2,Step26_Model2_EQC_CH1,Step27_Model3_EQB_CH3,Step28_Model2_EQA_CH4,Step29_Model3_EQB_CH2,Step30_Model3_EQC_CH1,37.96,,,,,,,,,,,,,,45.1,,54.89,,46.63,,,,,39.03,32.95,64.6,,,,,65.22,,,,47.52,,,,,,,,,,,,,,,,,,,,,,,,,,,,,
L015W09,L015,9,Step1_Model3_EQB_CH1,Step2_Model1_EQA_CH4,Step3_Model1_EQA_CH1,Step4_Model2_EQA_CH2,Step5_Model3_EQC_CH1,Step6_Model1_EQC_CH3,Step7_Model2_EQA_CH3,Step8_Model1_EQB_CH2,Step9_Model3_EQB_CH3,Step10_Model2_EQC_CH4,Step11_Model2_EQC_CH1,Step12_Model3_EQB_CH2,Step13_Model3_EQB_CH4,Step14_Model3_EQA_CH1,Step15_Model3_EQC_CH4,Step16_Model2_EQC_CH2,Step17_Model1_EQA_CH2,Step18_Model3_EQC_CH4,Step19_Model1_EQB_CH1,Step20_Model1_EQA_CH3,Step21_Model3_EQC_CH3,Step22_Model1_EQB_CH4,Step23_Model1_EQA_CH2,Step24_Model2_EQA_CH1,Step25_Model1_EQC_CH1,Step26_Model2_EQC_CH2,Step27_Model3_EQB_CH3,Step28_Model2_EQA_CH1,Step29_Model3_EQB_CH4,Step30_Model3_EQC_CH3,,,,,48.93,,64.28,,,,,,,,,,58.69,,,,,,,,34.74,,35.77,75.16,,,,,,,,,62.9,,67.76,,,,,,,,58.06,,,,,,,,,,,,,,,,,
L015W10,L015,10,Step1_Model3_EQB_CH4,Step2_Model1_EQA_CH3,Step3_Model1_EQA_CH2,Step4_Model2_EQA_CH4,Step5_Model3_EQC_CH4,Step6_Model1_EQC_CH2,Step7_Model2_EQA_CH4,Step8_Model1_EQB_CH3,Step9_Model3_EQB_CH1,Step10_Model2_EQC_CH1,Step11_Model2_EQC_CH2,Step12_Model3_EQB_CH3,Step13_Model3_EQB_CH4,Step14_Model3_EQA_CH4,Step15_Model3_EQC_CH1,Step16_Model2_EQC_CH4,Step17_Model1_EQA_CH1,Step18_Model3_EQC_CH2,Step19_Model1_EQB_CH4,Step20_Model1_EQA_CH3,Step21_Model3_EQC_CH4,Step22_Model1_EQB_CH1,Step23_Model1_EQA_CH2,Step24_Model2_EQA_CH1,Step25_Model1_EQC_CH4,Step26_Model2_EQC_CH1,Step27_Model3_EQB_CH1,Step28_Model2_EQA_CH2,Step29_Model3_EQB_CH3,Step30_Model3_EQC_CH4,,,45.62,,,,,,,,,,,,,,61.04,,,,,,,,45.53,,,64.15,,,,,,,,,,,,,,,,,,,,,,,12,,,,10,,,,,,,,,
L015W11,L015,11,Step1_Model3_EQB_CH2,Step2_Model1_EQA_CH3,Step3_Model1_EQA_CH1,Step4_Model2_EQA_CH3,Step5_Model3_EQC_CH1,Step6_Model1_EQC_CH1,Step7_Model2_EQA_CH2,Step8_Model1_EQB_CH1,Step9_Model3_EQB_CH2,Step10_Model2_EQC_CH3,Step11_Model2_EQC_CH3,Step12_Model3_EQB_CH1,Step13_Model3_EQB_CH2,Step14_Model3_EQA_CH1,Step15_Model3_EQC_CH2,Step16_Model2_EQC_CH2,Step17_Model1_EQA_CH2,Step18_Model3_EQC_CH3,Step19_Model1_EQB_CH2,Step20_Model1_EQA_CH3,Step21_Model3_EQC_CH2,Step22_Model1_EQB_CH3,Step23_Model1_EQA_CH4,Step24_Model2_EQA_CH3,Step25_Model1_EQC_CH3,Step26_Model2_EQC_CH1,Step27_Model3_EQB_CH2,Step28_Model2_EQA_CH4,Step29_Model3_EQB_CH1,Step30_Model3_EQC_CH2,,,,,40.75,,,,,,,,,,,54.87,,,44.53,,39.96,,,,,,35.48,58.5,,47.04,,,44.92,45.63,43.66,,54.8,,61.32,,,56.39,62.82,56.31,,,,36.89,,,,,,,,,,,,,,,,
L015W12,L015,12,Step1_Model3_EQB_CH4,Step2_Model1_EQA_CH4,Step3_Model1_EQA_CH4,Step4_Model2_EQA_CH2,Step5_Model3_EQC_CH4,Step6_Model1_EQC_CH4,Step7_Model2_EQA_CH1,Step8_Model1_EQB_CH3,Step9_Model3_EQB_CH2,Step10_Model2_EQC_CH3,Step11_Model2_EQC_CH1,Step12_Model3_EQB_CH3,Step13_Model3_EQB_CH4,Step14_Model3_EQA_CH4,Step15_Model3_EQC_CH2,Step16_Model2_EQC_CH2,Step17_Model1_EQA_CH2,Step18_Model3_EQC_CH1,Step19_Model1_EQB_CH2,Step20_Model1_EQA_CH1,Step21_Model3_EQC_CH4,Step22_Model1_EQB_CH3,Step23_Model1_EQA_CH4,Step24_Model2_EQA_CH4,Step25_Model1_EQC_CH4,Step26_Model2_EQC_CH2,Step27_Model3_EQB_CH2,Step28_Model2_EQA_CH2,Step29_Model3_EQB_CH3,Step30_Model3_EQC_CH2,33.97,,,,,,,,,,,,,30.28,,,,,,,,,,,,63.09,31.04,,,,,,50.17,,,55.6,,,66.57,,,,,,68.41,,,,,17,14,,,,,,,,,,,,,
L015W13,L015,13,Step1_Model3_EQB_CH1,Step2_Model1_EQA_CH4,Step3_Model1_EQA_CH3,Step4_Model2_EQA_CH3,Step5_Model3_EQC_CH3,Step6_Model1_EQC_CH3,Step7_Model2_EQA_CH3,Step8_Model1_EQB_CH1,Step9_Model3_EQB_CH4,Step10_Model2_EQC_CH3,Step11_Model2_EQC_CH4,Step12_Model3_EQB_CH2,Step13_Model3_EQB_CH3,Step14_Model3_EQA_CH3,Step15_Model3_EQC_CH4,Step16_Model2_EQC_CH3,Step17_Model1_EQA_CH3,Step18_Model3_EQC_CH3,Step19_Model1_EQB_CH1,Step20_Model1_EQA_CH1,Step21_Model3_EQC_CH3,Step22_Model1_EQB_CH1,Step23_Model1_EQA_CH2,Step24_Model2_EQA_CH3,Step25_Model1_EQC_CH2,Step26_Model2_EQC_CH4,Step27_Model3_EQB_CH2,Step28_Model2_EQA_CH4,Step29_Model3_EQB_CH3,Step30_Model3_EQC_CH4,38.25,35.03,,,,49.01,72.87,,,,,,40.55,,,,,,,,,,32.45,,36.08,,,,,,,,46.34,,,41.66,58.77,,,,,,,,,,,,,,,,,,,,,,,,,,,
L015W14,L015,14,Step1_Model3_EQB_CH4,Step2_Model1_EQA_CH2,Step3_Model1_EQA_CH2,Step4_Model2_EQA_CH2,Step5_Model3_EQC_CH3,Step6_Model1_EQC_CH3,Step7_Model2_EQA_CH2,Step8_Model1_EQB_CH3,Step9_Model3_EQB_CH3,Step10_Model2_EQC_CH4,Step11_Model2_EQC_CH4,Step12_Model3_EQB_CH2,Step13_Model3_EQB_CH3,Step14_Model3_EQA_CH4,Step15_Model3_EQC_CH1,Step16_Model2_EQC_CH3,Step17_Model1_EQA_CH1,Step18_Model3_EQC_CH2,Step19_Model1_EQB_CH3,Step20_Model1_EQA_CH2,Step21_Model3_EQC_CH2,Step22_Model1_EQB_CH2,Step23_Model1_EQA_CH2,Step24_Model2_EQA_CH2,Step25_Model1_EQC_CH3,Step26_Model2_EQC_CH1,Step27_Model3_EQB_CH3,Step28_Model2_EQA_CH3,Step29_Model3_EQB_CH3,Step30_Model3_EQC_CH4,,,,,,50.94,,,,,,,,,,,,,,,,,,39.71,37.53,,,,,,61.61,,,46.02,,,,,,,,,,63.67,,50.22,51.78,,,,,,,,,,,,,,,,,
L015W15,L015,15,Step1_Model3_EQB_CH4,Step2_Model1_EQA_CH3,Step3_Model1_EQA_CH1,Step4_Model2_EQA_CH3,Step5_Model3_EQC_CH2,Step6_Model1_EQC_CH4,Step7_Model2_EQA_CH4,Step8_Model1_EQB_CH3,Step9_Model3_EQB_CH3,Step10_Model2_EQC_CH1,Step11_Model2_EQC_CH1,Step12_Model3_EQB_CH2,Step13_Model3_EQB_CH3,Step14_Model3_EQA_CH3,Step15_Model3_EQC_CH3,Step16_Model2_EQC_CH4,Step17_Model1_EQA_CH2,Step18_Model3_EQC_CH1,Step19_Model1_EQB_CH4,Step20_Model1_EQA_CH4,Step21_Model3_EQC_CH4,Step22_Model1_EQB_CH4,Step23_Model1_EQA_CH2,Step24_Model2_EQA_CH3,Step25_Model1_EQC_CH1,Step26_Model2_EQC_CH1,Step27_Model3_EQB_CH4,Step28_Model2_EQA_CH4,Step29_Model3_EQB_CH2,Step30_Model3_EQC_CH4,,,,,,,,,,,,,40.28,,,,,,,,36.12,,,,,,,,58.77,,60.74,,,,45.99,,,,,,,,,,,,,,,,,,,,,,,,,,,,,
L015W16,L015,16,Step1_Model3_EQB_CH1,Step2_Model1_EQA_CH1,Step3_Model1_EQA_CH3,Step4_Model2_EQA_CH3,Step5_Model3_EQC_CH1,Step6_Model1_EQC_CH1,Step7_Model2_EQA_CH2,Step8_Model1_EQB_CH2,Step9_Model3_EQB_CH1,Step10_Model2_EQC_CH4,Step11_Model2_EQC_CH3,Step12_Model3_EQB_CH1,Step13_Model3_EQB_CH4,Step14_Model3_EQA_CH1,Step15_Model3_EQC_CH3,Step16_Model2_EQC_CH3,Step17_Model1_EQA_CH2,Step18_Model3_EQC_CH2,Step19_Model1_EQB_CH2,Step20_Model1_EQA_CH2,Step21_Model3_EQC_CH3,Step22_Model1_EQB_CH4,Step23_Model1_EQA_CH4,Step24_Model2_EQA_CH4,Step25_Model1_EQC_CH1,Step26_Model2_EQC_CH2,Step27_Model3_EQB_CH2,Step28_Model2_EQA_CH3,Step29_Model3_EQB_CH3,Step30_Model3_EQC_CH1,,,,,,,71.08,,,,,,,,,,61.89,,,,,,41.15,42.18,37.12,,,,,,,,,,,,,,,,,,57.22,,,,,,,,,,,,,,,,,,,,,
L015W17,L015,17,Step1_Model3_EQB_CH1,Step2_Model1_EQA_CH4,Step3_Model1_EQA_CH3,Step4_Model2_EQA_CH2,Step5_Model3_EQC_CH4,Step6_Model1_EQC_CH2,Step7_Model2_EQA_CH4,Step8_Model1_EQB_CH2,Step9_Model3_EQB_CH1,Step10_Model2_EQC_CH4,Step11_Model2_EQC_CH2,Step12_Model3_EQB_CH2,Step13_Model3_EQB_CH3,Step14_Model3_EQA_CH4,Step15_Model3_EQC_CH2,Step16_Model2_EQC_CH3,Step17_Model1_EQA_CH2,Step18_Model3_EQC_CH4,Step19_Model1_EQB_CH1,Step20_Model1_EQA_CH4,Step21_Model3_EQC_CH4,Step22_Model1_EQB_CH2,Step23_Model1_EQA_CH2,Step24_Model2_EQA_CH4,Step25_Model1_EQC_CH3,Step26_Model2_EQC_CH3,Step27_Model3_EQB_CH3,Step28_Model2_EQA_CH2,Step29_Model3_EQB_CH2,Step30_Model3_EQC_CH4,,,,,,,,,,,,,37.85,,51.28,,,,,,46.6,,,,,,,,,,,,43.55,,,,,,,,,,,,,,52.33,,,,,,,,,13,,,,,,,,
L015W18,L015,18,Step1_Model3_EQB_CH1,Step2_Model1_EQA_CH2,Step3_Model1_EQA_CH4,Step4_Model2_EQA_CH4,Step5_Model3_EQC_CH1,Step6_Model1_EQC_CH3,Step7_Model2_EQA_CH4,Step8_Model1_EQB_CH4,Step9_Model3_EQB_CH4,Step10_Model2_EQC_CH3,Step11_Model2_EQC_CH3,Step12_Model3_EQB_CH1,Step13_Model3_EQB_CH2,Step14_Model3_EQA_CH3,Step15_Model3_EQC_CH2,Step16_Model2_EQC_CH2,Step17_Model1_EQA_CH3,Step18_Model3_EQC_CH4,Step19_Model1_EQB_CH1,Step20_Model1_EQA_CH2,Step21_Model3_EQC_CH4,Step22_Model1_EQB_CH3,Step23_Model1_EQA_CH2,Step24_Model2_EQA_CH2,Step25_Model1_EQC_CH2,Step26_Model2_EQC_CH4,Step27_Model3_EQB_CH4,Step28_Model2_EQA_CH4,Step29_Model3_EQB_CH2,Step30_Model3_EQC_CH2,,,,,,,,,,56.63,48.61,,,,,,,,,40.44,35.88,,,,37.22,,,,,,,,,,42.18,,,,63.16,61.19,,,67.13,,,,51.12,39.6,,,,,,,,,,,,,,,,
L015W19,L015,19,Step1_Model3_EQB_CH1,Step2_Model1_EQA_CH1,Step3_Model1_EQA_CH4,Step4_Model2_EQA_CH4,Step5_Model3_EQC_CH3,Step6_Model1_EQC_CH4,Step7_Model2_EQA_CH1,Step8_Model1_EQB_CH1,Step9_Model3_EQB_CH1,Step10_Model2_EQC_CH2,Step11_Model2_EQC_CH2,Step12_Model3_EQB_CH4,Step13_Model3_EQB_CH3,Step14_Model3_EQA_CH3,Step15_Model3_EQC_CH3,Step16_Model2_EQC_CH2,Step17_Model1_EQA_CH1,Step18_Model3_EQC_CH1,Step19_Model1_EQB_CH2,Step20_Model1_EQA_CH3,Step21_Model3_EQC_CH3,Step22_Model1_EQB_CH4,Step23_Model1_EQA_CH4,Step24_Model2_EQA_CH3,Step25_Model1_EQC_CH2,Step26_Model2_EQC_CH3,Step27_Model3_EQB_CH4,Step28_Model2_EQA_CH3,Step29_Model3_EQB_CH2,Step30_Model3_EQC_CH1,,,,,,,,,,,,38.8,,,,,,,,,,,37.9,,,,,53.72,,,,,,,,,,,,,,,,59.95,,,,,,,,,,,,,,,,,,,,
L015W20,L015,20,Step1_Model3_EQB_CH2,Step2_Model1_EQA_CH2,Step3_Model1_EQA_CH4,Step4_Model2_EQA_CH2,Step5_Model3_EQC_CH2,Step6_Model1_EQC_CH4,Step7_Model2_EQA_CH4,Step8_Model1_EQB_CH1,Step9_Model3_EQB_CH3,Step10_Model2_EQC_CH2,Step11_Model2_EQC_CH4,Step12_Model3_EQB_CH1,Step13_Model3_EQB_CH3,Step14_Model3_EQA_CH4,Step15_Model3_EQC_CH3,Step16_Model2_EQC_CH3,Step17_Model1_EQA_CH2,Step18_Model3_EQC_CH2,Step19_Model1_EQB_CH4,Step20_Model1_EQA_CH3,Step21_Model3_EQC_CH4,Step22_Model1_EQB_CH4,Step23_Model1_EQA_CH3,Step24_Model2_EQA_CH4,Step25_Model1_EQC_CH3,Step26_Model2_EQC_CH3,Step27_Model3_EQB_CH3,Step28_Model2_EQA_CH3,Step29_Model3_EQB_CH1,Step30_Model3_EQC_CH3,,,,,,,,,,66.85,,41.26,,,44.91,,,,,,,,,,,,,,58.91,,,,,,,58.06,58.2,,,,39.37,,,,,,,48.4,,,,,8,,,,,,,,,,,
L015W21,L015,21,Step1_Model3_EQB_CH2,Step2_Model1_EQA_CH2,Step3_Model1_EQA_CH2,Step4_Model2_EQA_CH3,Step5_Model3_EQC_CH2,Step6_Model1_EQC_CH1,Step7_Model2_EQA_CH4,Step8_Model1_EQB_CH3,Step9_Model3_EQB_CH2,Step10_Model2_EQC_CH1,Step11_Model2_EQC_CH4,Step12_Model3_EQB_CH1,Step13_Model3_EQB_CH2,Step14_Model3_EQA_CH1,Step15_Model3_EQC_CH4,Step16_Model2_EQC_CH2,Step17_Model1_EQA_CH4,Step18_Model3_EQC_CH1,Step19_Model1_EQB_CH3,Step20_Model1_EQA_CH3,Step21_Model3_EQC_CH3,Step22_Model1_EQB_CH3,Step23_Model1_EQA_CH4,Step24_Model2_EQA_CH3,Step25_Model1_EQC_CH4,Step26_Model2_EQC_CH2,Step27_Model3_EQB_CH3,Step28_Model2_EQA_CH4,Step29_Model3_EQB_CH3,Step30_Model3_EQC_CH3,,,,,,,,65.68,,,,,,,,,,39.33,47.71,,,,,31.94,,,,,,,,,,,,,,,,,,,,,58.79,,,,,,,,,,,,,,,,,,,
L015W22,L015,22,Step1_Model3_EQB_CH3,Step2_Model1_EQA_CH4,Step3_Model1_EQA_CH1,Step4_Model2_EQA_CH3,Step5_Model3_EQC_CH3,Step6_Model1_EQC_CH2,Step7_Model2_EQA_CH1,Step8_Model1_EQB_CH4,Step9_Model3_EQB_CH2,Step10_Model2_EQC_CH3,Step11_Model2_EQC_CH2,Step12_Model3_EQB_CH2,Step13_Model3_EQB_CH3,Step14_Model3_EQA_CH1,Step15_Model3_EQC_CH1,Step16_Model2_EQC_CH2,Step17_Model1_EQA_CH3,Step18_Model3_EQC_CH4,Step19_Model1_EQB_CH2,Step20_Model1_EQA_CH4,Step21_Model3_EQC_CH2,Step22_Model1_EQB_CH2,Step23_Model1_EQA_CH3,Step24_Model2_EQA_CH3,Step25_Model1_EQC_CH4,Step26_Model2_EQC_CH4,Step27_Model3_EQB_CH1,Step28_Model2_EQA_CH3,Step29_Model3_EQB_CH2,Step30_Model3_EQC_CH2,39.75,,,,49.15,,,69.88,,64.01,,,,,,,,,,,,,,,,,,,,,,,,,41.46,,,62.54,,,,,,59.72,,,,,,,,,,,,,,,,,,,,
L015W23,L015,23,Step1_Model3_EQB_CH1,Step2_Model1_EQA_CH3,Step3_Model1_EQA_CH2,Step4_Model2_EQA_CH1,Step5_Model3_EQC_CH1,Step6_Model1_EQC_CH2,Step7_Model2_EQA_CH2,Step8_Model1_EQB_CH4,Step9_Model3_EQB_CH3,Step10_Model2_EQC_CH4,Step11_Model2_EQC_CH1,Step12_Model3_EQB_CH2,Step13_Model3_EQB_CH4,Step14_Model3_EQA_CH1,Step15_Model3_EQC_CH3,Step16_Model2_EQC_CH2,Step17_Model1_EQA_CH4,Step18_Model3_EQC_CH3,Step19_Model1_EQB_CH4,Step20_Model1_EQA_CH1,Step21_Model3_EQC_CH3,Step22_Model1_EQB_CH4,Step23_Model1_EQA_CH3,Step24_Model2_EQA_CH1,Step25_Model1_EQC_CH3,Step26_Model2_EQC_CH4,Step27_Model3_EQB_CH1,Step28_Model2_EQA_CH2,Step29_Model3_EQB_CH4,Step30_Model3_EQC_CH4,,,,,,,,,,,,,,,,,62.21,33.11,,,,,,,,,,,,,,,,48.28,,,,,,,,,,,60.67,,,38.27,9,,,,,,,,,,,,,,,
L015W24,L015,24,Step1_Model3_EQB_CH1,Step2_Model1_EQA_CH1,Step3_Model1_EQA_CH2,Step4_Model2_EQA_CH4,Step5_Model3_EQC_CH1,Step6_Model1_EQC_CH2,Step7_Model2_EQA_CH2,Step8_Model1_EQB_CH1,Step9_Model3_EQB_CH4,Step10_Model2_EQC_CH3,Step11_Model2_EQC_CH3,Step12_Model3_EQB_CH2,Step13_Model3_EQB_CH3,Step14_Model3_EQA_CH3,Step15_Model3_EQC_CH1,Step16_Model2_EQC_CH2,Step17_Model1_EQA_CH4,Step18_Model3_EQC_CH2,Step19_Model1_EQB_CH1,Step20_Model1_EQA_CH3,Step21_Model3_EQC_CH4,Step22_Model1_EQB_CH2,Step23_Model1_EQA_CH3,Step24_Model2_EQA_CH2,Step25_Model1_EQC_CH4,Step26_Model2_EQC_CH2,Step27_Model3_EQB_CH2,Step28_Model2_EQA_CH2,Step29_Model3_EQB_CH3,Step30_Model3_EQC_CH4,,,,50.2,,,,,,66.51,,43.38,,39.85,,45.8,60.81,,45.53,,,36.08,,39.45,,,,,,,,,,,,,,57.38,,,33.17,,,,,,,,,,,,,,,,,,,,,,,
L015W25,L015,25,Step1_Model3_EQB_CH4,Step2_Model1_EQA_CH3,Step3_Model1_EQA_CH3,Step4_Model2_EQA_CH3,Step5_Model3_EQC_CH1,Step6_Model1_EQC_CH2,Step7_Model2_EQA_CH2,Step8_Model1_EQB_CH4,Step9_Model3_EQB_CH2,Step10_Model2_EQC_CH1,Step11_Model2_EQC_CH3,Step12_Model3_EQB_CH4,Step13_Model3_EQB_CH4,Step14_Model3_EQA_CH2,Step15_Model3_EQC_CH4,Step16_Model2_EQC_CH3,Step17_Model1_EQA_CH4,Step18_Model3_EQC_CH3,Step19_Model1_EQB_CH1,Step20_Model1_EQA_CH1,Step21_Model3_EQC_CH3,Step22_Model1_EQB_CH2,Step23_Model1_EQA_CH4,Step24_Model2_EQA_CH2,Step25_Model1_EQC_CH4,Step26_Model2_EQC_CH1,Step27_Model3_EQB_CH1,Step28_Model2_EQA_CH1,Step29_Model3_EQB_CH4,Step30_Model3_EQC_CH1,,,,,,,61.88,,,,45.42,,,,,,60.91,,,,,36.82,,,,,,,70.55,,63.77,,44.32,,,,61.05,,,,,,,59.58,65.04,,45.48,,,,,,,14,,,,,,,,,,
L016W01,L016,1,Step1_Model1_EQA_CH4,Step2_Model1_EQB_CH1,Step3_Model1_EQA_CH1,Step4_Model2_EQB_CH2,Step5_Model3_EQA_CH1,Step6_Model1_EQA_CH1,Step7_Model1_EQC_CH3,Step8_Model2_EQB_CH3,Step9_Model1_EQA_CH4,Step10_Model1_EQC_CH1,Step11_Model3_EQB_CH4,Step12_Model1_EQA_CH4,Step13_Model1_EQA_CH1,Step14_Model3_EQB_CH2,Step15_Model2_EQC_CH1,Step16_Model1_EQB_CH3,Step17_Model2_EQC_CH1,Step18_Model1_EQB_CH2,Step19_Model1_EQB_CH4,Step20_Model3_EQA_CH4,Step21_Model3_EQB_CH3,Step22_Model3_EQC_CH3,Step23_Model3_EQB_CH3,Step24_Model1_EQC_CH4,Step25_Model1_EQB_CH3,Step26_Model1_EQC_CH1,Step27_Model3_EQC_CH4,Step28_Model3_EQC_CH2,Step29_Model3_EQB_CH4,Step30_Model2_EQB_CH1,,33.45,45.19,,,,47.45,,,,58.92,,,,,,,45.67,,,,43.09,,,,,,,,,,,,,,,55.33,,,59.58,,,,,,,,,,,,,,,,,,,,,,,,
L016W02,L016,2,Step1_Model1_EQA_CH1,Step2_Model1_EQB_CH3,Step3_Model1_EQA_CH4,Step4_Model2_EQB_CH4,Step5_Model3_EQA_CH4,Step6_Model1_EQA_CH2,Step7_Model1_EQC_CH3,Step8_Model2_EQB_CH1,Step9_Model1_EQA_CH1,Step10_Model1_EQC_CH3,Step11_Model3_EQB_CH1,Step12_Model1_EQA_CH1,Step13_Model1_EQA_CH3,Step14_Model3_EQB_CH1,Step15_Model2_EQC_CH4,Step16_Model1_EQB_CH2,Step17_Model2_EQC_CH3,Step18_Model1_EQB_CH2,Step19_Model1_EQB_CH1,Step20_Model3_EQA_CH1,Step21_Model3_EQB_CH4,Step22_Model3_EQC_CH3,Step23_Model3_EQB_CH1,Step24_Model1_EQC_CH3,Step25_Model1_EQB_CH3,Step26_Model1_EQC_CH3,Step27_Model3_EQC_CH3,Step28_Model3_EQC_CH3,Step29_Model3_EQB_CH2,Step30_Model2_EQB_CH4,,,,49.38,,,,66.75,63.19,,54.88,,,,,,,,,,,,,,,,,57.17,,,,,42.15,,,,,,,,31.79,,61.83,,,,,,,,,,,,14,,,,,,,,,
L016W03,L016,3,Step1_Model1_EQA_CH3,Step2_Model1_EQB_CH2,Step3_Model1_EQA_CH1,Step4_Model2_EQB_CH3,Step5_Model3_EQA_CH1,Step6_Model1_EQA_CH3,Step7_Model1_EQC_CH2,Step8_Model2_EQB_CH2,Step9_Model1_EQA_CH2,Step10_Model1_EQC_CH4,Step11_Model3_EQB_CH1,Step12_Model1_EQA_CH4,Step13_Model1_EQA_CH3,Step14_Model3_EQB_CH1,Step15_Model2_EQC_CH2,Step16_Model1_EQB_CH1,Step17_Model2_EQC_CH2,Step18_Model1_EQB_CH4,Step19_Model1_EQB_CH4,Step20_Model3_EQA_CH2,Step21_Model3_EQB_CH2,Step22_Model3_EQC_CH3,Step23_Model3_EQB_CH4,Step24_Model1_EQC_CH4,Step25_Model1_EQB_CH3,Step26_Model1_EQC_CH4,Step27_Model3_EQC_CH2,Step28_Model3_EQC_CH1,Step29_Model3_EQB_CH1,Step30_Model2_EQB_CH4,,,,,46.52,,,,,,,41.47,41.64,,,,,,,,,,,,,59.64,,,,,,,46.64,45.62,,59.87,,,,,,,,58.2,,,,,,,,,,,,,,,,,,,,
L016W04,L016,4,Step1_Model1_EQA_CH3,Step2_Model1_EQB_CH2,Step3_Model1_EQA_CH1,Step4_Model2_EQB_CH2,Step5_Model3_EQA_CH4,Step6_Model1_EQA_CH4,Step7_Model1_EQC_CH1,Step8_Model2_EQB_CH4,Step9_Model1_EQA_CH3,Step10_Model1_EQC_CH4,Step11_Model3_EQB_CH4,Step12_Model1_EQA_CH4,Step13_Model1_EQA_CH2,Step14_Model3_EQB_CH2,Step15_Model2_EQC_CH1,Step16_Model1_EQB_CH1,Step17_Model2_EQC_CH1,Step18_Model1_EQB_CH4,Step19_Model1_EQB_CH2,Step20_Model3_EQA_CH3,Step21_Model3_EQB_CH4,Step22_Model3_EQC_CH4,Step23_Model3_EQB_CH4,Step24_Model1_EQC_CH3,Step25_Model1_EQB_CH1,Step26_Model1_EQC_CH3,Step27_Model3_EQC_CH1,Step28_Model3_EQC_CH3,Step29_Model3_EQB_CH2,Step30_Model2_EQB_CH4,,,,,,,,,,,,,32.9,,,,,,,28.1,,,,,,,,,,,,,,,,,,,,,36.65,,,,,,,,,,,,,,,,,,,,,,,
L016W05,L016,5,Step1_Model1_EQA_CH4,Step2_Model1_EQB_CH4,Step3_Model1_EQA_CH1,Step4_Model2_EQB_CH3,Step5_Model3_EQA_CH2,Step6_Model1_EQA_CH3,Step7_Model1_EQC_CH4,Step8_Model2_EQB_CH2,Step9_Model1_EQA_CH2,Step10_Model1_EQC_CH4,Step11_Model3_EQB_CH3,Step12_Model1_EQA_CH4,Step13_Model1_EQA_CH3,Step14_Model3_EQB_CH2,Step15_Model2_EQC_CH2,Step16_Model1_EQB_CH4,Step17_Model2_EQC_CH2,Step18_Model1_EQB_CH1,Step19_Model1_EQB_CH2,Step20_Model3_EQA_CH1,Step21_Model3_EQB_CH2,Step22_Model3_EQC_CH4,Step23_Model3_EQB_CH4,Step24_Model1_EQC_CH1,Step25_Model1_EQB_CH4,Step26_Model1_EQC_CH2,Step27_Model3_EQC_CH2,Step28_Model3_EQC_CH4,Step29_Model3_EQB_CH2,Step30_Model2_EQB_CH3,,,,41.72,46.78,,,,60.38,,,,41.28,45.26,,,,,,,,,39.84,,,,,,,46.07,,,44.68,,58.25,,,,,59.77,,,,,,,,,,,,,,,,,6,,,,,,,
L016W06,L016,6,Step1_Model1_EQA_CH3,Step2_Model1_EQB_CH2,Step3_Model1_EQA_CH4,Step4_Model2_EQB_CH1,Step5_Model3_EQA_CH4,Step6_Model1_EQA_CH1,Step7_Model1_EQC_CH4,Step8_Model2_EQB_CH2,Step9_Model1_EQA_CH3,Step10_Model1_EQC_CH4,Step11_Model3_EQB_CH1,Step12_Model1_EQA_CH3,Step13_Model1_EQA_CH1,Step14_Model3_EQB_CH2,Step15_Model2_EQC_CH3,Step16_Model1_EQB_CH1,Step17_Model2_EQC_CH4,Step18_Model1_EQB_CH2,Step19_Model1_EQB_CH2,Step20_Model3_EQA_CH2,Step21_Model3_EQB_CH4,Step22_Model3_EQC_CH4,Step23_Model3_EQB_CH3,Step24_Model1_EQC_CH4,Step25_Model1_EQB_CH3,Step26_Model1_EQC_CH2,Step27_Model3_EQC_CH3,Step28_Model3_EQC_CH1,Step29_Model3_EQB_CH2,Step30_Model2_EQB_CH2,,,,,,,58.29,61.42,,,,,,,,,,50.27,48.62,,,,43.61,,36.4,58.32,,,,41.91,61.89,,,,,,,,,,,,,,,,,,,,,,,,,,,,,,,,,
L016W07,L016,7,Step1_Model1_EQA_CH3,Step2_Model1_EQB_CH2,Step3_Model1_EQA_CH4,Step4_Model2_EQB_CH1,Step5_Model3_EQA_CH3,Step6_Model1_EQA_CH3,Step7_Model1_EQC_CH2,Step8_Model2_EQB_CH4,Step9_Model1_EQA_CH2,Step10_Model1_EQC_CH2,Step11_Model3_EQB_CH3,Step12_Model1_EQA_CH2,Step13_Model1_EQA_CH1,Step14_Model3_EQB_CH2,Step15_Model2_EQC_CH2,Step16_Model1_EQB_CH3,Step17_Model2_EQC_CH2,Step18_Model1_EQB_CH4,Step19_Model1_EQB_CH3,Step20_Model3_EQA_CH2,Step21_Model3_EQB_CH1,Step22_Model3_EQC_CH1,Step23_Model3_EQB_CH3,Step24_Model1_EQC_CH3,Step25_Model1_EQB_CH2,Step26_Model1_EQC_CH4,Step27_Model3_EQC_CH2,Step28_Model3_EQC_CH1,Step29_Model3_EQB_CH4,Step30_Model2_EQB_CH4,,,,,46.13,,,,63.59,64.83,,37.76,,,,59.57,,,,,,,,,,,,,62.57,,,43.28,,,,,,,,66.09,,,,,,,,,,,,,,,,,,,,,,,,
L016W08,L016,8,Step1_Model1_EQA_CH4,Step2_Model1_EQB_CH2,Step3_Model1_EQA_CH1,Step4_Model2_EQB_CH3,Step5_Model3_EQA_CH2,Step6_Model1_EQA_CH3,Step7_Model1_EQC_CH4,Step8_Model2_EQB_CH4,Step9_Model1_EQA_CH2,Step10_Model1_EQC_CH1,Step11_Model3_EQB_CH4,Step12_Model1_EQA_CH3,Step13_Model1_EQA_CH3,Step14_Model3_EQB_CH2,Step15_Model2_EQC_CH3,Step16_Model1_EQB_CH1,Step17_Model2_EQC_CH4,Step18_Model1_EQB_CH3,Step19_Model1_EQB_CH3,Step20_Model3_EQA_CH4,Step21_Model3_EQB_CH2,Step22_Model3_EQC_CH3,Step23_Model3_EQB_CH2,Step24_Model1_EQC_CH2,Step25_Model1_EQB_CH3,Step26_Model1_EQC_CH1,Step27_Model3_EQC_CH2,Step28_Model3_EQC_CH3,Step29_Model3_EQB_CH2,Step30_Model2_EQB_CH4,40.92,,,,44.85,,,,,,,,,47.24,,,,44.45,35.16,40.54,,,,,,,,,56.5,50.01,53.31,,,50.87,,,,,,58.5,,,,,,,,,,,,,,,,,,,,,,,,
L016W09,L016,9,Step1_Model1_EQA_CH1,Step2_Model1_EQB_CH1,Step3_Model1_EQA_CH4,Step4_Model2_EQB_CH4,Step5_Model3_EQA_CH2,Step6_Model1_EQA_CH4,Step7_Model1_EQC_CH1,Step8_Model2_EQB_CH4,Step9_Model1_EQA_CH3,Step10_Model1_EQC_CH3,Step11_Model3_EQB_CH2,Step12_Model1_EQA_CH1,Step13_Model1_EQA_CH3,Step14_Model3_EQB_CH4,Step15_Model2_EQC_CH3,Step16_Model1_EQB_CH3,Step17_Model2_EQC_CH2,Step18_Model1_EQB_CH4,Step19_Model1_EQB_CH4,Step20_Model3_EQA_CH4,Step21_Model3_EQB_CH2,Step22_Model3_EQC_CH4,Step23_Model3_EQB_CH4,Step24_Model1_EQC_CH3,Step25_Model1_EQB_CH3,Step26_Model1_EQC_CH4,Step27_Model3_EQC_CH1,Step28_Model3_EQC_CH1,Step29_Model3_EQB_CH4,Step30_Model2_EQB_CH1,35.38,,,,,51.39,,,,61.7,,,,,,,54.33,44.39,,,,,,,,,,62.77,,,,,,,,,,,,,34.58,,,,,52.85,,,,,,,,,,,,,,,,,,
L016W10,L016,10,Step1_Model1_EQA_CH2,Step2_Model1_EQB_CH3,Step3_Model1_EQA_CH2,Step4_Model2_EQB_CH3,Step5_Model3_EQA_CH1,Step6_Model1_EQA_CH1,Step7_Model1_EQC_CH4,Step8_Model2_EQB_CH1,Step9_Model1_EQA_CH1,Step10_Model1_EQC_CH4,Step11_Model3_EQB_CH4,Step12_Model1_EQA_CH3,Step13_Model1_EQA_CH1,Step14_Model3_EQB_CH3,Step15_Model2_EQC_CH3,Step16_Model1_EQB_CH2,Step17_Model2_EQC_CH1,Step18_Model1_EQB_CH1,Step19_Model1_EQB_CH2,Step20_Model3_EQA_CH3,Step21_Model3_EQB_CH1,Step22_Model3_EQC_CH3,Step23_Model3_EQB_CH2,Step24_Model1_EQC_CH4,Step25_Model1_EQB_CH3,Step26_Model1_EQC_CH1,Step27_Model3_EQC_CH4,Step28_Model3_EQC_CH3,Step29_Model3_EQB_CH3,Step30_Model2_EQB_CH4,40.15,,,,,,,,,,,38.26,,,,,,,,44.97,,,,,,59.1,,,,,,,,,42.48,,,,,,,,,,,,,,,,7,,,,,,,,,,,,,
L016W11,L016,11,Step1_Model1_EQA_CH4,Step2_Model1_EQB_CH4,Step3_Model1_EQA_CH1,Step4_Model2_EQB_CH1,Step5_Model3_EQA_CH3,Step6_Model1_EQA_CH3,Step7_Model1_EQC_CH2,Step8_Model2_EQB_CH1,Step9_Model1_EQA_CH3,Step10_Model1_EQC_CH4,Step11_Model3_EQB_CH4,Step12_Model1_EQA_CH1,Step13_Model1_EQA_CH4,Step14_Model3_EQB_CH2,Step15_Model2_EQC_CH3,Step16_Model1_EQB_CH3,Step17_Model2_EQC_CH3,Step18_Model1_EQB_CH1,Step19_Model1_EQB_CH4,Step20_Model3_EQA_CH2,Step21_Model3_EQB_CH1,Step22_Model3_EQC_CH3,Step23_Model3_EQB_CH2,Step24_Model1_EQC_CH3,Step25_Model1_EQB_CH3,Step26_Model1_EQC_CH1,Step27_Model3_EQC_CH3,Step28_Model3_EQC_CH2,Step29_Model3_EQB_CH3,Step30_Model2_EQB_CH4,,,,43.56,,,,,,,,36.83,,36.79,,,,,,,,,,39.2,31.27,,,,,,,,,,,,,57.5,,,,,,,57.27,,,,,,,,,,,,,,,,,,,
L016W12,L016,12,Step1_Model1_EQA_CH3,Step2_Model1_EQB_CH1,Step3_Model1_EQA_CH2,Step4_Model2_EQB_CH1,Step5_Model3_EQA_CH4,Step6_Model1_EQA_CH3,Step7_Model1_EQC_CH1,Step8_Model2_EQB_CH1,Step9_Model1_EQA_CH1,Step10_Model1_EQC_CH1,Step11_Model3_EQB_CH4,Step12_Model1_EQA_CH4,Step13_Model1_EQA_CH3,Step14_Model3_EQB_CH3,Step15_Model2_EQC_CH2,Step16_Model1_EQB_CH4,Step17_Model2_EQC_CH1,Step18_Model1_EQB_CH1,Step19_Model1_EQB_CH2,Step20_Model3_EQA_CH1,Step21_Model3_EQB_CH2,Step22_Model3_EQC_CH3,Step23_Model3_EQB_CH4,Step24_Model1_EQC_CH2,Step25_Model1_EQB_CH1,Step26_Model1_EQC_CH2,Step27_Model3_EQC_CH3,Step28_Model3_EQC_CH1,Step29_Model3_EQB_CH3,Step30_Model2_EQB_CH3,,,,,,,,,62.49,,54.69,,,,,,,42.52,,,,,,,,,29.46,54.34,,,,,,,41.42,,,,,,,,,,,,,,,,,,,,,,,,,,,,,
L016W13,L016,13,Step1_Model1_EQA_CH2,Step2_Model1_EQB_CH3,Step3_Model1_EQA_CH1,Step4_Model2_EQB_CH3,Step5_Model3_EQA_CH3,Step6_Model1_EQA_CH2,Step7_Model1_EQC_CH3,Step8_Model2_EQB_CH4,Step9_Model1_EQA_CH2,Step10_Model1_EQC_CH2,Step11_Model3_EQB_CH1,Step12_Model1_EQA_CH1,Step13_Model1_EQA_CH1,Step14_Model3_EQB_CH1,Step15_Model2_EQC_CH4,Step16_Model1_EQB_CH2,Step17_Model2_EQC_CH3,Step18_Model1_EQB_CH1,Step19_Model1_EQB_CH1,Step20_Model3_EQA_CH1,Step21_Model3_EQB_CH3,Step22_Model3_EQC_CH1,Step23_Model3_EQB_CH3,Step24_Model1_EQC_CH2,Step25_Model1_EQB_CH2,Step26_Model1_EQC_CH2,Step27_Model3_EQC_CH4,Step28_Model3_EQC_CH3,Step29_Model3_EQB_CH1,Step30_Model2_EQB_CH1,,,,,,,,,,,,,,,,,,,,,,,,,,55.59,,59.77,,,58.05,,,,,,,,,,,,,,,,,,,,,,,,,,,,,,,,,
L016W14,L016,14,Step1_Model1_EQA_CH1,Step2_Model1_EQB_CH1,Step3_Model1_EQA_CH4,Step4_Model2_EQB_CH1,Step5_Model3_EQA_CH4,Step6_Model1_EQA_CH3,Step7_Model1_EQC_CH2,Step8_Model2_EQB_CH1,Step9_Model1_EQA_CH2,Step10_Model1_EQC_CH3,Step11_Model3_EQB_CH3,Step12_Model1_EQA_CH1,Step13_Model1_EQA_CH3,Step14_Model3_EQB_CH2,Step15_Model2_EQC_CH1,Step16_Model1_EQB_CH4,Step17_Model2_EQC_CH1,Step18_Model1_EQB_CH2,Step19_Model1_EQB_CH1,Step20_Model3_EQA_CH1,Step21_Model3_EQB_CH2,Step22_Model3_EQC_CH1,Step23_Model3_EQB_CH1,Step24_Model1_EQC_CH2,Step25_Model1_EQB_CH3,Step26_Model1_EQC_CH2,Step27_Model3_EQC_CH1,Step28_Model3_EQC_CH4,Step29_Model3_EQB_CH4,Step30_Model2_EQB_CH2,,,,,48.79,,,,,,,,,40.34,,,,,,,,44.83,,42.16,,,,,,,,,,,,,,,,,,,,,,,,,,,,,,,,,,,,,,,,
L016W15,L016,15,Step1_Model1_EQA_CH4,Step2_Model1_EQB_CH1,Step3_Model1_EQA_CH1,Step4_Model2_EQB_CH2,Step5_Model3_EQA_CH1,Step6_Model1_EQA_CH3,Step7_Model1_EQC_CH1,Step8_Model2_EQB_CH2,Step9_Model1_EQA_CH3,Step10_Model1_EQC_CH3,Step11_Model3_EQB_CH4,Step12_Model1_EQA_CH1,Step13_Model1_EQA_CH2,Step14_Model3_EQB_CH4,Step15_Model2_EQC_CH4,Step16_Model1_EQB_CH1,Step17_Model2_EQC_CH1,Step18_Model1_EQB_CH2,Step19_Model1_EQB_CH4,Step20_Model3_EQA_CH2,Step21_Model3_EQB_CH4,Step22_Model3_EQC_CH4,Step23_Model3_EQB_CH4,Step24_Model1_EQC_CH1,Step25_Model1_EQB_CH4,Step26_Model1_EQC_CH4,Step27_Model3_EQC_CH4,Step28_Model3_EQC_CH3,Step29_Model3_EQB_CH1,Step30_Model2_EQB_CH3,,,,,,,,,,,,,,,48.01,,,,,43.02,,35.03,,,,,,,,,,43.33,,44.8,,,48.91,,,,,,,,,,,,,,,,,,,,,,,,,,,
L016W16,L016,16,Step1_Model1_EQA_CH1,Step2_Model1_EQB_CH2,Step3_Model1_EQA_CH3,Step4_Model2_EQB_CH2,Step5_Model3_EQA_CH4,Step6_Model1_EQA_CH2,Step7_Model1_EQC_CH2,Step8_Model2_EQB_CH2,Step9_Model1_EQA_CH2,Step10_Model1_EQC_CH1,Step11_Model3_EQB_CH3,Step12_Model1_EQA_CH1,Step13_Model1_EQA_CH1,Step14_Model3_EQB_CH1,Step15_Model2_EQC_CH2,Step16_Model1_EQB_CH1,Step17_Model2_EQC_CH3,Step18_Model1_EQB_CH1,Step19_Model1_EQB_CH4,Step20_Model3_EQA_CH2,Step21_Model3_EQB_CH4,Step22_Model3_EQC_CH3,Step23_Model3_EQB_CH3,Step24_Model1_EQC_CH3,Step25_Model1_EQB_CH3,Step26_Model1_EQC_CH1,Step27_Model3_EQC_CH2,Step28_Model3_EQC_CH3,Step29_Model3_EQB_CH4,Step30_Model2_EQB_CH3,,,,,,,,,,,,,,,,,64.08,,,46.68,,39.88,,,,,,,,,,,48.26,42.05,,,,60.07,,,,,,57.26,,,,,,,,,,,,,,,,,,,,
L016W17,L016,17,Step1_Model1_EQA_CH2,Step2_Model1_EQB_CH4,Step3_Model1_EQA_CH4,Step4_Model2_EQB_CH4,Step5_Model3_EQA_CH1,Step6_Model1_EQA_CH3,Step7_Model1_EQC_CH1,Step8_Model2_EQB_CH4,Step9_Model1_EQA_CH1,Step10_Model1_EQC_CH1,Step11_Model3_EQB_CH1,Step12_Model1_EQA_CH3,Step13_Model1_EQA_CH4,Step14_Model3_EQB_CH4,Step15_Model2_EQC_CH3,Step16_Model1_EQB_CH1,Step17_Model2_EQC_CH1,Step18_Model1_EQB_CH2,Step19_Model1_EQB_CH2,Step20_Model3_EQA_CH2,Step21_Model3_EQB_CH3,Step22_Model3_EQC_CH4,Step23_Model3_EQB_CH2,Step24_Model1_EQC_CH4,Step25_Model1_EQB_CH4,Step26_Model1_EQC_CH4,Step27_Model3_EQC_CH3,Step28_Model3_EQC_CH3,Step29_Model3_EQB_CH3,Step30_Model2_EQB_CH3,,29.41,41.93,,,,69.71,66.51,,,,,,41.64,,,,,,,,,,,33.27,,,,,,76.65,,,,,,58.66,,,,,52.13,,,62.84,,,,,,,,,,,,,,,,,,,
L016W18,L016,18,Step1_Model1_EQA_CH2,Step2_Model1_EQB_CH1,Step3_Model1_EQA_CH1,Step4_Model2_EQB_CH1,Step5_Model3_EQA_CH2,Step6_Model1_EQA_CH1,Step7_Model1_EQC_CH2,Step8_Model2_EQB_CH2,Step9_Model1_EQA_CH2,Step10_Model1_EQC_CH1,Step11_Model3_EQB_CH4,Step12_Model1_EQA_CH1,Step13_Model1_EQA_CH1,Step14_Model3_EQB_CH3,Step15_Model2_EQC_CH2,Step16_Model1_EQB_CH4,Step17_Model2_EQC_CH3,Step18_Model1_EQB_CH4,Step19_Model1_EQB_CH4,Step20_Model3_EQA_CH2,Step21_Model3_EQB_CH1,Step22_Model3_EQC_CH2,Step23_Model3_EQB_CH2,Step24_Model1_EQC_CH3,Step25_Model1_EQB_CH2,Step26_Model1_EQC_CH1,Step27_Model3_EQC_CH4,Step28_Model3_EQC_CH2,Step29_Model3_EQB_CH4,Step30_Model2_EQB_CH2,,,,,49.21,,59.45,,,,,,38.92,,,,,,,41.52,,,,,,59.46,,,,,,,,,,,,,,,,,,,,,,,,,,,,,,,,,,,,,,
L016W19,L016,19,Step1_Model1_EQA_CH4,Step2_Model1_EQB_CH2,Step3_Model1_EQA_CH3,Step4_Model2_EQB_CH4,Step5_Model3_EQA_CH2,Step6_Model1_EQA_CH2,Step7_Model1_EQC_CH3,Step8_Model2_EQB_CH3,Step9_Model1_EQA_CH3,Step10_Model1_EQC_CH4,Step11_Model3_EQB_CH4,Step12_Model1_EQA_CH3,Step13_Model1_EQA_CH1,Step14_Model3_EQB_CH1,Step15_Model2_EQC_CH2,Step16_Model1_EQB_CH1,Step17_Model2_EQC_CH2,Step18_Model1_EQB_CH4,Step19_Model1_EQB_CH4,Step20_Model3_EQA_CH1,Step21_Model3_EQB_CH4,Step22_Model3_EQC_CH3,Step23_Model3_EQB_CH3,Step24_Model1_EQC_CH1,Step25_Model1_EQB_CH1,Step26_Model1_EQC_CH2,Step27_Model3_EQC_CH4,Step28_Model3_EQC_CH2,Step29_Model3_EQB_CH2,Step30_Model2_EQB_CH3,,37.67,,,,,,,,,,,,,45.88,57.84,,,41.99,,,,31.65,,,,,59.27,,,,41.84,,40.13,,,59,,,,,,,,,,,36.93,8,,,,,,,,,,,,,,,
L016W20,L016,20,Step1_Model1_EQA_CH3,Step2_Model1_EQB_CH3,Step3_Model1_EQA_CH3,Step4_Model2_EQB_CH2,Step5_Model3_EQA_CH3,Step6_Model1_EQA_CH4,Step7_Model1_EQC_CH3,Step8_Model2_EQB_CH3,Step9_Model1_EQA_CH3,Step10_Model1_EQC_CH1,Step11_Model3_EQB_CH4,Step12_Model1_EQA_CH4,Step13_Model1_EQA_CH2,Step14_Model3_EQB_CH2,Step15_Model2_EQC_CH3,Step16_Model1_EQB_CH1,Step17_Model2_EQC_CH2,Step18_Model1_EQB_CH2,Step19_Model1_EQB_CH3,Step20_Model3_EQA_CH3,Step21_Model3_EQB_CH2,Step22_Model3_EQC_CH2,Step23_Model3_EQB_CH4,Step24_Model1_EQC_CH1,Step25_Model1_EQB_CH4,Step26_Model1_EQC_CH2,Step27_Model3_EQC_CH4,Step28_Model3_EQC_CH4,Step29_Model3_EQB_CH2,Step30_Model2_EQB_CH3,44.35,,43.73,,,,,,,,,,,,,57.05,,,,45.47,30.72,,,,,,,,,,,,,,,,,,,,,,,,,,,,,,,,10,,,,,,,,,,,
L016W21,L016,21,Step1_Model1_EQA_CH2,Step2_Model1_EQB_CH3,Step3_Model1_EQA_CH2,Step4_Model2_EQB_CH2,Step5_Model3_EQA_CH2,Step6_Model1_EQA_CH1,Step7_Model1_EQC_CH3,Step8_Model2_EQB_CH1,Step9_Model1_EQA_CH2,Step10_Model1_EQC_CH4,Step11_Model3_EQB_CH1,Step12_Model1_EQA_CH3,Step13_Model1_EQA_CH2,Step14_Model3_EQB_CH1,Step15_Model2_EQC_CH4,Step16_Model1_EQB_CH1,Step17_Model2_EQC_CH3,Step18_Model1_EQB_CH1,Step19_Model1_EQB_CH4,Step20_Model3_EQA_CH4,Step21_Model3_EQB_CH3,Step22_Model3_EQC_CH4,Step23_Model3_EQB_CH2,Step24_Model1_EQC_CH4,Step25_Model1_EQB_CH2,Step26_Model1_EQC_CH1,Step27_Model3_EQC_CH2,Step28_Model3_EQC_CH2,Step29_Model3_EQB_CH1,Step30_Model2_EQB_CH4,41.93,,,,,,,65.04,,,,,,,,60.4,,,,,,38.4,,40.54,36.76,,,,,48.45,,,,,,41.76,,,,,,56.14,,60.41,,,,,,,,,,7,,,,,,,,,,
L016W22,L016,22,Step1_Model1_EQA_CH2,Step2_Model1_EQB_CH4,Step3_Model1_EQA_CH1,Step4_Model2_EQB_CH3,Step5_Model3_EQA_CH4,Step6_Model1_EQA_CH4,Step7_Model1_EQC_CH3,Step8_Model2_EQB_CH3,Step9_Model1_EQA_CH1,Step10_Model1_EQC_CH4,Step11_Model3_EQB_CH4,Step12_Model1_EQA_CH1,Step13_Model1_EQA_CH4,Step14_Model3_EQB_CH2,Step15_Model2_EQC_CH2,Step16_Model1_EQB_CH2,Step17_Model2_EQC_CH4,Step18_Model1_EQB_CH2,Step19_Model1_EQB_CH2,Step20_Model3_EQA_CH1,Step21_Model3_EQB_CH1,Step22_Model3_EQC_CH3,Step23_Model3_EQB_CH3,Step24_Model1_EQC_CH3,Step25_Model1_EQB_CH3,Step26_Model1_EQC_CH1,Step27_Model3_EQC_CH1,Step28_Model3_EQC_CH1,Step29_Model3_EQB_CH2,Step30_Model2_EQB_CH2,,,,,47.31,,,67.61,63.98,,,41.06,,,,,,,,,,,38.44,,,,,,,,,,,,43.37,,,,,62.73,,,,,,,,,,,,,,,,,,,,,,,,
L016W23,L016,23,Step1_Model1_EQA_CH3,Step2_Model1_EQB_CH2,Step3_Model1_EQA_CH4,Step4_Model2_EQB_CH1,Step5_Model3_EQA_CH3,Step6_Model1_EQA_CH3,Step7_Model1_EQC_CH4,Step8_Model2_EQB_CH2,Step9_Model1_EQA_CH3,Step10_Model1_EQC_CH2,Step11_Model3_EQB_CH2,Step12_Model1_EQA_CH4,Step13_Model1_EQA_CH3,Step14_Model3_EQB_CH2,Step15_Model2_EQC_CH2,Step16_Model1_EQB_CH4,Step17_Model2_EQC_CH4,Step18_Model1_EQB_CH2,Step19_Model1_EQB_CH4,Step20_Model3_EQA_CH2,Step21_Model3_EQB_CH3,Step22_Model3_EQC_CH1,Step23_Model3_EQB_CH4,Step24_Model1_EQC_CH1,Step25_Model1_EQB_CH2,Step26_Model1_EQC_CH2,Step27_Model3_EQC_CH2,Step28_Model3_EQC_CH1,Step29_Model3_EQB_CH2,Step30_Model2_EQB_CH4,,,,,,,,,,,,,,38.91,,59.2,,,,,,,,,,59.69,,,,,,,,,,,,,,,,,,,,,,,,,,,,,,,,,,,,,,
L016W24,L016,24,Step1_Model1_EQA_CH3,Step2_Model1_EQB_CH3,Step3_Model1_EQA_CH4,Step4_Model2_EQB_CH3,Step5_Model3_EQA_CH1,Step6_Model1_EQA_CH2,Step7_Model1_EQC_CH2,Step8_Model2_EQB_CH2,Step9_Model1_EQA_CH1,Step10_Model1_EQC_CH1,Step11_Model3_EQB_CH1,Step12_Model1_EQA_CH4,Step13_Model1_EQA_CH1,Step14_Model3_EQB_CH3,Step15_Model2_EQC_CH4,Step16_Model1_EQB_CH4,Step17_Model2_EQC_CH4,Step18_Model1_EQB_CH1,Step19_Model1_EQB_CH4,Step20_Model3_EQA_CH1,Step21_Model3_EQB_CH1,Step22_Model3_EQC_CH4,Step23_Model3_EQB_CH2,Step24_Model1_EQC_CH2,Step25_Model1_EQB_CH4,Step26_Model1_EQC_CH2,Step27_Model3_EQC_CH3,Step28_Model3_EQC_CH3,Step29_Model3_EQB_CH1,Step30_Model2_EQB_CH2,,32.1,,,,,,,,,47.75,,,,49.08,,52.72,,38.9,,,,,33.1,,,,,,,,,43.6,44.26,,61.62,,,57.27,46.75,,,,62.73,62.47,,,,,,,,,,,,,8,,,,,,
L016W25,L016,25,Step1_Model1_EQA_CH3,Step2_Model1_EQB_CH4,Step3_Model1_EQA_CH2,Step4_Model2_EQB_CH3,Step5_Model3_EQA_CH3,Step6_Model1_EQA_CH4,Step7_Model1_EQC_CH1,Step8_Model2_EQB_CH4,Step9_Model1_EQA_CH1,Step10_Model1_EQC_CH3,Step11_Model3_EQB_CH1,Step12_Model1_EQA_CH3,Step13_Model1_EQA_CH3,Step14_Model3_EQB_CH2,Step15_Model2_EQC_CH1,Step16_Model1_EQB_CH1,Step17_Model2_EQC_CH1,Step18_Model1_EQB_CH4,Step19_Model1_EQB_CH2,Step20_Model3_EQA_CH2,Step21_Model3_EQB_CH2,Step22_Model3_EQC_CH4,Step23_Model3_EQB_CH1,Step24_Model1_EQC_CH1,Step25_Model1_EQB_CH1,Step26_Model1_EQC_CH2,Step27_Model3_EQC_CH2,Step28_Model3_EQC_CH3,Step29_Model3_EQB_CH4,Step30_Model2_EQB_CH4,,,41.79,,,,,,,,,,,,,,61,,42.58,,,,,,,,35.76,,,,,57.35,,,,,,,,,,,,,,,,,,,,,,,,,,,,,,,,
L017W01,L017,1,Step1_Model2_EQC_CH4,Step2_Model1_EQB_CH2,Step3_Model1_EQA_CH4,Step4_Model1_EQA_CH4,Step5_Model2_EQA_CH1,Step6_Model3_EQB_CH4,Step7_Model1_EQB_CH4,Step8_Model3_EQA_CH2,Step9_Model3_EQA_CH4,Step10_Model3_EQA_CH2,Step11_Model2_EQA_CH4,Step12_Model2_EQA_CH4,Step13_Model1_EQC_CH3,Step14_Model3_EQC_CH4,Step15_Model1_EQA_CH2,Step16_Model1_EQB_CH2,Step17_Model2_EQA_CH1,Step18_Model3_EQC_CH1,Step19_Model3_EQA_CH3,Step20_Model3_EQA_CH2,Step21_Model2_EQC_CH2,Step22_Model2_EQC_CH2,Step23_Model1_EQA_CH3,Step24_Model1_EQA_CH2,Step25_Model3_EQB_CH1,Step26_Model1_EQC_CH3,Step27_Model2_EQA_CH1,Step28_Model2_EQA_CH1,Step29_Model2_EQB_CH3,Step30_Model1_EQC_CH4,,,,,,,,,,,,,,,47.27,,,,,,38.25,,,32.96,,,,,,,,,46.28,,,,,,,61.87,,,,,,,,,,,,,,,,11,,,,,,,,
L017W02,L017,2,Step1_Model2_EQC_CH4,Step2_Model1_EQB_CH1,Step3_Model1_EQA_CH4,Step4_Model1_EQA_CH2,Step5_Model2_EQA_CH3,Step6_Model3_EQB_CH1,Step7_Model1_EQB_CH2,Step8_Model3_EQA_CH4,Step9_Model3_EQA_CH2,Step10_Model3_EQA_CH4,Step11_Model2_EQA_CH1,Step12_Model2_EQA_CH2,Step13_Model1_EQC_CH3,Step14_Model3_EQC_CH1,Step15_Model1_EQA_CH2,Step16_Model1_EQB_CH2,Step17_Model2_EQA_CH4,Step18_Model3_EQC_CH1,Step19_Model3_EQA_CH1,Step20_Model3_EQA_CH1,Step21_Model2_EQC_CH1,Step22_Model2_EQC_CH4,Step23_Model1_EQA_CH3,Step24_Model1_EQA_CH1,Step25_Model3_EQB_CH4,Step26_Model1_EQC_CH3,Step27_Model2_EQA_CH3,Step28_Model2_EQA_CH4,Step29_Model2_EQB_CH1,Step30_Model1_EQC_CH3,,,,,,,,,,,,,38.79,,,,,,,,,,,36.36,36.17,,35.34,65.02,,,66.1,,,,,59.18,,,,,,,60.92,,59.83,,,,,,,,,,,,,,,,,,,
L017W03,L017,3,Step1_Model2_EQC_CH1,Step2_Model1_EQB_CH1,Step3_Model1_EQA_CH2,Step4_Model1_EQA_CH1,Step5_Model2_EQA_CH2,Step6_Model3_EQB_CH3,Step7_Model1_EQB_CH4,Step8_Model3_EQA_CH2,Step9_Model3_EQA_CH4,Step10_Model3_EQA_CH3,Step11_Model2_EQA_CH1,Step12_Model2_EQA_CH3,Step13_Model1_EQC_CH4,Step14_Model3_EQC_CH3,Step15_Model1_EQA_CH1,Step16_Model1_EQB_CH3,Step17_Model2_EQA_CH1,Step18_Model3_EQC_CH2,Step19_Model3_EQA_CH4,Step20_Model3_EQA_CH1,Step21_Model2_EQC_CH1,Step22_Model2_EQC_CH3,Step23_Model1_EQA_CH2,Step24_Model1_EQA_CH1,Step25_Model3_EQB_CH2,Step26_Model1_EQC_CH2,Step27_Model2_EQA_CH3,Step28_Model2_EQA_CH1,Step29_Model2_EQB_CH3,Step30_Model1_EQC_CH4,,,,,,,,,,59.64,,,,,,,,,50.32,,,,,,,,38.68,,,45.19,,,46.98,,,,,,,,,,,,,,,,,,,,,,,,,,,,,,,
L017W04,L017,4,Step1_Model2_EQC_CH4,Step2_Model1_EQB_CH1,Step3_Model1_EQA_CH2,Step4_Model1_EQA_CH1,Step5_Model2_EQA_CH1,Step6_Model3_EQB_CH4,Step7_Model1_EQB_CH4,Step8_Model3_EQA_CH2,Step9_Model3_EQA_CH2,Step10_Model3_EQA_CH1,Step11_Model2_EQA_CH3,Step12_Model2_EQA_CH1,Step13_Model1_EQC_CH2,Step14_Model3_EQC_CH3,Step15_Model1_EQA_CH4,Step16_Model1_EQB_CH2,Step17_Model2_EQA_CH2,Step18_Model3_EQC_CH3,Step19_Model3_EQA_CH2,Step20_Model3_EQA_CH2,Step21_Model2_EQC_CH2,Step22_Model2_EQC_CH2,Step23_Model1_EQA_CH2,Step24_Model1_EQA_CH2,Step25_Model3_EQB_CH2,Step26_Model1_EQC_CH2,Step27_Model2_EQA_CH4,Step28_Model2_EQA_CH2,Step29_Model2_EQB_CH4,Step30_Model1_EQC_CH4,38.81,,41.9,,,,,,,,,,,,,,,,,,,,,,,,35.82,,57.17,,,,,,,,,61.5,,,,,63.05,,,,,37.04,,,,14,,,,,,,,,,,,
L017W05,L017,5,Step1_Model2_EQC_CH1,Step2_Model1_EQB_CH1,Step3_Model1_EQA_CH4,Step4_Model1_EQA_CH4,Step5_Model2_EQA_CH2,Step6_Model3_EQB_CH1,Step7_Model1_EQB_CH3,Step8_Model3_EQA_CH1,Step9_Model3_EQA_CH4,Step10_Model3_EQA_CH4,Step11_Model2_EQA_CH2,Step12_Model2_EQA_CH2,Step13_Model1_EQC_CH1,Step14_Model3_EQC_CH2,Step15_Model1_EQA_CH3,Step16_Model1_EQB_CH3,Step17_Model2_EQA_CH2,Step18_Model3_EQC_CH3,Step19_Model3_EQA_CH3,Step20_Model3_EQA_CH1,Step21_Model2_EQC_CH3,Step22_Model2_EQC_CH4,Step23_Model1_EQA_CH4,Step24_Model1_EQA_CH1,Step25_Model3_EQB_CH2,Step26_Model1_EQC_CH1,Step27_Model2_EQA_CH2,Step28_Model2_EQA_CH2,Step29_Model2_EQB_CH2,Step30_Model1_EQC_CH2,,31,,,,,70.57,,,,,,,,,,,,43.53,,35.68,,44.32,,,,,,,,51.6,,,41.42,,61.81,,,,,,,,,,,,,,,,,,,,,,,,,,,,
L017W06,L017,6,Step1_Model2_EQC_CH2,Step2_Model1_EQB_CH1,Step3_Model1_EQA_CH2,Step4_Model1_EQA_CH3,Step5_Model2_EQA_CH3,Step6_Model3_EQB_CH2,Step7_Model1_EQB_CH3,Step8_Model3_EQA_CH4,Step9_Model3_EQA_CH1,Step10_Model3_EQA_CH1,Step11_Model2_EQA_CH2,Step12_Model2_EQA_CH2,Step13_Model1_EQC_CH4,Step14_Model3_EQC_CH2,Step15_Model1_EQA_CH3,Step16_Model1_EQB_CH4,Step17_Model2_EQA_CH3,Step18_Model3_EQC_CH1,Step19_Model3_EQA_CH3,Step20_Model3_EQA_CH1,Step21_Model2_EQC_CH3,Step22_Model2_EQC_CH1,Step23_Model1_EQA_CH2,Step24_Model1_EQA_CH3,Step25_Model3_EQB_CH1,Step26_Model1_EQC_CH3,Step27_Model2_EQA_CH4,Step28_Model2_EQA_CH2,Step29_Model2_EQB_CH1,Step30_Model1_EQC_CH4,,,,45.05,,,,,,,,,36.69,,37.93,,,,,,,40.86,,,,,,,60.47,,63.17,,,,,57,,,,,,,,,,,,30.61,,,,,,,,,,,,,,,,
L017W07,L017,7,Step1_Model2_EQC_CH3,Step2_Model1_EQB_CH4,Step3_Model1_EQA_CH3,Step4_Model1_EQA_CH2,Step5_Model2_EQA_CH4,Step6_Model3_EQB_CH2,Step7_Model1_EQB_CH1,Step8_Model3_EQA_CH3,Step9_Model3_EQA_CH3,Step10_Model3_EQA_CH2,Step11_Model2_EQA_CH2,Step12_Model2_EQA_CH1,Step13_Model1_EQC_CH4,Step14_Model3_EQC_CH3,Step15_Model1_EQA_CH3,Step16_Model1_EQB_CH1,Step17_Model2_EQA_CH1,Step18_Model3_EQC_CH2,Step19_Model3_EQA_CH2,Step20_Model3_EQA_CH4,Step21_Model2_EQC_CH1,Step22_Model2_EQC_CH4,Step23_Model1_EQA_CH1,Step24_Model1_EQA_CH3,Step25_Model3_EQB_CH1,Step26_Model1_EQC_CH1,Step27_Model2_EQA_CH3,Step28_Model2_EQA_CH1,Step29_Model2_EQB_CH4,Step30_Model1_EQC_CH2,,,,,,,,,,,,,,,,,,,,,,,,,,,,,,48.47,,,44.9,,,60.38,51.9,,,,,60.03,61.8,,,,,,,,,,,,,,,,,,,,,
L017W08,L017,8,Step1_Model2_EQC_CH2,Step2_Model1_EQB_CH4,Step3_Model1_EQA_CH3,Step4_Model1_EQA_CH1,Step5_Model2_EQA_CH4,Step6_Model3_EQB_CH2,Step7_Model1_EQB_CH2,Step8_Model3_EQA_CH4,Step9_Model3_EQA_CH2,Step10_Model3_EQA_CH4,Step11_Model2_EQA_CH2,Step12_Model2_EQA_CH4,Step13_Model1_EQC_CH1,Step14_Model3_EQC_CH1,Step15_Model1_EQA_CH1,Step16_Model1_EQB_CH1,Step17_Model2_EQA_CH2,Step18_Model3_EQC_CH3,Step19_Model3_EQA_CH4,Step20_Model3_EQA_CH3,Step21_Model2_EQC_CH2,Step22_Model2_EQC_CH2,Step23_Model1_EQA_CH3,Step24_Model1_EQA_CH3,Step25_Model3_EQB_CH2,Step26_Model1_EQC_CH2,Step27_Model2_EQA_CH4,Step28_Model2_EQA_CH1,Step29_Model2_EQB_CH1,Step30_Model1_EQC_CH4,,,,,,,,,,,,,,34.98,,,,40.83,,,,,,34.44,,57.8,,,,,,,40.65,,43.23,,64.86,,,,,,,,,,,,,,,,,,,,,,,,,,,
L017W09,L017,9,Step1_Model2_EQC_CH3,Step2_Model1_EQB_CH2,Step3_Model1_EQA_CH3,Step4_Model1_EQA_CH1,Step5_Model2_EQA_CH1,Step6_Model3_EQB_CH3,Step7_Model1_EQB_CH1,Step8_Model3_EQA_CH2,Step9_Model3_EQA_CH4,Step10_Model3_EQA_CH3,Step11_Model2_EQA_CH2,Step12_Model2_EQA_CH2,Step13_Model1_EQC_CH1,Step14_Model3_EQC_CH2,Step15_Model1_EQA_CH3,Step16_Model1_EQB_CH2,Step17_Model2_EQA_CH4,Step18_Model3_EQC_CH2,Step19_Model3_EQA_CH2,Step20_Model3_EQA_CH4,Step21_Model2_EQC_CH2,Step22_Model2_EQC_CH2,Step23_Model1_EQA_CH1,Step24_Model1_EQA_CH3,Step25_Model3_EQB_CH1,Step26_Model1_EQC_CH3,Step27_Model2_EQA_CH4,Step28_Model2_EQA_CH4,Step29_Model2_EQB_CH4,Step30_Model1_EQC_CH3,,,,46.05,,,,,,,,38.93,36.46,,60.35,,,,,,,,,,,,,,,,,,,,,,,,59.87,,,,,,,,55.02,31.6,,,,,,,,,,,,,,,,
L017W10,L017,10,Step1_Model2_EQC_CH3,Step2_Model1_EQB_CH3,Step3_Model1_EQA_CH4,Step4_Model1_EQA_CH3,Step5_Model2_EQA_CH2,Step6_Model3_EQB_CH1,Step7_Model1_EQB_CH4,Step8_Model3_EQA_CH1,Step9_Model3_EQA_CH2,Step10_Model3_EQA_CH3,Step11_Model2_EQA_CH1,Step12_Model2_EQA_CH2,Step13_Model1_EQC_CH2,Step14_Model3_EQC_CH1,Step15_Model1_EQA_CH4,Step16_Model1_EQB_CH1,Step17_Model2_EQA_CH4,Step18_Model3_EQC_CH3,Step19_Model3_EQA_CH4,Step20_Model3_EQA_CH3,Step21_Model2_EQC_CH1,Step22_Model2_EQC_CH3,Step23_Model1_EQA_CH2,Step24_Model1_EQA_CH3,Step25_Model3_EQB_CH4,Step26_Model1_EQC_CH4,Step27_Model2_EQA_CH4,Step28_Model2_EQA_CH3,Step29_Model2_EQB_CH4,Step30_Model1_EQC_CH4,,,,,,,,,60.24,,,,,,,,,,,,35.25,,,19.35,,,,53.78,,48.36,,,,,,65.45,,,,,,,,,,,,,,,,,,,,,,,,,,,,
L017W11,L017,11,Step1_Model2_EQC_CH2,Step2_Model1_EQB_CH3,Step3_Model1_EQA_CH2,Step4_Model1_EQA_CH4,Step5_Model2_EQA_CH4,Step6_Model3_EQB_CH4,Step7_Model1_EQB_CH3,Step8_Model3_EQA_CH1,Step9_Model3_EQA_CH4,Step10_Model3_EQA_CH4,Step11_Model2_EQA_CH4,Step12_Model2_EQA_CH4,Step13_Model1_EQC_CH3,Step14_Model3_EQC_CH1,Step15_Model1_EQA_CH1,Step16_Model1_EQB_CH1,Step17_Model2_EQA_CH4,Step18_Model3_EQC_CH4,Step19_Model3_EQA_CH1,Step20_Model3_EQA_CH1,Step21_Model2_EQC_CH4,Step22_Model2_EQC_CH4,Step23_Model1_EQA_CH2,Step24_Model1_EQA_CH2,Step25_Model3_EQB_CH2,Step26_Model1_EQC_CH1,Step27_Model2_EQA_CH3,Step28_Model2_EQA_CH4,Step29_Model2_EQB_CH2,Step30_Model1_EQC_CH3,,,,,,55.06,63.96,,,,52.25,,,,,,,41.66,,,,,,,42.02,,,,,,,,,,,,,59.5,62.03,,,,,61.51,,,,36.27,,,,8,,,,,17,,,,,,,
L017W12,L017,12,Step1_Model2_EQC_CH4,Step2_Model1_EQB_CH3,Step3_Model1_EQA_CH1,Step4_Model1_EQA_CH1,Step5_Model2_EQA_CH1,Step6_Model3_EQB_CH2,Step7_Model1_EQB_CH4,Step8_Model3_EQA_CH1,Step9_Model3_EQA_CH2,Step10_Model3_EQA_CH2,Step11_Model2_EQA_CH2,Step12_Model2_EQA_CH2,Step13_Model1_EQC_CH1,Step14_Model3_EQC_CH2,Step15_Model1_EQA_CH1,Step16_Model1_EQB_CH1,Step17_Model2_EQA_CH2,Step18_Model3_EQC_CH1,Step19_Model3_EQA_CH4,Step20_Model3_EQA_CH4,Step21_Model2_EQC_CH3,Step22_Model2_EQC_CH4,Step23_Model1_EQA_CH1,Step24_Model1_EQA_CH1,Step25_Model3_EQB_CH4,Step26_Model1_EQC_CH2,Step27_Model2_EQA_CH2,Step28_Model2_EQA_CH1,Step29_Model2_EQB_CH2,Step30_Model1_EQC_CH3,,,,,,58.92,,,,,,,,35.76,,,,36.46,,,,,,,,,32.21,61.29,,,,,,,,,56.73,,,,,60.39,,,,,,,,,,,,,,,,,,,,,,
L017W13,L017,13,Step1_Model2_EQC_CH3,Step2_Model1_EQB_CH4,Step3_Model1_EQA_CH4,Step4_Model1_EQA_CH2,Step5_Model2_EQA_CH1,Step6_Model3_EQB_CH4,Step7_Model1_EQB_CH3,Step8_Model3_EQA_CH4,Step9_Model3_EQA_CH4,Step10_Model3_EQA_CH3,Step11_Model2_EQA_CH1,Step12_Model2_EQA_CH4,Step13_Model1_EQC_CH4,Step14_Model3_EQC_CH4,Step15_Model1_EQA_CH2,Step16_Model1_EQB_CH4,Step17_Model2_EQA_CH3,Step18_Model3_EQC_CH1,Step19_Model3_EQA_CH1,Step20_Model3_EQA_CH3,Step21_Model2_EQC_CH2,Step22_Model2_EQC_CH3,Step23_Model1_EQA_CH1,Step24_Model1_EQA_CH3,Step25_Model3_EQB_CH2,Step26_Model1_EQC_CH1,Step27_Model2_EQA_CH2,Step28_Model2_EQA_CH3,Step29_Model2_EQB_CH4,Step30_Model1_EQC_CH3,,,,,37.89,,67.77,,,,,,,,,,61.1,37.61,,,,,36.39,,,,,,,,,,,,,,,,,63.66,,,,,,,,,,,,11,,,,,,,,,,,,
L017W14,L017,14,Step1_Model2_EQC_CH2,Step2_Model1_EQB_CH3,Step3_Model1_EQA_CH4,Step4_Model1_EQA_CH2,Step5_Model2_EQA_CH3,Step6_Model3_EQB_CH2,Step7_Model1_EQB_CH2,Step8_Model3_EQA_CH1,Step9_Model3_EQA_CH1,Step10_Model3_EQA_CH2,Step11_Model2_EQA_CH3,Step12_Model2_EQA_CH3,Step13_Model1_EQC_CH3,Step14_Model3_EQC_CH4,Step15_Model1_EQA_CH2,Step16_Model1_EQB_CH2,Step17_Model2_EQA_CH4,Step18_Model3_EQC_CH2,Step19_Model3_EQA_CH2,Step20_Model3_EQA_CH4,Step21_Model2_EQC_CH1,Step22_Model2_EQC_CH2,Step23_Model1_EQA_CH4,Step24_Model1_EQA_CH3,Step25_Model3_EQB_CH1,Step26_Model1_EQC_CH3,Step27_Model2_EQA_CH2,Step28_Model2_EQA_CH1,Step29_Model2_EQB_CH4,Step30_Model1_EQC_CH2,,,,,,,,,,,,,,,,,,,,,,,,,,,36.38,56.44,,48.9,,,,,,,,57.74,54.27,,,,,,,,,,,,,,,,,13,,,,,,,,
L017W15,L017,15,Step1_Model2_EQC_CH4,Step2_Model1_EQB_CH1,Step3_Model1_EQA_CH3,Step4_Model1_EQA_CH2,Step5_Model2_EQA_CH2,Step6_Model3_EQB_CH4,Step7_Model1_EQB_CH1,Step8_Model3_EQA_CH4,Step9_Model3_EQA_CH1,Step10_Model3_EQA_CH2,Step11_Model2_EQA_CH1,Step12_Model2_EQA_CH2,Step13_Model1_EQC_CH1,Step14_Model3_EQC_CH3,Step15_Model1_EQA_CH1,Step16_Model1_EQB_CH3,Step17_Model2_EQA_CH1,Step18_Model3_EQC_CH1,Step19_Model3_EQA_CH4,Step20_Model3_EQA_CH4,Step21_Model2_EQC_CH2,Step22_Model2_EQC_CH4,Step23_Model1_EQA_CH1,Step24_Model1_EQA_CH4,Step25_Model3_EQB_CH1,Step26_Model1_EQC_CH3,Step27_Model2_EQA_CH1,Step28_Model2_EQA_CH2,Step29_Model2_EQB_CH3,Step30_Model1_EQC_CH2,,,,45.25,,,61.45,,63.22,,,,,,33.05,,66.54,28.1,,,,,,,,,,,57.46,,,,,,,,,,,,,,,,,,49.61,,,,,,,,,,,,,,,,,
L017W16,L017,16,Step1_Model2_EQC_CH2,Step2_Model1_EQB_CH2,Step3_Model1_EQA_CH4,Step4_Model1_EQA_CH2,Step5_Model2_EQA_CH3,Step6_Model3_EQB_CH1,Step7_Model1_EQB_CH2,Step8_Model3_EQA_CH3,Step9_Model3_EQA_CH2,Step10_Model3_EQA_CH1,Step11_Model2_EQA_CH3,Step12_Model2_EQA_CH3,Step13_Model1_EQC_CH1,Step14_Model3_EQC_CH3,Step15_Model1_EQA_CH1,Step16_Model1_EQB_CH3,Step17_Model2_EQA_CH3,Step18_Model3_EQC_CH1,Step19_Model3_EQA_CH1,Step20_Model3_EQA_CH3,Step21_Model2_EQC_CH3,Step22_Model2_EQC_CH1,Step23_Model1_EQA_CH4,Step24_Model1_EQA_CH1,Step25_Model3_EQB_CH3,Step26_Model1_EQC_CH3,Step27_Model2_EQA_CH3,Step28_Model2_EQA_CH1,Step29_Model2_EQB_CH3,Step30_Model1_EQC_CH4,37.8,,46.19,,,,,,,,,,,,,58.95,,45.84,,,,,,,,,32.19,,,,,,,,,,,,,,,,,,,,,,3,,,,,,,,,,,,,,,
L017W17,L017,17,Step1_Model2_EQC_CH2,Step2_Model1_EQB_CH4,Step3_Model1_EQA_CH1,Step4_Model1_EQA_CH3,Step5_Model2_EQA_CH1,Step6_Model3_EQB_CH2,Step7_Model1_EQB_CH1,Step8_Model3_EQA_CH3,Step9_Model3_EQA_CH2,Step10_Model3_EQA_CH2,Step11_Model2_EQA_CH3,Step12_Model2_EQA_CH3,Step13_Model1_EQC_CH3,Step14_Model3_EQC_CH1,Step15_Model1_EQA_CH4,Step16_Model1_EQB_CH1,Step17_Model2_EQA_CH1,Step18_Model3_EQC_CH4,Step19_Model3_EQA_CH3,Step20_Model3_EQA_CH3,Step21_Model2_EQC_CH4,Step22_Model2_EQC_CH4,Step23_Model1_EQA_CH1,Step24_Model1_EQA_CH2,Step25_Model3_EQB_CH4,Step26_Model1_EQC_CH1,Step27_Model2_EQA_CH2,Step28_Model2_EQA_CH3,Step29_Model2_EQB_CH3,Step30_Model1_EQC_CH1,,,,40.5,,,,,,,,,,,42.17,,,,,,,,,40.47,,,,,,,,,41.95,43.85,,,,,,,,,,,,,,,10,,,,,,,,,,,,,,,
L017W18,L017,18,Step1_Model2_EQC_CH1,Step2_Model1_EQB_CH4,Step3_Model1_EQA_CH3,Step4_Model1_EQA_CH1,Step5_Model2_EQA_CH3,Step6_Model3_EQB_CH3,Step7_Model1_EQB_CH4,Step8_Model3_EQA_CH2,Step9_Model3_EQA_CH4,Step10_Model3_EQA_CH1,Step11_Model2_EQA_CH4,Step12_Model2_EQA_CH4,Step13_Model1_EQC_CH3,Step14_Model3_EQC_CH4,Step15_Model1_EQA_CH1,Step16_Model1_EQB_CH2,Step17_Model2_EQA_CH4,Step18_Model3_EQC_CH4,Step19_Model3_EQA_CH2,Step20_Model3_EQA_CH1,Step21_Model2_EQC_CH1,Step22_Model2_EQC_CH4,Step23_Model1_EQA_CH3,Step24_Model1_EQA_CH4,Step25_Model3_EQB_CH2,Step26_Model1_EQC_CH2,Step27_Model2_EQA_CH2,Step28_Model2_EQA_CH4,Step29_Model2_EQB_CH4,Step30_Model1_EQC_CH1,,,,,,,,64.2,,,,,,39.62,,,,,,,,,,,,,,,,,,,,,,,54.78,,,,,,,,64,,,,,,,8,,,,,,7,,,,,,
L017W19,L017,19,Step1_Model2_EQC_CH3,Step2_Model1_EQB_CH4,Step3_Model1_EQA_CH1,Step4_Model1_EQA_CH4,Step5_Model2_EQA_CH1,Step6_Model3_EQB_CH1,Step7_Model1_EQB_CH3,Step8_Model3_EQA_CH4,Step9_Model3_EQA_CH1,Step10_Model3_EQA_CH2,Step11_Model2_EQA_CH2,Step12_Model2_EQA_CH2,Step13_Model1_EQC_CH3,Step14_Model3_EQC_CH1,Step15_Model1_EQA_CH3,Step16_Model1_EQB_CH4,Step17_Model2_EQA_CH4,Step18_Model3_EQC_CH1,Step19_Model3_EQA_CH2,Step20_Model3_EQA_CH1,Step21_Model2_EQC_CH1,Step22_Model2_EQC_CH1,Step23_Model1_EQA_CH3,Step24_Model1_EQA_CH4,Step25_Model3_EQB_CH1,Step26_Model1_EQC_CH1,Step27_Model2_EQA_CH1,Step28_Model2_EQA_CH3,Step29_Model2_EQB_CH3,Step30_Model1_EQC_CH3,,33.49,,,,,,,,,53.74,,,31.21,46.62,,,,,,,,39.87,,,,,,,,,,,45.73,,,,,,,,,68.24,,,46.39,,,,,,,,,,,,,,,,,,
L017W20,L017,20,Step1_Model2_EQC_CH1,Step2_Model1_EQB_CH2,Step3_Model1_EQA_CH2,Step4_Model1_EQA_CH2,Step5_Model2_EQA_CH4,Step6_Model3_EQB_CH1,Step7_Model1_EQB_CH2,Step8_Model3_EQA_CH2,Step9_Model3_EQA_CH2,Step10_Model3_EQA_CH1,Step11_Model2_EQA_CH2,Step12_Model2_EQA_CH2,Step13_Model1_EQC_CH1,Step14_Model3_EQC_CH4,Step15_Model1_EQA_CH3,Step16_Model1_EQB_CH2,Step17_Model2_EQA_CH3,Step18_Model3_EQC_CH4,Step19_Model3_EQA_CH4,Step20_Model3_EQA_CH2,Step21_Model2_EQC_CH1,Step22_Model2_EQC_CH4,Step23_Model1_EQA_CH3,Step24_Model1_EQA_CH3,Step25_Model3_EQB_CH3,Step26_Model1_EQC_CH3,Step27_Model2_EQA_CH4,Step28_Model2_EQA_CH2,Step29_Model2_EQB_CH2,Step30_Model1_EQC_CH3,,,,,,,64.06,,,,54.17,,,,,,62.86,41.99,,,,,,,,,,,57.31,,,,,,,,,64.54,,46.75,,,,,,54.11,56.23,,,,,,,,,,,,,,,,,
L017W21,L017,21,Step1_Model2_EQC_CH2,Step2_Model1_EQB_CH3,Step3_Model1_EQA_CH3,Step4_Model1_EQA_CH1,Step5_Model2_EQA_CH4,Step6_Model3_EQB_CH4,Step7_Model1_EQB_CH3,Step8_Model3_EQA_CH4,Step9_Model3_EQA_CH2,Step10_Model3_EQA_CH3,Step11_Model2_EQA_CH1,Step12_Model2_EQA_CH2,Step13_Model1_EQC_CH1,Step14_Model3_EQC_CH1,Step15_Model1_EQA_CH4,Step16_Model1_EQB_CH4,Step17_Model2_EQA_CH3,Step18_Model3_EQC_CH4,Step19_Model3_EQA_CH1,Step20_Model3_EQA_CH1,Step21_Model2_EQC_CH2,Step22_Model2_EQC_CH1,Step23_Model1_EQA_CH3,Step24_Model1_EQA_CH3,Step25_Model3_EQB_CH4,Step26_Model1_EQC_CH4,Step27_Model2_EQA_CH4,Step28_Model2_EQA_CH3,Step29_Model2_EQB_CH1,Step30_Model1_EQC_CH4,,,,,45.49,,,61.63,63.33,,50.28,,,,,,,,,,,,,,,,,,,,,,,43.42,,,,,,,,53.92,,65.87,,56.17,53.14,,,,,,11,10,,,,,,,,,,
L017W22,L017,22,Step1_Model2_EQC_CH2,Step2_Model1_EQB_CH4,Step3_Model1_EQA_CH3,Step4_Model1_EQA_CH4,Step5_Model2_EQA_CH1,Step6_Model3_EQB_CH4,Step7_Model1_EQB_CH3,Step8_Model3_EQA_CH3,Step9_Model3_EQA_CH2,Step10_Model3_EQA_CH3,Step11_Model2_EQA_CH2,Step12_Model2_EQA_CH1,Step13_Model1_EQC_CH3,Step14_Model3_EQC_CH4,Step15_Model1_EQA_CH1,Step16_Model1_EQB_CH4,Step17_Model2_EQA_CH4,Step18_Model3_EQC_CH4,Step19_Model3_EQA_CH1,Step20_Model3_EQA_CH1,Step21_Model2_EQC_CH3,Step22_Model2_EQC_CH4,Step23_Model1_EQA_CH2,Step24_Model1_EQA_CH3,Step25_Model3_EQB_CH1,Step26_Model1_EQC_CH2,Step27_Model2_EQA_CH1,Step28_Model2_EQA_CH2,Step29_Model2_EQB_CH3,Step30_Model1_EQC_CH2,41.09,,40.78,,43.18,,,70.99,,,,38.43,,,,,,,,,,,,,,,35.95,,,,,,,,,,,,,,,,,,,,,39.41,,,7,,,,,,,,,,,,,
L017W23,L017,23,Step1_Model2_EQC_CH3,Step2_Model1_EQB_CH1,Step3_Model1_EQA_CH2,Step4_Model1_EQA_CH4,Step5_Model2_EQA_CH4,Step6_Model3_EQB_CH1,Step7_Model1_EQB_CH2,Step8_Model3_EQA_CH4,Step9_Model3_EQA_CH3,Step10_Model3_EQA_CH2,Step11_Model2_EQA_CH2,Step12_Model2_EQA_CH4,Step13_Model1_EQC_CH3,Step14_Model3_EQC_CH3,Step15_Model1_EQA_CH3,Step16_Model1_EQB_CH2,Step17_Model2_EQA_CH1,Step18_Model3_EQC_CH2,Step19_Model3_EQA_CH2,Step20_Model3_EQA_CH4,Step21_Model2_EQC_CH1,Step22_Model2_EQC_CH3,Step23_Model1_EQA_CH4,Step24_Model1_EQA_CH2,Step25_Model3_EQB_CH1,Step26_Model1_EQC_CH3,Step27_Model2_EQA_CH3,Step28_Model2_EQA_CH2,Step29_Model2_EQB_CH3,Step30_Model1_EQC_CH3,,,48.5,,,49.87,,,,,,,,,,,61.8,,,,,,,30.32,,,,,,,,,,,,,61.18,,,,,,,,,,49.58,,,,,,,,,,,12,,,,,,
L017W24,L017,24,Step1_Model2_EQC_CH1,Step2_Model1_EQB_CH4,Step3_Model1_EQA_CH1,Step4_Model1_EQA_CH4,Step5_Model2_EQA_CH4,Step6_Model3_EQB_CH4,Step7_Model1_EQB_CH3,Step8_Model3_EQA_CH1,Step9_Model3_EQA_CH3,Step10_Model3_EQA_CH2,Step11_Model2_EQA_CH1,Step12_Model2_EQA_CH4,Step13_Model1_EQC_CH3,Step14_Model3_EQC_CH3,Step15_Model1_EQA_CH1,Step16_Model1_EQB_CH1,Step17_Model2_EQA_CH4,Step18_Model3_EQC_CH4,Step19_Model3_EQA_CH2,Step20_Model3_EQA_CH4,Step21_Model2_EQC_CH3,Step22_Model2_EQC_CH2,Step23_Model1_EQA_CH2,Step24_Model1_EQA_CH2,Step25_Model3_EQB_CH1,Step26_Model1_EQC_CH4,Step27_Model2_EQA_CH2,Step28_Model2_EQA_CH1,Step29_Model2_EQB_CH1,Step30_Model1_EQC_CH2,,,,,42.96,,63.94,,,,,,,,,,,,,43.32,,,,39.19,,,,,,,,,,,,,59.12,,,,,52.73,,,,50.09,,,,,,,,,,,,,,,,,,
L017W25,L017,25,Step1_Model2_EQC_CH2,Step2_Model1_EQB_CH3,Step3_Model1_EQA_CH2,Step4_Model1_EQA_CH3,Step5_Model2_EQA_CH2,Step6_Model3_EQB_CH2,Step7_Model1_EQB_CH4,Step8_Model3_EQA_CH2,Step9_Model3_EQA_CH2,Step10_Model3_EQA_CH3,Step11_Model2_EQA_CH3,Step12_Model2_EQA_CH4,Step13_Model1_EQC_CH2,Step14_Model3_EQC_CH2,Step15_Model1_EQA_CH3,Step16_Model1_EQB_CH1,Step17_Model2_EQA_CH1,Step18_Model3_EQC_CH1,Step19_Model3_EQA_CH3,Step20_Model3_EQA_CH3,Step21_Model2_EQC_CH1,Step22_Model2_EQC_CH1,Step23_Model1_EQA_CH2,Step24_Model1_EQA_CH3,Step25_Model3_EQB_CH3,Step26_Model1_EQC_CH1,Step27_Model2_EQA_CH1,Step28_Model2_EQA_CH4,Step29_Model2_EQB_CH3,Step30_Model1_EQC_CH4,,36.46,,,,48.3,,,,,,43.02,,,,,,,,,,,,,,,34.17,55.2,61.84,,,,38.71,,43.44,60.92,,,,,,,,,56.53,,,,,,,,,,,,11,,,,,,,
L018W01,L018,1,Step1_Model2_EQA_CH3,Step2_Model3_EQC_CH3,Step3_Model2_EQB_CH3,Step4_Model1_EQA_CH2,Step5_Model1_EQC_CH1,Step6_Model1_EQC_CH1,Step7_Model1_EQB_CH1,Step8_Model2_EQC_CH2,Step9_Model2_EQC_CH2,Step10_Model3_EQB_CH4,Step11_Model3_EQB_CH3,Step12_Model1_EQA_CH3,Step13_Model2_EQB_CH1,Step14_Model2_EQB_CH2,Step15_Model1_EQC_CH2,Step16_Model3_EQA_CH1,Step17_Model3_EQA_CH1,Step18_Model3_EQB_CH4,Step19_Model2_EQB_CH3,Step20_Model1_EQA_CH3,Step21_Model3_EQC_CH3,Step22_Model3_EQA_CH4,Step23_Model3_EQB_CH1,Step24_Model3_EQB_CH1,Step25_Model1_EQB_CH3,Step26_Model2_EQB_CH3,Step27_Model1_EQA_CH4,Step28_Model1_EQA_CH2,Step29_Model3_EQA_CH2,Step30_Model2_EQA_CH3,40.79,,,,,,,,60.01,,,,,43.13,,58.47,,,,,,,,37.04,,,,,,,,,,,,,,,,,38.87,,,,,51.83,,,,,,,,4,,,,,,,,,,
L018W02,L018,2,Step1_Model2_EQA_CH4,Step2_Model3_EQC_CH3,Step3_Model2_EQB_CH2,Step4_Model1_EQA_CH3,Step5_Model1_EQC_CH2,Step6_Model1_EQC_CH2,Step7_Model1_EQB_CH2,Step8_Model2_EQC_CH1,Step9_Model2_EQC_CH1,Step10_Model3_EQB_CH3,Step11_Model3_EQB_CH2,Step12_Model1_EQA_CH1,Step13_Model2_EQB_CH3,Step14_Model2_EQB_CH3,Step15_Model1_EQC_CH3,Step16_Model3_EQA_CH3,Step17_Model3_EQA_CH3,Step18_Model3_EQB_CH4,Step19_Model2_EQB_CH2,Step20_Model1_EQA_CH3,Step21_Model3_EQC_CH4,Step22_Model3_EQA_CH2,Step23_Model3_EQB_CH1,Step24_Model3_EQB_CH3,Step25_Model1_EQB_CH4,Step26_Model2_EQB_CH1,Step27_Model1_EQA_CH4,Step28_Model1_EQA_CH2,Step29_Model3_EQA_CH2,Step30_Model2_EQA_CH1,,,,,,,,,,,,,,,,,,,,47.49,,,,,,60.93,,,,,,43.05,,,43.34,52.46,,,,61.79,,,,44.36,,,,,,,,,,,,,,13,,,,,,
L018W03,L018,3,Step1_Model2_EQA_CH4,Step2_Model3_EQC_CH3,Step3_Model2_EQB_CH3,Step4_Model1_EQA_CH1,Step5_Model1_EQC_CH1,Step6_Model1_EQC_CH1,Step7_Model1_EQB_CH4,Step8_Model2_EQC_CH3,Step9_Model2_EQC_CH3,Step10_Model3_EQB_CH3,Step11_Model3_EQB_CH1,Step12_Model1_EQA_CH3,Step13_Model2_EQB_CH2,Step14_Model2_EQB_CH1,Step15_Model1_EQC_CH3,Step16_Model3_EQA_CH4,Step17_Model3_EQA_CH1,Step18_Model3_EQB_CH2,Step19_Model2_EQB_CH2,Step20_Model1_EQA_CH4,Step21_Model3_EQC_CH4,Step22_Model3_EQA_CH1,Step23_Model3_EQB_CH1,Step24_Model3_EQB_CH2,Step25_Model1_EQB_CH4,Step26_Model2_EQB_CH1,Step27_Model1_EQA_CH2,Step28_Model1_EQA_CH4,Step29_Model3_EQA_CH2,Step30_Model2_EQA_CH3,,,,,,,,,,,,,,,,,,,,,,,,28.47,,,,,,,,,,,,,,,,,30.11,,,,,,,,,,,,,,,,,,,,,,,
L018W04,L018,4,Step1_Model2_EQA_CH4,Step2_Model3_EQC_CH1,Step3_Model2_EQB_CH1,Step4_Model1_EQA_CH3,Step5_Model1_EQC_CH4,Step6_Model1_EQC_CH2,Step7_Model1_EQB_CH1,Step8_Model2_EQC_CH3,Step9_Model2_EQC_CH3,Step10_Model3_EQB_CH4,Step11_Model3_EQB_CH4,Step12_Model1_EQA_CH1,Step13_Model2_EQB_CH3,Step14_Model2_EQB_CH2,Step15_Model1_EQC_CH3,Step16_Model3_EQA_CH2,Step17_Model3_EQA_CH2,Step18_Model3_EQB_CH1,Step19_Model2_EQB_CH3,Step20_Model1_EQA_CH2,Step21_Model3_EQC_CH4,Step22_Model3_EQA_CH2,Step23_Model3_EQB_CH4,Step24_Model3_EQB_CH4,Step25_Model1_EQB_CH3,Step26_Model2_EQB_CH4,Step27_Model1_EQA_CH2,Step28_Model1_EQA_CH4,Step29_Model3_EQA_CH3,Step30_Model2_EQA_CH1,38.62,,,48.63,,,,,,,,,,,,,,,,,42.68,,,,,,,,,45,,,,,,,,,,,,,,,59.35,,,,,,,,,,,,,,,,,,,
L018W05,L018,5,Step1_Model2_EQA_CH2,Step2_Model3_EQC_CH2,Step3_Model2_EQB_CH3,Step4_Model1_EQA_CH3,Step5_Model1_EQC_CH3,Step6_Model1_EQC_CH3,Step7_Model1_EQB_CH2,Step8_Model2_EQC_CH1,Step9_Model2_EQC_CH4,Step10_Model3_EQB_CH4,Step11_Model3_EQB_CH1,Step12_Model1_EQA_CH1,Step13_Model2_EQB_CH1,Step14_Model2_EQB_CH3,Step15_Model1_EQC_CH2,Step16_Model3_EQA_CH2,Step17_Model3_EQA_CH2,Step18_Model3_EQB_CH3,Step19_Model2_EQB_CH2,Step20_Model1_EQA_CH3,Step21_Model3_EQC_CH2,Step22_Model3_EQA_CH1,Step23_Model3_EQB_CH4,Step24_Model3_EQB_CH4,Step25_Model1_EQB_CH3,Step26_Model2_EQB_CH2,Step27_Model1_EQA_CH4,Step28_Model1_EQA_CH1,Step29_Model3_EQA_CH1,Step30_Model2_EQA_CH1,,37.35,43.65,,,,,,,,,,42.17,,,,,46.72,,,,,,44.95,,,38.56,,,,,,,,,,,,,,,,,,,,,,,,10,,,,,,,,,,,,,
L018W06,L018,6,Step1_Model2_EQA_CH3,Step2_Model3_EQC_CH3,Step3_Model2_EQB_CH2,Step4_Model1_EQA_CH1,Step5_Model1_EQC_CH2,Step6_Model1_EQC_CH2,Step7_Model1_EQB_CH1,Step8_Model2_EQC_CH2,Step9_Model2_EQC_CH4,Step10_Model3_EQB_CH3,Step11_Model3_EQB_CH2,Step12_Model1_EQA_CH1,Step13_Model2_EQB_CH3,Step14_Model2_EQB_CH3,Step15_Model1_EQC_CH2,Step16_Model3_EQA_CH4,Step17_Model3_EQA_CH2,Step18_Model3_EQB_CH4,Step19_Model2_EQB_CH3,Step20_Model1_EQA_CH2,Step21_Model3_EQC_CH1,Step22_Model3_EQA_CH2,Step23_Model3_EQB_CH4,Step24_Model3_EQB_CH4,Step25_Model1_EQB_CH2,Step26_Model2_EQB_CH4,Step27_Model1_EQA_CH3,Step28_Model1_EQA_CH2,Step29_Model3_EQA_CH4,Step30_Model2_EQA_CH2,,,,,,,,62.15,,,,,,,,,,,,,,37.05,,,,,36.41,,59.47,58.55,,45.02,,,,65.09,,66.72,,,,,,,,,,,,,,,,,,,,,,,,,,
L018W07,L018,7,Step1_Model2_EQA_CH2,Step2_Model3_EQC_CH1,Step3_Model2_EQB_CH2,Step4_Model1_EQA_CH1,Step5_Model1_EQC_CH4,Step6_Model1_EQC_CH1,Step7_Model1_EQB_CH1,Step8_Model2_EQC_CH1,Step9_Model2_EQC_CH3,Step10_Model3_EQB_CH1,Step11_Model3_EQB_CH2,Step12_Model1_EQA_CH1,Step13_Model2_EQB_CH2,Step14_Model2_EQB_CH1,Step15_Model1_EQC_CH3,Step16_Model3_EQA_CH4,Step17_Model3_EQA_CH1,Step18_Model3_EQB_CH1,Step19_Model2_EQB_CH3,Step20_Model1_EQA_CH1,Step21_Model3_EQC_CH2,Step22_Model3_EQA_CH1,Step23_Model3_EQB_CH1,Step24_Model3_EQB_CH4,Step25_Model1_EQB_CH4,Step26_Model2_EQB_CH1,Step27_Model1_EQA_CH3,Step28_Model1_EQA_CH4,Step29_Model3_EQA_CH1,Step30_Model2_EQA_CH4,,,,,,49.65,,,,62.81,,,,,,58.33,58.75,,,,,,,36.21,,,,,,,59.89,,,,,,,61.28,65.03,,,55.49,,,,,,40.11,,,,8,,,,,,,,,,,,
L018W08,L018,8,Step1_Model2_EQA_CH1,Step2_Model3_EQC_CH4,Step3_Model2_EQB_CH4,Step4_Model1_EQA_CH2,Step5_Model1_EQC_CH1,Step6_Model1_EQC_CH1,Step7_Model1_EQB_CH1,Step8_Model2_EQC_CH1,Step9_Model2_EQC_CH4,Step10_Model3_EQB_CH2,Step11_Model3_EQB_CH2,Step12_Model1_EQA_CH3,Step13_Model2_EQB_CH1,Step14_Model2_EQB_CH3,Step15_Model1_EQC_CH4,Step16_Model3_EQA_CH3,Step17_Model3_EQA_CH1,Step18_Model3_EQB_CH2,Step19_Model2_EQB_CH2,Step20_Model1_EQA_CH1,Step21_Model3_EQC_CH4,Step22_Model3_EQA_CH1,Step23_Model3_EQB_CH4,Step24_Model3_EQB_CH2,Step25_Model1_EQB_CH4,Step26_Model2_EQB_CH1,Step27_Model1_EQA_CH1,Step28_Model1_EQA_CH1,Step29_Model3_EQA_CH4,Step30_Model2_EQA_CH4,,,,,,,,,,66.08,47.82,,,,,,62.47,,47.2,,,,,,,,,,61.31,,,,,,38.13,,,,,57.63,,,,,,,,,,,,,,,,,,,,,,,,
L018W09,L018,9,Step1_Model2_EQA_CH4,Step2_Model3_EQC_CH2,Step3_Model2_EQB_CH3,Step4_Model1_EQA_CH3,Step5_Model1_EQC_CH1,Step6_Model1_EQC_CH2,Step7_Model1_EQB_CH4,Step8_Model2_EQC_CH1,Step9_Model2_EQC_CH2,Step10_Model3_EQB_CH1,Step11_Model3_EQB_CH2,Step12_Model1_EQA_CH2,Step13_Model2_EQB_CH3,Step14_Model2_EQB_CH1,Step15_Model1_EQC_CH4,Step16_Model3_EQA_CH3,Step17_Model3_EQA_CH3,Step18_Model3_EQB_CH4,Step19_Model2_EQB_CH2,Step20_Model1_EQA_CH4,Step21_Model3_EQC_CH1,Step22_Model3_EQA_CH4,Step23_Model3_EQB_CH2,Step24_Model3_EQB_CH4,Step25_Model1_EQB_CH2,Step26_Model2_EQB_CH2,Step27_Model1_EQA_CH1,Step28_Model1_EQA_CH4,Step29_Model3_EQA_CH4,Step30_Model2_EQA_CH1,,,46.41,,,,,,,71.04,,,,,,,,,,,56,,48.02,,,,,,49.92,46.49,,,,44.75,,,,,,,,,,,,,,39.86,,,,,,,,,,,,,,,,
L018W10,L018,10,Step1_Model2_EQA_CH2,Step2_Model3_EQC_CH4,Step3_Model2_EQB_CH1,Step4_Model1_EQA_CH2,Step5_Model1_EQC_CH1,Step6_Model1_EQC_CH4,Step7_Model1_EQB_CH1,Step8_Model2_EQC_CH3,Step9_Model2_EQC_CH2,Step10_Model3_EQB_CH3,Step11_Model3_EQB_CH3,Step12_Model1_EQA_CH2,Step13_Model2_EQB_CH2,Step14_Model2_EQB_CH1,Step15_Model1_EQC_CH2,Step16_Model3_EQA_CH3,Step17_Model3_EQA_CH3,Step18_Model3_EQB_CH4,Step19_Model2_EQB_CH2,Step20_Model1_EQA_CH3,Step21_Model3_EQC_CH4,Step22_Model3_EQA_CH4,Step23_Model3_EQB_CH1,Step24_Model3_EQB_CH3,Step25_Model1_EQB_CH1,Step26_Model2_EQB_CH3,Step27_Model1_EQA_CH1,Step28_Model1_EQA_CH1,Step29_Model3_EQA_CH2,Step30_Model2_EQA_CH1,,,,,38.57,52.83,,,,,,,,35.05,,,,,,,,,,,,,,,,,,,,,,,,,57.36,,,,,,,57.86,,,,,,,,,13,,,,,,,,,
L018W11,L018,11,Step1_Model2_EQA_CH2,Step2_Model3_EQC_CH4,Step3_Model2_EQB_CH3,Step4_Model1_EQA_CH4,Step5_Model1_EQC_CH3,Step6_Model1_EQC_CH4,Step7_Model1_EQB_CH3,Step8_Model2_EQC_CH1,Step9_Model2_EQC_CH3,Step10_Model3_EQB_CH3,Step11_Model3_EQB_CH4,Step12_Model1_EQA_CH4,Step13_Model2_EQB_CH4,Step14_Model2_EQB_CH2,Step15_Model1_EQC_CH2,Step16_Model3_EQA_CH3,Step17_Model3_EQA_CH3,Step18_Model3_EQB_CH1,Step19_Model2_EQB_CH1,Step20_Model1_EQA_CH3,Step21_Model3_EQC_CH2,Step22_Model3_EQA_CH3,Step23_Model3_EQB_CH1,Step24_Model3_EQB_CH2,Step25_Model1_EQB_CH2,Step26_Model2_EQB_CH1,Step27_Model1_EQA_CH3,Step28_Model1_EQA_CH4,Step29_Model3_EQA_CH3,Step30_Model2_EQA_CH3,,,,,,,,,,,51.18,,,,,,,,,43.11,,,36.43,,,,,,,,,44.57,,,,,,,,,36.35,,,,,,,,,,,,,,,,,,,,,,,
L018W12,L018,12,Step1_Model2_EQA_CH1,Step2_Model3_EQC_CH2,Step3_Model2_EQB_CH1,Step4_Model1_EQA_CH3,Step5_Model1_EQC_CH4,Step6_Model1_EQC_CH4,Step7_Model1_EQB_CH4,Step8_Model2_EQC_CH1,Step9_Model2_EQC_CH2,Step10_Model3_EQB_CH1,Step11_Model3_EQB_CH4,Step12_Model1_EQA_CH3,Step13_Model2_EQB_CH2,Step14_Model2_EQB_CH1,Step15_Model1_EQC_CH1,Step16_Model3_EQA_CH2,Step17_Model3_EQA_CH2,Step18_Model3_EQB_CH3,Step19_Model2_EQB_CH2,Step20_Model1_EQA_CH3,Step21_Model3_EQC_CH4,Step22_Model3_EQA_CH4,Step23_Model3_EQB_CH1,Step24_Model3_EQB_CH4,Step25_Model1_EQB_CH4,Step26_Model2_EQB_CH3,Step27_Model1_EQA_CH1,Step28_Model1_EQA_CH2,Step29_Model3_EQA_CH1,Step30_Model2_EQA_CH4,,36,,,,,62.39,,,63.41,,,,,,,61.26,,,45.56,,,,,,,,,,,,,,46.68,,55.16,,,,64.2,42.09,,,,,,51.19,,,,9,,15,,,,,,,,,,,
L018W13,L018,13,Step1_Model2_EQA_CH2,Step2_Model3_EQC_CH1,Step3_Model2_EQB_CH1,Step4_Model1_EQA_CH1,Step5_Model1_EQC_CH1,Step6_Model1_EQC_CH3,Step7_Model1_EQB_CH1,Step8_Model2_EQC_CH4,Step9_Model2_EQC_CH4,Step10_Model3_EQB_CH3,Step11_Model3_EQB_CH2,Step12_Model1_EQA_CH2,Step13_Model2_EQB_CH4,Step14_Model2_EQB_CH4,Step15_Model1_EQC_CH3,Step16_Model3_EQA_CH2,Step17_Model3_EQA_CH2,Step18_Model3_EQB_CH1,Step19_Model2_EQB_CH1,Step20_Model1_EQA_CH1,Step21_Model3_EQC_CH3,Step22_Model3_EQA_CH4,Step23_Model3_EQB_CH3,Step24_Model3_EQB_CH2,Step25_Model1_EQB_CH4,Step26_Model2_EQB_CH1,Step27_Model1_EQA_CH3,Step28_Model1_EQA_CH3,Step29_Model3_EQA_CH1,Step30_Model2_EQA_CH3,,,,,,,,64.17,67.72,,,,,,43.83,61.11,57.93,,28.1,43.01,,,,,,58.84,,,,,,45.87,,,,,,,,,,,,,,,,,,,,,,,,,,,,,,,,
L018W14,L018,14,Step1_Model2_EQA_CH1,Step2_Model3_EQC_CH2,Step3_Model2_EQB_CH4,Step4_Model1_EQA_CH2,Step5_Model1_EQC_CH2,Step6_Model1_EQC_CH1,Step7_Model1_EQB_CH3,Step8_Model2_EQC_CH2,Step9_Model2_EQC_CH2,Step10_Model3_EQB_CH2,Step11_Model3_EQB_CH3,Step12_Model1_EQA_CH3,Step13_Model2_EQB_CH1,Step14_Model2_EQB_CH2,Step15_Model1_EQC_CH4,Step16_Model3_EQA_CH3,Step17_Model3_EQA_CH1,Step18_Model3_EQB_CH2,Step19_Model2_EQB_CH4,Step20_Model1_EQA_CH3,Step21_Model3_EQC_CH4,Step22_Model3_EQA_CH3,Step23_Model3_EQB_CH1,Step24_Model3_EQB_CH4,Step25_Model1_EQB_CH2,Step26_Model2_EQB_CH2,Step27_Model1_EQA_CH3,Step28_Model1_EQA_CH2,Step29_Model3_EQA_CH4,Step30_Model2_EQA_CH1,,,,,,,64.96,,,,59.05,34.14,,,,,,,,43.48,,40.04,,,,,,,,,,,,,,,,62.11,,,,,,,60.31,51.6,,,,,,,9,,,,,,,,,,,
L018W15,L018,15,Step1_Model2_EQA_CH3,Step2_Model3_EQC_CH4,Step3_Model2_EQB_CH3,Step4_Model1_EQA_CH1,Step5_Model1_EQC_CH3,Step6_Model1_EQC_CH2,Step7_Model1_EQB_CH2,Step8_Model2_EQC_CH3,Step9_Model2_EQC_CH1,Step10_Model3_EQB_CH1,Step11_Model3_EQB_CH2,Step12_Model1_EQA_CH1,Step13_Model2_EQB_CH3,Step14_Model2_EQB_CH4,Step15_Model1_EQC_CH3,Step16_Model3_EQA_CH2,Step17_Model3_EQA_CH2,Step18_Model3_EQB_CH2,Step19_Model2_EQB_CH1,Step20_Model1_EQA_CH3,Step21_Model3_EQC_CH4,Step22_Model3_EQA_CH3,Step23_Model3_EQB_CH4,Step24_Model3_EQB_CH3,Step25_Model1_EQB_CH2,Step26_Model2_EQB_CH4,Step27_Model1_EQA_CH3,Step28_Model1_EQA_CH1,Step29_Model3_EQA_CH1,Step30_Model2_EQA_CH3,,,,,,,67.54,,,,,33.67,,41.76,,,,45.34,,,,,,,,,,,,,,,,,,,,,,,,,,,,,,,,,,,,,,,,,,,,,,
L018W16,L018,16,Step1_Model2_EQA_CH2,Step2_Model3_EQC_CH4,Step3_Model2_EQB_CH3,Step4_Model1_EQA_CH1,Step5_Model1_EQC_CH4,Step6_Model1_EQC_CH1,Step7_Model1_EQB_CH1,Step8_Model2_EQC_CH3,Step9_Model2_EQC_CH1,Step10_Model3_EQB_CH4,Step11_Model3_EQB_CH2,Step12_Model1_EQA_CH3,Step13_Model2_EQB_CH4,Step14_Model2_EQB_CH3,Step15_Model1_EQC_CH1,Step16_Model3_EQA_CH1,Step17_Model3_EQA_CH4,Step18_Model3_EQB_CH4,Step19_Model2_EQB_CH2,Step20_Model1_EQA_CH4,Step21_Model3_EQC_CH4,Step22_Model3_EQA_CH3,Step23_Model3_EQB_CH1,Step24_Model3_EQB_CH4,Step25_Model1_EQB_CH2,Step26_Model2_EQB_CH4,Step27_Model1_EQA_CH1,Step28_Model1_EQA_CH4,Step29_Model3_EQA_CH3,Step30_Model2_EQA_CH1,,,,44.17,,53.02,,,,,,,,,,,,,,,,36.44,,,,,,,,,,,,,,,,,,,,,,,75.01,,,,,,,,,,,,20,,,,,,,
L018W17,L018,17,Step1_Model2_EQA_CH4,Step2_Model3_EQC_CH3,Step3_Model2_EQB_CH1,Step4_Model1_EQA_CH4,Step5_Model1_EQC_CH3,Step6_Model1_EQC_CH2,Step7_Model1_EQB_CH3,Step8_Model2_EQC_CH2,Step9_Model2_EQC_CH4,Step10_Model3_EQB_CH3,Step11_Model3_EQB_CH2,Step12_Model1_EQA_CH1,Step13_Model2_EQB_CH3,Step14_Model2_EQB_CH4,Step15_Model1_EQC_CH1,Step16_Model3_EQA_CH2,Step17_Model3_EQA_CH3,Step18_Model3_EQB_CH3,Step19_Model2_EQB_CH4,Step20_Model1_EQA_CH1,Step21_Model3_EQC_CH3,Step22_Model3_EQA_CH3,Step23_Model3_EQB_CH1,Step24_Model3_EQB_CH3,Step25_Model1_EQB_CH1,Step26_Model2_EQB_CH1,Step27_Model1_EQA_CH1,Step28_Model1_EQA_CH4,Step29_Model3_EQA_CH1,Step30_Model2_EQA_CH1,,,,,,44.09,,,,,,,,,49.59,,,,,,,41.79,,,32.19,,,,,47.78,,,,,,,,,58.74,,33.48,,,,,,66.44,,,,,,,,,,,,,,,,,
L018W18,L018,18,Step1_Model2_EQA_CH2,Step2_Model3_EQC_CH2,Step3_Model2_EQB_CH4,Step4_Model1_EQA_CH1,Step5_Model1_EQC_CH2,Step6_Model1_EQC_CH2,Step7_Model1_EQB_CH3,Step8_Model2_EQC_CH1,Step9_Model2_EQC_CH2,Step10_Model3_EQB_CH4,Step11_Model3_EQB_CH3,Step12_Model1_EQA_CH3,Step13_Model2_EQB_CH1,Step14_Model2_EQB_CH1,Step15_Model1_EQC_CH3,Step16_Model3_EQA_CH4,Step17_Model3_EQA_CH1,Step18_Model3_EQB_CH1,Step19_Model2_EQB_CH3,Step20_Model1_EQA_CH3,Step21_Model3_EQC_CH1,Step22_Model3_EQA_CH2,Step23_Model3_EQB_CH1,Step24_Model3_EQB_CH2,Step25_Model1_EQB_CH3,Step26_Model2_EQB_CH2,Step27_Model1_EQA_CH4,Step28_Model1_EQA_CH3,Step29_Model3_EQA_CH1,Step30_Model2_EQA_CH1,40.52,,,,43.47,,,,,,,,43.9,,,,,41.39,,,42.68,,,45.97,,61.25,,,,,,,,,,,,,65.33,,,,,,,,55.51,,,,,,,,,,,,,,,,,
L018W19,L018,19,Step1_Model2_EQA_CH3,Step2_Model3_EQC_CH3,Step3_Model2_EQB_CH4,Step4_Model1_EQA_CH3,Step5_Model1_EQC_CH1,Step6_Model1_EQC_CH4,Step7_Model1_EQB_CH1,Step8_Model2_EQC_CH2,Step9_Model2_EQC_CH3,Step10_Model3_EQB_CH2,Step11_Model3_EQB_CH1,Step12_Model1_EQA_CH2,Step13_Model2_EQB_CH2,Step14_Model2_EQB_CH1,Step15_Model1_EQC_CH1,Step16_Model3_EQA_CH3,Step17_Model3_EQA_CH2,Step18_Model3_EQB_CH4,Step19_Model2_EQB_CH4,Step20_Model1_EQA_CH1,Step21_Model3_EQC_CH1,Step22_Model3_EQA_CH2,Step23_Model3_EQB_CH1,Step24_Model3_EQB_CH4,Step25_Model1_EQB_CH3,Step26_Model2_EQB_CH3,Step27_Model1_EQA_CH2,Step28_Model1_EQA_CH3,Step29_Model3_EQA_CH1,Step30_Model2_EQA_CH1,,,,,,,,,,,,,,,,,,,,,44.16,,,,,,,,,,,45.52,,,,,,,60.34,,,,,,,54.98,,,7,,,,9,,,,,,,,,,,
L018W20,L018,20,Step1_Model2_EQA_CH1,Step2_Model3_EQC_CH1,Step3_Model2_EQB_CH2,Step4_Model1_EQA_CH3,Step5_Model1_EQC_CH4,Step6_Model1_EQC_CH3,Step7_Model1_EQB_CH1,Step8_Model2_EQC_CH4,Step9_Model2_EQC_CH2,Step10_Model3_EQB_CH1,Step11_Model3_EQB_CH1,Step12_Model1_EQA_CH4,Step13_Model2_EQB_CH2,Step14_Model2_EQB_CH4,Step15_Model1_EQC_CH2,Step16_Model3_EQA_CH1,Step17_Model3_EQA_CH3,Step18_Model3_EQB_CH1,Step19_Model2_EQB_CH3,Step20_Model1_EQA_CH3,Step21_Model3_EQC_CH2,Step22_Model3_EQA_CH4,Step23_Model3_EQB_CH2,Step24_Model3_EQB_CH1,Step25_Model1_EQB_CH4,Step26_Model2_EQB_CH3,Step27_Model1_EQA_CH3,Step28_Model1_EQA_CH1,Step29_Model3_EQA_CH4,Step30_Model2_EQA_CH1,,,,37,,,,,,,,,,,,,,,,,,,,32.71,,,,,,,,,,,,,,,,,,,,,,53.95,,,,10,,,,,,,8,,,,,,,
L018W21,L018,21,Step1_Model2_EQA_CH1,Step2_Model3_EQC_CH2,Step3_Model2_EQB_CH1,Step4_Model1_EQA_CH4,Step5_Model1_EQC_CH1,Step6_Model1_EQC_CH4,Step7_Model1_EQB_CH3,Step8_Model2_EQC_CH1,Step9_Model2_EQC_CH4,Step10_Model3_EQB_CH3,Step11_Model3_EQB_CH4,Step12_Model1_EQA_CH3,Step13_Model2_EQB_CH2,Step14_Model2_EQB_CH1,Step15_Model1_EQC_CH1,Step16_Model3_EQA_CH3,Step17_Model3_EQA_CH2,Step18_Model3_EQB_CH4,Step19_Model2_EQB_CH2,Step20_Model1_EQA_CH4,Step21_Model3_EQC_CH4,Step22_Model3_EQA_CH1,Step23_Model3_EQB_CH3,Step24_Model3_EQB_CH1,Step25_Model1_EQB_CH1,Step26_Model2_EQB_CH1,Step27_Model1_EQA_CH4,Step28_Model1_EQA_CH1,Step29_Model3_EQA_CH4,Step30_Model2_EQA_CH3,,,,,,,,,,,,,,,,,,,,,,,44.89,,,,,65.01,,,,,,,46.11,,,,,,,,63.7,,62.9,45.74,,37.14,,,5,7,,,,,,,,,,,,
L018W22,L018,22,Step1_Model2_EQA_CH4,Step2_Model3_EQC_CH4,Step3_Model2_EQB_CH2,Step4_Model1_EQA_CH1,Step5_Model1_EQC_CH1,Step6_Model1_EQC_CH1,Step7_Model1_EQB_CH1,Step8_Model2_EQC_CH2,Step9_Model2_EQC_CH2,Step10_Model3_EQB_CH2,Step11_Model3_EQB_CH2,Step12_Model1_EQA_CH1,Step13_Model2_EQB_CH4,Step14_Model2_EQB_CH3,Step15_Model1_EQC_CH2,Step16_Model3_EQA_CH4,Step17_Model3_EQA_CH2,Step18_Model3_EQB_CH1,Step19_Model2_EQB_CH1,Step20_Model1_EQA_CH4,Step21_Model3_EQC_CH4,Step22_Model3_EQA_CH4,Step23_Model3_EQB_CH1,Step24_Model3_EQB_CH1,Step25_Model1_EQB_CH3,Step26_Model2_EQB_CH4,Step27_Model1_EQA_CH3,Step28_Model1_EQA_CH2,Step29_Model3_EQA_CH3,Step30_Model2_EQA_CH2,,40.63,,45.96,,,,,65.48,,,,,,45.81,,,,,,,,,,,,,55.43,,,,,,,,,,,,,38.08,,,,,,,,,,,,11,,,,,,,,,,,
L018W23,L018,23,Step1_Model2_EQA_CH2,Step2_Model3_EQC_CH3,Step3_Model2_EQB_CH4,Step4_Model1_EQA_CH2,Step5_Model1_EQC_CH4,Step6_Model1_EQC_CH1,Step7_Model1_EQB_CH2,Step8_Model2_EQC_CH1,Step9_Model2_EQC_CH3,Step10_Model3_EQB_CH4,Step11_Model3_EQB_CH3,Step12_Model1_EQA_CH2,Step13_Model2_EQB_CH1,Step14_Model2_EQB_CH2,Step15_Model1_EQC_CH3,Step16_Model3_EQA_CH4,Step17_Model3_EQA_CH4,Step18_Model3_EQB_CH2,Step19_Model2_EQB_CH2,Step20_Model1_EQA_CH1,Step21_Model3_EQC_CH3,Step22_Model3_EQA_CH2,Step23_Model3_EQB_CH1,Step24_Model3_EQB_CH2,Step25_Model1_EQB_CH4,Step26_Model2_EQB_CH1,Step27_Model1_EQA_CH1,Step28_Model1_EQA_CH2,Step29_Model3_EQA_CH3,Step30_Model2_EQA_CH4,,,48.19,,,,63.8,,,,,,,35.82,46.73,,,,,41.35,40.16,,,,,58.68,,,,,,,,,,,,,,,,,,,54.39,,,,,,11,,,,,,,,,,,,,
L018W24,L018,24,Step1_Model2_EQA_CH3,Step2_Model3_EQC_CH1,Step3_Model2_EQB_CH3,Step4_Model1_EQA_CH1,Step5_Model1_EQC_CH3,Step6_Model1_EQC_CH2,Step7_Model1_EQB_CH3,Step8_Model2_EQC_CH1,Step9_Model2_EQC_CH4,Step10_Model3_EQB_CH4,Step11_Model3_EQB_CH4,Step12_Model1_EQA_CH1,Step13_Model2_EQB_CH3,Step14_Model2_EQB_CH4,Step15_Model1_EQC_CH4,Step16_Model3_EQA_CH4,Step17_Model3_EQA_CH2,Step18_Model3_EQB_CH1,Step19_Model2_EQB_CH1,Step20_Model1_EQA_CH1,Step21_Model3_EQC_CH1,Step22_Model3_EQA_CH1,Step23_Model3_EQB_CH2,Step24_Model3_EQB_CH3,Step25_Model1_EQB_CH2,Step26_Model2_EQB_CH4,Step27_Model1_EQA_CH2,Step28_Model1_EQA_CH1,Step29_Model3_EQA_CH2,Step30_Model2_EQA_CH1,,40.02,,41.02,,,,,,58.81,,,,36.89,,,,41.15,,,,,,,,,,,,,,44.54,,,,,62.74,,,,,,,,,,,,,,,,,,,,,,,,,,,
L018W25,L018,25,Step1_Model2_EQA_CH2,Step2_Model3_EQC_CH1,Step3_Model2_EQB_CH4,Step4_Model1_EQA_CH1,Step5_Model1_EQC_CH2,Step6_Model1_EQC_CH4,Step7_Model1_EQB_CH2,Step8_Model2_EQC_CH4,Step9_Model2_EQC_CH3,Step10_Model3_EQB_CH3,Step11_Model3_EQB_CH3,Step12_Model1_EQA_CH2,Step13_Model2_EQB_CH2,Step14_Model2_EQB_CH4,Step15_Model1_EQC_CH4,Step16_Model3_EQA_CH4,Step17_Model3_EQA_CH4,Step18_Model3_EQB_CH1,Step19_Model2_EQB_CH3,Step20_Model1_EQA_CH1,Step21_Model3_EQC_CH1,Step22_Model3_EQA_CH1,Step23_Model3_EQB_CH1,Step24_Model3_EQB_CH3,Step25_Model1_EQB_CH1,Step26_Model2_EQB_CH4,Step27_Model1_EQA_CH2,Step28_Model1_EQA_CH4,Step29_Model3_EQA_CH2,Step30_Model2_EQA_CH4,,,,,,,,61.9,,63.47,,33.58,,,48.9,,,,,,,,,,35.51,,,,,,,,,40.63,,,,59.9,,,,,,,,,,35.2,,,,,,11,,,,,,,,,,
L019W01,L019,1,Step1_Model2_EQC_CH3,Step2_Model1_EQC_CH1,Step3_Model1_EQC_CH3,Step4_Model3_EQA_CH2,Step5_Model3_EQA_CH1,Step6_Model2_EQB_CH1,Step7_Model2_EQC_CH3,Step8_Model2_EQA_CH4,Step9_Model2_EQB_CH3,Step10_Model3_EQA_CH4,Step11_Model3_EQC_CH3,Step12_Model1_EQC_CH2,Step13_Model1_EQB_CH1,Step14_Model1_EQA_CH3,Step15_Model1_EQC_CH2,Step16_Model1_EQA_CH3,Step17_Model1_EQB_CH1,Step18_Model1_EQC_CH3,Step19_Model1_EQA_CH4,Step20_Model2_EQA_CH1,Step21_Model3_EQA_CH4,Step22_Model3_EQB_CH2,Step23_Model1_EQB_CH2,Step24_Model1_EQC_CH3,Step25_Model2_EQA_CH4,Step26_Model3_EQB_CH4,Step27_Model1_EQB_CH1,Step28_Model1_EQC_CH4,Step29_Model3_EQB_CH4,Step30_Model2_EQA_CH1,,,,,,,67.3,,63.24,,,,,,,,,,,,,45.21,45.02,,45.26,,,,,50.93,,,,,,,,,,,,,,,,,,,,13,,,,,,,,,,,,,,
L019W02,L019,2,Step1_Model2_EQC_CH1,Step2_Model1_EQC_CH4,Step3_Model1_EQC_CH3,Step4_Model3_EQA_CH1,Step5_Model3_EQA_CH1,Step6_Model2_EQB_CH4,Step7_Model2_EQC_CH4,Step8_Model2_EQA_CH1,Step9_Model2_EQB_CH4,Step10_Model3_EQA_CH1,Step11_Model3_EQC_CH3,Step12_Model1_EQC_CH3,Step13_Model1_EQB_CH1,Step14_Model1_EQA_CH1,Step15_Model1_EQC_CH2,Step16_Model1_EQA_CH2,Step17_Model1_EQB_CH4,Step18_Model1_EQC_CH4,Step19_Model1_EQA_CH1,Step20_Model2_EQA_CH1,Step21_Model3_EQA_CH2,Step22_Model3_EQB_CH2,Step23_Model1_EQB_CH1,Step24_Model1_EQC_CH3,Step25_Model2_EQA_CH3,Step26_Model3_EQB_CH4,Step27_Model1_EQB_CH1,Step28_Model1_EQC_CH1,Step29_Model3_EQB_CH4,Step30_Model2_EQA_CH2,,,,,,,,62.56,,,,42.61,,,,,,,,,,,,,,,,,56.68,,,,,,,,,,,,,,,,,,,,,,,,,,,,,,,,,,,
L019W03,L019,3,Step1_Model2_EQC_CH2,Step2_Model1_EQC_CH3,Step3_Model1_EQC_CH1,Step4_Model3_EQA_CH2,Step5_Model3_EQA_CH3,Step6_Model2_EQB_CH3,Step7_Model2_EQC_CH3,Step8_Model2_EQA_CH2,Step9_Model2_EQB_CH2,Step10_Model3_EQA_CH1,Step11_Model3_EQC_CH1,Step12_Model1_EQC_CH3,Step13_Model1_EQB_CH3,Step14_Model1_EQA_CH2,Step15_Model1_EQC_CH2,Step16_Model1_EQA_CH1,Step17_Model1_EQB_CH1,Step18_Model1_EQC_CH4,Step19_Model1_EQA_CH1,Step20_Model2_EQA_CH2,Step21_Model3_EQA_CH3,Step22_Model3_EQB_CH4,Step23_Model1_EQB_CH1,Step24_Model1_EQC_CH1,Step25_Model2_EQA_CH2,Step26_Model3_EQB_CH4,Step27_Model1_EQB_CH1,Step28_Model1_EQC_CH3,Step29_Model3_EQB_CH2,Step30_Model2_EQA_CH4,,,,,,,65.73,,,,,,,,48.75,,,42.63,45.94,,,,,,,,,,,,,,,,,,,,,,22.25,,,,,,,,,,,,,,,,,,,,,,,
L019W04,L019,4,Step1_Model2_EQC_CH1,Step2_Model1_EQC_CH1,Step3_Model1_EQC_CH4,Step4_Model3_EQA_CH2,Step5_Model3_EQA_CH4,Step6_Model2_EQB_CH4,Step7_Model2_EQC_CH2,Step8_Model2_EQA_CH1,Step9_Model2_EQB_CH3,Step10_Model3_EQA_CH2,Step11_Model3_EQC_CH3,Step12_Model1_EQC_CH1,Step13_Model1_EQB_CH4,Step14_Model1_EQA_CH3,Step15_Model1_EQC_CH1,Step16_Model1_EQA_CH1,Step17_Model1_EQB_CH4,Step18_Model1_EQC_CH4,Step19_Model1_EQA_CH1,Step20_Model2_EQA_CH1,Step21_Model3_EQA_CH3,Step22_Model3_EQB_CH1,Step23_Model1_EQB_CH1,Step24_Model1_EQC_CH3,Step25_Model2_EQA_CH2,Step26_Model3_EQB_CH3,Step27_Model1_EQB_CH3,Step28_Model1_EQC_CH4,Step29_Model3_EQB_CH3,Step30_Model2_EQA_CH1,,,,,,,,,,,,33.8,,41.98,48.07,,,,,,,,,,,,,,,,,,,,,,,,,,,,,,,,,,,,,,,,,,8,,,,,,,
L019W05,L019,5,Step1_Model2_EQC_CH1,Step2_Model1_EQC_CH1,Step3_Model1_EQC_CH2,Step4_Model3_EQA_CH1,Step5_Model3_EQA_CH2,Step6_Model2_EQB_CH1,Step7_Model2_EQC_CH3,Step8_Model2_EQA_CH4,Step9_Model2_EQB_CH1,Step10_Model3_EQA_CH2,Step11_Model3_EQC_CH2,Step12_Model1_EQC_CH4,Step13_Model1_EQB_CH1,Step14_Model1_EQA_CH3,Step15_Model1_EQC_CH1,Step16_Model1_EQA_CH1,Step17_Model1_EQB_CH4,Step18_Model1_EQC_CH1,Step19_Model1_EQA_CH3,Step20_Model2_EQA_CH2,Step21_Model3_EQA_CH4,Step22_Model3_EQB_CH3,Step23_Model1_EQB_CH2,Step24_Model1_EQC_CH4,Step25_Model2_EQA_CH4,Step26_Model3_EQB_CH2,Step27_Model1_EQB_CH2,Step28_Model1_EQC_CH3,Step29_Model3_EQB_CH1,Step30_Model2_EQA_CH1,33.57,,,,43.41,,,,,,,,,,,,,,,,38.22,,,,,,,,,,65.55,,,44.02,,,,54.6,,,,,,,,,47.53,,,,,,,,,,,12,,,,,,
L019W06,L019,6,Step1_Model2_EQC_CH1,Step2_Model1_EQC_CH1,Step3_Model1_EQC_CH1,Step4_Model3_EQA_CH3,Step5_Model3_EQA_CH4,Step6_Model2_EQB_CH3,Step7_Model2_EQC_CH3,Step8_Model2_EQA_CH3,Step9_Model2_EQB_CH4,Step10_Model3_EQA_CH3,Step11_Model3_EQC_CH3,Step12_Model1_EQC_CH4,Step13_Model1_EQB_CH3,Step14_Model1_EQA_CH1,Step15_Model1_EQC_CH2,Step16_Model1_EQA_CH3,Step17_Model1_EQB_CH2,Step18_Model1_EQC_CH3,Step19_Model1_EQA_CH3,Step20_Model2_EQA_CH1,Step21_Model3_EQA_CH4,Step22_Model3_EQB_CH2,Step23_Model1_EQB_CH4,Step24_Model1_EQC_CH1,Step25_Model2_EQA_CH1,Step26_Model3_EQB_CH2,Step27_Model1_EQB_CH4,Step28_Model1_EQC_CH1,Step29_Model3_EQB_CH3,Step30_Model2_EQA_CH3,,,39.67,,,,,,,,,,,,,,,,45.35,,,,,,,,,,,,,,,44.52,,,,,,,,,60.38,,,,,41.1,,,,,,,,,,,,,,,,
L019W07,L019,7,Step1_Model2_EQC_CH3,Step2_Model1_EQC_CH4,Step3_Model1_EQC_CH3,Step4_Model3_EQA_CH3,Step5_Model3_EQA_CH1,Step6_Model2_EQB_CH1,Step7_Model2_EQC_CH3,Step8_Model2_EQA_CH3,Step9_Model2_EQB_CH1,Step10_Model3_EQA_CH2,Step11_Model3_EQC_CH4,Step12_Model1_EQC_CH4,Step13_Model1_EQB_CH1,Step14_Model1_EQA_CH4,Step15_Model1_EQC_CH1,Step16_Model1_EQA_CH1,Step17_Model1_EQB_CH1,Step18_Model1_EQC_CH1,Step19_Model1_EQA_CH2,Step20_Model2_EQA_CH3,Step21_Model3_EQA_CH3,Step22_Model3_EQB_CH2,Step23_Model1_EQB_CH4,Step24_Model1_EQC_CH4,Step25_Model2_EQA_CH3,Step26_Model3_EQB_CH4,Step27_Model1_EQB_CH3,Step28_Model1_EQC_CH3,Step29_Model3_EQB_CH2,Step30_Model2_EQA_CH4,,,,,,,,,,,,,,,,,,,,,,,36.02,,,,,,,,,,,,,57.21,57.97,61.36,,,,51.4,,,,,,,7,,,,,,,,,,,,,,,
L019W08,L019,8,Step1_Model2_EQC_CH2,Step2_Model1_EQC_CH3,Step3_Model1_EQC_CH3,Step4_Model3_EQA_CH3,Step5_Model3_EQA_CH1,Step6_Model2_EQB_CH1,Step7_Model2_EQC_CH1,Step8_Model2_EQA_CH2,Step9_Model2_EQB_CH3,Step10_Model3_EQA_CH4,Step11_Model3_EQC_CH2,Step12_Model1_EQC_CH2,Step13_Model1_EQB_CH2,Step14_Model1_EQA_CH4,Step15_Model1_EQC_CH3,Step16_Model1_EQA_CH1,Step17_Model1_EQB_CH3,Step18_Model1_EQC_CH3,Step19_Model1_EQA_CH2,Step20_Model2_EQA_CH2,Step21_Model3_EQA_CH2,Step22_Model3_EQB_CH1,Step23_Model1_EQB_CH1,Step24_Model1_EQC_CH1,Step25_Model2_EQA_CH3,Step26_Model3_EQB_CH2,Step27_Model1_EQB_CH4,Step28_Model1_EQC_CH3,Step29_Model3_EQB_CH1,Step30_Model2_EQA_CH4,,,,47.34,,52.12,,,,,,,,,,,,,,,,,,45.05,,,,,,,,,,,,,60.45,,,,,,,,,,,,11,,,,,,,,,,,,,,,
L019W09,L019,9,Step1_Model2_EQC_CH4,Step2_Model1_EQC_CH2,Step3_Model1_EQC_CH4,Step4_Model3_EQA_CH1,Step5_Model3_EQA_CH2,Step6_Model2_EQB_CH4,Step7_Model2_EQC_CH2,Step8_Model2_EQA_CH4,Step9_Model2_EQB_CH3,Step10_Model3_EQA_CH3,Step11_Model3_EQC_CH1,Step12_Model1_EQC_CH3,Step13_Model1_EQB_CH3,Step14_Model1_EQA_CH3,Step15_Model1_EQC_CH4,Step16_Model1_EQA_CH4,Step17_Model1_EQB_CH2,Step18_Model1_EQC_CH4,Step19_Model1_EQA_CH3,Step20_Model2_EQA_CH4,Step21_Model3_EQA_CH1,Step22_Model3_EQB_CH2,Step23_Model1_EQB_CH2,Step24_Model1_EQC_CH4,Step25_Model2_EQA_CH3,Step26_Model3_EQB_CH2,Step27_Model1_EQB_CH1,Step28_Model1_EQC_CH1,Step29_Model3_EQB_CH2,Step30_Model2_EQA_CH3,,33.35,,,,,,60.29,,,,,,47.21,39.25,60.61,,,,,,,41.23,,,,,,,,,,,,41.26,62.22,,,,,40.41,,,61.62,,,,,,,,,,,,,7,,,,,,,
L019W10,L019,10,Step1_Model2_EQC_CH3,Step2_Model1_EQC_CH4,Step3_Model1_EQC_CH4,Step4_Model3_EQA_CH2,Step5_Model3_EQA_CH4,Step6_Model2_EQB_CH4,Step7_Model2_EQC_CH4,Step8_Model2_EQA_CH1,Step9_Model2_EQB_CH4,Step10_Model3_EQA_CH2,Step11_Model3_EQC_CH3,Step12_Model1_EQC_CH4,Step13_Model1_EQB_CH3,Step14_Model1_EQA_CH4,Step15_Model1_EQC_CH2,Step16_Model1_EQA_CH1,Step17_Model1_EQB_CH2,Step18_Model1_EQC_CH1,Step19_Model1_EQA_CH4,Step20_Model2_EQA_CH4,Step21_Model3_EQA_CH1,Step22_Model3_EQB_CH2,Step23_Model1_EQB_CH2,Step24_Model1_EQC_CH1,Step25_Model2_EQA_CH4,Step26_Model3_EQB_CH1,Step27_Model1_EQB_CH4,Step28_Model1_EQC_CH1,Step29_Model3_EQB_CH4,Step30_Model2_EQA_CH1,,,,,,,,,,,,,,,,,,,,,,,,,,,,,,,,,,,,,,,,64.03,,,,,,,,36.16,,12,,,,15,10,,,,,,,,,
L019W11,L019,11,Step1_Model2_EQC_CH3,Step2_Model1_EQC_CH4,Step3_Model1_EQC_CH2,Step4_Model3_EQA_CH1,Step5_Model3_EQA_CH2,Step6_Model2_EQB_CH1,Step7_Model2_EQC_CH2,Step8_Model2_EQA_CH2,Step9_Model2_EQB_CH1,Step10_Model3_EQA_CH1,Step11_Model3_EQC_CH2,Step12_Model1_EQC_CH2,Step13_Model1_EQB_CH2,Step14_Model1_EQA_CH4,Step15_Model1_EQC_CH4,Step16_Model1_EQA_CH3,Step17_Model1_EQB_CH4,Step18_Model1_EQC_CH4,Step19_Model1_EQA_CH1,Step20_Model2_EQA_CH3,Step21_Model3_EQA_CH3,Step22_Model3_EQB_CH4,Step23_Model1_EQB_CH1,Step24_Model1_EQC_CH1,Step25_Model2_EQA_CH3,Step26_Model3_EQB_CH1,Step27_Model1_EQB_CH2,Step28_Model1_EQC_CH4,Step29_Model3_EQB_CH2,Step30_Model2_EQA_CH3,,,,43.86,,,,,,,,,,,,,,,,,,,,41.95,,,,,57.44,,61.97,40.99,,,,,,,60.26,,,,,,,,,,,,,,,,,,,,,,,,,
L019W12,L019,12,Step1_Model2_EQC_CH3,Step2_Model1_EQC_CH1,Step3_Model1_EQC_CH1,Step4_Model3_EQA_CH3,Step5_Model3_EQA_CH3,Step6_Model2_EQB_CH2,Step7_Model2_EQC_CH2,Step8_Model2_EQA_CH1,Step9_Model2_EQB_CH2,Step10_Model3_EQA_CH1,Step11_Model3_EQC_CH1,Step12_Model1_EQC_CH4,Step13_Model1_EQB_CH1,Step14_Model1_EQA_CH2,Step15_Model1_EQC_CH3,Step16_Model1_EQA_CH3,Step17_Model1_EQB_CH2,Step18_Model1_EQC_CH3,Step19_Model1_EQA_CH1,Step20_Model2_EQA_CH3,Step21_Model3_EQA_CH2,Step22_Model3_EQB_CH3,Step23_Model1_EQB_CH1,Step24_Model1_EQC_CH1,Step25_Model2_EQA_CH2,Step26_Model3_EQB_CH2,Step27_Model1_EQB_CH2,Step28_Model1_EQC_CH4,Step29_Model3_EQB_CH4,Step30_Model2_EQA_CH1,,38.69,46.67,,,46.66,,,,,,,,,,,74,,,45.14,41.48,,,,,,,,,,,,,47.88,,,61.53,,,,,,,,,,,31.76,,,,,,,,,,,,,,,,
L019W13,L019,13,Step1_Model2_EQC_CH4,Step2_Model1_EQC_CH4,Step3_Model1_EQC_CH3,Step4_Model3_EQA_CH4,Step5_Model3_EQA_CH3,Step6_Model2_EQB_CH2,Step7_Model2_EQC_CH3,Step8_Model2_EQA_CH3,Step9_Model2_EQB_CH2,Step10_Model3_EQA_CH2,Step11_Model3_EQC_CH1,Step12_Model1_EQC_CH1,Step13_Model1_EQB_CH1,Step14_Model1_EQA_CH1,Step15_Model1_EQC_CH3,Step16_Model1_EQA_CH3,Step17_Model1_EQB_CH1,Step18_Model1_EQC_CH4,Step19_Model1_EQA_CH1,Step20_Model2_EQA_CH4,Step21_Model3_EQA_CH2,Step22_Model3_EQB_CH3,Step23_Model1_EQB_CH3,Step24_Model1_EQC_CH4,Step25_Model2_EQA_CH1,Step26_Model3_EQB_CH3,Step27_Model1_EQB_CH4,Step28_Model1_EQC_CH2,Step29_Model3_EQB_CH2,Step30_Model2_EQA_CH3,,,,,45.28,53.43,,,,,55.44,,,34.63,,,59.38,,45.05,,42.32,,,,,,,,,,,,,,41.93,,,,,,,,,,,,60.74,34.27,,,,,,,,,,,,,,,,
L019W14,L019,14,Step1_Model2_EQC_CH1,Step2_Model1_EQC_CH4,Step3_Model1_EQC_CH3,Step4_Model3_EQA_CH2,Step5_Model3_EQA_CH1,Step6_Model2_EQB_CH4,Step7_Model2_EQC_CH3,Step8_Model2_EQA_CH4,Step9_Model2_EQB_CH1,Step10_Model3_EQA_CH1,Step11_Model3_EQC_CH2,Step12_Model1_EQC_CH1,Step13_Model1_EQB_CH3,Step14_Model1_EQA_CH4,Step15_Model1_EQC_CH1,Step16_Model1_EQA_CH1,Step17_Model1_EQB_CH3,Step18_Model1_EQC_CH4,Step19_Model1_EQA_CH4,Step20_Model2_EQA_CH2,Step21_Model3_EQA_CH2,Step22_Model3_EQB_CH4,Step23_Model1_EQB_CH3,Step24_Model1_EQC_CH3,Step25_Model2_EQA_CH2,Step26_Model3_EQB_CH1,Step27_Model1_EQB_CH3,Step28_Model1_EQC_CH1,Step29_Model3_EQB_CH3,Step30_Model2_EQA_CH4,,,,,,,,,,59.43,,,,,,,,,,,,,,,,,,,54.23,,,,,,,,,,,,,56.19,,,,,,,,,,,,,,,,,,,,,,
L019W15,L019,15,Step1_Model2_EQC_CH2,Step2_Model1_EQC_CH1,Step3_Model1_EQC_CH1,Step4_Model3_EQA_CH4,Step5_Model3_EQA_CH3,Step6_Model2_EQB_CH1,Step7_Model2_EQC_CH3,Step8_Model2_EQA_CH4,Step9_Model2_EQB_CH2,Step10_Model3_EQA_CH1,Step11_Model3_EQC_CH3,Step12_Model1_EQC_CH1,Step13_Model1_EQB_CH3,Step14_Model1_EQA_CH3,Step15_Model1_EQC_CH3,Step16_Model1_EQA_CH4,Step17_Model1_EQB_CH2,Step18_Model1_EQC_CH1,Step19_Model1_EQA_CH2,Step20_Model2_EQA_CH3,Step21_Model3_EQA_CH3,Step22_Model3_EQB_CH2,Step23_Model1_EQB_CH2,Step24_Model1_EQC_CH1,Step25_Model2_EQA_CH3,Step26_Model3_EQB_CH2,Step27_Model1_EQB_CH4,Step28_Model1_EQC_CH3,Step29_Model3_EQB_CH3,Step30_Model2_EQA_CH1,,,,,,,,,,66.98,,,,,,,,,,,43.03,,39.53,,,,39.52,,,45.14,,47.56,,,,57.18,,,,,,,57.65,,,,,,,,7,,,,,,,,,,,,,
L019W16,L019,16,Step1_Model2_EQC_CH4,Step2_Model1_EQC_CH1,Step3_Model1_EQC_CH4,Step4_Model3_EQA_CH1,Step5_Model3_EQA_CH4,Step6_Model2_EQB_CH4,Step7_Model2_EQC_CH4,Step8_Model2_EQA_CH2,Step9_Model2_EQB_CH3,Step10_Model3_EQA_CH4,Step11_Model3_EQC_CH2,Step12_Model1_EQC_CH2,Step13_Model1_EQB_CH1,Step14_Model1_EQA_CH3,Step15_Model1_EQC_CH3,Step16_Model1_EQA_CH1,Step17_Model1_EQB_CH3,Step18_Model1_EQC_CH1,Step19_Model1_EQA_CH2,Step20_Model2_EQA_CH2,Step21_Model3_EQA_CH4,Step22_Model3_EQB_CH1,Step23_Model1_EQB_CH2,Step24_Model1_EQC_CH2,Step25_Model2_EQA_CH1,Step26_Model3_EQB_CH2,Step27_Model1_EQB_CH3,Step28_Model1_EQC_CH2,Step29_Model3_EQB_CH1,Step30_Model2_EQA_CH3,,28.71,,47.38,42.47,,63.72,65.6,,65.98,50.32,,,,,,,,,,,,43.4,,,,,,,,,,,,,,,,,,,,,,,,,,,,,,,,,,,,,,,,,
L019W17,L019,17,Step1_Model2_EQC_CH3,Step2_Model1_EQC_CH2,Step3_Model1_EQC_CH4,Step4_Model3_EQA_CH3,Step5_Model3_EQA_CH1,Step6_Model2_EQB_CH4,Step7_Model2_EQC_CH4,Step8_Model2_EQA_CH3,Step9_Model2_EQB_CH2,Step10_Model3_EQA_CH4,Step11_Model3_EQC_CH2,Step12_Model1_EQC_CH3,Step13_Model1_EQB_CH1,Step14_Model1_EQA_CH4,Step15_Model1_EQC_CH1,Step16_Model1_EQA_CH2,Step17_Model1_EQB_CH2,Step18_Model1_EQC_CH1,Step19_Model1_EQA_CH3,Step20_Model2_EQA_CH3,Step21_Model3_EQA_CH4,Step22_Model3_EQB_CH4,Step23_Model1_EQB_CH3,Step24_Model1_EQC_CH3,Step25_Model2_EQA_CH1,Step26_Model3_EQB_CH2,Step27_Model1_EQB_CH2,Step28_Model1_EQC_CH4,Step29_Model3_EQB_CH3,Step30_Model2_EQA_CH1,42.03,,,,,,,67,64.44,64.65,,,,,,,,,,,,,41.38,,,,,67.03,,,56.85,,,,,55.5,,,,,,56.37,,,,,,,,,,,,,,,,,,,,,,
L019W18,L019,18,Step1_Model2_EQC_CH4,Step2_Model1_EQC_CH1,Step3_Model1_EQC_CH3,Step4_Model3_EQA_CH3,Step5_Model3_EQA_CH3,Step6_Model2_EQB_CH2,Step7_Model2_EQC_CH3,Step8_Model2_EQA_CH4,Step9_Model2_EQB_CH2,Step10_Model3_EQA_CH1,Step11_Model3_EQC_CH4,Step12_Model1_EQC_CH4,Step13_Model1_EQB_CH1,Step14_Model1_EQA_CH2,Step15_Model1_EQC_CH4,Step16_Model1_EQA_CH4,Step17_Model1_EQB_CH4,Step18_Model1_EQC_CH2,Step19_Model1_EQA_CH2,Step20_Model2_EQA_CH2,Step21_Model3_EQA_CH4,Step22_Model3_EQB_CH3,Step23_Model1_EQB_CH1,Step24_Model1_EQC_CH3,Step25_Model2_EQA_CH2,Step26_Model3_EQB_CH4,Step27_Model1_EQB_CH4,Step28_Model1_EQC_CH3,Step29_Model3_EQB_CH3,Step30_Model2_EQA_CH1,,27.04,,,29.25,,,,,,,,,33.51,,,,,,,,,,,,,,,,45.84,,,,,47.98,55.05,,56.45,,,,,,59.08,,,,33.84,,,,,,,,,,,,,,,,
L019W19,L019,19,Step1_Model2_EQC_CH4,Step2_Model1_EQC_CH3,Step3_Model1_EQC_CH1,Step4_Model3_EQA_CH2,Step5_Model3_EQA_CH3,Step6_Model2_EQB_CH2,Step7_Model2_EQC_CH1,Step8_Model2_EQA_CH2,Step9_Model2_EQB_CH4,Step10_Model3_EQA_CH4,Step11_Model3_EQC_CH2,Step12_Model1_EQC_CH4,Step13_Model1_EQB_CH1,Step14_Model1_EQA_CH4,Step15_Model1_EQC_CH2,Step16_Model1_EQA_CH2,Step17_Model1_EQB_CH2,Step18_Model1_EQC_CH3,Step19_Model1_EQA_CH2,Step20_Model2_EQA_CH1,Step21_Model3_EQA_CH4,Step22_Model3_EQB_CH4,Step23_Model1_EQB_CH3,Step24_Model1_EQC_CH3,Step25_Model2_EQA_CH1,Step26_Model3_EQB_CH2,Step27_Model1_EQB_CH3,Step28_Model1_EQC_CH4,Step29_Model3_EQB_CH3,Step30_Model2_EQA_CH3,,18.6,40.13,,,,,,,,,42.62,,,,,,,,,,,,,,,,59.25,56.8,,,,,,,,,,,60.52,,,57.29,,,,,,,,,,10,,,,,,,,,,,
L019W20,L019,20,Step1_Model2_EQC_CH2,Step2_Model1_EQC_CH3,Step3_Model1_EQC_CH1,Step4_Model3_EQA_CH4,Step5_Model3_EQA_CH2,Step6_Model2_EQB_CH4,Step7_Model2_EQC_CH1,Step8_Model2_EQA_CH1,Step9_Model2_EQB_CH3,Step10_Model3_EQA_CH3,Step11_Model3_EQC_CH3,Step12_Model1_EQC_CH4,Step13_Model1_EQB_CH1,Step14_Model1_EQA_CH2,Step15_Model1_EQC_CH3,Step16_Model1_EQA_CH4,Step17_Model1_EQB_CH3,Step18_Model1_EQC_CH1,Step19_Model1_EQA_CH2,Step20_Model2_EQA_CH1,Step21_Model3_EQA_CH4,Step22_Model3_EQB_CH3,Step23_Model1_EQB_CH1,Step24_Model1_EQC_CH4,Step25_Model2_EQA_CH3,Step26_Model3_EQB_CH2,Step27_Model1_EQB_CH1,Step28_Model1_EQC_CH3,Step29_Model3_EQB_CH3,Step30_Model2_EQA_CH3,,,,41.68,,,62.22,,,64.65,,,,,,,64.81,,,,39.28,,,39.15,,,,,,,,,32.45,,,,,,,,,,,,,,51.97,,,,,,,,,,,,,,,,,
L019W21,L019,21,Step1_Model2_EQC_CH3,Step2_Model1_EQC_CH1,Step3_Model1_EQC_CH3,Step4_Model3_EQA_CH4,Step5_Model3_EQA_CH1,Step6_Model2_EQB_CH3,Step7_Model2_EQC_CH1,Step8_Model2_EQA_CH4,Step9_Model2_EQB_CH4,Step10_Model3_EQA_CH1,Step11_Model3_EQC_CH3,Step12_Model1_EQC_CH3,Step13_Model1_EQB_CH4,Step14_Model1_EQA_CH3,Step15_Model1_EQC_CH4,Step16_Model1_EQA_CH3,Step17_Model1_EQB_CH4,Step18_Model1_EQC_CH2,Step19_Model1_EQA_CH3,Step20_Model2_EQA_CH3,Step21_Model3_EQA_CH3,Step22_Model3_EQB_CH1,Step23_Model1_EQB_CH3,Step24_Model1_EQC_CH1,Step25_Model2_EQA_CH1,Step26_Model3_EQB_CH4,Step27_Model1_EQB_CH1,Step28_Model1_EQC_CH1,Step29_Model3_EQB_CH2,Step30_Model2_EQA_CH3,,,,46.92,,51.58,,,,,44.42,,,,,,,,,,,,43.05,,,,,,,,,49.91,46.44,,,,55.58,,,,,,,,62.84,,,,,,,,,,,,,,,,,,,
L019W22,L019,22,Step1_Model2_EQC_CH1,Step2_Model1_EQC_CH3,Step3_Model1_EQC_CH1,Step4_Model3_EQA_CH4,Step5_Model3_EQA_CH2,Step6_Model2_EQB_CH1,Step7_Model2_EQC_CH3,Step8_Model2_EQA_CH4,Step9_Model2_EQB_CH3,Step10_Model3_EQA_CH4,Step11_Model3_EQC_CH2,Step12_Model1_EQC_CH4,Step13_Model1_EQB_CH3,Step14_Model1_EQA_CH3,Step15_Model1_EQC_CH1,Step16_Model1_EQA_CH4,Step17_Model1_EQB_CH3,Step18_Model1_EQC_CH1,Step19_Model1_EQA_CH2,Step20_Model2_EQA_CH3,Step21_Model3_EQA_CH1,Step22_Model3_EQB_CH3,Step23_Model1_EQB_CH4,Step24_Model1_EQC_CH1,Step25_Model2_EQA_CH4,Step26_Model3_EQB_CH2,Step27_Model1_EQB_CH4,Step28_Model1_EQC_CH1,Step29_Model3_EQB_CH3,Step30_Model2_EQA_CH1,,39.48,,,,,,67.31,,64.3,,44.71,,,,,,,,,,,38.64,,,56.65,26.56,,,,59.92,,,,,,,65.64,,,,,57.17,,,,,,,,,,,,,,,,,,,,,
L019W23,L019,23,Step1_Model2_EQC_CH4,Step2_Model1_EQC_CH4,Step3_Model1_EQC_CH3,Step4_Model3_EQA_CH2,Step5_Model3_EQA_CH1,Step6_Model2_EQB_CH3,Step7_Model2_EQC_CH3,Step8_Model2_EQA_CH3,Step9_Model2_EQB_CH1,Step10_Model3_EQA_CH1,Step11_Model3_EQC_CH1,Step12_Model1_EQC_CH2,Step13_Model1_EQB_CH3,Step14_Model1_EQA_CH4,Step15_Model1_EQC_CH4,Step16_Model1_EQA_CH3,Step17_Model1_EQB_CH4,Step18_Model1_EQC_CH2,Step19_Model1_EQA_CH2,Step20_Model2_EQA_CH1,Step21_Model3_EQA_CH1,Step22_Model3_EQB_CH1,Step23_Model1_EQB_CH1,Step24_Model1_EQC_CH1,Step25_Model2_EQA_CH4,Step26_Model3_EQB_CH4,Step27_Model1_EQB_CH1,Step28_Model1_EQC_CH2,Step29_Model3_EQB_CH4,Step30_Model2_EQA_CH2,,,41.11,,,51.95,,,,,,,40.03,,,,56.4,,42.4,,,,,,,,,,,45.25,,,,,46.74,,,,,,,49.1,,,,47.42,,,,,12,,,,,,,,,,,,,
L019W24,L019,24,Step1_Model2_EQC_CH2,Step2_Model1_EQC_CH3,Step3_Model1_EQC_CH3,Step4_Model3_EQA_CH1,Step5_Model3_EQA_CH2,Step6_Model2_EQB_CH4,Step7_Model2_EQC_CH3,Step8_Model2_EQA_CH3,Step9_Model2_EQB_CH2,Step10_Model3_EQA_CH3,Step11_Model3_EQC_CH3,Step12_Model1_EQC_CH4,Step13_Model1_EQB_CH2,Step14_Model1_EQA_CH3,Step15_Model1_EQC_CH2,Step16_Model1_EQA_CH3,Step17_Model1_EQB_CH4,Step18_Model1_EQC_CH2,Step19_Model1_EQA_CH3,Step20_Model2_EQA_CH4,Step21_Model3_EQA_CH3,Step22_Model3_EQB_CH2,Step23_Model1_EQB_CH3,Step24_Model1_EQC_CH2,Step25_Model2_EQA_CH2,Step26_Model3_EQB_CH3,Step27_Model1_EQB_CH4,Step28_Model1_EQC_CH1,Step29_Model3_EQB_CH4,Step30_Model2_EQA_CH4,,,,,47.7,,,,,,,40.32,,,,,,,,,,,,,,61.66,27.45,,,,,,,,,56.75,,,,58.38,,,,,,,,,,,,,,,9,,,,,,,,,
L019W25,L019,25,Step1_Model2_EQC_CH3,Step2_Model1_EQC_CH4,Step3_Model1_EQC_CH4,Step4_Model3_EQA_CH1,Step5_Model3_EQA_CH4,Step6_Model2_EQB_CH1,Step7_Model2_EQC_CH3,Step8_Model2_EQA_CH1,Step9_Model2_EQB_CH2,Step10_Model3_EQA_CH2,Step11_Model3_EQC_CH1,Step12_Model1_EQC_CH2,Step13_Model1_EQB_CH3,Step14_Model1_EQA_CH2,Step15_Model1_EQC_CH1,Step16_Model1_EQA_CH3,Step17_Model1_EQB_CH2,Step18_Model1_EQC_CH3,Step19_Model1_EQA_CH1,Step20_Model2_EQA_CH2,Step21_Model3_EQA_CH3,Step22_Model3_EQB_CH3,Step23_Model1_EQB_CH2,Step24_Model1_EQC_CH3,Step25_Model2_EQA_CH3,Step26_Model3_EQB_CH1,Step27_Model1_EQB_CH1,Step28_Model1_EQC_CH1,Step29_Model3_EQB_CH1,Step30_Model2_EQA_CH1,,,42.8,,,,,,,,,,,42.48,,,,41.5,,,,33.28,,,,,37.7,59.25,,,,,,,40.78,,,,,,,,,,,,,32.47,,,,,,,,,,,,,,,,
L020W01,L020,1,Step1_Model1_EQB_CH2,Step2_Model1_EQC_CH2,Step3_Model2_EQC_CH4,Step4_Model1_EQA_CH1,Step5_Model3_EQC_CH2,Step6_Model3_EQB_CH2,Step7_Model1_EQC_CH3,Step8_Model1_EQC_CH3,Step9_Model1_EQB_CH4,Step10_Model1_EQC_CH4,Step11_Model1_EQB_CH2,Step12_Model2_EQA_CH1,Step13_Model3_EQB_CH1,Step14_Model2_EQA_CH4,Step15_Model2_EQB_CH3,Step16_Model3_EQC_CH2,Step17_Model3_EQA_CH2,Step18_Model2_EQA_CH1,Step19_Model2_EQB_CH4,Step20_Model2_EQC_CH1,Step21_Model1_EQA_CH1,Step22_Model2_EQA_CH4,Step23_Model3_EQA_CH3,Step24_Model2_EQC_CH2,Step25_Model3_EQB_CH3,Step26_Model1_EQB_CH4,Step27_Model1_EQA_CH4,Step28_Model3_EQB_CH2,Step29_Model3_EQB_CH3,Step30_Model2_EQC_CH2,,33.17,,,,,,,,,,,,,,,58.37,,,42.03,,,34.21,,,,,,,,,,,46.27,47.12,54.62,,,,,,,,,,,,28.19,,,,,,,,,,,,,,,,
L020W02,L020,2,Step1_Model1_EQB_CH1,Step2_Model1_EQC_CH1,Step3_Model2_EQC_CH1,Step4_Model1_EQA_CH3,Step5_Model3_EQC_CH1,Step6_Model3_EQB_CH2,Step7_Model1_EQC_CH3,Step8_Model1_EQC_CH2,Step9_Model1_EQB_CH4,Step10_Model1_EQC_CH3,Step11_Model1_EQB_CH2,Step12_Model2_EQA_CH2,Step13_Model3_EQB_CH3,Step14_Model2_EQA_CH4,Step15_Model2_EQB_CH3,Step16_Model3_EQC_CH1,Step17_Model3_EQA_CH1,Step18_Model2_EQA_CH4,Step19_Model2_EQB_CH2,Step20_Model2_EQC_CH2,Step21_Model1_EQA_CH2,Step22_Model2_EQA_CH3,Step23_Model3_EQA_CH3,Step24_Model2_EQC_CH4,Step25_Model3_EQB_CH1,Step26_Model1_EQB_CH2,Step27_Model1_EQA_CH1,Step28_Model3_EQB_CH3,Step29_Model3_EQB_CH3,Step30_Model2_EQC_CH3,38.67,,,,,,,,,,,,,39.77,,,63.57,,,,,,40.45,,,64.78,,,,,,,44.89,,,,,,,,,,,,,,,,,,,,,,,,,,,,,,,
L020W03,L020,3,Step1_Model1_EQB_CH1,Step2_Model1_EQC_CH4,Step3_Model2_EQC_CH4,Step4_Model1_EQA_CH3,Step5_Model3_EQC_CH2,Step6_Model3_EQB_CH1,Step7_Model1_EQC_CH3,Step8_Model1_EQC_CH1,Step9_Model1_EQB_CH1,Step10_Model1_EQC_CH4,Step11_Model1_EQB_CH3,Step12_Model2_EQA_CH4,Step13_Model3_EQB_CH3,Step14_Model2_EQA_CH1,Step15_Model2_EQB_CH4,Step16_Model3_EQC_CH1,Step17_Model3_EQA_CH3,Step18_Model2_EQA_CH2,Step19_Model2_EQB_CH4,Step20_Model2_EQC_CH4,Step21_Model1_EQA_CH1,Step22_Model2_EQA_CH1,Step23_Model3_EQA_CH2,Step24_Model2_EQC_CH4,Step25_Model3_EQB_CH3,Step26_Model1_EQB_CH3,Step27_Model1_EQA_CH4,Step28_Model3_EQB_CH4,Step29_Model3_EQB_CH4,Step30_Model2_EQC_CH2,,,41.25,,,44.95,,,66.36,,,,36.41,38.88,,,,,,,,,,,42.13,,,,,,,,32.45,,,,,,,,,,,,,,58.15,,,11,,,13,,,,,,,,,,,
L020W04,L020,4,Step1_Model1_EQB_CH3,Step2_Model1_EQC_CH3,Step3_Model2_EQC_CH1,Step4_Model1_EQA_CH1,Step5_Model3_EQC_CH4,Step6_Model3_EQB_CH1,Step7_Model1_EQC_CH2,Step8_Model1_EQC_CH3,Step9_Model1_EQB_CH3,Step10_Model1_EQC_CH1,Step11_Model1_EQB_CH4,Step12_Model2_EQA_CH1,Step13_Model3_EQB_CH4,Step14_Model2_EQA_CH2,Step15_Model2_EQB_CH3,Step16_Model3_EQC_CH2,Step17_Model3_EQA_CH3,Step18_Model2_EQA_CH2,Step19_Model2_EQB_CH1,Step20_Model2_EQC_CH2,Step21_Model1_EQA_CH2,Step22_Model2_EQA_CH1,Step23_Model3_EQA_CH3,Step24_Model2_EQC_CH3,Step25_Model3_EQB_CH1,Step26_Model1_EQB_CH2,Step27_Model1_EQA_CH2,Step28_Model3_EQB_CH2,Step29_Model3_EQB_CH4,Step30_Model2_EQC_CH3,,36.12,,,,,,,,,55.94,,,,,,,,,41.96,,44.64,,,33.2,,,,,,,,,50.05,,,,,,,,,,,56.72,,,,,,,,,,,,,,,,,,,
L020W05,L020,5,Step1_Model1_EQB_CH2,Step2_Model1_EQC_CH3,Step3_Model2_EQC_CH2,Step4_Model1_EQA_CH1,Step5_Model3_EQC_CH1,Step6_Model3_EQB_CH3,Step7_Model1_EQC_CH3,Step8_Model1_EQC_CH1,Step9_Model1_EQB_CH4,Step10_Model1_EQC_CH1,Step11_Model1_EQB_CH2,Step12_Model2_EQA_CH4,Step13_Model3_EQB_CH1,Step14_Model2_EQA_CH4,Step15_Model2_EQB_CH4,Step16_Model3_EQC_CH4,Step17_Model3_EQA_CH3,Step18_Model2_EQA_CH1,Step19_Model2_EQB_CH3,Step20_Model2_EQC_CH3,Step21_Model1_EQA_CH2,Step22_Model2_EQA_CH2,Step23_Model3_EQA_CH4,Step24_Model2_EQC_CH4,Step25_Model3_EQB_CH2,Step26_Model1_EQB_CH2,Step27_Model1_EQA_CH1,Step28_Model3_EQB_CH4,Step29_Model3_EQB_CH4,Step30_Model2_EQC_CH2,38.87,,,,47.66,,,,,,,,32.54,42.19,44.16,,,,,,,,,,,,,,,,,,46.04,,,,61.62,,,58.29,,,,,,,,,,,,,,,,,,,,,,,,
L020W06,L020,6,Step1_Model1_EQB_CH1,Step2_Model1_EQC_CH2,Step3_Model2_EQC_CH2,Step4_Model1_EQA_CH3,Step5_Model3_EQC_CH4,Step6_Model3_EQB_CH1,Step7_Model1_EQC_CH3,Step8_Model1_EQC_CH4,Step9_Model1_EQB_CH2,Step10_Model1_EQC_CH1,Step11_Model1_EQB_CH4,Step12_Model2_EQA_CH2,Step13_Model3_EQB_CH3,Step14_Model2_EQA_CH1,Step15_Model2_EQB_CH4,Step16_Model3_EQC_CH3,Step17_Model3_EQA_CH2,Step18_Model2_EQA_CH2,Step19_Model2_EQB_CH4,Step20_Model2_EQC_CH2,Step21_Model1_EQA_CH1,Step22_Model2_EQA_CH4,Step23_Model3_EQA_CH3,Step24_Model2_EQC_CH4,Step25_Model3_EQB_CH4,Step26_Model1_EQB_CH3,Step27_Model1_EQA_CH2,Step28_Model3_EQB_CH3,Step29_Model3_EQB_CH1,Step30_Model2_EQC_CH2,,,,,47.74,,,,,,,,38.47,,,,,,,,,,,,,,,,,,,,,,,61.35,57.47,,,,,,,,,,,,,,,,,,,,11,,,,,,,
L020W07,L020,7,Step1_Model1_EQB_CH4,Step2_Model1_EQC_CH2,Step3_Model2_EQC_CH2,Step4_Model1_EQA_CH1,Step5_Model3_EQC_CH2,Step6_Model3_EQB_CH2,Step7_Model1_EQC_CH2,Step8_Model1_EQC_CH4,Step9_Model1_EQB_CH2,Step10_Model1_EQC_CH3,Step11_Model1_EQB_CH2,Step12_Model2_EQA_CH1,Step13_Model3_EQB_CH2,Step14_Model2_EQA_CH2,Step15_Model2_EQB_CH4,Step16_Model3_EQC_CH3,Step17_Model3_EQA_CH2,Step18_Model2_EQA_CH3,Step19_Model2_EQB_CH1,Step20_Model2_EQC_CH4,Step21_Model1_EQA_CH3,Step22_Model2_EQA_CH4,Step23_Model3_EQA_CH2,Step24_Model2_EQC_CH1,Step25_Model3_EQB_CH4,Step26_Model1_EQB_CH2,Step27_Model1_EQA_CH3,Step28_Model3_EQB_CH1,Step29_Model3_EQB_CH1,Step30_Model2_EQC_CH3,,,,,,,,,,,,,,,,,,,,,,,,,,,,60.23,,,,48.45,,,,,,,,,,60.69,,,58.78,,,,,,,,,,,,14,,,,,,,
L020W08,L020,8,Step1_Model1_EQB_CH3,Step2_Model1_EQC_CH1,Step3_Model2_EQC_CH4,Step4_Model1_EQA_CH1,Step5_Model3_EQC_CH3,Step6_Model3_EQB_CH4,Step7_Model1_EQC_CH2,Step8_Model1_EQC_CH1,Step9_Model1_EQB_CH3,Step10_Model1_EQC_CH2,Step11_Model1_EQB_CH1,Step12_Model2_EQA_CH1,Step13_Model3_EQB_CH4,Step14_Model2_EQA_CH3,Step15_Model2_EQB_CH2,Step16_Model3_EQC_CH1,Step17_Model3_EQA_CH4,Step18_Model2_EQA_CH2,Step19_Model2_EQB_CH2,Step20_Model2_EQC_CH1,Step21_Model1_EQA_CH2,Step22_Model2_EQA_CH1,Step23_Model3_EQA_CH4,Step24_Model2_EQC_CH4,Step25_Model3_EQB_CH2,Step26_Model1_EQB_CH1,Step27_Model1_EQA_CH3,Step28_Model3_EQB_CH4,Step29_Model3_EQB_CH1,Step30_Model2_EQC_CH1,,,,,,,62.76,,,,,,37.32,,,,,,,,,,,39.53,,,,57.39,55.1,,60.66,,44.52,,,56.29,,,,,,,,61.94,58.29,58.08,,,,,,,,,,,,,,,,,,
L020W09,L020,9,Step1_Model1_EQB_CH1,Step2_Model1_EQC_CH2,Step3_Model2_EQC_CH3,Step4_Model1_EQA_CH2,Step5_Model3_EQC_CH4,Step6_Model3_EQB_CH2,Step7_Model1_EQC_CH1,Step8_Model1_EQC_CH2,Step9_Model1_EQB_CH1,Step10_Model1_EQC_CH3,Step11_Model1_EQB_CH2,Step12_Model2_EQA_CH2,Step13_Model3_EQB_CH2,Step14_Model2_EQA_CH1,Step15_Model2_EQB_CH1,Step16_Model3_EQC_CH2,Step17_Model3_EQA_CH2,Step18_Model2_EQA_CH3,Step19_Model2_EQB_CH3,Step20_Model2_EQC_CH4,Step21_Model1_EQA_CH3,Step22_Model2_EQA_CH3,Step23_Model3_EQA_CH3,Step24_Model2_EQC_CH1,Step25_Model3_EQB_CH3,Step26_Model1_EQB_CH3,Step27_Model1_EQA_CH2,Step28_Model3_EQB_CH1,Step29_Model3_EQB_CH4,Step30_Model2_EQC_CH4,,,,,,,59.77,,,,,45.65,,,,,58.84,,,,,,,,,,,,,,,,,,,58.74,,,,,,,,57.69,,,,,,,,,,,6,11,,,,,,,,
L020W10,L020,10,Step1_Model1_EQB_CH3,Step2_Model1_EQC_CH4,Step3_Model2_EQC_CH4,Step4_Model1_EQA_CH4,Step5_Model3_EQC_CH3,Step6_Model3_EQB_CH4,Step7_Model1_EQC_CH3,Step8_Model1_EQC_CH2,Step9_Model1_EQB_CH2,Step10_Model1_EQC_CH4,Step11_Model1_EQB_CH2,Step12_Model2_EQA_CH3,Step13_Model3_EQB_CH2,Step14_Model2_EQA_CH4,Step15_Model2_EQB_CH3,Step16_Model3_EQC_CH1,Step17_Model3_EQA_CH3,Step18_Model2_EQA_CH2,Step19_Model2_EQB_CH1,Step20_Model2_EQC_CH3,Step21_Model1_EQA_CH1,Step22_Model2_EQA_CH1,Step23_Model3_EQA_CH1,Step24_Model2_EQC_CH3,Step25_Model3_EQB_CH2,Step26_Model1_EQB_CH3,Step27_Model1_EQA_CH2,Step28_Model3_EQB_CH3,Step29_Model3_EQB_CH3,Step30_Model2_EQC_CH3,,,,,48.95,48.19,,,,,,,,32.28,44.81,,,,40.19,,,,,,,,,,,,,,44.25,48.53,,,,,,,22.25,,56.92,,,,,34.48,,,,,,,,,,,,,,,,
L020W11,L020,11,Step1_Model1_EQB_CH2,Step2_Model1_EQC_CH3,Step3_Model2_EQC_CH1,Step4_Model1_EQA_CH3,Step5_Model3_EQC_CH1,Step6_Model3_EQB_CH4,Step7_Model1_EQC_CH4,Step8_Model1_EQC_CH2,Step9_Model1_EQB_CH2,Step10_Model1_EQC_CH4,Step11_Model1_EQB_CH3,Step12_Model2_EQA_CH3,Step13_Model3_EQB_CH3,Step14_Model2_EQA_CH4,Step15_Model2_EQB_CH1,Step16_Model3_EQC_CH2,Step17_Model3_EQA_CH1,Step18_Model2_EQA_CH4,Step19_Model2_EQB_CH1,Step20_Model2_EQC_CH3,Step21_Model1_EQA_CH3,Step22_Model2_EQA_CH1,Step23_Model3_EQA_CH4,Step24_Model2_EQC_CH1,Step25_Model3_EQB_CH3,Step26_Model1_EQB_CH3,Step27_Model1_EQA_CH4,Step28_Model3_EQB_CH1,Step29_Model3_EQB_CH3,Step30_Model2_EQC_CH3,38.85,,,,,,,,,,,40.85,,33.83,,,,46.97,42.88,,,37.43,,,30.19,,,,,,66.1,,,,,,,,46.75,,,,,,,,,,,,,,,,,,,,,,,,,
L020W12,L020,12,Step1_Model1_EQB_CH1,Step2_Model1_EQC_CH1,Step3_Model2_EQC_CH2,Step4_Model1_EQA_CH4,Step5_Model3_EQC_CH4,Step6_Model3_EQB_CH1,Step7_Model1_EQC_CH4,Step8_Model1_EQC_CH3,Step9_Model1_EQB_CH1,Step10_Model1_EQC_CH1,Step11_Model1_EQB_CH1,Step12_Model2_EQA_CH2,Step13_Model3_EQB_CH4,Step14_Model2_EQA_CH2,Step15_Model2_EQB_CH3,Step16_Model3_EQC_CH4,Step17_Model3_EQA_CH2,Step18_Model2_EQA_CH1,Step19_Model2_EQB_CH2,Step20_Model2_EQC_CH1,Step21_Model1_EQA_CH2,Step22_Model2_EQA_CH2,Step23_Model3_EQA_CH2,Step24_Model2_EQC_CH1,Step25_Model3_EQB_CH2,Step26_Model1_EQB_CH4,Step27_Model1_EQA_CH4,Step28_Model3_EQB_CH4,Step29_Model3_EQB_CH1,Step30_Model2_EQC_CH1,45.88,,,46.5,,,63.57,,,,55.86,,,,,,,,,,39.69,,,,,,,,,,,,,,,,59.5,,,,,,,,,,,,,,,,,,,,,,,,,,,
L020W13,L020,13,Step1_Model1_EQB_CH4,Step2_Model1_EQC_CH4,Step3_Model2_EQC_CH4,Step4_Model1_EQA_CH3,Step5_Model3_EQC_CH4,Step6_Model3_EQB_CH2,Step7_Model1_EQC_CH3,Step8_Model1_EQC_CH3,Step9_Model1_EQB_CH1,Step10_Model1_EQC_CH2,Step11_Model1_EQB_CH1,Step12_Model2_EQA_CH1,Step13_Model3_EQB_CH2,Step14_Model2_EQA_CH1,Step15_Model2_EQB_CH2,Step16_Model3_EQC_CH2,Step17_Model3_EQA_CH1,Step18_Model2_EQA_CH4,Step19_Model2_EQB_CH1,Step20_Model2_EQC_CH3,Step21_Model1_EQA_CH1,Step22_Model2_EQA_CH2,Step23_Model3_EQA_CH3,Step24_Model2_EQC_CH2,Step25_Model3_EQB_CH4,Step26_Model1_EQB_CH4,Step27_Model1_EQA_CH3,Step28_Model3_EQB_CH4,Step29_Model3_EQB_CH4,Step30_Model2_EQC_CH1,,,42.99,,,,,64.15,64.39,,,,39.97,,,,,39.96,,,,,,,,60.81,,,,,,,41.98,43.02,,,,,,,,,,,,,49.02,,,,,,,,,,,,,,,,,
L020W14,L020,14,Step1_Model1_EQB_CH1,Step2_Model1_EQC_CH4,Step3_Model2_EQC_CH4,Step4_Model1_EQA_CH1,Step5_Model3_EQC_CH4,Step6_Model3_EQB_CH4,Step7_Model1_EQC_CH2,Step8_Model1_EQC_CH4,Step9_Model1_EQB_CH3,Step10_Model1_EQC_CH2,Step11_Model1_EQB_CH3,Step12_Model2_EQA_CH4,Step13_Model3_EQB_CH1,Step14_Model2_EQA_CH2,Step15_Model2_EQB_CH1,Step16_Model3_EQC_CH2,Step17_Model3_EQA_CH1,Step18_Model2_EQA_CH2,Step19_Model2_EQB_CH2,Step20_Model2_EQC_CH3,Step21_Model1_EQA_CH1,Step22_Model2_EQA_CH3,Step23_Model3_EQA_CH3,Step24_Model2_EQC_CH1,Step25_Model3_EQB_CH2,Step26_Model1_EQB_CH3,Step27_Model1_EQA_CH1,Step28_Model3_EQB_CH2,Step29_Model3_EQB_CH3,Step30_Model2_EQC_CH3,,,,,,,,59.56,,,,,,,,,,,44.35,43.5,,,41.37,,,,,,,48.25,,,,,,,,,,,,,,,55.63,,,,,,,,,,,,6,,,,,,,
L020W15,L020,15,Step1_Model1_EQB_CH3,Step2_Model1_EQC_CH2,Step3_Model2_EQC_CH3,Step4_Model1_EQA_CH2,Step5_Model3_EQC_CH4,Step6_Model3_EQB_CH3,Step7_Model1_EQC_CH4,Step8_Model1_EQC_CH1,Step9_Model1_EQB_CH3,Step10_Model1_EQC_CH1,Step11_Model1_EQB_CH1,Step12_Model2_EQA_CH1,Step13_Model3_EQB_CH4,Step14_Model2_EQA_CH2,Step15_Model2_EQB_CH4,Step16_Model3_EQC_CH4,Step17_Model3_EQA_CH1,Step18_Model2_EQA_CH3,Step19_Model2_EQB_CH2,Step20_Model2_EQC_CH1,Step21_Model1_EQA_CH2,Step22_Model2_EQA_CH4,Step23_Model3_EQA_CH2,Step24_Model2_EQC_CH2,Step25_Model3_EQB_CH3,Step26_Model1_EQB_CH1,Step27_Model1_EQA_CH2,Step28_Model3_EQB_CH2,Step29_Model3_EQB_CH4,Step30_Model2_EQC_CH4,,,39.51,,,,,,,56.79,,,39.76,,,,,,,,,38.51,,36.99,,,,,,,,,,45.86,,,,,,,,,,,,,,,,,,,,,,,,,,,,,,
L020W16,L020,16,Step1_Model1_EQB_CH2,Step2_Model1_EQC_CH1,Step3_Model2_EQC_CH2,Step4_Model1_EQA_CH2,Step5_Model3_EQC_CH3,Step6_Model3_EQB_CH1,Step7_Model1_EQC_CH3,Step8_Model1_EQC_CH1,Step9_Model1_EQB_CH1,Step10_Model1_EQC_CH1,Step11_Model1_EQB_CH3,Step12_Model2_EQA_CH3,Step13_Model3_EQB_CH3,Step14_Model2_EQA_CH4,Step15_Model2_EQB_CH3,Step16_Model3_EQC_CH4,Step17_Model3_EQA_CH4,Step18_Model2_EQA_CH4,Step19_Model2_EQB_CH2,Step20_Model2_EQC_CH2,Step21_Model1_EQA_CH2,Step22_Model2_EQA_CH4,Step23_Model3_EQA_CH4,Step24_Model2_EQC_CH1,Step25_Model3_EQB_CH4,Step26_Model1_EQB_CH2,Step27_Model1_EQA_CH4,Step28_Model3_EQB_CH4,Step29_Model3_EQB_CH1,Step30_Model2_EQC_CH4,37.79,,,,,,,,,,,,,,,,,,47.16,,,,,,,61.03,,,,,,,,,,,,,,,,,,,,56.53,,,,,,,,,,,,,,,,,,
L020W17,L020,17,Step1_Model1_EQB_CH3,Step2_Model1_EQC_CH1,Step3_Model2_EQC_CH4,Step4_Model1_EQA_CH4,Step5_Model3_EQC_CH1,Step6_Model3_EQB_CH4,Step7_Model1_EQC_CH2,Step8_Model1_EQC_CH3,Step9_Model1_EQB_CH3,Step10_Model1_EQC_CH2,Step11_Model1_EQB_CH4,Step12_Model2_EQA_CH4,Step13_Model3_EQB_CH3,Step14_Model2_EQA_CH4,Step15_Model2_EQB_CH3,Step16_Model3_EQC_CH3,Step17_Model3_EQA_CH2,Step18_Model2_EQA_CH3,Step19_Model2_EQB_CH4,Step20_Model2_EQC_CH4,Step21_Model1_EQA_CH1,Step22_Model2_EQA_CH4,Step23_Model3_EQA_CH1,Step24_Model2_EQC_CH3,Step25_Model3_EQB_CH4,Step26_Model1_EQB_CH2,Step27_Model1_EQA_CH2,Step28_Model3_EQB_CH2,Step29_Model3_EQB_CH3,Step30_Model2_EQC_CH3,,36.5,,,,54.91,,,,,53.93,,,33.22,,,,,,,,,,,,,,66.29,,,,,,,,,,,,,,,,,,,,29.9,,,,,,,,,,,,,,,,
L020W18,L020,18,Step1_Model1_EQB_CH1,Step2_Model1_EQC_CH2,Step3_Model2_EQC_CH1,Step4_Model1_EQA_CH1,Step5_Model3_EQC_CH4,Step6_Model3_EQB_CH4,Step7_Model1_EQC_CH2,Step8_Model1_EQC_CH3,Step9_Model1_EQB_CH4,Step10_Model1_EQC_CH3,Step11_Model1_EQB_CH1,Step12_Model2_EQA_CH1,Step13_Model3_EQB_CH1,Step14_Model2_EQA_CH1,Step15_Model2_EQB_CH2,Step16_Model3_EQC_CH1,Step17_Model3_EQA_CH4,Step18_Model2_EQA_CH1,Step19_Model2_EQB_CH3,Step20_Model2_EQC_CH4,Step21_Model1_EQA_CH3,Step22_Model2_EQA_CH3,Step23_Model3_EQA_CH2,Step24_Model2_EQC_CH2,Step25_Model3_EQB_CH3,Step26_Model1_EQB_CH3,Step27_Model1_EQA_CH1,Step28_Model3_EQB_CH4,Step29_Model3_EQB_CH1,Step30_Model2_EQC_CH2,,,,,42.49,,,,,66.75,,,,,,,,,50.73,,39.96,,,,,,,58.53,,,,,,,,,,,,,,,57.89,,56.93,,,,,,,,,,,,,,,,,,,
L020W19,L020,19,Step1_Model1_EQB_CH2,Step2_Model1_EQC_CH1,Step3_Model2_EQC_CH4,Step4_Model1_EQA_CH3,Step5_Model3_EQC_CH1,Step6_Model3_EQB_CH2,Step7_Model1_EQC_CH4,Step8_Model1_EQC_CH2,Step9_Model1_EQB_CH4,Step10_Model1_EQC_CH4,Step11_Model1_EQB_CH4,Step12_Model2_EQA_CH1,Step13_Model3_EQB_CH1,Step14_Model2_EQA_CH1,Step15_Model2_EQB_CH4,Step16_Model3_EQC_CH4,Step17_Model3_EQA_CH2,Step18_Model2_EQA_CH3,Step19_Model2_EQB_CH1,Step20_Model2_EQC_CH4,Step21_Model1_EQA_CH2,Step22_Model2_EQA_CH2,Step23_Model3_EQA_CH2,Step24_Model2_EQC_CH1,Step25_Model3_EQB_CH1,Step26_Model1_EQB_CH3,Step27_Model1_EQA_CH2,Step28_Model3_EQB_CH1,Step29_Model3_EQB_CH2,Step30_Model2_EQC_CH4,,,,,,,,,,,,,,,,,,39.53,42.55,46.01,,,56,,,,,,,,63.09,,,45.06,,,,,,59.14,,54.21,,,,,,,,,,,,,10,,,,,,,,,
L020W20,L020,20,Step1_Model1_EQB_CH2,Step2_Model1_EQC_CH3,Step3_Model2_EQC_CH1,Step4_Model1_EQA_CH4,Step5_Model3_EQC_CH1,Step6_Model3_EQB_CH4,Step7_Model1_EQC_CH2,Step8_Model1_EQC_CH2,Step9_Model1_EQB_CH3,Step10_Model1_EQC_CH3,Step11_Model1_EQB_CH4,Step12_Model2_EQA_CH3,Step13_Model3_EQB_CH3,Step14_Model2_EQA_CH3,Step15_Model2_EQB_CH3,Step16_Model3_EQC_CH2,Step17_Model3_EQA_CH3,Step18_Model2_EQA_CH2,Step19_Model2_EQB_CH2,Step20_Model2_EQC_CH1,Step21_Model1_EQA_CH2,Step22_Model2_EQA_CH2,Step23_Model3_EQA_CH3,Step24_Model2_EQC_CH2,Step25_Model3_EQB_CH4,Step26_Model1_EQB_CH3,Step27_Model1_EQA_CH3,Step28_Model3_EQB_CH3,Step29_Model3_EQB_CH1,Step30_Model2_EQC_CH3,,,,,,53.9,,,,,,30.59,,,47.86,,,,,,,,,,,,,58.45,,,,,,,,54.64,,,,,,,,,,,,,10,,,,,,,,,,,,,,,
L020W21,L020,21,Step1_Model1_EQB_CH2,Step2_Model1_EQC_CH4,Step3_Model2_EQC_CH3,Step4_Model1_EQA_CH3,Step5_Model3_EQC_CH4,Step6_Model3_EQB_CH3,Step7_Model1_EQC_CH1,Step8_Model1_EQC_CH2,Step9_Model1_EQB_CH4,Step10_Model1_EQC_CH4,Step11_Model1_EQB_CH1,Step12_Model2_EQA_CH2,Step13_Model3_EQB_CH1,Step14_Model2_EQA_CH2,Step15_Model2_EQB_CH1,Step16_Model3_EQC_CH3,Step17_Model3_EQA_CH1,Step18_Model2_EQA_CH4,Step19_Model2_EQB_CH4,Step20_Model2_EQC_CH4,Step21_Model1_EQA_CH1,Step22_Model2_EQA_CH4,Step23_Model3_EQA_CH4,Step24_Model2_EQC_CH3,Step25_Model3_EQB_CH3,Step26_Model1_EQB_CH2,Step27_Model1_EQA_CH2,Step28_Model3_EQB_CH2,Step29_Model3_EQB_CH1,Step30_Model2_EQC_CH2,,,,,,46.9,62.72,,62.72,,,,,,,,,,,,,,,,35.72,,,,,,,,,,,67.51,,,,60.51,,,,,,,,,,,,,,,,,,,,,,,,
L020W22,L020,22,Step1_Model1_EQB_CH1,Step2_Model1_EQC_CH1,Step3_Model2_EQC_CH2,Step4_Model1_EQA_CH2,Step5_Model3_EQC_CH1,Step6_Model3_EQB_CH3,Step7_Model1_EQC_CH4,Step8_Model1_EQC_CH4,Step9_Model1_EQB_CH4,Step10_Model1_EQC_CH3,Step11_Model1_EQB_CH1,Step12_Model2_EQA_CH2,Step13_Model3_EQB_CH1,Step14_Model2_EQA_CH1,Step15_Model2_EQB_CH2,Step16_Model3_EQC_CH3,Step17_Model3_EQA_CH4,Step18_Model2_EQA_CH4,Step19_Model2_EQB_CH1,Step20_Model2_EQC_CH3,Step21_Model1_EQA_CH4,Step22_Model2_EQA_CH3,Step23_Model3_EQA_CH2,Step24_Model2_EQC_CH1,Step25_Model3_EQB_CH1,Step26_Model1_EQB_CH3,Step27_Model1_EQA_CH4,Step28_Model3_EQB_CH3,Step29_Model3_EQB_CH2,Step30_Model2_EQC_CH4,,,50.2,,,,80.75,,,,,,,,,,,44.46,,,,,,,,,,,45.65,,,,,,,,,,,,,60.22,,,,52.33,,,,,,,,,,,,15,,,,,,
L020W23,L020,23,Step1_Model1_EQB_CH4,Step2_Model1_EQC_CH3,Step3_Model2_EQC_CH2,Step4_Model1_EQA_CH4,Step5_Model3_EQC_CH1,Step6_Model3_EQB_CH2,Step7_Model1_EQC_CH4,Step8_Model1_EQC_CH3,Step9_Model1_EQB_CH4,Step10_Model1_EQC_CH1,Step11_Model1_EQB_CH2,Step12_Model2_EQA_CH4,Step13_Model3_EQB_CH1,Step14_Model2_EQA_CH4,Step15_Model2_EQB_CH4,Step16_Model3_EQC_CH2,Step17_Model3_EQA_CH3,Step18_Model2_EQA_CH3,Step19_Model2_EQB_CH1,Step20_Model2_EQC_CH1,Step21_Model1_EQA_CH1,Step22_Model2_EQA_CH2,Step23_Model3_EQA_CH3,Step24_Model2_EQC_CH1,Step25_Model3_EQB_CH1,Step26_Model1_EQB_CH4,Step27_Model1_EQA_CH4,Step28_Model3_EQB_CH1,Step29_Model3_EQB_CH4,Step30_Model2_EQC_CH4,,,,,,47.11,,,,,,,,,40.76,,74,,,,,45.46,,,,59.1,,59.26,,,,,,,,,,,,,,59.74,61.01,55.39,66.35,56.13,52.22,,,,,,,,13,,,,,,,,,
L020W24,L020,24,Step1_Model1_EQB_CH4,Step2_Model1_EQC_CH2,Step3_Model2_EQC_CH1,Step4_Model1_EQA_CH1,Step5_Model3_EQC_CH4,Step6_Model3_EQB_CH2,Step7_Model1_EQC_CH4,Step8_Model1_EQC_CH2,Step9_Model1_EQB_CH1,Step10_Model1_EQC_CH4,Step11_Model1_EQB_CH1,Step12_Model2_EQA_CH2,Step13_Model3_EQB_CH3,Step14_Model2_EQA_CH2,Step15_Model2_EQB_CH3,Step16_Model3_EQC_CH1,Step17_Model3_EQA_CH1,Step18_Model2_EQA_CH4,Step19_Model2_EQB_CH3,Step20_Model2_EQC_CH2,Step21_Model1_EQA_CH1,Step22_Model2_EQA_CH3,Step23_Model3_EQA_CH2,Step24_Model2_EQC_CH3,Step25_Model3_EQB_CH2,Step26_Model1_EQB_CH2,Step27_Model1_EQA_CH2,Step28_Model3_EQB_CH2,Step29_Model3_EQB_CH3,Step30_Model2_EQC_CH3,,,,,,,69.95,,68.98,,,,,,,,,,,41.35,,,,55.05,,,34.2,,45.65,,,,,,,,48.13,,,,,,,56.5,,,,,,,,10,,,7,,,,,,,,,
L020W25,L020,25,Step1_Model1_EQB_CH4,Step2_Model1_EQC_CH3,Step3_Model2_EQC_CH3,Step4_Model1_EQA_CH4,Step5_Model3_EQC_CH3,Step6_Model3_EQB_CH2,Step7_Model1_EQC_CH1,Step8_Model1_EQC_CH1,Step9_Model1_EQB_CH4,Step10_Model1_EQC_CH3,Step11_Model1_EQB_CH3,Step12_Model2_EQA_CH4,Step13_Model3_EQB_CH1,Step14_Model2_EQA_CH2,Step15_Model2_EQB_CH3,Step16_Model3_EQC_CH4,Step17_Model3_EQA_CH2,Step18_Model2_EQA_CH4,Step19_Model2_EQB_CH4,Step20_Model2_EQC_CH4,Step21_Model1_EQA_CH1,Step22_Model2_EQA_CH1,Step23_Model3_EQA_CH4,Step24_Model2_EQC_CH3,Step25_Model3_EQB_CH2,Step26_Model1_EQB_CH3,Step27_Model1_EQA_CH1,Step28_Model3_EQB_CH2,Step29_Model3_EQB_CH4,Step30_Model2_EQC_CH3,,,38.8,,,51.51,,,,,,,,,,61.68,,,,,39.21,,,,34.03,,,57.89,,,,,,,58.25,,63.49,59.67,,,,55.26,,,,,,,,,,,,9,,,,,,,,,,
L021W01,L021,1,Step1_Model3_EQC_CH3,Step2_Model1_EQC_CH4,Step3_Model2_EQC_CH3,Step4_Model1_EQC_CH3,Step5_Model1_EQA_CH2,Step6_Model2_EQB_CH3,Step7_Model3_EQA_CH1,Step8_Model1_EQB_CH1,Step9_Model2_EQC_CH1,Step10_Model1_EQB_CH4,Step11_Model3_EQA_CH1,Step12_Model1_EQB_CH2,Step13_Model3_EQB_CH1,Step14_Model3_EQA_CH4,Step15_Model3_EQC_CH2,Step16_Model3_EQC_CH1,Step17_Model3_EQB_CH2,Step18_Model3_EQC_CH2,Step19_Model1_EQC_CH4,Step20_Model1_EQB_CH4,Step21_Model2_EQC_CH2,Step22_Model2_EQC_CH1,Step23_Model2_EQC_CH4,Step24_Model3_EQA_CH2,Step25_Model1_EQA_CH3,Step26_Model1_EQC_CH3,Step27_Model2_EQC_CH4,Step28_Model1_EQA_CH1,Step29_Model2_EQA_CH3,Step30_Model3_EQC_CH3,,,,,,,,,,,,,,,,,,,44.9,,,,,,,,,,56.9,41.45,60.56,,43.16,,,,,60.42,,,,58.62,,,,,,,,,,,,,,,,,,,,,,
L021W02,L021,2,Step1_Model3_EQC_CH3,Step2_Model1_EQC_CH1,Step3_Model2_EQC_CH1,Step4_Model1_EQC_CH4,Step5_Model1_EQA_CH4,Step6_Model2_EQB_CH3,Step7_Model3_EQA_CH1,Step8_Model1_EQB_CH2,Step9_Model2_EQC_CH3,Step10_Model1_EQB_CH4,Step11_Model3_EQA_CH1,Step12_Model1_EQB_CH4,Step13_Model3_EQB_CH4,Step14_Model3_EQA_CH1,Step15_Model3_EQC_CH3,Step16_Model3_EQC_CH1,Step17_Model3_EQB_CH3,Step18_Model3_EQC_CH4,Step19_Model1_EQC_CH1,Step20_Model1_EQB_CH2,Step21_Model2_EQC_CH3,Step22_Model2_EQC_CH2,Step23_Model2_EQC_CH3,Step24_Model3_EQA_CH1,Step25_Model1_EQA_CH2,Step26_Model1_EQC_CH1,Step27_Model2_EQC_CH3,Step28_Model1_EQA_CH3,Step29_Model2_EQA_CH3,Step30_Model3_EQC_CH3,,38.85,,,48.78,,,,,,,,43.73,,,,,,,49.54,37.55,,33.19,,40.45,,,,,,58.25,48.22,,,,59.91,,,,60.95,,,,,,,49.55,33.16,,,,,,,,,,,,,,,,
L021W03,L021,3,Step1_Model3_EQC_CH4,Step2_Model1_EQC_CH3,Step3_Model2_EQC_CH2,Step4_Model1_EQC_CH3,Step5_Model1_EQA_CH1,Step6_Model2_EQB_CH4,Step7_Model3_EQA_CH2,Step8_Model1_EQB_CH4,Step9_Model2_EQC_CH4,Step10_Model1_EQB_CH4,Step11_Model3_EQA_CH1,Step12_Model1_EQB_CH4,Step13_Model3_EQB_CH4,Step14_Model3_EQA_CH3,Step15_Model3_EQC_CH1,Step16_Model3_EQC_CH2,Step17_Model3_EQB_CH2,Step18_Model3_EQC_CH2,Step19_Model1_EQC_CH1,Step20_Model1_EQB_CH2,Step21_Model2_EQC_CH1,Step22_Model2_EQC_CH3,Step23_Model2_EQC_CH3,Step24_Model3_EQA_CH1,Step25_Model1_EQA_CH2,Step26_Model1_EQC_CH1,Step27_Model2_EQC_CH1,Step28_Model1_EQA_CH4,Step29_Model2_EQA_CH1,Step30_Model3_EQC_CH4,,,,,,,,47.45,67.01,,,,,,,59.25,,40.07,,50.43,,,,,34.95,,,62.97,,,,,,,,,,60.78,61.93,,36.95,58.11,61.46,,,,,,,10,,,,,,10,,,,,,,,
L021W04,L021,4,Step1_Model3_EQC_CH3,Step2_Model1_EQC_CH4,Step3_Model2_EQC_CH1,Step4_Model1_EQC_CH3,Step5_Model1_EQA_CH4,Step6_Model2_EQB_CH1,Step7_Model3_EQA_CH3,Step8_Model1_EQB_CH4,Step9_Model2_EQC_CH1,Step10_Model1_EQB_CH1,Step11_Model3_EQA_CH2,Step12_Model1_EQB_CH2,Step13_Model3_EQB_CH4,Step14_Model3_EQA_CH4,Step15_Model3_EQC_CH4,Step16_Model3_EQC_CH1,Step17_Model3_EQB_CH4,Step18_Model3_EQC_CH1,Step19_Model1_EQC_CH4,Step20_Model1_EQB_CH1,Step21_Model2_EQC_CH1,Step22_Model2_EQC_CH2,Step23_Model2_EQC_CH3,Step24_Model3_EQA_CH1,Step25_Model1_EQA_CH4,Step26_Model1_EQC_CH2,Step27_Model2_EQC_CH4,Step28_Model1_EQA_CH4,Step29_Model2_EQA_CH1,Step30_Model3_EQC_CH1,,,,44.54,43.98,,,,,62.84,,,,39.73,,,,,,,,,37.6,,,,,,51.34,,,,,,,,54.92,,,,40.32,56.09,,,,,,,,,,,,,,,,,,,,,,
L021W05,L021,5,Step1_Model3_EQC_CH3,Step2_Model1_EQC_CH1,Step3_Model2_EQC_CH1,Step4_Model1_EQC_CH3,Step5_Model1_EQA_CH4,Step6_Model2_EQB_CH3,Step7_Model3_EQA_CH3,Step8_Model1_EQB_CH3,Step9_Model2_EQC_CH2,Step10_Model1_EQB_CH4,Step11_Model3_EQA_CH2,Step12_Model1_EQB_CH2,Step13_Model3_EQB_CH1,Step14_Model3_EQA_CH3,Step15_Model3_EQC_CH3,Step16_Model3_EQC_CH2,Step17_Model3_EQB_CH1,Step18_Model3_EQC_CH1,Step19_Model1_EQC_CH1,Step20_Model1_EQB_CH4,Step21_Model2_EQC_CH2,Step22_Model2_EQC_CH4,Step23_Model2_EQC_CH1,Step24_Model3_EQA_CH1,Step25_Model1_EQA_CH1,Step26_Model1_EQC_CH3,Step27_Model2_EQC_CH2,Step28_Model1_EQA_CH3,Step29_Model2_EQA_CH4,Step30_Model3_EQC_CH3,,,,,,,,64.8,65.78,,,,,,,,,,,,,,,,,,,,,41.65,,,44.03,,,,,,,,,,,,57.77,,,36.32,,,,,,,,,,,,,,,,
L021W06,L021,6,Step1_Model3_EQC_CH2,Step2_Model1_EQC_CH3,Step3_Model2_EQC_CH1,Step4_Model1_EQC_CH4,Step5_Model1_EQA_CH4,Step6_Model2_EQB_CH1,Step7_Model3_EQA_CH1,Step8_Model1_EQB_CH1,Step9_Model2_EQC_CH2,Step10_Model1_EQB_CH3,Step11_Model3_EQA_CH4,Step12_Model1_EQB_CH3,Step13_Model3_EQB_CH1,Step14_Model3_EQA_CH1,Step15_Model3_EQC_CH3,Step16_Model3_EQC_CH4,Step17_Model3_EQB_CH2,Step18_Model3_EQC_CH3,Step19_Model1_EQC_CH1,Step20_Model1_EQB_CH1,Step21_Model2_EQC_CH2,Step22_Model2_EQC_CH3,Step23_Model2_EQC_CH2,Step24_Model3_EQA_CH2,Step25_Model1_EQA_CH4,Step26_Model1_EQC_CH4,Step27_Model2_EQC_CH1,Step28_Model1_EQA_CH3,Step29_Model2_EQA_CH4,Step30_Model3_EQC_CH1,,35.17,,,,,62.13,,,,,,,37.92,,,,,,,34.39,,42.99,,,61.78,,,,,,,,,,,55.62,,,,43.61,,,,58.26,,,,,,,,,,,,,,,,,,,
L021W07,L021,7,Step1_Model3_EQC_CH3,Step2_Model1_EQC_CH1,Step3_Model2_EQC_CH4,Step4_Model1_EQC_CH1,Step5_Model1_EQA_CH3,Step6_Model2_EQB_CH3,Step7_Model3_EQA_CH1,Step8_Model1_EQB_CH3,Step9_Model2_EQC_CH1,Step10_Model1_EQB_CH3,Step11_Model3_EQA_CH1,Step12_Model1_EQB_CH1,Step13_Model3_EQB_CH1,Step14_Model3_EQA_CH2,Step15_Model3_EQC_CH3,Step16_Model3_EQC_CH4,Step17_Model3_EQB_CH1,Step18_Model3_EQC_CH2,Step19_Model1_EQC_CH4,Step20_Model1_EQB_CH1,Step21_Model2_EQC_CH4,Step22_Model2_EQC_CH2,Step23_Model2_EQC_CH4,Step24_Model3_EQA_CH1,Step25_Model1_EQA_CH4,Step26_Model1_EQC_CH4,Step27_Model2_EQC_CH1,Step28_Model1_EQA_CH2,Step29_Model2_EQA_CH2,Step30_Model3_EQC_CH4,,,,,,,,,,,,,,,,,59,,,,,,,35.01,,,,,,,,,,,,,,,,,,,,,,,,,,,,,,,,,,,,,,,,
L021W08,L021,8,Step1_Model3_EQC_CH3,Step2_Model1_EQC_CH4,Step3_Model2_EQC_CH3,Step4_Model1_EQC_CH4,Step5_Model1_EQA_CH2,Step6_Model2_EQB_CH4,Step7_Model3_EQA_CH4,Step8_Model1_EQB_CH3,Step9_Model2_EQC_CH2,Step10_Model1_EQB_CH3,Step11_Model3_EQA_CH4,Step12_Model1_EQB_CH1,Step13_Model3_EQB_CH4,Step14_Model3_EQA_CH4,Step15_Model3_EQC_CH3,Step16_Model3_EQC_CH1,Step17_Model3_EQB_CH1,Step18_Model3_EQC_CH3,Step19_Model1_EQC_CH2,Step20_Model1_EQB_CH1,Step21_Model2_EQC_CH1,Step22_Model2_EQC_CH3,Step23_Model2_EQC_CH2,Step24_Model3_EQA_CH2,Step25_Model1_EQA_CH4,Step26_Model1_EQC_CH4,Step27_Model2_EQC_CH3,Step28_Model1_EQA_CH2,Step29_Model2_EQA_CH3,Step30_Model3_EQC_CH4,,35.71,,45.13,,,,,,,,,37.95,,,61.74,,,,,,,35.34,,,54.87,,,,,62.56,,,43.22,,,,,,61.7,,,,,60.13,68.8,,31.36,,,,,,,,,,,,,,,,
L021W09,L021,9,Step1_Model3_EQC_CH3,Step2_Model1_EQC_CH3,Step3_Model2_EQC_CH1,Step4_Model1_EQC_CH1,Step5_Model1_EQA_CH1,Step6_Model2_EQB_CH4,Step7_Model3_EQA_CH3,Step8_Model1_EQB_CH1,Step9_Model2_EQC_CH1,Step10_Model1_EQB_CH1,Step11_Model3_EQA_CH4,Step12_Model1_EQB_CH4,Step13_Model3_EQB_CH3,Step14_Model3_EQA_CH3,Step15_Model3_EQC_CH3,Step16_Model3_EQC_CH1,Step17_Model3_EQB_CH2,Step18_Model3_EQC_CH4,Step19_Model1_EQC_CH1,Step20_Model1_EQB_CH1,Step21_Model2_EQC_CH3,Step22_Model2_EQC_CH3,Step23_Model2_EQC_CH1,Step24_Model3_EQA_CH4,Step25_Model1_EQA_CH4,Step26_Model1_EQC_CH1,Step27_Model2_EQC_CH2,Step28_Model1_EQA_CH2,Step29_Model2_EQA_CH4,Step30_Model3_EQC_CH3,41.82,,,,,,,,70.45,,46.87,,,44.08,,,,,,,,,41.12,,,,,,,,,45.47,,,42.35,,,,63.75,,,,,,,,,,,,,,,,,,,,,,,,,
L021W10,L021,10,Step1_Model3_EQC_CH2,Step2_Model1_EQC_CH2,Step3_Model2_EQC_CH3,Step4_Model1_EQC_CH2,Step5_Model1_EQA_CH1,Step6_Model2_EQB_CH2,Step7_Model3_EQA_CH3,Step8_Model1_EQB_CH1,Step9_Model2_EQC_CH2,Step10_Model1_EQB_CH4,Step11_Model3_EQA_CH1,Step12_Model1_EQB_CH1,Step13_Model3_EQB_CH4,Step14_Model3_EQA_CH4,Step15_Model3_EQC_CH2,Step16_Model3_EQC_CH2,Step17_Model3_EQB_CH3,Step18_Model3_EQC_CH3,Step19_Model1_EQC_CH1,Step20_Model1_EQB_CH4,Step21_Model2_EQC_CH4,Step22_Model2_EQC_CH3,Step23_Model2_EQC_CH1,Step24_Model3_EQA_CH1,Step25_Model1_EQA_CH3,Step26_Model1_EQC_CH3,Step27_Model2_EQC_CH3,Step28_Model1_EQA_CH2,Step29_Model2_EQA_CH1,Step30_Model3_EQC_CH1,,,,,36.67,,,,,,,,,,,,,,43.73,,,,,,,59.24,,,62.96,,,50.85,,,,,57.58,,,,,,,,,,,,,,,,14,,,,,,,,,,,
L021W11,L021,11,Step1_Model3_EQC_CH1,Step2_Model1_EQC_CH3,Step3_Model2_EQC_CH3,Step4_Model1_EQC_CH3,Step5_Model1_EQA_CH3,Step6_Model2_EQB_CH4,Step7_Model3_EQA_CH3,Step8_Model1_EQB_CH2,Step9_Model2_EQC_CH4,Step10_Model1_EQB_CH4,Step11_Model3_EQA_CH3,Step12_Model1_EQB_CH1,Step13_Model3_EQB_CH3,Step14_Model3_EQA_CH1,Step15_Model3_EQC_CH3,Step16_Model3_EQC_CH3,Step17_Model3_EQB_CH1,Step18_Model3_EQC_CH1,Step19_Model1_EQC_CH1,Step20_Model1_EQB_CH1,Step21_Model2_EQC_CH2,Step22_Model2_EQC_CH1,Step23_Model2_EQC_CH3,Step24_Model3_EQA_CH3,Step25_Model1_EQA_CH2,Step26_Model1_EQC_CH1,Step27_Model2_EQC_CH3,Step28_Model1_EQA_CH2,Step29_Model2_EQA_CH3,Step30_Model3_EQC_CH2,,,,,,,,,,,,,,,,56.12,,,,43.86,,,,,,,33.6,,,,,,,,,,60.34,,,,,,,,52.72,,,,,,,,,13,,,,,,,,,,
L021W12,L021,12,Step1_Model3_EQC_CH2,Step2_Model1_EQC_CH4,Step3_Model2_EQC_CH4,Step4_Model1_EQC_CH1,Step5_Model1_EQA_CH4,Step6_Model2_EQB_CH2,Step7_Model3_EQA_CH3,Step8_Model1_EQB_CH3,Step9_Model2_EQC_CH1,Step10_Model1_EQB_CH4,Step11_Model3_EQA_CH1,Step12_Model1_EQB_CH2,Step13_Model3_EQB_CH4,Step14_Model3_EQA_CH1,Step15_Model3_EQC_CH3,Step16_Model3_EQC_CH3,Step17_Model3_EQB_CH1,Step18_Model3_EQC_CH1,Step19_Model1_EQC_CH1,Step20_Model1_EQB_CH2,Step21_Model2_EQC_CH2,Step22_Model2_EQC_CH3,Step23_Model2_EQC_CH2,Step24_Model3_EQA_CH2,Step25_Model1_EQA_CH4,Step26_Model1_EQC_CH2,Step27_Model2_EQC_CH4,Step28_Model1_EQA_CH2,Step29_Model2_EQA_CH3,Step30_Model3_EQC_CH1,,38.54,,,,,,,,,,43.85,,,,,,,,40.07,39.73,,,,,63.94,,,61.02,,,,,46.6,,,,,,,,,,,,,,,,,,,,,,,,,,,,,,
L021W13,L021,13,Step1_Model3_EQC_CH3,Step2_Model1_EQC_CH2,Step3_Model2_EQC_CH1,Step4_Model1_EQC_CH1,Step5_Model1_EQA_CH1,Step6_Model2_EQB_CH4,Step7_Model3_EQA_CH3,Step8_Model1_EQB_CH4,Step9_Model2_EQC_CH1,Step10_Model1_EQB_CH3,Step11_Model3_EQA_CH3,Step12_Model1_EQB_CH2,Step13_Model3_EQB_CH4,Step14_Model3_EQA_CH4,Step15_Model3_EQC_CH2,Step16_Model3_EQC_CH4,Step17_Model3_EQB_CH1,Step18_Model3_EQC_CH1,Step19_Model1_EQC_CH4,Step20_Model1_EQB_CH2,Step21_Model2_EQC_CH3,Step22_Model2_EQC_CH4,Step23_Model2_EQC_CH3,Step24_Model3_EQA_CH2,Step25_Model1_EQA_CH3,Step26_Model1_EQC_CH2,Step27_Model2_EQC_CH2,Step28_Model1_EQA_CH1,Step29_Model2_EQA_CH1,Step30_Model3_EQC_CH2,,,,,,38.35,,,,,52.95,36.73,,24.1,,,60.92,,,,,,,,,,,,,,,,43.73,,,,,,,,,,,,,,,31.41,,,,,15,,,,,,,,,,,
L021W14,L021,14,Step1_Model3_EQC_CH4,Step2_Model1_EQC_CH1,Step3_Model2_EQC_CH2,Step4_Model1_EQC_CH3,Step5_Model1_EQA_CH3,Step6_Model2_EQB_CH4,Step7_Model3_EQA_CH3,Step8_Model1_EQB_CH3,Step9_Model2_EQC_CH2,Step10_Model1_EQB_CH3,Step11_Model3_EQA_CH3,Step12_Model1_EQB_CH3,Step13_Model3_EQB_CH3,Step14_Model3_EQA_CH2,Step15_Model3_EQC_CH3,Step16_Model3_EQC_CH4,Step17_Model3_EQB_CH1,Step18_Model3_EQC_CH4,Step19_Model1_EQC_CH1,Step20_Model1_EQB_CH4,Step21_Model2_EQC_CH1,Step22_Model2_EQC_CH1,Step23_Model2_EQC_CH1,Step24_Model3_EQA_CH1,Step25_Model1_EQA_CH2,Step26_Model1_EQC_CH4,Step27_Model2_EQC_CH1,Step28_Model1_EQA_CH4,Step29_Model2_EQA_CH3,Step30_Model3_EQC_CH1,,,,43.49,,,,,,,54.55,,36.37,,,61.94,,,,,,,,,,,,,,,,,,,,,57.49,62.05,,,,,,,,,57.37,,,,,,,,,,,,,,,,,
L021W15,L021,15,Step1_Model3_EQC_CH4,Step2_Model1_EQC_CH2,Step3_Model2_EQC_CH4,Step4_Model1_EQC_CH1,Step5_Model1_EQA_CH3,Step6_Model2_EQB_CH4,Step7_Model3_EQA_CH3,Step8_Model1_EQB_CH2,Step9_Model2_EQC_CH4,Step10_Model1_EQB_CH4,Step11_Model3_EQA_CH2,Step12_Model1_EQB_CH2,Step13_Model3_EQB_CH2,Step14_Model3_EQA_CH1,Step15_Model3_EQC_CH1,Step16_Model3_EQC_CH4,Step17_Model3_EQB_CH4,Step18_Model3_EQC_CH4,Step19_Model1_EQC_CH3,Step20_Model1_EQB_CH2,Step21_Model2_EQC_CH4,Step22_Model2_EQC_CH2,Step23_Model2_EQC_CH1,Step24_Model3_EQA_CH2,Step25_Model1_EQA_CH3,Step26_Model1_EQC_CH3,Step27_Model2_EQC_CH2,Step28_Model1_EQA_CH3,Step29_Model2_EQA_CH3,Step30_Model3_EQC_CH1,36.41,,,,43.74,,,,,,,,,,,,,42.55,,,43.86,32.34,35.86,,,,,,54.33,,,40.71,,,,,,,,,,,53.91,,,,54.88,,,,,,,,,,,,,,,,,
L021W16,L021,16,Step1_Model3_EQC_CH4,Step2_Model1_EQC_CH3,Step3_Model2_EQC_CH4,Step4_Model1_EQC_CH2,Step5_Model1_EQA_CH2,Step6_Model2_EQB_CH3,Step7_Model3_EQA_CH2,Step8_Model1_EQB_CH1,Step9_Model2_EQC_CH3,Step10_Model1_EQB_CH3,Step11_Model3_EQA_CH3,Step12_Model1_EQB_CH2,Step13_Model3_EQB_CH2,Step14_Model3_EQA_CH3,Step15_Model3_EQC_CH4,Step16_Model3_EQC_CH2,Step17_Model3_EQB_CH2,Step18_Model3_EQC_CH3,Step19_Model1_EQC_CH4,Step20_Model1_EQB_CH3,Step21_Model2_EQC_CH2,Step22_Model2_EQC_CH3,Step23_Model2_EQC_CH3,Step24_Model3_EQA_CH3,Step25_Model1_EQA_CH4,Step26_Model1_EQC_CH3,Step27_Model2_EQC_CH2,Step28_Model1_EQA_CH3,Step29_Model2_EQA_CH4,Step30_Model3_EQC_CH1,,34.19,,,,,,,,,,,,,,,60.76,,,47.14,36.95,38.86,40.99,28.41,,,,,,,,32.45,,49.73,,44.87,,,,,,,,,,,,,,,,,,7,,,,,,,,,,
L021W17,L021,17,Step1_Model3_EQC_CH4,Step2_Model1_EQC_CH3,Step3_Model2_EQC_CH1,Step4_Model1_EQC_CH3,Step5_Model1_EQA_CH4,Step6_Model2_EQB_CH1,Step7_Model3_EQA_CH1,Step8_Model1_EQB_CH3,Step9_Model2_EQC_CH3,Step10_Model1_EQB_CH4,Step11_Model3_EQA_CH3,Step12_Model1_EQB_CH1,Step13_Model3_EQB_CH2,Step14_Model3_EQA_CH2,Step15_Model3_EQC_CH4,Step16_Model3_EQC_CH3,Step17_Model3_EQB_CH4,Step18_Model3_EQC_CH2,Step19_Model1_EQC_CH2,Step20_Model1_EQB_CH3,Step21_Model2_EQC_CH1,Step22_Model2_EQC_CH3,Step23_Model2_EQC_CH2,Step24_Model3_EQA_CH1,Step25_Model1_EQA_CH4,Step26_Model1_EQC_CH2,Step27_Model2_EQC_CH4,Step28_Model1_EQA_CH1,Step29_Model2_EQA_CH4,Step30_Model3_EQC_CH2,,39.6,49.6,39.59,,,,,,,,40.25,,,,,,43.66,,,,37.8,,,32.15,,,,59.86,,,,,43.45,,,,,,,,,,,,,,,,,,,,,,,,,,,,,,
L021W18,L021,18,Step1_Model3_EQC_CH3,Step2_Model1_EQC_CH4,Step3_Model2_EQC_CH2,Step4_Model1_EQC_CH2,Step5_Model1_EQA_CH1,Step6_Model2_EQB_CH2,Step7_Model3_EQA_CH3,Step8_Model1_EQB_CH3,Step9_Model2_EQC_CH4,Step10_Model1_EQB_CH4,Step11_Model3_EQA_CH4,Step12_Model1_EQB_CH4,Step13_Model3_EQB_CH3,Step14_Model3_EQA_CH1,Step15_Model3_EQC_CH4,Step16_Model3_EQC_CH1,Step17_Model3_EQB_CH2,Step18_Model3_EQC_CH2,Step19_Model1_EQC_CH4,Step20_Model1_EQB_CH2,Step21_Model2_EQC_CH1,Step22_Model2_EQC_CH1,Step23_Model2_EQC_CH2,Step24_Model3_EQA_CH4,Step25_Model1_EQA_CH1,Step26_Model1_EQC_CH1,Step27_Model2_EQC_CH3,Step28_Model1_EQA_CH4,Step29_Model2_EQA_CH3,Step30_Model3_EQC_CH2,,,,,,,,,68.24,,35.35,,,36.62,,,55.51,,,,,,,,,,,55.42,55.46,,,44.39,,,,,,,,,,57.04,,,70.97,,,,,,,,,,,,,,,,,,,
L021W19,L021,19,Step1_Model3_EQC_CH2,Step2_Model1_EQC_CH3,Step3_Model2_EQC_CH4,Step4_Model1_EQC_CH1,Step5_Model1_EQA_CH2,Step6_Model2_EQB_CH4,Step7_Model3_EQA_CH4,Step8_Model1_EQB_CH2,Step9_Model2_EQC_CH2,Step10_Model1_EQB_CH4,Step11_Model3_EQA_CH1,Step12_Model1_EQB_CH3,Step13_Model3_EQB_CH2,Step14_Model3_EQA_CH3,Step15_Model3_EQC_CH4,Step16_Model3_EQC_CH3,Step17_Model3_EQB_CH1,Step18_Model3_EQC_CH4,Step19_Model1_EQC_CH1,Step20_Model1_EQB_CH4,Step21_Model2_EQC_CH1,Step22_Model2_EQC_CH4,Step23_Model2_EQC_CH1,Step24_Model3_EQA_CH4,Step25_Model1_EQA_CH1,Step26_Model1_EQC_CH4,Step27_Model2_EQC_CH1,Step28_Model1_EQA_CH2,Step29_Model2_EQA_CH3,Step30_Model3_EQC_CH4,,38.49,,40.29,,52.19,,,,,,,,,,58.7,59.32,,,,,,,,32.24,,,,,,61.71,,,,,,56.8,,,,41.38,,,61.11,,,,,10,,,,,,,,,,,,,,,
L021W20,L021,20,Step1_Model3_EQC_CH1,Step2_Model1_EQC_CH2,Step3_Model2_EQC_CH4,Step4_Model1_EQC_CH4,Step5_Model1_EQA_CH4,Step6_Model2_EQB_CH3,Step7_Model3_EQA_CH1,Step8_Model1_EQB_CH1,Step9_Model2_EQC_CH4,Step10_Model1_EQB_CH4,Step11_Model3_EQA_CH4,Step12_Model1_EQB_CH2,Step13_Model3_EQB_CH4,Step14_Model3_EQA_CH3,Step15_Model3_EQC_CH1,Step16_Model3_EQC_CH3,Step17_Model3_EQB_CH4,Step18_Model3_EQC_CH2,Step19_Model1_EQC_CH4,Step20_Model1_EQB_CH4,Step21_Model2_EQC_CH4,Step22_Model2_EQC_CH4,Step23_Model2_EQC_CH4,Step24_Model3_EQA_CH1,Step25_Model1_EQA_CH3,Step26_Model1_EQC_CH2,Step27_Model2_EQC_CH4,Step28_Model1_EQA_CH2,Step29_Model2_EQA_CH1,Step30_Model3_EQC_CH3,35.7,,,,39.28,,,,,,,,,,45.93,,,,,46.28,,,,,,,,,61.15,,,,,,,,,,,,,56.39,,,,,,,,,,,,,,13,,12,,,,,,
L021W21,L021,21,Step1_Model3_EQC_CH4,Step2_Model1_EQC_CH1,Step3_Model2_EQC_CH1,Step4_Model1_EQC_CH3,Step5_Model1_EQA_CH4,Step6_Model2_EQB_CH3,Step7_Model3_EQA_CH3,Step8_Model1_EQB_CH2,Step9_Model2_EQC_CH2,Step10_Model1_EQB_CH3,Step11_Model3_EQA_CH2,Step12_Model1_EQB_CH1,Step13_Model3_EQB_CH3,Step14_Model3_EQA_CH4,Step15_Model3_EQC_CH4,Step16_Model3_EQC_CH1,Step17_Model3_EQB_CH4,Step18_Model3_EQC_CH4,Step19_Model1_EQC_CH3,Step20_Model1_EQB_CH1,Step21_Model2_EQC_CH3,Step22_Model2_EQC_CH1,Step23_Model2_EQC_CH3,Step24_Model3_EQA_CH3,Step25_Model1_EQA_CH2,Step26_Model1_EQC_CH4,Step27_Model2_EQC_CH1,Step28_Model1_EQA_CH4,Step29_Model2_EQA_CH2,Step30_Model3_EQC_CH1,,42.65,,,46.27,,,,,45.8,,,41.35,37.53,,,65.31,,,58.7,38.01,,,,,,,,,47.64,,,,,,,,,,,,,,,,,,38.27,,,,,,,16,,,,,,,,,
L021W22,L021,22,Step1_Model3_EQC_CH2,Step2_Model1_EQC_CH4,Step3_Model2_EQC_CH3,Step4_Model1_EQC_CH2,Step5_Model1_EQA_CH2,Step6_Model2_EQB_CH3,Step7_Model3_EQA_CH4,Step8_Model1_EQB_CH2,Step9_Model2_EQC_CH4,Step10_Model1_EQB_CH3,Step11_Model3_EQA_CH1,Step12_Model1_EQB_CH2,Step13_Model3_EQB_CH4,Step14_Model3_EQA_CH3,Step15_Model3_EQC_CH3,Step16_Model3_EQC_CH2,Step17_Model3_EQB_CH1,Step18_Model3_EQC_CH2,Step19_Model1_EQC_CH4,Step20_Model1_EQB_CH3,Step21_Model2_EQC_CH1,Step22_Model2_EQC_CH4,Step23_Model2_EQC_CH2,Step24_Model3_EQA_CH3,Step25_Model1_EQA_CH2,Step26_Model1_EQC_CH1,Step27_Model2_EQC_CH1,Step28_Model1_EQA_CH1,Step29_Model2_EQA_CH1,Step30_Model3_EQC_CH1,,38.27,,40.69,,,,,,,,,,,43.73,,,,45.34,,,,38.07,39.33,,,35.92,,,,,,,,,,,,,,,,,60.14,,,47.75,,,,,,,,,,,,,,,,,
L021W23,L021,23,Step1_Model3_EQC_CH2,Step2_Model1_EQC_CH1,Step3_Model2_EQC_CH1,Step4_Model1_EQC_CH3,Step5_Model1_EQA_CH1,Step6_Model2_EQB_CH3,Step7_Model3_EQA_CH3,Step8_Model1_EQB_CH3,Step9_Model2_EQC_CH2,Step10_Model1_EQB_CH2,Step11_Model3_EQA_CH4,Step12_Model1_EQB_CH4,Step13_Model3_EQB_CH3,Step14_Model3_EQA_CH2,Step15_Model3_EQC_CH1,Step16_Model3_EQC_CH4,Step17_Model3_EQB_CH2,Step18_Model3_EQC_CH1,Step19_Model1_EQC_CH1,Step20_Model1_EQB_CH2,Step21_Model2_EQC_CH4,Step22_Model2_EQC_CH2,Step23_Model2_EQC_CH4,Step24_Model3_EQA_CH3,Step25_Model1_EQA_CH2,Step26_Model1_EQC_CH2,Step27_Model2_EQC_CH4,Step28_Model1_EQA_CH4,Step29_Model2_EQA_CH2,Step30_Model3_EQC_CH1,42.56,,,,,,,,,,,,,,,,,,,,,40.63,,39.77,,,,,,,,50.99,41.35,,,,52.92,62.05,,,41.46,,,,,,49.95,,,,,,,,,,8,,,,,,,
L021W24,L021,24,Step1_Model3_EQC_CH1,Step2_Model1_EQC_CH1,Step3_Model2_EQC_CH3,Step4_Model1_EQC_CH3,Step5_Model1_EQA_CH4,Step6_Model2_EQB_CH3,Step7_Model3_EQA_CH1,Step8_Model1_EQB_CH2,Step9_Model2_EQC_CH3,Step10_Model1_EQB_CH3,Step11_Model3_EQA_CH1,Step12_Model1_EQB_CH3,Step13_Model3_EQB_CH4,Step14_Model3_EQA_CH2,Step15_Model3_EQC_CH1,Step16_Model3_EQC_CH4,Step17_Model3_EQB_CH1,Step18_Model3_EQC_CH4,Step19_Model1_EQC_CH2,Step20_Model1_EQB_CH2,Step21_Model2_EQC_CH4,Step22_Model2_EQC_CH4,Step23_Model2_EQC_CH4,Step24_Model3_EQA_CH4,Step25_Model1_EQA_CH4,Step26_Model1_EQC_CH4,Step27_Model2_EQC_CH2,Step28_Model1_EQA_CH4,Step29_Model2_EQA_CH3,Step30_Model3_EQC_CH2,,,,,,,,,,,,,34.38,,,,,,,,,,,,,,,,,,,,,,,51.52,,,,,,55.56,66.98,,,,,,,,,,10,,,,,,,,,,,
L021W25,L021,25,Step1_Model3_EQC_CH1,Step2_Model1_EQC_CH2,Step3_Model2_EQC_CH1,Step4_Model1_EQC_CH1,Step5_Model1_EQA_CH3,Step6_Model2_EQB_CH4,Step7_Model3_EQA_CH4,Step8_Model1_EQB_CH2,Step9_Model2_EQC_CH4,Step10_Model1_EQB_CH3,Step11_Model3_EQA_CH2,Step12_Model1_EQB_CH2,Step13_Model3_EQB_CH2,Step14_Model3_EQA_CH4,Step15_Model3_EQC_CH4,Step16_Model3_EQC_CH4,Step17_Model3_EQB_CH2,Step18_Model3_EQC_CH2,Step19_Model1_EQC_CH1,Step20_Model1_EQB_CH1,Step21_Model2_EQC_CH4,Step22_Model2_EQC_CH2,Step23_Model2_EQC_CH4,Step24_Model3_EQA_CH4,Step25_Model1_EQA_CH1,Step26_Model1_EQC_CH3,Step27_Model2_EQC_CH4,Step28_Model1_EQA_CH3,Step29_Model2_EQA_CH3,Step30_Model3_EQC_CH2,,,,,,,,,,,,40.07,,,,,,58.7,,43.93,,,,44.72,,53.34,35.37,,,,60.77,,,,,,,,,,,,,,58.13,,,,,,,,,,13,,,,,,,,,
L022W01,L022,1,Step1_Model2_EQA_CH4,Step2_Model1_EQA_CH3,Step3_Model3_EQC_CH1,Step4_Model3_EQC_CH3,Step5_Model1_EQB_CH3,Step6_Model2_EQC_CH4,Step7_Model2_EQB_CH2,Step8_Model2_EQC_CH1,Step9_Model1_EQA_CH2,Step10_Model2_EQA_CH3,Step11_Model1_EQC_CH3,Step12_Model3_EQB_CH2,Step13_Model2_EQB_CH2,Step14_Model3_EQA_CH4,Step15_Model3_EQC_CH2,Step16_Model1_EQA_CH2,Step17_Model2_EQA_CH4,Step18_Model1_EQA_CH2,Step19_Model1_EQB_CH3,Step20_Model2_EQA_CH2,Step21_Model1_EQB_CH1,Step22_Model2_EQA_CH3,Step23_Model3_EQB_CH4,Step24_Model2_EQB_CH3,Step25_Model1_EQA_CH4,Step26_Model2_EQA_CH1,Step27_Model1_EQB_CH1,Step28_Model1_EQC_CH3,Step29_Model1_EQA_CH2,Step30_Model2_EQB_CH3,,,,,,,,,67.04,,49.24,,,,,,,,,42.38,,,,,,60.34,,,,,,,,,58.25,,,56.54,,,,,55.97,,,,,,,,,,,,,,9,,,,,,,
L022W02,L022,2,Step1_Model2_EQA_CH3,Step2_Model1_EQA_CH1,Step3_Model3_EQC_CH4,Step4_Model3_EQC_CH3,Step5_Model1_EQB_CH2,Step6_Model2_EQC_CH1,Step7_Model2_EQB_CH3,Step8_Model2_EQC_CH3,Step9_Model1_EQA_CH2,Step10_Model2_EQA_CH3,Step11_Model1_EQC_CH3,Step12_Model3_EQB_CH3,Step13_Model2_EQB_CH3,Step14_Model3_EQA_CH2,Step15_Model3_EQC_CH3,Step16_Model1_EQA_CH3,Step17_Model2_EQA_CH3,Step18_Model1_EQA_CH1,Step19_Model1_EQB_CH2,Step20_Model2_EQA_CH1,Step21_Model1_EQB_CH1,Step22_Model2_EQA_CH2,Step23_Model3_EQB_CH1,Step24_Model2_EQB_CH1,Step25_Model1_EQA_CH1,Step26_Model2_EQA_CH2,Step27_Model1_EQB_CH3,Step28_Model1_EQC_CH4,Step29_Model1_EQA_CH4,Step30_Model2_EQB_CH2,,,,,,50.87,,,,,,,,,,59.25,,,,,,,39.18,,,,,,,,,,45.64,,,,,68.82,,,36.76,,,,,60.12,,37.36,,,,,,,,,,,,,,,,
L022W03,L022,3,Step1_Model2_EQA_CH4,Step2_Model1_EQA_CH2,Step3_Model3_EQC_CH2,Step4_Model3_EQC_CH4,Step5_Model1_EQB_CH1,Step6_Model2_EQC_CH3,Step7_Model2_EQB_CH4,Step8_Model2_EQC_CH4,Step9_Model1_EQA_CH4,Step10_Model2_EQA_CH4,Step11_Model1_EQC_CH2,Step12_Model3_EQB_CH2,Step13_Model2_EQB_CH3,Step14_Model3_EQA_CH3,Step15_Model3_EQC_CH4,Step16_Model1_EQA_CH4,Step17_Model2_EQA_CH4,Step18_Model1_EQA_CH3,Step19_Model1_EQB_CH4,Step20_Model2_EQA_CH1,Step21_Model1_EQB_CH3,Step22_Model2_EQA_CH1,Step23_Model3_EQB_CH4,Step24_Model2_EQB_CH2,Step25_Model1_EQA_CH1,Step26_Model2_EQA_CH3,Step27_Model1_EQB_CH1,Step28_Model1_EQC_CH3,Step29_Model1_EQA_CH4,Step30_Model2_EQB_CH1,,,,,,57,64.98,,,,,,,35.53,,,,,,,42.21,,,,,,,55.04,,,,,,,,,,,56.6,,,,57.9,,,51.82,,,,,,,,,,,8,,,,,,,
L022W04,L022,4,Step1_Model2_EQA_CH2,Step2_Model1_EQA_CH1,Step3_Model3_EQC_CH2,Step4_Model3_EQC_CH3,Step5_Model1_EQB_CH4,Step6_Model2_EQC_CH4,Step7_Model2_EQB_CH2,Step8_Model2_EQC_CH3,Step9_Model1_EQA_CH4,Step10_Model2_EQA_CH3,Step11_Model1_EQC_CH2,Step12_Model3_EQB_CH2,Step13_Model2_EQB_CH1,Step14_Model3_EQA_CH4,Step15_Model3_EQC_CH4,Step16_Model1_EQA_CH1,Step17_Model2_EQA_CH2,Step18_Model1_EQA_CH2,Step19_Model1_EQB_CH2,Step20_Model2_EQA_CH2,Step21_Model1_EQB_CH3,Step22_Model2_EQA_CH4,Step23_Model3_EQB_CH4,Step24_Model2_EQB_CH2,Step25_Model1_EQA_CH2,Step26_Model2_EQA_CH2,Step27_Model1_EQB_CH4,Step28_Model1_EQC_CH4,Step29_Model1_EQA_CH2,Step30_Model2_EQB_CH3,,,,,,,66.49,,,,,,,,,,60.33,,,,,,,,,,,,57.56,,,51.89,,,,,,,,65.43,,,,,,,,,,,,,,,,,,,,,,,,
L022W05,L022,5,Step1_Model2_EQA_CH1,Step2_Model1_EQA_CH1,Step3_Model3_EQC_CH1,Step4_Model3_EQC_CH4,Step5_Model1_EQB_CH4,Step6_Model2_EQC_CH1,Step7_Model2_EQB_CH1,Step8_Model2_EQC_CH3,Step9_Model1_EQA_CH4,Step10_Model2_EQA_CH4,Step11_Model1_EQC_CH1,Step12_Model3_EQB_CH3,Step13_Model2_EQB_CH3,Step14_Model3_EQA_CH1,Step15_Model3_EQC_CH1,Step16_Model1_EQA_CH4,Step17_Model2_EQA_CH1,Step18_Model1_EQA_CH2,Step19_Model1_EQB_CH3,Step20_Model2_EQA_CH1,Step21_Model1_EQB_CH2,Step22_Model2_EQA_CH3,Step23_Model3_EQB_CH2,Step24_Model2_EQB_CH2,Step25_Model1_EQA_CH1,Step26_Model2_EQA_CH3,Step27_Model1_EQB_CH2,Step28_Model1_EQC_CH4,Step29_Model1_EQA_CH3,Step30_Model2_EQB_CH4,,,,,,,,,,,,,,36.79,,,,,40.38,,33.07,,41.09,,43.46,,,,,46.01,,,,,,,,,,,,,62.33,55.66,,48.78,,34.72,,,,,,,,,,,,,,,,
L022W06,L022,6,Step1_Model2_EQA_CH1,Step2_Model1_EQA_CH4,Step3_Model3_EQC_CH3,Step4_Model3_EQC_CH2,Step5_Model1_EQB_CH2,Step6_Model2_EQC_CH3,Step7_Model2_EQB_CH2,Step8_Model2_EQC_CH4,Step9_Model1_EQA_CH2,Step10_Model2_EQA_CH2,Step11_Model1_EQC_CH4,Step12_Model3_EQB_CH4,Step13_Model2_EQB_CH4,Step14_Model3_EQA_CH1,Step15_Model3_EQC_CH4,Step16_Model1_EQA_CH4,Step17_Model2_EQA_CH1,Step18_Model1_EQA_CH2,Step19_Model1_EQB_CH4,Step20_Model2_EQA_CH3,Step21_Model1_EQB_CH4,Step22_Model2_EQA_CH4,Step23_Model3_EQB_CH1,Step24_Model2_EQB_CH3,Step25_Model1_EQA_CH2,Step26_Model2_EQA_CH2,Step27_Model1_EQB_CH3,Step28_Model1_EQC_CH4,Step29_Model1_EQA_CH1,Step30_Model2_EQB_CH3,,32.28,,,,,62.82,,66.74,,70.45,,,,,,,,,,,,,,,,,,,,,,,45.75,,,,,,,,56.43,,57.99,60.87,,,,,,,,,,,,,,,,,,,
L022W07,L022,7,Step1_Model2_EQA_CH3,Step2_Model1_EQA_CH2,Step3_Model3_EQC_CH1,Step4_Model3_EQC_CH3,Step5_Model1_EQB_CH1,Step6_Model2_EQC_CH4,Step7_Model2_EQB_CH2,Step8_Model2_EQC_CH4,Step9_Model1_EQA_CH1,Step10_Model2_EQA_CH4,Step11_Model1_EQC_CH2,Step12_Model3_EQB_CH1,Step13_Model2_EQB_CH3,Step14_Model3_EQA_CH4,Step15_Model3_EQC_CH2,Step16_Model1_EQA_CH3,Step17_Model2_EQA_CH2,Step18_Model1_EQA_CH1,Step19_Model1_EQB_CH1,Step20_Model2_EQA_CH4,Step21_Model1_EQB_CH2,Step22_Model2_EQA_CH2,Step23_Model3_EQB_CH2,Step24_Model2_EQB_CH1,Step25_Model1_EQA_CH4,Step26_Model2_EQA_CH2,Step27_Model1_EQB_CH2,Step28_Model1_EQC_CH3,Step29_Model1_EQA_CH2,Step30_Model2_EQB_CH4,,27.95,,,,,,,,,,,,,,,,,,,40.85,40.12,,,,,,64.02,,,,,,,,,62.8,,,62.35,40.77,,,,,,,,,,,,,12,,,,,,,,,,
L022W08,L022,8,Step1_Model2_EQA_CH3,Step2_Model1_EQA_CH3,Step3_Model3_EQC_CH3,Step4_Model3_EQC_CH1,Step5_Model1_EQB_CH3,Step6_Model2_EQC_CH2,Step7_Model2_EQB_CH1,Step8_Model2_EQC_CH1,Step9_Model1_EQA_CH1,Step10_Model2_EQA_CH1,Step11_Model1_EQC_CH1,Step12_Model3_EQB_CH1,Step13_Model2_EQB_CH1,Step14_Model3_EQA_CH3,Step15_Model3_EQC_CH4,Step16_Model1_EQA_CH2,Step17_Model2_EQA_CH2,Step18_Model1_EQA_CH3,Step19_Model1_EQB_CH3,Step20_Model2_EQA_CH1,Step21_Model1_EQB_CH4,Step22_Model2_EQA_CH1,Step23_Model3_EQB_CH3,Step24_Model2_EQB_CH1,Step25_Model1_EQA_CH2,Step26_Model2_EQA_CH2,Step27_Model1_EQB_CH1,Step28_Model1_EQC_CH4,Step29_Model1_EQA_CH1,Step30_Model2_EQB_CH1,,,,43.22,,,,,,,,32.79,,,,,,,,,40.97,,39.35,,33.3,,,59.56,,,,,,,,,,,,,,63.99,,,,,,,,,,,,,,,,,,,,,,
L022W09,L022,9,Step1_Model2_EQA_CH4,Step2_Model1_EQA_CH4,Step3_Model3_EQC_CH4,Step4_Model3_EQC_CH2,Step5_Model1_EQB_CH1,Step6_Model2_EQC_CH3,Step7_Model2_EQB_CH4,Step8_Model2_EQC_CH4,Step9_Model1_EQA_CH1,Step10_Model2_EQA_CH3,Step11_Model1_EQC_CH1,Step12_Model3_EQB_CH1,Step13_Model2_EQB_CH4,Step14_Model3_EQA_CH4,Step15_Model3_EQC_CH2,Step16_Model1_EQA_CH3,Step17_Model2_EQA_CH3,Step18_Model1_EQA_CH4,Step19_Model1_EQB_CH4,Step20_Model2_EQA_CH4,Step21_Model1_EQB_CH3,Step22_Model2_EQA_CH2,Step23_Model3_EQB_CH3,Step24_Model2_EQB_CH4,Step25_Model1_EQA_CH4,Step26_Model2_EQA_CH2,Step27_Model1_EQB_CH1,Step28_Model1_EQC_CH1,Step29_Model1_EQA_CH3,Step30_Model2_EQB_CH1,35,,47.21,,38.3,53.21,,,80.6,,,,,,,,,,,,,,,,,,,,,46.1,,,,,,,,,60.71,,,42.5,,,,,,,,,7,7,,,,,,,,,,,,
L022W10,L022,10,Step1_Model2_EQA_CH1,Step2_Model1_EQA_CH3,Step3_Model3_EQC_CH4,Step4_Model3_EQC_CH1,Step5_Model1_EQB_CH4,Step6_Model2_EQC_CH3,Step7_Model2_EQB_CH4,Step8_Model2_EQC_CH4,Step9_Model1_EQA_CH3,Step10_Model2_EQA_CH4,Step11_Model1_EQC_CH1,Step12_Model3_EQB_CH1,Step13_Model2_EQB_CH1,Step14_Model3_EQA_CH1,Step15_Model3_EQC_CH4,Step16_Model1_EQA_CH1,Step17_Model2_EQA_CH4,Step18_Model1_EQA_CH2,Step19_Model1_EQB_CH4,Step20_Model2_EQA_CH1,Step21_Model1_EQB_CH2,Step22_Model2_EQA_CH3,Step23_Model3_EQB_CH4,Step24_Model2_EQB_CH1,Step25_Model1_EQA_CH1,Step26_Model2_EQA_CH1,Step27_Model1_EQB_CH3,Step28_Model1_EQC_CH2,Step29_Model1_EQA_CH2,Step30_Model2_EQB_CH1,36.61,,41.15,46.5,,,60.1,,,,,,39.66,,,,,,,,,,47.79,,36.5,,,,,,58.72,,,,,,,,,,,,66.74,,,,,,,,,,,,,,13,,,,,,,
L022W11,L022,11,Step1_Model2_EQA_CH4,Step2_Model1_EQA_CH1,Step3_Model3_EQC_CH1,Step4_Model3_EQC_CH4,Step5_Model1_EQB_CH1,Step6_Model2_EQC_CH3,Step7_Model2_EQB_CH1,Step8_Model2_EQC_CH3,Step9_Model1_EQA_CH1,Step10_Model2_EQA_CH2,Step11_Model1_EQC_CH4,Step12_Model3_EQB_CH2,Step13_Model2_EQB_CH1,Step14_Model3_EQA_CH1,Step15_Model3_EQC_CH3,Step16_Model1_EQA_CH1,Step17_Model2_EQA_CH1,Step18_Model1_EQA_CH1,Step19_Model1_EQB_CH2,Step20_Model2_EQA_CH3,Step21_Model1_EQB_CH2,Step22_Model2_EQA_CH3,Step23_Model3_EQB_CH2,Step24_Model2_EQB_CH1,Step25_Model1_EQA_CH2,Step26_Model2_EQA_CH2,Step27_Model1_EQB_CH3,Step28_Model1_EQC_CH3,Step29_Model1_EQA_CH2,Step30_Model2_EQB_CH3,,,,,,51.79,,,,59.19,,26.85,,39.18,,,58.25,,,,,,,38.27,,,,,,,,,,,,,,,,,37.99,,,,,,,,,,,,,8,,,,,,,,,,
L022W12,L022,12,Step1_Model2_EQA_CH3,Step2_Model1_EQA_CH3,Step3_Model3_EQC_CH4,Step4_Model3_EQC_CH3,Step5_Model1_EQB_CH4,Step6_Model2_EQC_CH4,Step7_Model2_EQB_CH3,Step8_Model2_EQC_CH2,Step9_Model1_EQA_CH3,Step10_Model2_EQA_CH1,Step11_Model1_EQC_CH2,Step12_Model3_EQB_CH4,Step13_Model2_EQB_CH4,Step14_Model3_EQA_CH2,Step15_Model3_EQC_CH2,Step16_Model1_EQA_CH3,Step17_Model2_EQA_CH4,Step18_Model1_EQA_CH1,Step19_Model1_EQB_CH3,Step20_Model2_EQA_CH2,Step21_Model1_EQB_CH4,Step22_Model2_EQA_CH2,Step23_Model3_EQB_CH2,Step24_Model2_EQB_CH2,Step25_Model1_EQA_CH3,Step26_Model2_EQA_CH1,Step27_Model1_EQB_CH1,Step28_Model1_EQC_CH4,Step29_Model1_EQA_CH2,Step30_Model2_EQB_CH1,,,,40.56,,,,,,,48.43,,,,45.49,,67.77,,42.22,,,37.65,,,42.18,,,,,,,,42.38,,,,,,,,,,61.99,,,49.7,51.58,,,,,,,,,8,15,,,,,,,
L022W13,L022,13,Step1_Model2_EQA_CH2,Step2_Model1_EQA_CH4,Step3_Model3_EQC_CH2,Step4_Model3_EQC_CH1,Step5_Model1_EQB_CH2,Step6_Model2_EQC_CH1,Step7_Model2_EQB_CH4,Step8_Model2_EQC_CH2,Step9_Model1_EQA_CH1,Step10_Model2_EQA_CH4,Step11_Model1_EQC_CH2,Step12_Model3_EQB_CH4,Step13_Model2_EQB_CH1,Step14_Model3_EQA_CH2,Step15_Model3_EQC_CH2,Step16_Model1_EQA_CH2,Step17_Model2_EQA_CH4,Step18_Model1_EQA_CH4,Step19_Model1_EQB_CH1,Step20_Model2_EQA_CH3,Step21_Model1_EQB_CH2,Step22_Model2_EQA_CH2,Step23_Model3_EQB_CH1,Step24_Model2_EQB_CH2,Step25_Model1_EQA_CH4,Step26_Model2_EQA_CH4,Step27_Model1_EQB_CH2,Step28_Model1_EQC_CH2,Step29_Model1_EQA_CH4,Step30_Model2_EQB_CH2,,,,,,,66.86,,,,50.42,,,,,,,,,,,39.2,,,,,,,60.45,,,45.62,,,,56.63,,,,,,,,,,57.65,,,,,,,,,,,,,,,,,,
L022W14,L022,14,Step1_Model2_EQA_CH4,Step2_Model1_EQA_CH3,Step3_Model3_EQC_CH3,Step4_Model3_EQC_CH2,Step5_Model1_EQB_CH2,Step6_Model2_EQC_CH2,Step7_Model2_EQB_CH4,Step8_Model2_EQC_CH3,Step9_Model1_EQA_CH3,Step10_Model2_EQA_CH1,Step11_Model1_EQC_CH1,Step12_Model3_EQB_CH2,Step13_Model2_EQB_CH4,Step14_Model3_EQA_CH2,Step15_Model3_EQC_CH3,Step16_Model1_EQA_CH2,Step17_Model2_EQA_CH2,Step18_Model1_EQA_CH3,Step19_Model1_EQB_CH3,Step20_Model2_EQA_CH3,Step21_Model1_EQB_CH3,Step22_Model2_EQA_CH1,Step23_Model3_EQB_CH4,Step24_Model2_EQB_CH4,Step25_Model1_EQA_CH3,Step26_Model2_EQA_CH4,Step27_Model1_EQB_CH4,Step28_Model1_EQC_CH4,Step29_Model1_EQA_CH4,Step30_Model2_EQB_CH3,,,,,,57.85,,,,,,,,,,,,,,,39.77,,,,,,,,,,,,,46.7,,54.94,,,,,,,,,,,47.6,,,,,,,,,,8,,,,,,,
L022W15,L022,15,Step1_Model2_EQA_CH2,Step2_Model1_EQA_CH2,Step3_Model3_EQC_CH2,Step4_Model3_EQC_CH1,Step5_Model1_EQB_CH4,Step6_Model2_EQC_CH3,Step7_Model2_EQB_CH3,Step8_Model2_EQC_CH1,Step9_Model1_EQA_CH3,Step10_Model2_EQA_CH2,Step11_Model1_EQC_CH1,Step12_Model3_EQB_CH3,Step13_Model2_EQB_CH1,Step14_Model3_EQA_CH1,Step15_Model3_EQC_CH3,Step16_Model1_EQA_CH2,Step17_Model2_EQA_CH3,Step18_Model1_EQA_CH4,Step19_Model1_EQB_CH4,Step20_Model2_EQA_CH3,Step21_Model1_EQB_CH2,Step22_Model2_EQA_CH4,Step23_Model3_EQB_CH4,Step24_Model2_EQB_CH3,Step25_Model1_EQA_CH3,Step26_Model2_EQA_CH3,Step27_Model1_EQB_CH1,Step28_Model1_EQC_CH1,Step29_Model1_EQA_CH1,Step30_Model2_EQB_CH3,,,,,,,,,,,,,,,,,,,45.53,,,,,,,,,,,,,,,,,,,,59.27,,,,65.08,,,,,,,,,,,,,,,,,,,,,
L022W16,L022,16,Step1_Model2_EQA_CH2,Step2_Model1_EQA_CH4,Step3_Model3_EQC_CH1,Step4_Model3_EQC_CH2,Step5_Model1_EQB_CH3,Step6_Model2_EQC_CH1,Step7_Model2_EQB_CH3,Step8_Model2_EQC_CH2,Step9_Model1_EQA_CH1,Step10_Model2_EQA_CH1,Step11_Model1_EQC_CH1,Step12_Model3_EQB_CH1,Step13_Model2_EQB_CH2,Step14_Model3_EQA_CH1,Step15_Model3_EQC_CH4,Step16_Model1_EQA_CH4,Step17_Model2_EQA_CH3,Step18_Model1_EQA_CH1,Step19_Model1_EQB_CH4,Step20_Model2_EQA_CH4,Step21_Model1_EQB_CH4,Step22_Model2_EQA_CH2,Step23_Model3_EQB_CH1,Step24_Model2_EQB_CH2,Step25_Model1_EQA_CH2,Step26_Model2_EQA_CH4,Step27_Model1_EQB_CH4,Step28_Model1_EQC_CH3,Step29_Model1_EQA_CH1,Step30_Model2_EQB_CH1,36.1,,38.29,,,,,,,,,,36.01,,,,56.41,,,,,,,,,,,,,,,45.98,,47.86,,,,,,,,,,,,,,,,,,,,,,,,12,,,,,,
L022W17,L022,17,Step1_Model2_EQA_CH4,Step2_Model1_EQA_CH4,Step3_Model3_EQC_CH1,Step4_Model3_EQC_CH3,Step5_Model1_EQB_CH4,Step6_Model2_EQC_CH3,Step7_Model2_EQB_CH2,Step8_Model2_EQC_CH4,Step9_Model1_EQA_CH2,Step10_Model2_EQA_CH4,Step11_Model1_EQC_CH2,Step12_Model3_EQB_CH4,Step13_Model2_EQB_CH3,Step14_Model3_EQA_CH3,Step15_Model3_EQC_CH3,Step16_Model1_EQA_CH2,Step17_Model2_EQA_CH3,Step18_Model1_EQA_CH2,Step19_Model1_EQB_CH4,Step20_Model2_EQA_CH2,Step21_Model1_EQB_CH4,Step22_Model2_EQA_CH1,Step23_Model3_EQB_CH1,Step24_Model2_EQB_CH1,Step25_Model1_EQA_CH2,Step26_Model2_EQA_CH1,Step27_Model1_EQB_CH1,Step28_Model1_EQC_CH1,Step29_Model1_EQA_CH4,Step30_Model2_EQB_CH3,,,,45.79,,,,,,61.28,,,,,,,,,,,,39.74,46.32,45.45,,,,,,,,,,,,,,62.26,,,,,,,,,,,9,,,,,,,,,,,,,,,
L022W18,L022,18,Step1_Model2_EQA_CH2,Step2_Model1_EQA_CH1,Step3_Model3_EQC_CH4,Step4_Model3_EQC_CH3,Step5_Model1_EQB_CH3,Step6_Model2_EQC_CH3,Step7_Model2_EQB_CH4,Step8_Model2_EQC_CH1,Step9_Model1_EQA_CH3,Step10_Model2_EQA_CH4,Step11_Model1_EQC_CH4,Step12_Model3_EQB_CH2,Step13_Model2_EQB_CH4,Step14_Model3_EQA_CH3,Step15_Model3_EQC_CH3,Step16_Model1_EQA_CH4,Step17_Model2_EQA_CH3,Step18_Model1_EQA_CH4,Step19_Model1_EQB_CH3,Step20_Model2_EQA_CH2,Step21_Model1_EQB_CH1,Step22_Model2_EQA_CH2,Step23_Model3_EQB_CH2,Step24_Model2_EQB_CH1,Step25_Model1_EQA_CH3,Step26_Model2_EQA_CH1,Step27_Model1_EQB_CH4,Step28_Model1_EQC_CH1,Step29_Model1_EQA_CH2,Step30_Model2_EQB_CH1,,,,,,,,,,67.56,,,,,,,,,45.75,,,43.64,,,37.42,,,,,,,,,48.53,,,,,,,,,,,,,,,,,,,,,,,,,,,,,,
L022W19,L022,19,Step1_Model2_EQA_CH3,Step2_Model1_EQA_CH2,Step3_Model3_EQC_CH4,Step4_Model3_EQC_CH3,Step5_Model1_EQB_CH2,Step6_Model2_EQC_CH4,Step7_Model2_EQB_CH3,Step8_Model2_EQC_CH4,Step9_Model1_EQA_CH1,Step10_Model2_EQA_CH1,Step11_Model1_EQC_CH4,Step12_Model3_EQB_CH1,Step13_Model2_EQB_CH4,Step14_Model3_EQA_CH3,Step15_Model3_EQC_CH2,Step16_Model1_EQA_CH4,Step17_Model2_EQA_CH2,Step18_Model1_EQA_CH2,Step19_Model1_EQB_CH4,Step20_Model2_EQA_CH1,Step21_Model1_EQB_CH3,Step22_Model2_EQA_CH2,Step23_Model3_EQB_CH3,Step24_Model2_EQB_CH2,Step25_Model1_EQA_CH4,Step26_Model2_EQA_CH1,Step27_Model1_EQB_CH3,Step28_Model1_EQC_CH2,Step29_Model1_EQA_CH4,Step30_Model2_EQB_CH4,,,,,,,,,,,,,,35.11,,,,,,,,,,,,,,,,,,,,48.07,47.32,,,,,60.33,,,,,64.94,53.23,,,,,,,,11,,,,,,,,,,
L022W20,L022,20,Step1_Model2_EQA_CH2,Step2_Model1_EQA_CH2,Step3_Model3_EQC_CH2,Step4_Model3_EQC_CH1,Step5_Model1_EQB_CH2,Step6_Model2_EQC_CH2,Step7_Model2_EQB_CH1,Step8_Model2_EQC_CH4,Step9_Model1_EQA_CH2,Step10_Model2_EQA_CH3,Step11_Model1_EQC_CH4,Step12_Model3_EQB_CH3,Step13_Model2_EQB_CH2,Step14_Model3_EQA_CH1,Step15_Model3_EQC_CH1,Step16_Model1_EQA_CH1,Step17_Model2_EQA_CH2,Step18_Model1_EQA_CH2,Step19_Model1_EQB_CH3,Step20_Model2_EQA_CH1,Step21_Model1_EQB_CH2,Step22_Model2_EQA_CH4,Step23_Model3_EQB_CH2,Step24_Model2_EQB_CH2,Step25_Model1_EQA_CH4,Step26_Model2_EQA_CH1,Step27_Model1_EQB_CH4,Step28_Model1_EQC_CH1,Step29_Model1_EQA_CH4,Step30_Model2_EQB_CH3,,,,,,,,,62.75,,52.62,,37.67,,,,,,,,,,,,,,,,,,,46.53,,,,,,61.34,,,,,58.56,64.01,,,,,,,,,,,,,,,,,,,,
L022W21,L022,21,Step1_Model2_EQA_CH1,Step2_Model1_EQA_CH2,Step3_Model3_EQC_CH3,Step4_Model3_EQC_CH1,Step5_Model1_EQB_CH1,Step6_Model2_EQC_CH1,Step7_Model2_EQB_CH4,Step8_Model2_EQC_CH1,Step9_Model1_EQA_CH2,Step10_Model2_EQA_CH1,Step11_Model1_EQC_CH2,Step12_Model3_EQB_CH2,Step13_Model2_EQB_CH2,Step14_Model3_EQA_CH3,Step15_Model3_EQC_CH2,Step16_Model1_EQA_CH4,Step17_Model2_EQA_CH1,Step18_Model1_EQA_CH4,Step19_Model1_EQB_CH3,Step20_Model2_EQA_CH1,Step21_Model1_EQB_CH2,Step22_Model2_EQA_CH1,Step23_Model3_EQB_CH3,Step24_Model2_EQB_CH3,Step25_Model1_EQA_CH4,Step26_Model2_EQA_CH1,Step27_Model1_EQB_CH1,Step28_Model1_EQC_CH1,Step29_Model1_EQA_CH4,Step30_Model2_EQB_CH3,,,,,,,,,,,51.28,,43.63,,,62.5,,44.39,,,,,,,33.85,,,,,,,,,43.83,,,,,67.95,,41.67,,,,59.78,,49.71,,,,,,,,,,,,,,,,,
L022W22,L022,22,Step1_Model2_EQA_CH2,Step2_Model1_EQA_CH1,Step3_Model3_EQC_CH4,Step4_Model3_EQC_CH4,Step5_Model1_EQB_CH2,Step6_Model2_EQC_CH3,Step7_Model2_EQB_CH1,Step8_Model2_EQC_CH1,Step9_Model1_EQA_CH4,Step10_Model2_EQA_CH3,Step11_Model1_EQC_CH1,Step12_Model3_EQB_CH2,Step13_Model2_EQB_CH3,Step14_Model3_EQA_CH3,Step15_Model3_EQC_CH4,Step16_Model1_EQA_CH4,Step17_Model2_EQA_CH1,Step18_Model1_EQA_CH4,Step19_Model1_EQB_CH3,Step20_Model2_EQA_CH1,Step21_Model1_EQB_CH1,Step22_Model2_EQA_CH3,Step23_Model3_EQB_CH1,Step24_Model2_EQB_CH2,Step25_Model1_EQA_CH2,Step26_Model2_EQA_CH1,Step27_Model1_EQB_CH4,Step28_Model1_EQC_CH2,Step29_Model1_EQA_CH1,Step30_Model2_EQB_CH2,,,45.77,,51.85,,,,,,,,36.13,,,,,,,,,,35.32,37.12,,,,,59.37,,60.09,,,,38.73,,,,,,,57.21,66.78,,,,,,,,,,,,,,,,,,,,,
L022W23,L022,23,Step1_Model2_EQA_CH4,Step2_Model1_EQA_CH3,Step3_Model3_EQC_CH1,Step4_Model3_EQC_CH1,Step5_Model1_EQB_CH1,Step6_Model2_EQC_CH1,Step7_Model2_EQB_CH1,Step8_Model2_EQC_CH1,Step9_Model1_EQA_CH4,Step10_Model2_EQA_CH3,Step11_Model1_EQC_CH4,Step12_Model3_EQB_CH4,Step13_Model2_EQB_CH3,Step14_Model3_EQA_CH4,Step15_Model3_EQC_CH2,Step16_Model1_EQA_CH4,Step17_Model2_EQA_CH1,Step18_Model1_EQA_CH2,Step19_Model1_EQB_CH2,Step20_Model2_EQA_CH3,Step21_Model1_EQB_CH4,Step22_Model2_EQA_CH4,Step23_Model3_EQB_CH2,Step24_Model2_EQB_CH4,Step25_Model1_EQA_CH4,Step26_Model2_EQA_CH3,Step27_Model1_EQB_CH2,Step28_Model1_EQC_CH1,Step29_Model1_EQA_CH2,Step30_Model2_EQB_CH3,,34.43,,,43.4,,,,,,,,,,42.55,,,,43.64,,,,,,,,,,,,,,,,,,,,,63.13,32.02,,,,,,51.13,37.09,,,,,,,,,,,,,,,,
L022W24,L022,24,Step1_Model2_EQA_CH3,Step2_Model1_EQA_CH3,Step3_Model3_EQC_CH4,Step4_Model3_EQC_CH2,Step5_Model1_EQB_CH4,Step6_Model2_EQC_CH4,Step7_Model2_EQB_CH2,Step8_Model2_EQC_CH3,Step9_Model1_EQA_CH1,Step10_Model2_EQA_CH1,Step11_Model1_EQC_CH2,Step12_Model3_EQB_CH2,Step13_Model2_EQB_CH3,Step14_Model3_EQA_CH2,Step15_Model3_EQC_CH2,Step16_Model1_EQA_CH3,Step17_Model2_EQA_CH3,Step18_Model1_EQA_CH4,Step19_Model1_EQB_CH2,Step20_Model2_EQA_CH1,Step21_Model1_EQB_CH2,Step22_Model2_EQA_CH1,Step23_Model3_EQB_CH1,Step24_Model2_EQB_CH1,Step25_Model1_EQA_CH4,Step26_Model2_EQA_CH3,Step27_Model1_EQB_CH3,Step28_Model1_EQC_CH4,Step29_Model1_EQA_CH3,Step30_Model2_EQB_CH4,,,,45.73,,,,,,,,,,,,,60.22,,40.71,,,,,,35.23,,,,,,,,45,,,,,,,,42.28,,,,,,,,,,8,,,,,7,,,,,,,,
L022W25,L022,25,Step1_Model2_EQA_CH2,Step2_Model1_EQA_CH4,Step3_Model3_EQC_CH3,Step4_Model3_EQC_CH3,Step5_Model1_EQB_CH2,Step6_Model2_EQC_CH4,Step7_Model2_EQB_CH2,Step8_Model2_EQC_CH1,Step9_Model1_EQA_CH4,Step10_Model2_EQA_CH2,Step11_Model1_EQC_CH2,Step12_Model3_EQB_CH3,Step13_Model2_EQB_CH4,Step14_Model3_EQA_CH1,Step15_Model3_EQC_CH1,Step16_Model1_EQA_CH4,Step17_Model2_EQA_CH4,Step18_Model1_EQA_CH2,Step19_Model1_EQB_CH3,Step20_Model2_EQA_CH3,Step21_Model1_EQB_CH3,Step22_Model2_EQA_CH4,Step23_Model3_EQB_CH3,Step24_Model2_EQB_CH2,Step25_Model1_EQA_CH4,Step26_Model2_EQA_CH4,Step27_Model1_EQB_CH3,Step28_Model1_EQC_CH1,Step29_Model1_EQA_CH1,Step30_Model2_EQB_CH2,,,,,,51.88,,,65.76,,,,,,,,59.08,,,,,,,,,,,,,,,,,,,,,,,,33.26,54.03,,,,,,,,,,,,,,,,,,,,,,
L023W01,L023,1,Step1_Model3_EQC_CH2,Step2_Model3_EQC_CH1,Step3_Model2_EQC_CH4,Step4_Model2_EQC_CH1,Step5_Model3_EQA_CH4,Step6_Model2_EQA_CH4,Step7_Model2_EQC_CH4,Step8_Model3_EQB_CH4,Step9_Model1_EQB_CH1,Step10_Model2_EQC_CH3,Step11_Model1_EQB_CH4,Step12_Model1_EQA_CH2,Step13_Model2_EQA_CH4,Step14_Model3_EQC_CH1,Step15_Model3_EQC_CH4,Step16_Model1_EQC_CH2,Step17_Model2_EQC_CH1,Step18_Model2_EQB_CH4,Step19_Model3_EQC_CH2,Step20_Model1_EQB_CH1,Step21_Model3_EQA_CH4,Step22_Model3_EQC_CH2,Step23_Model3_EQB_CH1,Step24_Model3_EQA_CH4,Step25_Model3_EQC_CH1,Step26_Model1_EQA_CH2,Step27_Model2_EQB_CH4,Step28_Model2_EQB_CH4,Step29_Model1_EQC_CH4,Step30_Model3_EQC_CH2,,,,,,,,,,,,,,,,,,,,,,,56,,,,,,,45.8,,,,,,,,,60.96,,,61.89,,,,,50.03,,,,,,,,,,,,,,,,,
L023W02,L023,2,Step1_Model3_EQC_CH3,Step2_Model3_EQC_CH4,Step3_Model2_EQC_CH2,Step4_Model2_EQC_CH1,Step5_Model3_EQA_CH1,Step6_Model2_EQA_CH2,Step7_Model2_EQC_CH3,Step8_Model3_EQB_CH2,Step9_Model1_EQB_CH1,Step10_Model2_EQC_CH1,Step11_Model1_EQB_CH4,Step12_Model1_EQA_CH3,Step13_Model2_EQA_CH2,Step14_Model3_EQC_CH1,Step15_Model3_EQC_CH1,Step16_Model1_EQC_CH1,Step17_Model2_EQC_CH2,Step18_Model2_EQB_CH2,Step19_Model3_EQC_CH3,Step20_Model1_EQB_CH4,Step21_Model3_EQA_CH4,Step22_Model3_EQC_CH4,Step23_Model3_EQB_CH1,Step24_Model3_EQA_CH4,Step25_Model3_EQC_CH1,Step26_Model1_EQA_CH3,Step27_Model2_EQB_CH1,Step28_Model2_EQB_CH3,Step29_Model1_EQC_CH3,Step30_Model3_EQC_CH4,,,,,,,,63.6,,,,,,38.21,,,,,,39.5,32.8,,,,,,,64.48,61.36,,,,47.16,,37.89,,,,64.47,,,,,,,,,,,,,,,,,,,,,,,,,
L023W03,L023,3,Step1_Model3_EQC_CH4,Step2_Model3_EQC_CH1,Step3_Model2_EQC_CH2,Step4_Model2_EQC_CH4,Step5_Model3_EQA_CH4,Step6_Model2_EQA_CH2,Step7_Model2_EQC_CH2,Step8_Model3_EQB_CH4,Step9_Model1_EQB_CH2,Step10_Model2_EQC_CH1,Step11_Model1_EQB_CH3,Step12_Model1_EQA_CH3,Step13_Model2_EQA_CH4,Step14_Model3_EQC_CH4,Step15_Model3_EQC_CH1,Step16_Model1_EQC_CH2,Step17_Model2_EQC_CH4,Step18_Model2_EQB_CH3,Step19_Model3_EQC_CH1,Step20_Model1_EQB_CH1,Step21_Model3_EQA_CH2,Step22_Model3_EQC_CH4,Step23_Model3_EQB_CH4,Step24_Model3_EQA_CH1,Step25_Model3_EQC_CH3,Step26_Model1_EQA_CH4,Step27_Model2_EQB_CH3,Step28_Model2_EQB_CH1,Step29_Model1_EQC_CH4,Step30_Model3_EQC_CH3,,,,,,,,,,59.77,,,42.5,38.12,,60.53,,,,,,,41.93,33.82,,,,,,,57.87,,,,,,60.59,,,,,,,,,,50.54,36.87,,,,,,,,,,,,,,,,
L023W04,L023,4,Step1_Model3_EQC_CH1,Step2_Model3_EQC_CH3,Step3_Model2_EQC_CH4,Step4_Model2_EQC_CH2,Step5_Model3_EQA_CH3,Step6_Model2_EQA_CH2,Step7_Model2_EQC_CH4,Step8_Model3_EQB_CH2,Step9_Model1_EQB_CH1,Step10_Model2_EQC_CH2,Step11_Model1_EQB_CH3,Step12_Model1_EQA_CH3,Step13_Model2_EQA_CH2,Step14_Model3_EQC_CH1,Step15_Model3_EQC_CH4,Step16_Model1_EQC_CH2,Step17_Model2_EQC_CH3,Step18_Model2_EQB_CH3,Step19_Model3_EQC_CH2,Step20_Model1_EQB_CH2,Step21_Model3_EQA_CH2,Step22_Model3_EQC_CH4,Step23_Model3_EQB_CH3,Step24_Model3_EQA_CH3,Step25_Model3_EQC_CH3,Step26_Model1_EQA_CH4,Step27_Model2_EQB_CH1,Step28_Model2_EQB_CH3,Step29_Model1_EQC_CH3,Step30_Model3_EQC_CH1,,35.88,44.2,,,,,,,,,,,,,,,37.33,46.98,,,,,,,,,,57.09,,,,,,38.93,,,,,,,,,66.52,,,,,,,,,,,,,,10,,,,,,
L023W05,L023,5,Step1_Model3_EQC_CH4,Step2_Model3_EQC_CH1,Step3_Model2_EQC_CH1,Step4_Model2_EQC_CH1,Step5_Model3_EQA_CH1,Step6_Model2_EQA_CH4,Step7_Model2_EQC_CH4,Step8_Model3_EQB_CH1,Step9_Model1_EQB_CH2,Step10_Model2_EQC_CH2,Step11_Model1_EQB_CH2,Step12_Model1_EQA_CH2,Step13_Model2_EQA_CH3,Step14_Model3_EQC_CH4,Step15_Model3_EQC_CH4,Step16_Model1_EQC_CH1,Step17_Model2_EQC_CH3,Step18_Model2_EQB_CH1,Step19_Model3_EQC_CH1,Step20_Model1_EQB_CH4,Step21_Model3_EQA_CH3,Step22_Model3_EQC_CH2,Step23_Model3_EQB_CH4,Step24_Model3_EQA_CH3,Step25_Model3_EQC_CH3,Step26_Model1_EQA_CH4,Step27_Model2_EQB_CH4,Step28_Model2_EQB_CH1,Step29_Model1_EQC_CH1,Step30_Model3_EQC_CH1,,,,,,48.84,,,,62.89,54.84,,,,,,,,43.54,,,39.85,38.9,,,,30.98,69.78,,,,36.88,,,,61.54,,,,,,,,,,,,,,,,,,,,,10,,,,,,,
L023W06,L023,6,Step1_Model3_EQC_CH2,Step2_Model3_EQC_CH4,Step3_Model2_EQC_CH3,Step4_Model2_EQC_CH4,Step5_Model3_EQA_CH3,Step6_Model2_EQA_CH2,Step7_Model2_EQC_CH4,Step8_Model3_EQB_CH3,Step9_Model1_EQB_CH3,Step10_Model2_EQC_CH1,Step11_Model1_EQB_CH2,Step12_Model1_EQA_CH4,Step13_Model2_EQA_CH1,Step14_Model3_EQC_CH2,Step15_Model3_EQC_CH1,Step16_Model1_EQC_CH4,Step17_Model2_EQC_CH3,Step18_Model2_EQB_CH4,Step19_Model3_EQC_CH2,Step20_Model1_EQB_CH4,Step21_Model3_EQA_CH2,Step22_Model3_EQC_CH1,Step23_Model3_EQB_CH2,Step24_Model3_EQA_CH3,Step25_Model3_EQC_CH3,Step26_Model1_EQA_CH3,Step27_Model2_EQB_CH1,Step28_Model2_EQB_CH2,Step29_Model1_EQC_CH1,Step30_Model3_EQC_CH4,,,45.55,,,,58.44,,62.22,,55.96,,,,45.5,,59.28,44.03,,,,,,,36.93,,37.21,55.66,,,,,,,,60.47,64.55,,,,,,,,54.84,,50.7,,,,,,,,,,,,,,,,,
L023W07,L023,7,Step1_Model3_EQC_CH4,Step2_Model3_EQC_CH4,Step3_Model2_EQC_CH4,Step4_Model2_EQC_CH3,Step5_Model3_EQA_CH2,Step6_Model2_EQA_CH3,Step7_Model2_EQC_CH2,Step8_Model3_EQB_CH2,Step9_Model1_EQB_CH1,Step10_Model2_EQC_CH4,Step11_Model1_EQB_CH2,Step12_Model1_EQA_CH4,Step13_Model2_EQA_CH4,Step14_Model3_EQC_CH4,Step15_Model3_EQC_CH3,Step16_Model1_EQC_CH4,Step17_Model2_EQC_CH2,Step18_Model2_EQB_CH3,Step19_Model3_EQC_CH4,Step20_Model1_EQB_CH1,Step21_Model3_EQA_CH4,Step22_Model3_EQC_CH4,Step23_Model3_EQB_CH3,Step24_Model3_EQA_CH2,Step25_Model3_EQC_CH4,Step26_Model1_EQA_CH3,Step27_Model2_EQB_CH3,Step28_Model2_EQB_CH2,Step29_Model1_EQC_CH3,Step30_Model3_EQC_CH2,,,,,41.73,,,,,,,,,,,,,,,,,,,,,59.43,36.1,66.61,,,,,,,44.84,,56.66,,,,39.9,,,,,,,,,,,,,,12,,,,,,,,,
L023W08,L023,8,Step1_Model3_EQC_CH1,Step2_Model3_EQC_CH4,Step3_Model2_EQC_CH3,Step4_Model2_EQC_CH1,Step5_Model3_EQA_CH3,Step6_Model2_EQA_CH3,Step7_Model2_EQC_CH1,Step8_Model3_EQB_CH3,Step9_Model1_EQB_CH3,Step10_Model2_EQC_CH1,Step11_Model1_EQB_CH3,Step12_Model1_EQA_CH2,Step13_Model2_EQA_CH3,Step14_Model3_EQC_CH4,Step15_Model3_EQC_CH3,Step16_Model1_EQC_CH4,Step17_Model2_EQC_CH4,Step18_Model2_EQB_CH3,Step19_Model3_EQC_CH1,Step20_Model1_EQB_CH2,Step21_Model3_EQA_CH2,Step22_Model3_EQC_CH3,Step23_Model3_EQB_CH1,Step24_Model3_EQA_CH1,Step25_Model3_EQC_CH2,Step26_Model1_EQA_CH1,Step27_Model2_EQB_CH3,Step28_Model2_EQB_CH3,Step29_Model1_EQC_CH1,Step30_Model3_EQC_CH3,,,,,,51.09,67.45,,58.84,,,,,,48.85,,,,,,,,,,,,,,,,,,,,,,,,,,37.16,,,56.66,,,,33.74,,,,,,,,,,,,,,,,
L023W09,L023,9,Step1_Model3_EQC_CH4,Step2_Model3_EQC_CH2,Step3_Model2_EQC_CH3,Step4_Model2_EQC_CH1,Step5_Model3_EQA_CH2,Step6_Model2_EQA_CH3,Step7_Model2_EQC_CH2,Step8_Model3_EQB_CH1,Step9_Model1_EQB_CH4,Step10_Model2_EQC_CH4,Step11_Model1_EQB_CH3,Step12_Model1_EQA_CH4,Step13_Model2_EQA_CH3,Step14_Model3_EQC_CH2,Step15_Model3_EQC_CH3,Step16_Model1_EQC_CH3,Step17_Model2_EQC_CH3,Step18_Model2_EQB_CH4,Step19_Model3_EQC_CH3,Step20_Model1_EQB_CH1,Step21_Model3_EQA_CH3,Step22_Model3_EQC_CH2,Step23_Model3_EQB_CH1,Step24_Model3_EQA_CH2,Step25_Model3_EQC_CH2,Step26_Model1_EQA_CH2,Step27_Model2_EQB_CH1,Step28_Model2_EQB_CH1,Step29_Model1_EQC_CH4,Step30_Model3_EQC_CH1,,,,,,,,,,,,,,,,,,,,42.83,,,,,,,,,,48.93,55.73,32.45,,43.46,,,,,,,,,,,,,,,,,,,,,,,,,,,,,,
L023W10,L023,10,Step1_Model3_EQC_CH3,Step2_Model3_EQC_CH2,Step3_Model2_EQC_CH4,Step4_Model2_EQC_CH1,Step5_Model3_EQA_CH2,Step6_Model2_EQA_CH1,Step7_Model2_EQC_CH4,Step8_Model3_EQB_CH1,Step9_Model1_EQB_CH1,Step10_Model2_EQC_CH2,Step11_Model1_EQB_CH3,Step12_Model1_EQA_CH1,Step13_Model2_EQA_CH4,Step14_Model3_EQC_CH1,Step15_Model3_EQC_CH1,Step16_Model1_EQC_CH3,Step17_Model2_EQC_CH2,Step18_Model2_EQB_CH4,Step19_Model3_EQC_CH2,Step20_Model1_EQB_CH2,Step21_Model3_EQA_CH2,Step22_Model3_EQC_CH1,Step23_Model3_EQB_CH3,Step24_Model3_EQA_CH1,Step25_Model3_EQC_CH4,Step26_Model1_EQA_CH3,Step27_Model2_EQB_CH2,Step28_Model2_EQB_CH3,Step29_Model1_EQC_CH4,Step30_Model3_EQC_CH1,,,41.31,,,,,,,63.76,,,,,,,,,,44.17,,,,,,62.1,28.74,,,43.57,,,,,,62.48,,,,,36.4,,,,,,,,,,10,,,,,,,,,,,,,
L023W11,L023,11,Step1_Model3_EQC_CH1,Step2_Model3_EQC_CH2,Step3_Model2_EQC_CH1,Step4_Model2_EQC_CH1,Step5_Model3_EQA_CH4,Step6_Model2_EQA_CH3,Step7_Model2_EQC_CH1,Step8_Model3_EQB_CH4,Step9_Model1_EQB_CH4,Step10_Model2_EQC_CH2,Step11_Model1_EQB_CH4,Step12_Model1_EQA_CH2,Step13_Model2_EQA_CH1,Step14_Model3_EQC_CH2,Step15_Model3_EQC_CH4,Step16_Model1_EQC_CH3,Step17_Model2_EQC_CH3,Step18_Model2_EQB_CH1,Step19_Model3_EQC_CH1,Step20_Model1_EQB_CH3,Step21_Model3_EQA_CH2,Step22_Model3_EQC_CH1,Step23_Model3_EQB_CH4,Step24_Model3_EQA_CH1,Step25_Model3_EQC_CH2,Step26_Model1_EQA_CH1,Step27_Model2_EQB_CH4,Step28_Model2_EQB_CH4,Step29_Model1_EQC_CH4,Step30_Model3_EQC_CH2,,,44.15,,,,65.7,,,,,43.42,38.3,41.58,,,,,,,,,,,,,31.34,,,,,,,,,,,,,,,,61.92,,,,,,,,,,,,,,,,,,,,,
L023W12,L023,12,Step1_Model3_EQC_CH2,Step2_Model3_EQC_CH4,Step3_Model2_EQC_CH4,Step4_Model2_EQC_CH2,Step5_Model3_EQA_CH2,Step6_Model2_EQA_CH2,Step7_Model2_EQC_CH3,Step8_Model3_EQB_CH2,Step9_Model1_EQB_CH4,Step10_Model2_EQC_CH3,Step11_Model1_EQB_CH2,Step12_Model1_EQA_CH4,Step13_Model2_EQA_CH1,Step14_Model3_EQC_CH3,Step15_Model3_EQC_CH4,Step16_Model1_EQC_CH1,Step17_Model2_EQC_CH4,Step18_Model2_EQB_CH2,Step19_Model3_EQC_CH2,Step20_Model1_EQB_CH1,Step21_Model3_EQA_CH2,Step22_Model3_EQC_CH4,Step23_Model3_EQB_CH1,Step24_Model3_EQA_CH4,Step25_Model3_EQC_CH4,Step26_Model1_EQA_CH4,Step27_Model2_EQB_CH2,Step28_Model2_EQB_CH2,Step29_Model1_EQC_CH4,Step30_Model3_EQC_CH3,,,42.81,,,,,,,,,35.65,,39.14,,,,,,,,,39.73,,,,,,59.86,,,,,,,,,,,,,,,59.3,,,49.7,,,,,,,,,,,,,,,,,
L023W13,L023,13,Step1_Model3_EQC_CH4,Step2_Model3_EQC_CH4,Step3_Model2_EQC_CH1,Step4_Model2_EQC_CH4,Step5_Model3_EQA_CH2,Step6_Model2_EQA_CH1,Step7_Model2_EQC_CH3,Step8_Model3_EQB_CH1,Step9_Model1_EQB_CH3,Step10_Model2_EQC_CH1,Step11_Model1_EQB_CH1,Step12_Model1_EQA_CH3,Step13_Model2_EQA_CH2,Step14_Model3_EQC_CH2,Step15_Model3_EQC_CH2,Step16_Model1_EQC_CH1,Step17_Model2_EQC_CH4,Step18_Model2_EQB_CH1,Step19_Model3_EQC_CH4,Step20_Model1_EQB_CH4,Step21_Model3_EQA_CH2,Step22_Model3_EQC_CH4,Step23_Model3_EQB_CH1,Step24_Model3_EQA_CH1,Step25_Model3_EQC_CH2,Step26_Model1_EQA_CH3,Step27_Model2_EQB_CH1,Step28_Model2_EQB_CH4,Step29_Model1_EQC_CH1,Step30_Model3_EQC_CH1,,,,,,,,,,,,,39.37,,,60.82,58.9,41.69,,46.46,37.43,28.46,,,44.42,,,,,,,,48.21,,,,,,60.84,,41.22,,,,,,,,,,,,,,,8,,,,,,,,
L023W14,L023,14,Step1_Model3_EQC_CH1,Step2_Model3_EQC_CH3,Step3_Model2_EQC_CH4,Step4_Model2_EQC_CH2,Step5_Model3_EQA_CH1,Step6_Model2_EQA_CH4,Step7_Model2_EQC_CH4,Step8_Model3_EQB_CH2,Step9_Model1_EQB_CH1,Step10_Model2_EQC_CH3,Step11_Model1_EQB_CH4,Step12_Model1_EQA_CH2,Step13_Model2_EQA_CH3,Step14_Model3_EQC_CH4,Step15_Model3_EQC_CH1,Step16_Model1_EQC_CH4,Step17_Model2_EQC_CH3,Step18_Model2_EQB_CH3,Step19_Model3_EQC_CH1,Step20_Model1_EQB_CH1,Step21_Model3_EQA_CH2,Step22_Model3_EQC_CH1,Step23_Model3_EQB_CH2,Step24_Model3_EQA_CH3,Step25_Model3_EQC_CH3,Step26_Model1_EQA_CH4,Step27_Model2_EQB_CH4,Step28_Model2_EQB_CH2,Step29_Model1_EQC_CH1,Step30_Model3_EQC_CH1,,37.01,,,,51.53,,,,,55.25,,,,,,,,,,,,35.49,,,,31.71,,,,,,,,,,,,,61.94,,,,59.25,,,56.61,,,,,,,,,,,,,,,,,
L023W15,L023,15,Step1_Model3_EQC_CH4,Step2_Model3_EQC_CH3,Step3_Model2_EQC_CH2,Step4_Model2_EQC_CH3,Step5_Model3_EQA_CH3,Step6_Model2_EQA_CH1,Step7_Model2_EQC_CH2,Step8_Model3_EQB_CH3,Step9_Model1_EQB_CH4,Step10_Model2_EQC_CH4,Step11_Model1_EQB_CH1,Step12_Model1_EQA_CH4,Step13_Model2_EQA_CH4,Step14_Model3_EQC_CH3,Step15_Model3_EQC_CH4,Step16_Model1_EQC_CH4,Step17_Model2_EQC_CH3,Step18_Model2_EQB_CH1,Step19_Model3_EQC_CH1,Step20_Model1_EQB_CH2,Step21_Model3_EQA_CH4,Step22_Model3_EQC_CH3,Step23_Model3_EQB_CH2,Step24_Model3_EQA_CH1,Step25_Model3_EQC_CH1,Step26_Model1_EQA_CH3,Step27_Model2_EQB_CH2,Step28_Model2_EQB_CH2,Step29_Model1_EQC_CH3,Step30_Model3_EQC_CH3,,40.08,,,,,,,,,,40.95,40.27,,47.75,,,,43.96,,,,,,,,,,,46.75,,,,,,,,,,,,,60.34,,,51.36,50.82,,,,,,11,,,,,,,,,,,
L023W16,L023,16,Step1_Model3_EQC_CH2,Step2_Model3_EQC_CH1,Step3_Model2_EQC_CH4,Step4_Model2_EQC_CH1,Step5_Model3_EQA_CH3,Step6_Model2_EQA_CH2,Step7_Model2_EQC_CH2,Step8_Model3_EQB_CH4,Step9_Model1_EQB_CH2,Step10_Model2_EQC_CH4,Step11_Model1_EQB_CH1,Step12_Model1_EQA_CH1,Step13_Model2_EQA_CH2,Step14_Model3_EQC_CH2,Step15_Model3_EQC_CH3,Step16_Model1_EQC_CH3,Step17_Model2_EQC_CH2,Step18_Model2_EQB_CH2,Step19_Model3_EQC_CH1,Step20_Model1_EQB_CH2,Step21_Model3_EQA_CH3,Step22_Model3_EQC_CH1,Step23_Model3_EQB_CH4,Step24_Model3_EQA_CH3,Step25_Model3_EQC_CH3,Step26_Model1_EQA_CH1,Step27_Model2_EQB_CH4,Step28_Model2_EQB_CH3,Step29_Model1_EQC_CH2,Step30_Model3_EQC_CH3,39.24,,,,,,65.72,,,,,,,33.67,,,,,,,,39.54,,,,,32.19,,,,,,,,,,,,,,,,60.04,,,,,,,,,,,,,,,,,,,,,
L023W17,L023,17,Step1_Model3_EQC_CH1,Step2_Model3_EQC_CH1,Step3_Model2_EQC_CH1,Step4_Model2_EQC_CH3,Step5_Model3_EQA_CH4,Step6_Model2_EQA_CH2,Step7_Model2_EQC_CH1,Step8_Model3_EQB_CH4,Step9_Model1_EQB_CH2,Step10_Model2_EQC_CH1,Step11_Model1_EQB_CH2,Step12_Model1_EQA_CH2,Step13_Model2_EQA_CH4,Step14_Model3_EQC_CH2,Step15_Model3_EQC_CH1,Step16_Model1_EQC_CH4,Step17_Model2_EQC_CH3,Step18_Model2_EQB_CH3,Step19_Model3_EQC_CH4,Step20_Model1_EQB_CH3,Step21_Model3_EQA_CH2,Step22_Model3_EQC_CH1,Step23_Model3_EQB_CH2,Step24_Model3_EQA_CH4,Step25_Model3_EQC_CH1,Step26_Model1_EQA_CH4,Step27_Model2_EQB_CH4,Step28_Model2_EQB_CH4,Step29_Model1_EQC_CH2,Step30_Model3_EQC_CH1,,,,,,,,,,,,,,,,,,,,,,,,37.11,,,,,,,,,,,,54.23,,,59.7,,,,,57.82,,,55.52,,,,,,,,,,,,,,,,,
L023W18,L023,18,Step1_Model3_EQC_CH1,Step2_Model3_EQC_CH1,Step3_Model2_EQC_CH2,Step4_Model2_EQC_CH3,Step5_Model3_EQA_CH2,Step6_Model2_EQA_CH2,Step7_Model2_EQC_CH4,Step8_Model3_EQB_CH1,Step9_Model1_EQB_CH1,Step10_Model2_EQC_CH3,Step11_Model1_EQB_CH3,Step12_Model1_EQA_CH4,Step13_Model2_EQA_CH1,Step14_Model3_EQC_CH3,Step15_Model3_EQC_CH3,Step16_Model1_EQC_CH1,Step17_Model2_EQC_CH2,Step18_Model2_EQB_CH3,Step19_Model3_EQC_CH1,Step20_Model1_EQB_CH3,Step21_Model3_EQA_CH4,Step22_Model3_EQC_CH3,Step23_Model3_EQB_CH1,Step24_Model3_EQA_CH3,Step25_Model3_EQC_CH4,Step26_Model1_EQA_CH4,Step27_Model2_EQB_CH3,Step28_Model2_EQB_CH3,Step29_Model1_EQC_CH4,Step30_Model3_EQC_CH4,,,,,,,,64.26,,61.79,,,40.3,,,,,,,,,,,,,,,,,45.25,60.74,,,,,,,67.8,,,,,64.41,,,,,,,,,,,,,,,,,,,,,
L023W19,L023,19,Step1_Model3_EQC_CH2,Step2_Model3_EQC_CH2,Step3_Model2_EQC_CH4,Step4_Model2_EQC_CH3,Step5_Model3_EQA_CH1,Step6_Model2_EQA_CH3,Step7_Model2_EQC_CH3,Step8_Model3_EQB_CH2,Step9_Model1_EQB_CH2,Step10_Model2_EQC_CH2,Step11_Model1_EQB_CH4,Step12_Model1_EQA_CH4,Step13_Model2_EQA_CH3,Step14_Model3_EQC_CH3,Step15_Model3_EQC_CH1,Step16_Model1_EQC_CH3,Step17_Model2_EQC_CH3,Step18_Model2_EQB_CH2,Step19_Model3_EQC_CH2,Step20_Model1_EQB_CH2,Step21_Model3_EQA_CH2,Step22_Model3_EQC_CH2,Step23_Model3_EQB_CH1,Step24_Model3_EQA_CH1,Step25_Model3_EQC_CH1,Step26_Model1_EQA_CH2,Step27_Model2_EQB_CH4,Step28_Model2_EQB_CH2,Step29_Model1_EQC_CH2,Step30_Model3_EQC_CH1,,,,,,,,,,65.27,,,,,,,,,43.42,,,,,,,,,,,,,47.06,,,,,,,,,,,,,60.15,,,,,,,,,,,,,,,,,,,
L023W20,L023,20,Step1_Model3_EQC_CH2,Step2_Model3_EQC_CH1,Step3_Model2_EQC_CH2,Step4_Model2_EQC_CH3,Step5_Model3_EQA_CH4,Step6_Model2_EQA_CH4,Step7_Model2_EQC_CH1,Step8_Model3_EQB_CH3,Step9_Model1_EQB_CH4,Step10_Model2_EQC_CH1,Step11_Model1_EQB_CH2,Step12_Model1_EQA_CH2,Step13_Model2_EQA_CH3,Step14_Model3_EQC_CH4,Step15_Model3_EQC_CH2,Step16_Model1_EQC_CH1,Step17_Model2_EQC_CH2,Step18_Model2_EQB_CH2,Step19_Model3_EQC_CH4,Step20_Model1_EQB_CH4,Step21_Model3_EQA_CH1,Step22_Model3_EQC_CH3,Step23_Model3_EQB_CH3,Step24_Model3_EQA_CH2,Step25_Model3_EQC_CH1,Step26_Model1_EQA_CH3,Step27_Model2_EQB_CH3,Step28_Model2_EQB_CH2,Step29_Model1_EQC_CH1,Step30_Model3_EQC_CH3,,,,,,,57.19,62.32,,,,36.37,,,,,,35.19,,,,33.11,,,,58.47,,,,,,,,,50.12,54.96,,,,68.93,,,62.35,,,,,,,,,,,,,8,,,,,,,,
L023W21,L023,21,Step1_Model3_EQC_CH4,Step2_Model3_EQC_CH4,Step3_Model2_EQC_CH2,Step4_Model2_EQC_CH2,Step5_Model3_EQA_CH2,Step6_Model2_EQA_CH2,Step7_Model2_EQC_CH3,Step8_Model3_EQB_CH1,Step9_Model1_EQB_CH2,Step10_Model2_EQC_CH2,Step11_Model1_EQB_CH3,Step12_Model1_EQA_CH2,Step13_Model2_EQA_CH2,Step14_Model3_EQC_CH1,Step15_Model3_EQC_CH4,Step16_Model1_EQC_CH2,Step17_Model2_EQC_CH3,Step18_Model2_EQB_CH1,Step19_Model3_EQC_CH3,Step20_Model1_EQB_CH1,Step21_Model3_EQA_CH1,Step22_Model3_EQC_CH2,Step23_Model3_EQB_CH2,Step24_Model3_EQA_CH2,Step25_Model3_EQC_CH4,Step26_Model1_EQA_CH4,Step27_Model2_EQB_CH3,Step28_Model2_EQB_CH2,Step29_Model1_EQC_CH4,Step30_Model3_EQC_CH2,,34.3,,,,,,,,,,,33.99,,,,61.28,,,,,,,40.4,,,,53.9,,,,,,,,56.07,,,,65.97,,,,,,,,,,,,,9,,,,,,,,,,,
L023W22,L023,22,Step1_Model3_EQC_CH4,Step2_Model3_EQC_CH4,Step3_Model2_EQC_CH1,Step4_Model2_EQC_CH2,Step5_Model3_EQA_CH2,Step6_Model2_EQA_CH4,Step7_Model2_EQC_CH2,Step8_Model3_EQB_CH4,Step9_Model1_EQB_CH2,Step10_Model2_EQC_CH1,Step11_Model1_EQB_CH2,Step12_Model1_EQA_CH1,Step13_Model2_EQA_CH3,Step14_Model3_EQC_CH2,Step15_Model3_EQC_CH2,Step16_Model1_EQC_CH2,Step17_Model2_EQC_CH1,Step18_Model2_EQB_CH2,Step19_Model3_EQC_CH2,Step20_Model1_EQB_CH4,Step21_Model3_EQA_CH3,Step22_Model3_EQC_CH1,Step23_Model3_EQB_CH4,Step24_Model3_EQA_CH1,Step25_Model3_EQC_CH4,Step26_Model1_EQA_CH3,Step27_Model2_EQB_CH4,Step28_Model2_EQB_CH1,Step29_Model1_EQC_CH2,Step30_Model3_EQC_CH2,,,,,,,,,,,,,,,,,,,,,,,,,36.9,,,58.32,,45.95,,,,49.61,,,,,,,32.95,,,,56.75,,,,,,,,,,,,,,,,,,,
L023W23,L023,23,Step1_Model3_EQC_CH3,Step2_Model3_EQC_CH1,Step3_Model2_EQC_CH1,Step4_Model2_EQC_CH1,Step5_Model3_EQA_CH3,Step6_Model2_EQA_CH2,Step7_Model2_EQC_CH4,Step8_Model3_EQB_CH3,Step9_Model1_EQB_CH4,Step10_Model2_EQC_CH2,Step11_Model1_EQB_CH3,Step12_Model1_EQA_CH2,Step13_Model2_EQA_CH4,Step14_Model3_EQC_CH1,Step15_Model3_EQC_CH1,Step16_Model1_EQC_CH4,Step17_Model2_EQC_CH1,Step18_Model2_EQB_CH4,Step19_Model3_EQC_CH3,Step20_Model1_EQB_CH3,Step21_Model3_EQA_CH3,Step22_Model3_EQC_CH1,Step23_Model3_EQB_CH2,Step24_Model3_EQA_CH1,Step25_Model3_EQC_CH1,Step26_Model1_EQA_CH2,Step27_Model2_EQB_CH2,Step28_Model2_EQB_CH2,Step29_Model1_EQC_CH2,Step30_Model3_EQC_CH1,37.57,,,,,,60.83,,,,,,,42.95,,,,,,,42.06,,,,,,,,59.02,,,,,,,,,62.31,,61.97,,,,,,,,,,,,,,,,,,,,,,,,
L023W24,L023,24,Step1_Model3_EQC_CH4,Step2_Model3_EQC_CH3,Step3_Model2_EQC_CH4,Step4_Model2_EQC_CH1,Step5_Model3_EQA_CH2,Step6_Model2_EQA_CH3,Step7_Model2_EQC_CH3,Step8_Model3_EQB_CH4,Step9_Model1_EQB_CH1,Step10_Model2_EQC_CH1,Step11_Model1_EQB_CH1,Step12_Model1_EQA_CH3,Step13_Model2_EQA_CH4,Step14_Model3_EQC_CH3,Step15_Model3_EQC_CH3,Step16_Model1_EQC_CH2,Step17_Model2_EQC_CH4,Step18_Model2_EQB_CH2,Step19_Model3_EQC_CH1,Step20_Model1_EQB_CH3,Step21_Model3_EQA_CH4,Step22_Model3_EQC_CH1,Step23_Model3_EQB_CH4,Step24_Model3_EQA_CH3,Step25_Model3_EQC_CH4,Step26_Model1_EQA_CH1,Step27_Model2_EQB_CH2,Step28_Model2_EQB_CH3,Step29_Model1_EQC_CH2,Step30_Model3_EQC_CH3,,,,29.25,43.58,50.82,,,,,57.19,36.69,43.91,,,,,,,,,,,,,,,,55.52,44.99,57.31,,,,,,,,59.65,,39.03,,,57.14,,,,,4,,,,,,,,,,,,,,,
L023W25,L023,25,Step1_Model3_EQC_CH1,Step2_Model3_EQC_CH3,Step3_Model2_EQC_CH2,Step4_Model2_EQC_CH3,Step5_Model3_EQA_CH1,Step6_Model2_EQA_CH3,Step7_Model2_EQC_CH2,Step8_Model3_EQB_CH1,Step9_Model1_EQB_CH2,Step10_Model2_EQC_CH3,Step11_Model1_EQB_CH4,Step12_Model1_EQA_CH2,Step13_Model2_EQA_CH3,Step14_Model3_EQC_CH4,Step15_Model3_EQC_CH4,Step16_Model1_EQC_CH1,Step17_Model2_EQC_CH4,Step18_Model2_EQB_CH2,Step19_Model3_EQC_CH2,Step20_Model1_EQB_CH4,Step21_Model3_EQA_CH3,Step22_Model3_EQC_CH2,Step23_Model3_EQB_CH2,Step24_Model3_EQA_CH1,Step25_Model3_EQC_CH3,Step26_Model1_EQA_CH4,Step27_Model2_EQB_CH3,Step28_Model2_EQB_CH1,Step29_Model1_EQC_CH1,Step30_Model3_EQC_CH3,,,,,,,67.52,,,58.38,,,,,,,61.24,,,,38.25,,,,,,,,,,61.8,,,,,,,,60.78,,,,,,,,,,,,,,,,,,,,,,,,,
L024W01,L024,1,Step1_Model1_EQA_CH4,Step2_Model1_EQC_CH2,Step3_Model1_EQB_CH3,Step4_Model2_EQC_CH3,Step5_Model1_EQB_CH1,Step6_Model3_EQB_CH2,Step7_Model1_EQC_CH4,Step8_Model2_EQC_CH1,Step9_Model2_EQB_CH3,Step10_Model1_EQA_CH2,Step11_Model2_EQC_CH3,Step12_Model3_EQA_CH1,Step13_Model2_EQA_CH3,Step14_Model2_EQB_CH2,Step15_Model1_EQC_CH2,Step16_Model1_EQB_CH1,Step17_Model1_EQC_CH2,Step18_Model3_EQB_CH3,Step19_Model1_EQC_CH3,Step20_Model1_EQC_CH4,Step21_Model2_EQB_CH4,Step22_Model1_EQB_CH4,Step23_Model3_EQB_CH3,Step24_Model3_EQC_CH3,Step25_Model2_EQC_CH1,Step26_Model3_EQA_CH4,Step27_Model1_EQA_CH3,Step28_Model2_EQA_CH1,Step29_Model3_EQB_CH3,Step30_Model2_EQB_CH1,,,,,,54.02,,66.11,,,,,,,,,58.69,,43.49,,,42.01,,,39.11,,,,,,,,,,,,,60.1,,63.45,40,,,,,,67.35,38.13,,,,,10,,,,,,,,,,,
L024W02,L024,2,Step1_Model1_EQA_CH4,Step2_Model1_EQC_CH4,Step3_Model1_EQB_CH4,Step4_Model2_EQC_CH3,Step5_Model1_EQB_CH3,Step6_Model3_EQB_CH1,Step7_Model1_EQC_CH2,Step8_Model2_EQC_CH2,Step9_Model2_EQB_CH4,Step10_Model1_EQA_CH2,Step11_Model2_EQC_CH4,Step12_Model3_EQA_CH1,Step13_Model2_EQA_CH2,Step14_Model2_EQB_CH2,Step15_Model1_EQC_CH4,Step16_Model1_EQB_CH1,Step17_Model1_EQC_CH2,Step18_Model3_EQB_CH2,Step19_Model1_EQC_CH2,Step20_Model1_EQC_CH1,Step21_Model2_EQB_CH1,Step22_Model1_EQB_CH2,Step23_Model3_EQB_CH4,Step24_Model3_EQC_CH4,Step25_Model2_EQC_CH2,Step26_Model3_EQA_CH1,Step27_Model1_EQA_CH2,Step28_Model2_EQA_CH1,Step29_Model3_EQB_CH2,Step30_Model2_EQB_CH1,,,,35.93,,,,,65.54,,,,,,45.74,,,,,,,,,,,,,,,,,,,,,,,,,,,59.1,,,,,,,,,,,,,5,,7,,,,,,,
L024W03,L024,3,Step1_Model1_EQA_CH3,Step2_Model1_EQC_CH4,Step3_Model1_EQB_CH3,Step4_Model2_EQC_CH4,Step5_Model1_EQB_CH1,Step6_Model3_EQB_CH3,Step7_Model1_EQC_CH4,Step8_Model2_EQC_CH2,Step9_Model2_EQB_CH1,Step10_Model1_EQA_CH1,Step11_Model2_EQC_CH2,Step12_Model3_EQA_CH2,Step13_Model2_EQA_CH4,Step14_Model2_EQB_CH1,Step15_Model1_EQC_CH4,Step16_Model1_EQB_CH2,Step17_Model1_EQC_CH1,Step18_Model3_EQB_CH2,Step19_Model1_EQC_CH4,Step20_Model1_EQC_CH4,Step21_Model2_EQB_CH4,Step22_Model1_EQB_CH1,Step23_Model3_EQB_CH2,Step24_Model3_EQC_CH2,Step25_Model2_EQC_CH4,Step26_Model3_EQA_CH4,Step27_Model1_EQA_CH4,Step28_Model2_EQA_CH4,Step29_Model3_EQB_CH3,Step30_Model2_EQB_CH3,,,38.26,,,,,63.28,,,55.17,,,,,,,,,,,,,,,,,,,,,,43.73,,,,,66,,,,61.03,,,,,,37.55,,,,,8,,,,,,,,,,,
L024W04,L024,4,Step1_Model1_EQA_CH3,Step2_Model1_EQC_CH4,Step3_Model1_EQB_CH4,Step4_Model2_EQC_CH2,Step5_Model1_EQB_CH1,Step6_Model3_EQB_CH2,Step7_Model1_EQC_CH3,Step8_Model2_EQC_CH2,Step9_Model2_EQB_CH4,Step10_Model1_EQA_CH3,Step11_Model2_EQC_CH3,Step12_Model3_EQA_CH1,Step13_Model2_EQA_CH1,Step14_Model2_EQB_CH3,Step15_Model1_EQC_CH3,Step16_Model1_EQB_CH2,Step17_Model1_EQC_CH3,Step18_Model3_EQB_CH4,Step19_Model1_EQC_CH2,Step20_Model1_EQC_CH4,Step21_Model2_EQB_CH4,Step22_Model1_EQB_CH4,Step23_Model3_EQB_CH3,Step24_Model3_EQC_CH1,Step25_Model2_EQC_CH1,Step26_Model3_EQA_CH4,Step27_Model1_EQA_CH3,Step28_Model2_EQA_CH2,Step29_Model3_EQB_CH4,Step30_Model2_EQB_CH2,,,,,,,,,,,,,,,,,,,,44.58,,42.46,,37.89,,,,,,,,,,,42.44,,,,,,32.81,60.67,,,,,,,,,,,,,,,,,,,,,,
L024W05,L024,5,Step1_Model1_EQA_CH2,Step2_Model1_EQC_CH3,Step3_Model1_EQB_CH3,Step4_Model2_EQC_CH1,Step5_Model1_EQB_CH1,Step6_Model3_EQB_CH3,Step7_Model1_EQC_CH4,Step8_Model2_EQC_CH1,Step9_Model2_EQB_CH2,Step10_Model1_EQA_CH4,Step11_Model2_EQC_CH2,Step12_Model3_EQA_CH3,Step13_Model2_EQA_CH2,Step14_Model2_EQB_CH4,Step15_Model1_EQC_CH3,Step16_Model1_EQB_CH4,Step17_Model1_EQC_CH2,Step18_Model3_EQB_CH4,Step19_Model1_EQC_CH3,Step20_Model1_EQC_CH2,Step21_Model2_EQB_CH2,Step22_Model1_EQB_CH1,Step23_Model3_EQB_CH1,Step24_Model3_EQC_CH4,Step25_Model2_EQC_CH1,Step26_Model3_EQA_CH1,Step27_Model1_EQA_CH1,Step28_Model2_EQA_CH1,Step29_Model3_EQB_CH3,Step30_Model2_EQB_CH3,,,42.58,44.3,,,67.14,,,,,,,,48.09,,,,,,,,,,,,,,59.84,,,47.68,,,,59.34,,,,,,,,,,39.19,,,,,,11,,,,6,,,,,,,,
L024W06,L024,6,Step1_Model1_EQA_CH1,Step2_Model1_EQC_CH4,Step3_Model1_EQB_CH3,Step4_Model2_EQC_CH1,Step5_Model1_EQB_CH3,Step6_Model3_EQB_CH2,Step7_Model1_EQC_CH3,Step8_Model2_EQC_CH3,Step9_Model2_EQB_CH4,Step10_Model1_EQA_CH3,Step11_Model2_EQC_CH4,Step12_Model3_EQA_CH2,Step13_Model2_EQA_CH1,Step14_Model2_EQB_CH4,Step15_Model1_EQC_CH3,Step16_Model1_EQB_CH3,Step17_Model1_EQC_CH4,Step18_Model3_EQB_CH2,Step19_Model1_EQC_CH1,Step20_Model1_EQC_CH3,Step21_Model2_EQB_CH2,Step22_Model1_EQB_CH1,Step23_Model3_EQB_CH1,Step24_Model3_EQC_CH3,Step25_Model2_EQC_CH4,Step26_Model3_EQA_CH3,Step27_Model1_EQA_CH3,Step28_Model2_EQA_CH3,Step29_Model3_EQB_CH2,Step30_Model2_EQB_CH4,,33.47,,,,,,,,68.65,,42.58,,41.77,,,,,,,,,36.52,,,,,56.85,,,,47.02,,,44.07,,,,,,,,,,,,,35.17,,,,,,,,,,,,,,,,
L024W07,L024,7,Step1_Model1_EQA_CH2,Step2_Model1_EQC_CH3,Step3_Model1_EQB_CH4,Step4_Model2_EQC_CH1,Step5_Model1_EQB_CH4,Step6_Model3_EQB_CH3,Step7_Model1_EQC_CH4,Step8_Model2_EQC_CH1,Step9_Model2_EQB_CH1,Step10_Model1_EQA_CH4,Step11_Model2_EQC_CH1,Step12_Model3_EQA_CH2,Step13_Model2_EQA_CH4,Step14_Model2_EQB_CH1,Step15_Model1_EQC_CH1,Step16_Model1_EQB_CH4,Step17_Model1_EQC_CH2,Step18_Model3_EQB_CH4,Step19_Model1_EQC_CH1,Step20_Model1_EQC_CH4,Step21_Model2_EQB_CH1,Step22_Model1_EQB_CH3,Step23_Model3_EQB_CH4,Step24_Model3_EQC_CH4,Step25_Model2_EQC_CH1,Step26_Model3_EQA_CH1,Step27_Model1_EQA_CH1,Step28_Model2_EQA_CH1,Step29_Model3_EQB_CH4,Step30_Model2_EQB_CH1,,,,,39.23,,,,,,,,54.03,40.59,45.67,,,,,,,,,,,,,,,,,,,,,,,,,,,,,,,,,,,,,,,,,,,,,,,,,
L024W08,L024,8,Step1_Model1_EQA_CH4,Step2_Model1_EQC_CH2,Step3_Model1_EQB_CH4,Step4_Model2_EQC_CH1,Step5_Model1_EQB_CH1,Step6_Model3_EQB_CH2,Step7_Model1_EQC_CH4,Step8_Model2_EQC_CH2,Step9_Model2_EQB_CH4,Step10_Model1_EQA_CH1,Step11_Model2_EQC_CH4,Step12_Model3_EQA_CH1,Step13_Model2_EQA_CH1,Step14_Model2_EQB_CH3,Step15_Model1_EQC_CH3,Step16_Model1_EQB_CH4,Step17_Model1_EQC_CH1,Step18_Model3_EQB_CH2,Step19_Model1_EQC_CH1,Step20_Model1_EQC_CH2,Step21_Model2_EQB_CH4,Step22_Model1_EQB_CH4,Step23_Model3_EQB_CH2,Step24_Model3_EQC_CH2,Step25_Model2_EQC_CH1,Step26_Model3_EQA_CH4,Step27_Model1_EQA_CH1,Step28_Model2_EQA_CH2,Step29_Model3_EQB_CH3,Step30_Model2_EQB_CH3,,,,,,,,,66.41,,,,,,,,,,,,,,,,,,,,,,63.55,,,,49.68,,,,,,37.44,,,,,,,,,,10,,,,,,,,,,,,,
L024W09,L024,9,Step1_Model1_EQA_CH3,Step2_Model1_EQC_CH2,Step3_Model1_EQB_CH1,Step4_Model2_EQC_CH4,Step5_Model1_EQB_CH2,Step6_Model3_EQB_CH3,Step7_Model1_EQC_CH1,Step8_Model2_EQC_CH4,Step9_Model2_EQB_CH4,Step10_Model1_EQA_CH2,Step11_Model2_EQC_CH2,Step12_Model3_EQA_CH4,Step13_Model2_EQA_CH4,Step14_Model2_EQB_CH3,Step15_Model1_EQC_CH4,Step16_Model1_EQB_CH2,Step17_Model1_EQC_CH1,Step18_Model3_EQB_CH3,Step19_Model1_EQC_CH3,Step20_Model1_EQC_CH4,Step21_Model2_EQB_CH1,Step22_Model1_EQB_CH3,Step23_Model3_EQB_CH2,Step24_Model3_EQC_CH4,Step25_Model2_EQC_CH2,Step26_Model3_EQA_CH4,Step27_Model1_EQA_CH3,Step28_Model2_EQA_CH4,Step29_Model3_EQB_CH1,Step30_Model2_EQB_CH2,,,,,33.94,,67.35,,,,53.59,,,,,,,,,,,,,,,,,65.52,,,,,,,,,,,,,,,,,,,,,6,,,,,,,,,,,,,,,
L024W10,L024,10,Step1_Model1_EQA_CH1,Step2_Model1_EQC_CH2,Step3_Model1_EQB_CH2,Step4_Model2_EQC_CH4,Step5_Model1_EQB_CH3,Step6_Model3_EQB_CH3,Step7_Model1_EQC_CH1,Step8_Model2_EQC_CH4,Step9_Model2_EQB_CH3,Step10_Model1_EQA_CH2,Step11_Model2_EQC_CH2,Step12_Model3_EQA_CH4,Step13_Model2_EQA_CH1,Step14_Model2_EQB_CH4,Step15_Model1_EQC_CH1,Step16_Model1_EQB_CH4,Step17_Model1_EQC_CH2,Step18_Model3_EQB_CH4,Step19_Model1_EQC_CH3,Step20_Model1_EQC_CH3,Step21_Model2_EQB_CH4,Step22_Model1_EQB_CH1,Step23_Model3_EQB_CH1,Step24_Model3_EQC_CH2,Step25_Model2_EQC_CH2,Step26_Model3_EQA_CH1,Step27_Model1_EQA_CH4,Step28_Model2_EQA_CH2,Step29_Model3_EQB_CH1,Step30_Model2_EQB_CH1,,,,,,,,,61.87,,,,37.93,,,,,,,,,,40.45,36.69,36.35,,,,,,,42.83,,,,57.87,,,,,40.01,,,,,,,,10,,,,,,,,,,,,,,,
L024W11,L024,11,Step1_Model1_EQA_CH4,Step2_Model1_EQC_CH3,Step3_Model1_EQB_CH1,Step4_Model2_EQC_CH2,Step5_Model1_EQB_CH4,Step6_Model3_EQB_CH4,Step7_Model1_EQC_CH4,Step8_Model2_EQC_CH3,Step9_Model2_EQB_CH3,Step10_Model1_EQA_CH2,Step11_Model2_EQC_CH2,Step12_Model3_EQA_CH4,Step13_Model2_EQA_CH2,Step14_Model2_EQB_CH1,Step15_Model1_EQC_CH3,Step16_Model1_EQB_CH4,Step17_Model1_EQC_CH4,Step18_Model3_EQB_CH1,Step19_Model1_EQC_CH1,Step20_Model1_EQC_CH1,Step21_Model2_EQB_CH1,Step22_Model1_EQB_CH4,Step23_Model3_EQB_CH3,Step24_Model3_EQC_CH3,Step25_Model2_EQC_CH1,Step26_Model3_EQA_CH2,Step27_Model1_EQA_CH4,Step28_Model2_EQA_CH3,Step29_Model3_EQB_CH1,Step30_Model2_EQB_CH2,,,,,,,,,,,,38.61,38.98,,,65.01,56.34,,,,,,,41.38,,,,,,,,,,,,,,,64.55,,,,,59.23,,,,,,,,,,,,,8,,,,,,,
L024W12,L024,12,Step1_Model1_EQA_CH2,Step2_Model1_EQC_CH1,Step3_Model1_EQB_CH4,Step4_Model2_EQC_CH3,Step5_Model1_EQB_CH2,Step6_Model3_EQB_CH3,Step7_Model1_EQC_CH3,Step8_Model2_EQC_CH2,Step9_Model2_EQB_CH1,Step10_Model1_EQA_CH2,Step11_Model2_EQC_CH2,Step12_Model3_EQA_CH4,Step13_Model2_EQA_CH3,Step14_Model2_EQB_CH1,Step15_Model1_EQC_CH3,Step16_Model1_EQB_CH2,Step17_Model1_EQC_CH1,Step18_Model3_EQB_CH1,Step19_Model1_EQC_CH1,Step20_Model1_EQC_CH1,Step21_Model2_EQB_CH4,Step22_Model1_EQB_CH1,Step23_Model3_EQB_CH2,Step24_Model3_EQC_CH4,Step25_Model2_EQC_CH2,Step26_Model3_EQA_CH2,Step27_Model1_EQA_CH3,Step28_Model2_EQA_CH1,Step29_Model3_EQB_CH1,Step30_Model2_EQB_CH2,38.16,,,,,,,,,61.75,57.75,,,,,,,,,,,,,,,,,,,,,,,,,67.57,,,,,37.55,56.03,,60.97,,,,,,,,,,,,,,,,,,,,
L024W13,L024,13,Step1_Model1_EQA_CH1,Step2_Model1_EQC_CH4,Step3_Model1_EQB_CH3,Step4_Model2_EQC_CH1,Step5_Model1_EQB_CH1,Step6_Model3_EQB_CH4,Step7_Model1_EQC_CH3,Step8_Model2_EQC_CH4,Step9_Model2_EQB_CH2,Step10_Model1_EQA_CH2,Step11_Model2_EQC_CH1,Step12_Model3_EQA_CH3,Step13_Model2_EQA_CH2,Step14_Model2_EQB_CH4,Step15_Model1_EQC_CH2,Step16_Model1_EQB_CH2,Step17_Model1_EQC_CH4,Step18_Model3_EQB_CH1,Step19_Model1_EQC_CH3,Step20_Model1_EQC_CH1,Step21_Model2_EQB_CH4,Step22_Model1_EQB_CH2,Step23_Model3_EQB_CH3,Step24_Model3_EQC_CH1,Step25_Model2_EQC_CH4,Step26_Model3_EQA_CH2,Step27_Model1_EQA_CH2,Step28_Model2_EQA_CH1,Step29_Model3_EQB_CH4,Step30_Model2_EQB_CH2,,,36.5,,,,,,,,,42.3,,,,,,,40.41,,,,,37.43,,60.71,,,63.11,,,,,47.07,,,,,,61.66,,,,,,,,37.91,,,,,,,,,,,,,,,,
L024W14,L024,14,Step1_Model1_EQA_CH2,Step2_Model1_EQC_CH3,Step3_Model1_EQB_CH2,Step4_Model2_EQC_CH1,Step5_Model1_EQB_CH4,Step6_Model3_EQB_CH4,Step7_Model1_EQC_CH3,Step8_Model2_EQC_CH4,Step9_Model2_EQB_CH1,Step10_Model1_EQA_CH2,Step11_Model2_EQC_CH3,Step12_Model3_EQA_CH4,Step13_Model2_EQA_CH3,Step14_Model2_EQB_CH3,Step15_Model1_EQC_CH4,Step16_Model1_EQB_CH3,Step17_Model1_EQC_CH4,Step18_Model3_EQB_CH1,Step19_Model1_EQC_CH4,Step20_Model1_EQC_CH2,Step21_Model2_EQB_CH4,Step22_Model1_EQB_CH2,Step23_Model3_EQB_CH3,Step24_Model3_EQC_CH4,Step25_Model2_EQC_CH2,Step26_Model3_EQA_CH4,Step27_Model1_EQA_CH4,Step28_Model2_EQA_CH4,Step29_Model3_EQB_CH1,Step30_Model2_EQB_CH2,,,,,,49.84,,65.69,,,,,,,,,,,,50.21,,,,,,,,56.28,,,,,,,,,55.86,,,,,,,,,55.69,,40.84,,,,,,,,,,,,,,,,
L024W15,L024,15,Step1_Model1_EQA_CH1,Step2_Model1_EQC_CH1,Step3_Model1_EQB_CH2,Step4_Model2_EQC_CH4,Step5_Model1_EQB_CH1,Step6_Model3_EQB_CH1,Step7_Model1_EQC_CH1,Step8_Model2_EQC_CH4,Step9_Model2_EQB_CH1,Step10_Model1_EQA_CH3,Step11_Model2_EQC_CH2,Step12_Model3_EQA_CH3,Step13_Model2_EQA_CH4,Step14_Model2_EQB_CH1,Step15_Model1_EQC_CH2,Step16_Model1_EQB_CH1,Step17_Model1_EQC_CH4,Step18_Model3_EQB_CH2,Step19_Model1_EQC_CH3,Step20_Model1_EQC_CH2,Step21_Model2_EQB_CH1,Step22_Model1_EQB_CH2,Step23_Model3_EQB_CH4,Step24_Model3_EQC_CH4,Step25_Model2_EQC_CH2,Step26_Model3_EQA_CH4,Step27_Model1_EQA_CH4,Step28_Model2_EQA_CH4,Step29_Model3_EQB_CH3,Step30_Model2_EQB_CH1,,,46.63,,42.61,,,,,,48.47,,,38.17,,,,,,,41.81,,,,,,,,57.8,,,,,,,,,46.75,61.28,,,,,,,,,,,,,,,,,,,,,,,,,
L024W16,L024,16,Step1_Model1_EQA_CH4,Step2_Model1_EQC_CH2,Step3_Model1_EQB_CH4,Step4_Model2_EQC_CH3,Step5_Model1_EQB_CH2,Step6_Model3_EQB_CH1,Step7_Model1_EQC_CH2,Step8_Model2_EQC_CH2,Step9_Model2_EQB_CH2,Step10_Model1_EQA_CH2,Step11_Model2_EQC_CH4,Step12_Model3_EQA_CH1,Step13_Model2_EQA_CH4,Step14_Model2_EQB_CH3,Step15_Model1_EQC_CH3,Step16_Model1_EQB_CH2,Step17_Model1_EQC_CH4,Step18_Model3_EQB_CH4,Step19_Model1_EQC_CH1,Step20_Model1_EQC_CH1,Step21_Model2_EQB_CH1,Step22_Model1_EQB_CH4,Step23_Model3_EQB_CH1,Step24_Model3_EQC_CH1,Step25_Model2_EQC_CH1,Step26_Model3_EQA_CH2,Step27_Model1_EQA_CH3,Step28_Model2_EQA_CH3,Step29_Model3_EQB_CH4,Step30_Model2_EQB_CH4,,,,46.3,,48.37,,57.25,,,,,,,41.7,,,,,44.01,37.06,37.45,33.98,32.83,,,,,,,,,,,49.19,,,,,,,,55.86,61.06,,,,,,,,,,,9,,17,,,,,,,
L024W17,L024,17,Step1_Model1_EQA_CH2,Step2_Model1_EQC_CH3,Step3_Model1_EQB_CH1,Step4_Model2_EQC_CH1,Step5_Model1_EQB_CH4,Step6_Model3_EQB_CH3,Step7_Model1_EQC_CH4,Step8_Model2_EQC_CH4,Step9_Model2_EQB_CH1,Step10_Model1_EQA_CH1,Step11_Model2_EQC_CH3,Step12_Model3_EQA_CH4,Step13_Model2_EQA_CH2,Step14_Model2_EQB_CH3,Step15_Model1_EQC_CH4,Step16_Model1_EQB_CH3,Step17_Model1_EQC_CH3,Step18_Model3_EQB_CH3,Step19_Model1_EQC_CH2,Step20_Model1_EQC_CH2,Step21_Model2_EQB_CH1,Step22_Model1_EQB_CH1,Step23_Model3_EQB_CH4,Step24_Model3_EQC_CH3,Step25_Model2_EQC_CH4,Step26_Model3_EQA_CH1,Step27_Model1_EQA_CH2,Step28_Model2_EQA_CH1,Step29_Model3_EQB_CH4,Step30_Model2_EQB_CH1,,,,,,,,,69.83,,49.91,,,34.2,,,,,,,,,,,,,,,,,,,,,,67.27,,64.71,,,,,,,,57.61,,,,,,,,,,,,,,,,,,
L024W18,L024,18,Step1_Model1_EQA_CH4,Step2_Model1_EQC_CH4,Step3_Model1_EQB_CH4,Step4_Model2_EQC_CH4,Step5_Model1_EQB_CH1,Step6_Model3_EQB_CH4,Step7_Model1_EQC_CH4,Step8_Model2_EQC_CH3,Step9_Model2_EQB_CH4,Step10_Model1_EQA_CH1,Step11_Model2_EQC_CH4,Step12_Model3_EQA_CH2,Step13_Model2_EQA_CH2,Step14_Model2_EQB_CH4,Step15_Model1_EQC_CH2,Step16_Model1_EQB_CH2,Step17_Model1_EQC_CH1,Step18_Model3_EQB_CH3,Step19_Model1_EQC_CH2,Step20_Model1_EQC_CH2,Step21_Model2_EQB_CH3,Step22_Model1_EQB_CH3,Step23_Model3_EQB_CH2,Step24_Model3_EQC_CH4,Step25_Model2_EQC_CH2,Step26_Model3_EQA_CH4,Step27_Model1_EQA_CH4,Step28_Model2_EQA_CH4,Step29_Model3_EQB_CH3,Step30_Model2_EQB_CH2,,33.69,,,45.42,47.24,63.59,,,,,41.99,,,44.24,,,,44.96,,32.23,,,,,60.52,,,,,56.58,,,,,,,67.53,,,,,58.47,,,,,,,12,,,,,8,,,,,,,,,
L024W19,L024,19,Step1_Model1_EQA_CH2,Step2_Model1_EQC_CH1,Step3_Model1_EQB_CH3,Step4_Model2_EQC_CH1,Step5_Model1_EQB_CH1,Step6_Model3_EQB_CH4,Step7_Model1_EQC_CH3,Step8_Model2_EQC_CH1,Step9_Model2_EQB_CH2,Step10_Model1_EQA_CH1,Step11_Model2_EQC_CH3,Step12_Model3_EQA_CH2,Step13_Model2_EQA_CH2,Step14_Model2_EQB_CH2,Step15_Model1_EQC_CH4,Step16_Model1_EQB_CH2,Step17_Model1_EQC_CH4,Step18_Model3_EQB_CH4,Step19_Model1_EQC_CH1,Step20_Model1_EQC_CH1,Step21_Model2_EQB_CH2,Step22_Model1_EQB_CH3,Step23_Model3_EQB_CH2,Step24_Model3_EQC_CH1,Step25_Model2_EQC_CH2,Step26_Model3_EQA_CH1,Step27_Model1_EQA_CH2,Step28_Model2_EQA_CH3,Step29_Model3_EQB_CH2,Step30_Model2_EQB_CH3,,36.48,,,,,,,,,,,,,,,,43.26,,,,,,37.77,35.25,,41.1,,,,,,,48.55,,,,,,,,,,,54.34,,,39.77,,,,,,,,20,,10,,,,,,
L024W20,L024,20,Step1_Model1_EQA_CH3,Step2_Model1_EQC_CH2,Step3_Model1_EQB_CH3,Step4_Model2_EQC_CH3,Step5_Model1_EQB_CH1,Step6_Model3_EQB_CH1,Step7_Model1_EQC_CH3,Step8_Model2_EQC_CH4,Step9_Model2_EQB_CH2,Step10_Model1_EQA_CH3,Step11_Model2_EQC_CH2,Step12_Model3_EQA_CH1,Step13_Model2_EQA_CH2,Step14_Model2_EQB_CH3,Step15_Model1_EQC_CH3,Step16_Model1_EQB_CH3,Step17_Model1_EQC_CH3,Step18_Model3_EQB_CH4,Step19_Model1_EQC_CH4,Step20_Model1_EQC_CH4,Step21_Model2_EQB_CH3,Step22_Model1_EQB_CH4,Step23_Model3_EQB_CH2,Step24_Model3_EQC_CH3,Step25_Model2_EQC_CH1,Step26_Model3_EQA_CH3,Step27_Model1_EQA_CH2,Step28_Model2_EQA_CH4,Step29_Model3_EQB_CH3,Step30_Model2_EQB_CH4,,,,,47.85,,,,,,,,,,,,,,49.28,,45.55,,,,45.12,,,,,,,42.36,,,,,60.46,63.24,,,,,,,63.08,,,,,,,12,,,,,,,,,,,,
L024W21,L024,21,Step1_Model1_EQA_CH3,Step2_Model1_EQC_CH2,Step3_Model1_EQB_CH3,Step4_Model2_EQC_CH4,Step5_Model1_EQB_CH4,Step6_Model3_EQB_CH2,Step7_Model1_EQC_CH3,Step8_Model2_EQC_CH1,Step9_Model2_EQB_CH3,Step10_Model1_EQA_CH2,Step11_Model2_EQC_CH1,Step12_Model3_EQA_CH2,Step13_Model2_EQA_CH3,Step14_Model2_EQB_CH1,Step15_Model1_EQC_CH2,Step16_Model1_EQB_CH4,Step17_Model1_EQC_CH1,Step18_Model3_EQB_CH1,Step19_Model1_EQC_CH2,Step20_Model1_EQC_CH4,Step21_Model2_EQB_CH1,Step22_Model1_EQB_CH2,Step23_Model3_EQB_CH1,Step24_Model3_EQC_CH1,Step25_Model2_EQC_CH1,Step26_Model3_EQA_CH4,Step27_Model1_EQA_CH3,Step28_Model2_EQA_CH3,Step29_Model3_EQB_CH4,Step30_Model2_EQB_CH4,38.75,,,,,,58.32,,,,,42.88,,,46.91,,,,,,,,,,,,,56.78,,,,,,,45.34,,,,,,,54.83,,,,,,,,,,,,,,,,6,,,,,,
L024W22,L024,22,Step1_Model1_EQA_CH2,Step2_Model1_EQC_CH1,Step3_Model1_EQB_CH4,Step4_Model2_EQC_CH2,Step5_Model1_EQB_CH3,Step6_Model3_EQB_CH3,Step7_Model1_EQC_CH3,Step8_Model2_EQC_CH3,Step9_Model2_EQB_CH2,Step10_Model1_EQA_CH1,Step11_Model2_EQC_CH2,Step12_Model3_EQA_CH1,Step13_Model2_EQA_CH3,Step14_Model2_EQB_CH4,Step15_Model1_EQC_CH4,Step16_Model1_EQB_CH4,Step17_Model1_EQC_CH1,Step18_Model3_EQB_CH3,Step19_Model1_EQC_CH2,Step20_Model1_EQC_CH4,Step21_Model2_EQB_CH1,Step22_Model1_EQB_CH4,Step23_Model3_EQB_CH2,Step24_Model3_EQC_CH3,Step25_Model2_EQC_CH2,Step26_Model3_EQA_CH3,Step27_Model1_EQA_CH3,Step28_Model2_EQA_CH3,Step29_Model3_EQB_CH4,Step30_Model2_EQB_CH2,,,,,45.07,,,,,,,,,,,,,,,,,,,,46.08,,,51.82,,,61.36,,,,,,,,,,37.4,,,,57.48,,,,,,,,,,,,,,,,,,,
L024W23,L024,23,Step1_Model1_EQA_CH4,Step2_Model1_EQC_CH2,Step3_Model1_EQB_CH1,Step4_Model2_EQC_CH1,Step5_Model1_EQB_CH2,Step6_Model3_EQB_CH2,Step7_Model1_EQC_CH2,Step8_Model2_EQC_CH2,Step9_Model2_EQB_CH3,Step10_Model1_EQA_CH4,Step11_Model2_EQC_CH3,Step12_Model3_EQA_CH4,Step13_Model2_EQA_CH4,Step14_Model2_EQB_CH4,Step15_Model1_EQC_CH3,Step16_Model1_EQB_CH2,Step17_Model1_EQC_CH3,Step18_Model3_EQB_CH3,Step19_Model1_EQC_CH4,Step20_Model1_EQC_CH1,Step21_Model2_EQB_CH1,Step22_Model1_EQB_CH3,Step23_Model3_EQB_CH4,Step24_Model3_EQC_CH3,Step25_Model2_EQC_CH3,Step26_Model3_EQA_CH2,Step27_Model1_EQA_CH4,Step28_Model2_EQA_CH1,Step29_Model3_EQB_CH1,Step30_Model2_EQB_CH1,,35.65,,,,49.45,,,80.6,,,,,,47.52,,,,,,,,,,,,,,58.06,44.34,,,,45.44,,,,52.38,,,,,,,,,,,,,,,,,,11,,,,,,,,
L024W24,L024,24,Step1_Model1_EQA_CH3,Step2_Model1_EQC_CH4,Step3_Model1_EQB_CH2,Step4_Model2_EQC_CH1,Step5_Model1_EQB_CH4,Step6_Model3_EQB_CH1,Step7_Model1_EQC_CH2,Step8_Model2_EQC_CH4,Step9_Model2_EQB_CH3,Step10_Model1_EQA_CH3,Step11_Model2_EQC_CH1,Step12_Model3_EQA_CH1,Step13_Model2_EQA_CH4,Step14_Model2_EQB_CH2,Step15_Model1_EQC_CH1,Step16_Model1_EQB_CH4,Step17_Model1_EQC_CH2,Step18_Model3_EQB_CH1,Step19_Model1_EQC_CH1,Step20_Model1_EQC_CH4,Step21_Model2_EQB_CH1,Step22_Model1_EQB_CH3,Step23_Model3_EQB_CH2,Step24_Model3_EQC_CH2,Step25_Model2_EQC_CH3,Step26_Model3_EQA_CH4,Step27_Model1_EQA_CH3,Step28_Model2_EQA_CH3,Step29_Model3_EQB_CH2,Step30_Model2_EQB_CH4,,,42.11,46.29,,,,,,,,43.85,,41.79,,,,45.26,,,,,37.09,,,,,,,,,,,,,,,65.78,,65.07,,,47.36,,60.3,,,,,,,,,,,,,,,,,,,
L024W25,L024,25,Step1_Model1_EQA_CH1,Step2_Model1_EQC_CH3,Step3_Model1_EQB_CH3,Step4_Model2_EQC_CH4,Step5_Model1_EQB_CH3,Step6_Model3_EQB_CH4,Step7_Model1_EQC_CH1,Step8_Model2_EQC_CH4,Step9_Model2_EQB_CH1,Step10_Model1_EQA_CH4,Step11_Model2_EQC_CH3,Step12_Model3_EQA_CH1,Step13_Model2_EQA_CH3,Step14_Model2_EQB_CH1,Step15_Model1_EQC_CH4,Step16_Model1_EQB_CH4,Step17_Model1_EQC_CH4,Step18_Model3_EQB_CH2,Step19_Model1_EQC_CH2,Step20_Model1_EQC_CH1,Step21_Model2_EQB_CH2,Step22_Model1_EQB_CH4,Step23_Model3_EQB_CH2,Step24_Model3_EQC_CH2,Step25_Model2_EQC_CH3,Step26_Model3_EQA_CH1,Step27_Model1_EQA_CH1,Step28_Model2_EQA_CH1,Step29_Model3_EQB_CH2,Step30_Model2_EQB_CH4,,36.17,,41.91,,,,,,60.14,,,,,,,,,42.47,,,,,,,,,,,,,,,,51.15,,,,,,,57.88,,,60.3,46.51,,,,,,,,,,,,,,,,,,
L025W01,L025,1,Step1_Model3_EQA_CH2,Step2_Model2_EQC_CH4,Step3_Model3_EQA_CH1,Step4_Model1_EQB_CH3,Step5_Model1_EQB_CH1,Step6_Model3_EQC_CH2,Step7_Model3_EQC_CH2,Step8_Model1_EQA_CH4,Step9_Model2_EQB_CH2,Step10_Model2_EQB_CH3,Step11_Model2_EQC_CH4,Step12_Model3_EQC_CH3,Step13_Model2_EQC_CH1,Step14_Model3_EQC_CH3,Step15_Model3_EQA_CH3,Step16_Model2_EQB_CH2,Step17_Model1_EQC_CH1,Step18_Model3_EQC_CH2,Step19_Model2_EQB_CH1,Step20_Model2_EQB_CH1,Step21_Model2_EQA_CH3,Step22_Model2_EQC_CH2,Step23_Model2_EQA_CH3,Step24_Model3_EQA_CH3,Step25_Model3_EQB_CH3,Step26_Model1_EQC_CH1,Step27_Model2_EQC_CH2,Step28_Model1_EQA_CH2,Step29_Model1_EQA_CH3,Step30_Model2_EQC_CH1,42.24,,,44.89,41.54,50.51,,,,,,,,,,,,43.98,,,43.84,38.31,,41.13,,,52.15,,,,,,40.99,,,,,58.83,,61.85,,,66.65,,,,,,,,,,,,,,,,,,,,,
L025W02,L025,2,Step1_Model3_EQA_CH2,Step2_Model2_EQC_CH4,Step3_Model3_EQA_CH2,Step4_Model1_EQB_CH3,Step5_Model1_EQB_CH4,Step6_Model3_EQC_CH1,Step7_Model3_EQC_CH4,Step8_Model1_EQA_CH4,Step9_Model2_EQB_CH3,Step10_Model2_EQB_CH2,Step11_Model2_EQC_CH1,Step12_Model3_EQC_CH4,Step13_Model2_EQC_CH3,Step14_Model3_EQC_CH2,Step15_Model3_EQA_CH4,Step16_Model2_EQB_CH3,Step17_Model1_EQC_CH3,Step18_Model3_EQC_CH3,Step19_Model2_EQB_CH1,Step20_Model2_EQB_CH2,Step21_Model2_EQA_CH4,Step22_Model2_EQC_CH2,Step23_Model2_EQA_CH2,Step24_Model3_EQA_CH4,Step25_Model3_EQB_CH2,Step26_Model1_EQC_CH1,Step27_Model2_EQC_CH4,Step28_Model1_EQA_CH4,Step29_Model1_EQA_CH3,Step30_Model2_EQC_CH2,,,,,,,,,,,,,,41.65,,,,,,,,,36.96,,40.96,,,,57.75,,62.76,,,,,,,,,,,,,54.79,,,,,,,,,,,,,,,,,,,,
L025W03,L025,3,Step1_Model3_EQA_CH4,Step2_Model2_EQC_CH4,Step3_Model3_EQA_CH1,Step4_Model1_EQB_CH3,Step5_Model1_EQB_CH4,Step6_Model3_EQC_CH1,Step7_Model3_EQC_CH4,Step8_Model1_EQA_CH4,Step9_Model2_EQB_CH4,Step10_Model2_EQB_CH1,Step11_Model2_EQC_CH2,Step12_Model3_EQC_CH4,Step13_Model2_EQC_CH4,Step14_Model3_EQC_CH2,Step15_Model3_EQA_CH4,Step16_Model2_EQB_CH3,Step17_Model1_EQC_CH4,Step18_Model3_EQC_CH3,Step19_Model2_EQB_CH2,Step20_Model2_EQB_CH1,Step21_Model2_EQA_CH2,Step22_Model2_EQC_CH4,Step23_Model2_EQA_CH3,Step24_Model3_EQA_CH1,Step25_Model3_EQB_CH4,Step26_Model1_EQC_CH1,Step27_Model2_EQC_CH1,Step28_Model1_EQA_CH4,Step29_Model1_EQA_CH2,Step30_Model2_EQC_CH4,,,,,44,,,,,,,,,,,,,,43.18,,,,,,37.12,,,,,,63.73,,,,,,61.81,,,,,58.15,,,,,,36.41,,,,,11,,,11,,,,,,,,
L025W04,L025,4,Step1_Model3_EQA_CH4,Step2_Model2_EQC_CH2,Step3_Model3_EQA_CH3,Step4_Model1_EQB_CH4,Step5_Model1_EQB_CH1,Step6_Model3_EQC_CH4,Step7_Model3_EQC_CH4,Step8_Model1_EQA_CH1,Step9_Model2_EQB_CH2,Step10_Model2_EQB_CH3,Step11_Model2_EQC_CH3,Step12_Model3_EQC_CH1,Step13_Model2_EQC_CH2,Step14_Model3_EQC_CH4,Step15_Model3_EQA_CH4,Step16_Model2_EQB_CH4,Step17_Model1_EQC_CH4,Step18_Model3_EQC_CH4,Step19_Model2_EQB_CH1,Step20_Model2_EQB_CH4,Step21_Model2_EQA_CH4,Step22_Model2_EQC_CH2,Step23_Model2_EQA_CH4,Step24_Model3_EQA_CH3,Step25_Model3_EQB_CH1,Step26_Model1_EQC_CH1,Step27_Model2_EQC_CH1,Step28_Model1_EQA_CH3,Step29_Model1_EQA_CH4,Step30_Model2_EQC_CH1,,33.87,49.89,,,,,,,,,,,,,,,,,,,,,,,,,,,,61.95,,,,,,51.83,,,,,,,,,,,,,,,,,,,,,,,,,,,
L025W05,L025,5,Step1_Model3_EQA_CH3,Step2_Model2_EQC_CH2,Step3_Model3_EQA_CH4,Step4_Model1_EQB_CH3,Step5_Model1_EQB_CH4,Step6_Model3_EQC_CH2,Step7_Model3_EQC_CH3,Step8_Model1_EQA_CH4,Step9_Model2_EQB_CH3,Step10_Model2_EQB_CH1,Step11_Model2_EQC_CH4,Step12_Model3_EQC_CH3,Step13_Model2_EQC_CH1,Step14_Model3_EQC_CH2,Step15_Model3_EQA_CH4,Step16_Model2_EQB_CH4,Step17_Model1_EQC_CH2,Step18_Model3_EQC_CH1,Step19_Model2_EQB_CH2,Step20_Model2_EQB_CH4,Step21_Model2_EQA_CH3,Step22_Model2_EQC_CH1,Step23_Model2_EQA_CH1,Step24_Model3_EQA_CH1,Step25_Model3_EQB_CH2,Step26_Model1_EQC_CH2,Step27_Model2_EQC_CH3,Step28_Model1_EQA_CH3,Step29_Model1_EQA_CH1,Step30_Model2_EQC_CH3,,,,,,,,62.98,,,,,36.78,,,,,,38.37,,,42.48,,37.4,,,,,57.17,,,,45.72,,,62.45,56.07,,,,41.39,,,,,53.77,,,,,,,,,,,,,,,,,,
L025W06,L025,6,Step1_Model3_EQA_CH2,Step2_Model2_EQC_CH3,Step3_Model3_EQA_CH2,Step4_Model1_EQB_CH3,Step5_Model1_EQB_CH4,Step6_Model3_EQC_CH2,Step7_Model3_EQC_CH4,Step8_Model1_EQA_CH2,Step9_Model2_EQB_CH3,Step10_Model2_EQB_CH4,Step11_Model2_EQC_CH3,Step12_Model3_EQC_CH2,Step13_Model2_EQC_CH4,Step14_Model3_EQC_CH1,Step15_Model3_EQA_CH3,Step16_Model2_EQB_CH2,Step17_Model1_EQC_CH4,Step18_Model3_EQC_CH3,Step19_Model2_EQB_CH4,Step20_Model2_EQB_CH3,Step21_Model2_EQA_CH3,Step22_Model2_EQC_CH3,Step23_Model2_EQA_CH4,Step24_Model3_EQA_CH4,Step25_Model3_EQB_CH3,Step26_Model1_EQC_CH1,Step27_Model2_EQC_CH1,Step28_Model1_EQA_CH1,Step29_Model1_EQA_CH2,Step30_Model2_EQC_CH1,,,,,,,61.76,,,65.44,54.24,,,,,,,,,,40.95,,,,,62.9,36.61,,,,,,,,,,,56.92,63.94,60.89,,,,,,,,,,,,,,,,,,,,,,,,
L025W07,L025,7,Step1_Model3_EQA_CH4,Step2_Model2_EQC_CH1,Step3_Model3_EQA_CH4,Step4_Model1_EQB_CH2,Step5_Model1_EQB_CH4,Step6_Model3_EQC_CH4,Step7_Model3_EQC_CH4,Step8_Model1_EQA_CH1,Step9_Model2_EQB_CH3,Step10_Model2_EQB_CH4,Step11_Model2_EQC_CH1,Step12_Model3_EQC_CH1,Step13_Model2_EQC_CH1,Step14_Model3_EQC_CH3,Step15_Model3_EQA_CH3,Step16_Model2_EQB_CH3,Step17_Model1_EQC_CH3,Step18_Model3_EQC_CH2,Step19_Model2_EQB_CH3,Step20_Model2_EQB_CH3,Step21_Model2_EQA_CH3,Step22_Model2_EQC_CH4,Step23_Model2_EQA_CH4,Step24_Model3_EQA_CH3,Step25_Model3_EQB_CH2,Step26_Model1_EQC_CH4,Step27_Model2_EQC_CH1,Step28_Model1_EQA_CH4,Step29_Model1_EQA_CH1,Step30_Model2_EQC_CH4,,37.58,,48.28,,,,,,,,,40.58,,,,,,,,,,,,,,,,,,,,,,,,,,,,,54.3,,,,,,,,,,,,11,,,,,,,,,,
L025W08,L025,8,Step1_Model3_EQA_CH3,Step2_Model2_EQC_CH4,Step3_Model3_EQA_CH3,Step4_Model1_EQB_CH3,Step5_Model1_EQB_CH4,Step6_Model3_EQC_CH1,Step7_Model3_EQC_CH1,Step8_Model1_EQA_CH4,Step9_Model2_EQB_CH3,Step10_Model2_EQB_CH1,Step11_Model2_EQC_CH2,Step12_Model3_EQC_CH3,Step13_Model2_EQC_CH4,Step14_Model3_EQC_CH3,Step15_Model3_EQA_CH2,Step16_Model2_EQB_CH2,Step17_Model1_EQC_CH1,Step18_Model3_EQC_CH2,Step19_Model2_EQB_CH3,Step20_Model2_EQB_CH1,Step21_Model2_EQA_CH2,Step22_Model2_EQC_CH1,Step23_Model2_EQA_CH1,Step24_Model3_EQA_CH4,Step25_Model3_EQB_CH1,Step26_Model1_EQC_CH1,Step27_Model2_EQC_CH2,Step28_Model1_EQA_CH3,Step29_Model1_EQA_CH3,Step30_Model2_EQC_CH2,,,41.53,,,,,,,,,,,,,,,,,,,,,,,,,,,,,,,,,,,,,63.14,,,,,,,,,,,,,,,,,,,,,,,,
L025W09,L025,9,Step1_Model3_EQA_CH3,Step2_Model2_EQC_CH1,Step3_Model3_EQA_CH4,Step4_Model1_EQB_CH1,Step5_Model1_EQB_CH1,Step6_Model3_EQC_CH4,Step7_Model3_EQC_CH2,Step8_Model1_EQA_CH1,Step9_Model2_EQB_CH1,Step10_Model2_EQB_CH2,Step11_Model2_EQC_CH1,Step12_Model3_EQC_CH1,Step13_Model2_EQC_CH3,Step14_Model3_EQC_CH2,Step15_Model3_EQA_CH1,Step16_Model2_EQB_CH1,Step17_Model1_EQC_CH4,Step18_Model3_EQC_CH4,Step19_Model2_EQB_CH4,Step20_Model2_EQB_CH1,Step21_Model2_EQA_CH1,Step22_Model2_EQC_CH4,Step23_Model2_EQA_CH3,Step24_Model3_EQA_CH3,Step25_Model3_EQB_CH3,Step26_Model1_EQC_CH3,Step27_Model2_EQC_CH2,Step28_Model1_EQA_CH4,Step29_Model1_EQA_CH1,Step30_Model2_EQC_CH4,38.61,,,,,,,,62.87,,,,,,,,60.71,,,,,,,37.91,,,,,,,,,,,43.89,,75.94,61.86,,,,,,67.08,,,,,,,,,,,,,11,,,,,,,
L025W10,L025,10,Step1_Model3_EQA_CH3,Step2_Model2_EQC_CH1,Step3_Model3_EQA_CH2,Step4_Model1_EQB_CH4,Step5_Model1_EQB_CH1,Step6_Model3_EQC_CH1,Step7_Model3_EQC_CH3,Step8_Model1_EQA_CH3,Step9_Model2_EQB_CH4,Step10_Model2_EQB_CH2,Step11_Model2_EQC_CH1,Step12_Model3_EQC_CH3,Step13_Model2_EQC_CH4,Step14_Model3_EQC_CH3,Step15_Model3_EQA_CH4,Step16_Model2_EQB_CH3,Step17_Model1_EQC_CH2,Step18_Model3_EQC_CH1,Step19_Model2_EQB_CH3,Step20_Model2_EQB_CH1,Step21_Model2_EQA_CH4,Step22_Model2_EQC_CH2,Step23_Model2_EQA_CH1,Step24_Model3_EQA_CH3,Step25_Model3_EQB_CH1,Step26_Model1_EQC_CH1,Step27_Model2_EQC_CH4,Step28_Model1_EQA_CH2,Step29_Model1_EQA_CH2,Step30_Model2_EQC_CH1,,,,,,,,,66.42,,,,,,,,,,,,,,,,,,,,60.06,,58.85,,,,,,,,,,,,,,54.65,,,34.41,,,,,,8,,,,,,,,,,
L025W11,L025,11,Step1_Model3_EQA_CH1,Step2_Model2_EQC_CH4,Step3_Model3_EQA_CH1,Step4_Model1_EQB_CH4,Step5_Model1_EQB_CH2,Step6_Model3_EQC_CH2,Step7_Model3_EQC_CH4,Step8_Model1_EQA_CH1,Step9_Model2_EQB_CH2,Step10_Model2_EQB_CH3,Step11_Model2_EQC_CH4,Step12_Model3_EQC_CH2,Step13_Model2_EQC_CH2,Step14_Model3_EQC_CH2,Step15_Model3_EQA_CH3,Step16_Model2_EQB_CH3,Step17_Model1_EQC_CH3,Step18_Model3_EQC_CH1,Step19_Model2_EQB_CH4,Step20_Model2_EQB_CH1,Step21_Model2_EQA_CH3,Step22_Model2_EQC_CH4,Step23_Model2_EQA_CH1,Step24_Model3_EQA_CH1,Step25_Model3_EQB_CH1,Step26_Model1_EQC_CH3,Step27_Model2_EQC_CH2,Step28_Model1_EQA_CH4,Step29_Model1_EQA_CH3,Step30_Model2_EQC_CH4,,,,44.61,,,,,,,,,,,,,,,,,,,,,,59.95,,,57.15,,,,,,,,,,,,,,60.38,,,,,,,,,,,,,,,,,,,,,
L025W12,L025,12,Step1_Model3_EQA_CH3,Step2_Model2_EQC_CH1,Step3_Model3_EQA_CH1,Step4_Model1_EQB_CH2,Step5_Model1_EQB_CH2,Step6_Model3_EQC_CH4,Step7_Model3_EQC_CH2,Step8_Model1_EQA_CH2,Step9_Model2_EQB_CH4,Step10_Model2_EQB_CH3,Step11_Model2_EQC_CH2,Step12_Model3_EQC_CH3,Step13_Model2_EQC_CH1,Step14_Model3_EQC_CH2,Step15_Model3_EQA_CH1,Step16_Model2_EQB_CH1,Step17_Model1_EQC_CH3,Step18_Model3_EQC_CH4,Step19_Model2_EQB_CH2,Step20_Model2_EQB_CH3,Step21_Model2_EQA_CH4,Step22_Model2_EQC_CH1,Step23_Model2_EQA_CH2,Step24_Model3_EQA_CH1,Step25_Model3_EQB_CH1,Step26_Model1_EQC_CH2,Step27_Model2_EQC_CH4,Step28_Model1_EQA_CH4,Step29_Model1_EQA_CH2,Step30_Model2_EQC_CH2,,,,,,,,,62.74,55.28,,41.75,,,,,,,,,,,40.59,,,,,,,,,,,,,,,,,,,,,,,,,,,,,,,,,,,,,,,,,
L025W13,L025,13,Step1_Model3_EQA_CH3,Step2_Model2_EQC_CH3,Step3_Model3_EQA_CH1,Step4_Model1_EQB_CH2,Step5_Model1_EQB_CH4,Step6_Model3_EQC_CH1,Step7_Model3_EQC_CH1,Step8_Model1_EQA_CH1,Step9_Model2_EQB_CH1,Step10_Model2_EQB_CH4,Step11_Model2_EQC_CH1,Step12_Model3_EQC_CH2,Step13_Model2_EQC_CH3,Step14_Model3_EQC_CH4,Step15_Model3_EQA_CH2,Step16_Model2_EQB_CH2,Step17_Model1_EQC_CH2,Step18_Model3_EQC_CH3,Step19_Model2_EQB_CH3,Step20_Model2_EQB_CH3,Step21_Model2_EQA_CH2,Step22_Model2_EQC_CH3,Step23_Model2_EQA_CH1,Step24_Model3_EQA_CH3,Step25_Model3_EQB_CH4,Step26_Model1_EQC_CH2,Step27_Model2_EQC_CH2,Step28_Model1_EQA_CH1,Step29_Model1_EQA_CH3,Step30_Model2_EQC_CH3,,,,,,,,,,,56.5,,,,43.99,,,42.89,,,,,,34.94,38.73,60.12,,,,,,,,,,,,,,,,,,,,,,,,,,,,,,,12,,,,,,,
L025W14,L025,14,Step1_Model3_EQA_CH4,Step2_Model2_EQC_CH1,Step3_Model3_EQA_CH4,Step4_Model1_EQB_CH4,Step5_Model1_EQB_CH2,Step6_Model3_EQC_CH2,Step7_Model3_EQC_CH3,Step8_Model1_EQA_CH3,Step9_Model2_EQB_CH4,Step10_Model2_EQB_CH3,Step11_Model2_EQC_CH4,Step12_Model3_EQC_CH3,Step13_Model2_EQC_CH3,Step14_Model3_EQC_CH2,Step15_Model3_EQA_CH2,Step16_Model2_EQB_CH2,Step17_Model1_EQC_CH2,Step18_Model3_EQC_CH1,Step19_Model2_EQB_CH2,Step20_Model2_EQB_CH1,Step21_Model2_EQA_CH2,Step22_Model2_EQC_CH3,Step23_Model2_EQA_CH4,Step24_Model3_EQA_CH3,Step25_Model3_EQB_CH3,Step26_Model1_EQC_CH1,Step27_Model2_EQC_CH2,Step28_Model1_EQA_CH4,Step29_Model1_EQA_CH4,Step30_Model2_EQC_CH2,,,,40.66,41.91,,,,,,53.81,,,,53.23,,,,,,,45.93,,34.35,,,,,59.67,,,,,,,,,,,,,,61.19,,,,,,,,,,,,,,,,,,,,,
L025W15,L025,15,Step1_Model3_EQA_CH1,Step2_Model2_EQC_CH1,Step3_Model3_EQA_CH1,Step4_Model1_EQB_CH4,Step5_Model1_EQB_CH1,Step6_Model3_EQC_CH1,Step7_Model3_EQC_CH4,Step8_Model1_EQA_CH4,Step9_Model2_EQB_CH3,Step10_Model2_EQB_CH4,Step11_Model2_EQC_CH2,Step12_Model3_EQC_CH4,Step13_Model2_EQC_CH4,Step14_Model3_EQC_CH1,Step15_Model3_EQA_CH3,Step16_Model2_EQB_CH1,Step17_Model1_EQC_CH3,Step18_Model3_EQC_CH1,Step19_Model2_EQB_CH2,Step20_Model2_EQB_CH1,Step21_Model2_EQA_CH1,Step22_Model2_EQC_CH2,Step23_Model2_EQA_CH2,Step24_Model3_EQA_CH4,Step25_Model3_EQB_CH1,Step26_Model1_EQC_CH2,Step27_Model2_EQC_CH2,Step28_Model1_EQA_CH4,Step29_Model1_EQA_CH3,Step30_Model2_EQC_CH2,,,,,,,,,,59.54,,,,,,,,,,,,,41.89,,,,,,57.8,,,,,57.35,46.01,,55.14,,,61.62,,,,,,,,,,,,,,,,,,,,,,,,
L025W16,L025,16,Step1_Model3_EQA_CH2,Step2_Model2_EQC_CH1,Step3_Model3_EQA_CH4,Step4_Model1_EQB_CH1,Step5_Model1_EQB_CH3,Step6_Model3_EQC_CH4,Step7_Model3_EQC_CH1,Step8_Model1_EQA_CH2,Step9_Model2_EQB_CH2,Step10_Model2_EQB_CH4,Step11_Model2_EQC_CH2,Step12_Model3_EQC_CH1,Step13_Model2_EQC_CH4,Step14_Model3_EQC_CH2,Step15_Model3_EQA_CH2,Step16_Model2_EQB_CH3,Step17_Model1_EQC_CH3,Step18_Model3_EQC_CH4,Step19_Model2_EQB_CH3,Step20_Model2_EQB_CH1,Step21_Model2_EQA_CH2,Step22_Model2_EQC_CH2,Step23_Model2_EQA_CH2,Step24_Model3_EQA_CH4,Step25_Model3_EQB_CH4,Step26_Model1_EQC_CH3,Step27_Model2_EQC_CH2,Step28_Model1_EQA_CH2,Step29_Model1_EQA_CH2,Step30_Model2_EQC_CH2,,,,,,,,,,,52.23,,,,,56.16,56.98,,45.78,,39.72,,,,,,,,,40.97,60.14,,48.85,,46.03,,,,,,,,,,,,,,,,8,,,,,,,,,,,,,
L025W17,L025,17,Step1_Model3_EQA_CH2,Step2_Model2_EQC_CH1,Step3_Model3_EQA_CH2,Step4_Model1_EQB_CH1,Step5_Model1_EQB_CH2,Step6_Model3_EQC_CH4,Step7_Model3_EQC_CH4,Step8_Model1_EQA_CH1,Step9_Model2_EQB_CH2,Step10_Model2_EQB_CH4,Step11_Model2_EQC_CH4,Step12_Model3_EQC_CH2,Step13_Model2_EQC_CH2,Step14_Model3_EQC_CH4,Step15_Model3_EQA_CH2,Step16_Model2_EQB_CH3,Step17_Model1_EQC_CH2,Step18_Model3_EQC_CH4,Step19_Model2_EQB_CH4,Step20_Model2_EQB_CH1,Step21_Model2_EQA_CH3,Step22_Model2_EQC_CH4,Step23_Model2_EQA_CH3,Step24_Model3_EQA_CH2,Step25_Model3_EQB_CH4,Step26_Model1_EQC_CH1,Step27_Model2_EQC_CH4,Step28_Model1_EQA_CH1,Step29_Model1_EQA_CH3,Step30_Model2_EQC_CH1,,,,,45.97,,,,,,,,37.82,,,,,,,44.08,,,34.74,,,,34.86,,,,,,,,49.48,,,,,,54.95,,,,,,,,,,,,,,,,,,,,,,,
L025W18,L025,18,Step1_Model3_EQA_CH2,Step2_Model2_EQC_CH2,Step3_Model3_EQA_CH2,Step4_Model1_EQB_CH4,Step5_Model1_EQB_CH2,Step6_Model3_EQC_CH2,Step7_Model3_EQC_CH4,Step8_Model1_EQA_CH3,Step9_Model2_EQB_CH2,Step10_Model2_EQB_CH2,Step11_Model2_EQC_CH4,Step12_Model3_EQC_CH3,Step13_Model2_EQC_CH3,Step14_Model3_EQC_CH3,Step15_Model3_EQA_CH4,Step16_Model2_EQB_CH1,Step17_Model1_EQC_CH1,Step18_Model3_EQC_CH2,Step19_Model2_EQB_CH2,Step20_Model2_EQB_CH2,Step21_Model2_EQA_CH1,Step22_Model2_EQC_CH4,Step23_Model2_EQA_CH2,Step24_Model3_EQA_CH4,Step25_Model3_EQB_CH2,Step26_Model1_EQC_CH4,Step27_Model2_EQC_CH4,Step28_Model1_EQA_CH1,Step29_Model1_EQA_CH4,Step30_Model2_EQC_CH3,,,42.4,,,,,,,,,,41.14,,,,,,,,,,,,,54.44,,,,,,45.45,,,,,,,62.09,,41.6,,,59.06,,,,,,12,,,,,,,,,,,,,,
L025W19,L025,19,Step1_Model3_EQA_CH1,Step2_Model2_EQC_CH2,Step3_Model3_EQA_CH1,Step4_Model1_EQB_CH3,Step5_Model1_EQB_CH3,Step6_Model3_EQC_CH4,Step7_Model3_EQC_CH3,Step8_Model1_EQA_CH3,Step9_Model2_EQB_CH3,Step10_Model2_EQB_CH3,Step11_Model2_EQC_CH2,Step12_Model3_EQC_CH2,Step13_Model2_EQC_CH1,Step14_Model3_EQC_CH4,Step15_Model3_EQA_CH2,Step16_Model2_EQB_CH3,Step17_Model1_EQC_CH4,Step18_Model3_EQC_CH2,Step19_Model2_EQB_CH1,Step20_Model2_EQB_CH3,Step21_Model2_EQA_CH4,Step22_Model2_EQC_CH2,Step23_Model2_EQA_CH4,Step24_Model3_EQA_CH2,Step25_Model3_EQB_CH1,Step26_Model1_EQC_CH3,Step27_Model2_EQC_CH1,Step28_Model1_EQA_CH3,Step29_Model1_EQA_CH3,Step30_Model2_EQC_CH4,,,,,,,,,65.46,,,,43.96,,,,,,,,,,,,39.27,,,,58.74,,56.7,,,,36.84,,,,,,,59.53,,,64.73,,,,,,,,,,,,,,,,,,,
L025W20,L025,20,Step1_Model3_EQA_CH2,Step2_Model2_EQC_CH1,Step3_Model3_EQA_CH1,Step4_Model1_EQB_CH1,Step5_Model1_EQB_CH4,Step6_Model3_EQC_CH4,Step7_Model3_EQC_CH4,Step8_Model1_EQA_CH3,Step9_Model2_EQB_CH1,Step10_Model2_EQB_CH3,Step11_Model2_EQC_CH1,Step12_Model3_EQC_CH1,Step13_Model2_EQC_CH2,Step14_Model3_EQC_CH1,Step15_Model3_EQA_CH4,Step16_Model2_EQB_CH4,Step17_Model1_EQC_CH4,Step18_Model3_EQC_CH2,Step19_Model2_EQB_CH2,Step20_Model2_EQB_CH3,Step21_Model2_EQA_CH1,Step22_Model2_EQC_CH1,Step23_Model2_EQA_CH4,Step24_Model3_EQA_CH4,Step25_Model3_EQB_CH4,Step26_Model1_EQC_CH4,Step27_Model2_EQC_CH4,Step28_Model1_EQA_CH4,Step29_Model1_EQA_CH1,Step30_Model2_EQC_CH2,,,,,,,,,,,,,,,,60.91,,,,,,,,,,,,,56.59,,,,48.68,,,,,,,,,,,,,,,,,10,,,,,,,,,,,,,,
L025W21,L025,21,Step1_Model3_EQA_CH4,Step2_Model2_EQC_CH1,Step3_Model3_EQA_CH4,Step4_Model1_EQB_CH3,Step5_Model1_EQB_CH3,Step6_Model3_EQC_CH1,Step7_Model3_EQC_CH2,Step8_Model1_EQA_CH3,Step9_Model2_EQB_CH3,Step10_Model2_EQB_CH2,Step11_Model2_EQC_CH3,Step12_Model3_EQC_CH4,Step13_Model2_EQC_CH2,Step14_Model3_EQC_CH3,Step15_Model3_EQA_CH2,Step16_Model2_EQB_CH4,Step17_Model1_EQC_CH3,Step18_Model3_EQC_CH1,Step19_Model2_EQB_CH3,Step20_Model2_EQB_CH3,Step21_Model2_EQA_CH4,Step22_Model2_EQC_CH1,Step23_Model2_EQA_CH1,Step24_Model3_EQA_CH1,Step25_Model3_EQB_CH4,Step26_Model1_EQC_CH4,Step27_Model2_EQC_CH4,Step28_Model1_EQA_CH4,Step29_Model1_EQA_CH4,Step30_Model2_EQC_CH1,,,,,,,,,,,,,,,,,,,,,,,,,,,,,,,,,,,,43.6,,,,,,,,,,,64.68,,,,,,,,,,,,,,,,,
L025W22,L025,22,Step1_Model3_EQA_CH2,Step2_Model2_EQC_CH4,Step3_Model3_EQA_CH2,Step4_Model1_EQB_CH3,Step5_Model1_EQB_CH3,Step6_Model3_EQC_CH4,Step7_Model3_EQC_CH3,Step8_Model1_EQA_CH2,Step9_Model2_EQB_CH3,Step10_Model2_EQB_CH3,Step11_Model2_EQC_CH2,Step12_Model3_EQC_CH3,Step13_Model2_EQC_CH4,Step14_Model3_EQC_CH2,Step15_Model3_EQA_CH2,Step16_Model2_EQB_CH1,Step17_Model1_EQC_CH1,Step18_Model3_EQC_CH2,Step19_Model2_EQB_CH2,Step20_Model2_EQB_CH1,Step21_Model2_EQA_CH4,Step22_Model2_EQC_CH3,Step23_Model2_EQA_CH3,Step24_Model3_EQA_CH3,Step25_Model3_EQB_CH2,Step26_Model1_EQC_CH4,Step27_Model2_EQC_CH1,Step28_Model1_EQA_CH4,Step29_Model1_EQA_CH4,Step30_Model2_EQC_CH3,,40.15,,,,,57.95,,,,,39.11,,,,,,42.25,,,,,,35.03,,,,,,,,,45.24,,,,,,,,,,,,,55.18,67.21,,,,,,,,,,,,,,,,,
L025W23,L025,23,Step1_Model3_EQA_CH1,Step2_Model2_EQC_CH4,Step3_Model3_EQA_CH1,Step4_Model1_EQB_CH2,Step5_Model1_EQB_CH3,Step6_Model3_EQC_CH1,Step7_Model3_EQC_CH2,Step8_Model1_EQA_CH2,Step9_Model2_EQB_CH2,Step10_Model2_EQB_CH4,Step11_Model2_EQC_CH4,Step12_Model3_EQC_CH3,Step13_Model2_EQC_CH3,Step14_Model3_EQC_CH2,Step15_Model3_EQA_CH3,Step16_Model2_EQB_CH4,Step17_Model1_EQC_CH3,Step18_Model3_EQC_CH1,Step19_Model2_EQB_CH4,Step20_Model2_EQB_CH2,Step21_Model2_EQA_CH2,Step22_Model2_EQC_CH3,Step23_Model2_EQA_CH4,Step24_Model3_EQA_CH2,Step25_Model3_EQB_CH2,Step26_Model1_EQC_CH4,Step27_Model2_EQC_CH4,Step28_Model1_EQA_CH2,Step29_Model1_EQA_CH3,Step30_Model2_EQC_CH3,,,,,,,62.01,62.52,,,,,,,,,,,41.8,,,,,,,,,41.53,,,,,,,,,,,,,,,,,,,,36.85,,10,,,,,,,,,,,,,,
L025W24,L025,24,Step1_Model3_EQA_CH3,Step2_Model2_EQC_CH1,Step3_Model3_EQA_CH4,Step4_Model1_EQB_CH2,Step5_Model1_EQB_CH1,Step6_Model3_EQC_CH3,Step7_Model3_EQC_CH1,Step8_Model1_EQA_CH2,Step9_Model2_EQB_CH2,Step10_Model2_EQB_CH4,Step11_Model2_EQC_CH3,Step12_Model3_EQC_CH3,Step13_Model2_EQC_CH1,Step14_Model3_EQC_CH3,Step15_Model3_EQA_CH1,Step16_Model2_EQB_CH2,Step17_Model1_EQC_CH2,Step18_Model3_EQC_CH2,Step19_Model2_EQB_CH2,Step20_Model2_EQB_CH2,Step21_Model2_EQA_CH1,Step22_Model2_EQC_CH2,Step23_Model2_EQA_CH1,Step24_Model3_EQA_CH2,Step25_Model3_EQB_CH1,Step26_Model1_EQC_CH1,Step27_Model2_EQC_CH1,Step28_Model1_EQA_CH3,Step29_Model1_EQA_CH1,Step30_Model2_EQC_CH1,,,,47.74,,,,,,,51.32,,,,,,,,43.88,,,44,,,,,,,,,,,,,,,,,,,,,,,,,,,,,,,,,,,,,,,,,,
L025W25,L025,25,Step1_Model3_EQA_CH2,Step2_Model2_EQC_CH1,Step3_Model3_EQA_CH1,Step4_Model1_EQB_CH4,Step5_Model1_EQB_CH3,Step6_Model3_EQC_CH4,Step7_Model3_EQC_CH2,Step8_Model1_EQA_CH3,Step9_Model2_EQB_CH3,Step10_Model2_EQB_CH4,Step11_Model2_EQC_CH3,Step12_Model3_EQC_CH4,Step13_Model2_EQC_CH1,Step14_Model3_EQC_CH4,Step15_Model3_EQA_CH3,Step16_Model2_EQB_CH3,Step17_Model1_EQC_CH2,Step18_Model3_EQC_CH2,Step19_Model2_EQB_CH2,Step20_Model2_EQB_CH2,Step21_Model2_EQA_CH3,Step22_Model2_EQC_CH2,Step23_Model2_EQA_CH4,Step24_Model3_EQA_CH1,Step25_Model3_EQB_CH3,Step26_Model1_EQC_CH2,Step27_Model2_EQC_CH3,Step28_Model1_EQA_CH2,Step29_Model1_EQA_CH3,Step30_Model2_EQC_CH2,44.76,,,,41.43,,,,,,,,,,,,,,,,,45.15,,,,,,,60.36,,62.53,46.96,,45.43,,,58.26,,,,42.29,,56.72,,,56.04,,,,,,,,,,,,,,,,,,
L026W01,L026,1,Step1_Model1_EQB_CH3,Step2_Model3_EQC_CH1,Step3_Model1_EQC_CH1,Step4_Model1_EQC_CH1,Step5_Model3_EQA_CH4,Step6_Model3_EQC_CH1,Step7_Model1_EQB_CH4,Step8_Model1_EQC_CH2,Step9_Model2_EQB_CH4,Step10_Model2_EQA_CH1,Step11_Model2_EQB_CH2,Step12_Model2_EQC_CH4,Step13_Model1_EQA_CH4,Step14_Model3_EQB_CH3,Step15_Model3_EQC_CH2,Step16_Model2_EQB_CH3,Step17_Model1_EQB_CH2,Step18_Model3_EQC_CH4,Step19_Model2_EQA_CH3,Step20_Model3_EQB_CH1,Step21_Model1_EQA_CH4,Step22_Model3_EQC_CH2,Step23_Model1_EQA_CH2,Step24_Model1_EQB_CH3,Step25_Model3_EQA_CH3,Step26_Model3_EQC_CH2,Step27_Model3_EQA_CH4,Step28_Model2_EQA_CH3,Step29_Model3_EQA_CH1,Step30_Model1_EQC_CH2,,,,,,,63.81,,,,53.9,41.05,,,,,,43.75,,,,,,,,,,,56.55,,62.67,,,,42.32,,,,,,,,56.36,,65.99,,,,,,,,,,,,6,,,,,,,
L026W02,L026,2,Step1_Model1_EQB_CH1,Step2_Model3_EQC_CH2,Step3_Model1_EQC_CH1,Step4_Model1_EQC_CH4,Step5_Model3_EQA_CH2,Step6_Model3_EQC_CH4,Step7_Model1_EQB_CH3,Step8_Model1_EQC_CH2,Step9_Model2_EQB_CH4,Step10_Model2_EQA_CH1,Step11_Model2_EQB_CH4,Step12_Model2_EQC_CH2,Step13_Model1_EQA_CH4,Step14_Model3_EQB_CH1,Step15_Model3_EQC_CH1,Step16_Model2_EQB_CH1,Step17_Model1_EQB_CH3,Step18_Model3_EQC_CH2,Step19_Model2_EQA_CH1,Step20_Model3_EQB_CH3,Step21_Model1_EQA_CH1,Step22_Model3_EQC_CH4,Step23_Model1_EQA_CH2,Step24_Model1_EQB_CH4,Step25_Model3_EQA_CH3,Step26_Model3_EQC_CH4,Step27_Model3_EQA_CH4,Step28_Model2_EQA_CH1,Step29_Model3_EQA_CH4,Step30_Model1_EQC_CH1,41.83,,,,46.13,51.11,68.96,,,,57.49,,,,,,63.63,,,,,,,,,,,60.58,59.28,,,43.05,,,45.46,,,,,,,,,60.99,,,,,,,,,,,,,10,,,,,,,
L026W03,L026,3,Step1_Model1_EQB_CH1,Step2_Model3_EQC_CH2,Step3_Model1_EQC_CH3,Step4_Model1_EQC_CH3,Step5_Model3_EQA_CH3,Step6_Model3_EQC_CH1,Step7_Model1_EQB_CH3,Step8_Model1_EQC_CH1,Step9_Model2_EQB_CH2,Step10_Model2_EQA_CH3,Step11_Model2_EQB_CH1,Step12_Model2_EQC_CH3,Step13_Model1_EQA_CH3,Step14_Model3_EQB_CH2,Step15_Model3_EQC_CH4,Step16_Model2_EQB_CH3,Step17_Model1_EQB_CH2,Step18_Model3_EQC_CH3,Step19_Model2_EQA_CH3,Step20_Model3_EQB_CH3,Step21_Model1_EQA_CH3,Step22_Model3_EQC_CH4,Step23_Model1_EQA_CH4,Step24_Model1_EQB_CH3,Step25_Model3_EQA_CH3,Step26_Model3_EQC_CH2,Step27_Model3_EQA_CH2,Step28_Model2_EQA_CH1,Step29_Model3_EQA_CH4,Step30_Model1_EQC_CH3,,,,43.21,,,,65.04,,,,,,42.03,,,,,,,42.16,34.35,,,,,,,,,63.02,,,,,,61.58,63.76,,,,57.81,,,,,,,,,,,,,,,,,,,,,,
L026W04,L026,4,Step1_Model1_EQB_CH4,Step2_Model3_EQC_CH2,Step3_Model1_EQC_CH4,Step4_Model1_EQC_CH4,Step5_Model3_EQA_CH3,Step6_Model3_EQC_CH3,Step7_Model1_EQB_CH2,Step8_Model1_EQC_CH3,Step9_Model2_EQB_CH2,Step10_Model2_EQA_CH2,Step11_Model2_EQB_CH1,Step12_Model2_EQC_CH1,Step13_Model1_EQA_CH1,Step14_Model3_EQB_CH4,Step15_Model3_EQC_CH1,Step16_Model2_EQB_CH3,Step17_Model1_EQB_CH3,Step18_Model3_EQC_CH1,Step19_Model2_EQA_CH4,Step20_Model3_EQB_CH2,Step21_Model1_EQA_CH4,Step22_Model3_EQC_CH4,Step23_Model1_EQA_CH2,Step24_Model1_EQB_CH2,Step25_Model3_EQA_CH2,Step26_Model3_EQC_CH3,Step27_Model3_EQA_CH2,Step28_Model2_EQA_CH2,Step29_Model3_EQA_CH4,Step30_Model1_EQC_CH4,,,,,43.8,,,,,,52.37,,39.71,37.35,,62.25,,,,40.35,43.55,,,,,,,,,,57.71,,,,,,,53.58,,61.22,,,54.11,,,,,32.63,,,,,,,,,,10,,,,,,
L026W05,L026,5,Step1_Model1_EQB_CH1,Step2_Model3_EQC_CH4,Step3_Model1_EQC_CH2,Step4_Model1_EQC_CH3,Step5_Model3_EQA_CH4,Step6_Model3_EQC_CH4,Step7_Model1_EQB_CH2,Step8_Model1_EQC_CH4,Step9_Model2_EQB_CH4,Step10_Model2_EQA_CH2,Step11_Model2_EQB_CH4,Step12_Model2_EQC_CH3,Step13_Model1_EQA_CH1,Step14_Model3_EQB_CH4,Step15_Model3_EQC_CH3,Step16_Model2_EQB_CH4,Step17_Model1_EQB_CH1,Step18_Model3_EQC_CH2,Step19_Model2_EQA_CH1,Step20_Model3_EQB_CH4,Step21_Model1_EQA_CH1,Step22_Model3_EQC_CH1,Step23_Model1_EQA_CH2,Step24_Model1_EQB_CH4,Step25_Model3_EQA_CH1,Step26_Model3_EQC_CH1,Step27_Model3_EQA_CH2,Step28_Model2_EQA_CH3,Step29_Model3_EQA_CH4,Step30_Model1_EQC_CH3,44.85,,,,47.85,,,,63.38,63.04,,,,,,,,,,,,43.81,,,,,,,,,,,,,44.79,,,,,,40.89,,,,,55.11,49.01,36.66,,,,,,,,,,,,,,,,
L026W06,L026,6,Step1_Model1_EQB_CH3,Step2_Model3_EQC_CH2,Step3_Model1_EQC_CH2,Step4_Model1_EQC_CH4,Step5_Model3_EQA_CH3,Step6_Model3_EQC_CH1,Step7_Model1_EQB_CH3,Step8_Model1_EQC_CH2,Step9_Model2_EQB_CH1,Step10_Model2_EQA_CH1,Step11_Model2_EQB_CH2,Step12_Model2_EQC_CH1,Step13_Model1_EQA_CH3,Step14_Model3_EQB_CH2,Step15_Model3_EQC_CH4,Step16_Model2_EQB_CH2,Step17_Model1_EQB_CH4,Step18_Model3_EQC_CH4,Step19_Model2_EQA_CH2,Step20_Model3_EQB_CH2,Step21_Model1_EQA_CH4,Step22_Model3_EQC_CH4,Step23_Model1_EQA_CH1,Step24_Model1_EQB_CH2,Step25_Model3_EQA_CH2,Step26_Model3_EQC_CH1,Step27_Model3_EQA_CH2,Step28_Model2_EQA_CH1,Step29_Model3_EQA_CH1,Step30_Model1_EQC_CH2,,,47.6,,,49.92,,,,45.8,53.55,,,,44.27,,,,,41.58,,,,,,,,,,,,,,,,,,66.72,,,39.46,,63.61,,,,56.22,,8,,,,,,,12,,,,,,,,
L026W07,L026,7,Step1_Model1_EQB_CH3,Step2_Model3_EQC_CH4,Step3_Model1_EQC_CH2,Step4_Model1_EQC_CH3,Step5_Model3_EQA_CH1,Step6_Model3_EQC_CH3,Step7_Model1_EQB_CH2,Step8_Model1_EQC_CH2,Step9_Model2_EQB_CH3,Step10_Model2_EQA_CH2,Step11_Model2_EQB_CH4,Step12_Model2_EQC_CH3,Step13_Model1_EQA_CH1,Step14_Model3_EQB_CH3,Step15_Model3_EQC_CH3,Step16_Model2_EQB_CH3,Step17_Model1_EQB_CH3,Step18_Model3_EQC_CH1,Step19_Model2_EQA_CH1,Step20_Model3_EQB_CH1,Step21_Model1_EQA_CH3,Step22_Model3_EQC_CH4,Step23_Model1_EQA_CH4,Step24_Model1_EQB_CH1,Step25_Model3_EQA_CH4,Step26_Model3_EQC_CH4,Step27_Model3_EQA_CH4,Step28_Model2_EQA_CH4,Step29_Model3_EQA_CH4,Step30_Model1_EQC_CH2,,,,,,,,,,,,,40.11,,,,,,,,,,,,36.31,,,,,45.03,,,46.94,,,,,,,,,,,,,,55.84,,,,,,,,,,,,,,,,,
L026W08,L026,8,Step1_Model1_EQB_CH1,Step2_Model3_EQC_CH3,Step3_Model1_EQC_CH4,Step4_Model1_EQC_CH2,Step5_Model3_EQA_CH3,Step6_Model3_EQC_CH2,Step7_Model1_EQB_CH4,Step8_Model1_EQC_CH4,Step9_Model2_EQB_CH4,Step10_Model2_EQA_CH4,Step11_Model2_EQB_CH3,Step12_Model2_EQC_CH3,Step13_Model1_EQA_CH2,Step14_Model3_EQB_CH1,Step15_Model3_EQC_CH4,Step16_Model2_EQB_CH2,Step17_Model1_EQB_CH2,Step18_Model3_EQC_CH2,Step19_Model2_EQA_CH4,Step20_Model3_EQB_CH4,Step21_Model1_EQA_CH2,Step22_Model3_EQC_CH4,Step23_Model1_EQA_CH2,Step24_Model1_EQB_CH3,Step25_Model3_EQA_CH4,Step26_Model3_EQC_CH3,Step27_Model3_EQA_CH1,Step28_Model2_EQA_CH4,Step29_Model3_EQA_CH1,Step30_Model1_EQC_CH2,,31.56,,41.73,,,65.52,,63.91,,,40.42,,,,,,,,,,,38.35,,,,,60.6,,,,,,,,,,68.73,,,,,,,,,,,5,,,,,,,,,,,,,,,
L026W09,L026,9,Step1_Model1_EQB_CH4,Step2_Model3_EQC_CH4,Step3_Model1_EQC_CH4,Step4_Model1_EQC_CH1,Step5_Model3_EQA_CH1,Step6_Model3_EQC_CH2,Step7_Model1_EQB_CH3,Step8_Model1_EQC_CH3,Step9_Model2_EQB_CH1,Step10_Model2_EQA_CH4,Step11_Model2_EQB_CH3,Step12_Model2_EQC_CH3,Step13_Model1_EQA_CH1,Step14_Model3_EQB_CH2,Step15_Model3_EQC_CH1,Step16_Model2_EQB_CH1,Step17_Model1_EQB_CH4,Step18_Model3_EQC_CH1,Step19_Model2_EQA_CH4,Step20_Model3_EQB_CH2,Step21_Model1_EQA_CH4,Step22_Model3_EQC_CH2,Step23_Model1_EQA_CH2,Step24_Model1_EQB_CH2,Step25_Model3_EQA_CH1,Step26_Model3_EQC_CH4,Step27_Model3_EQA_CH3,Step28_Model2_EQA_CH1,Step29_Model3_EQA_CH2,Step30_Model1_EQC_CH3,36.48,36.76,,40.83,,,,,,,,,41.06,,,,,,,,42.47,,,,30.76,,34.85,,,,,,,,,,,61.01,60.86,,,55.68,60.75,,,,,,,,,,,,,11,,,,,,,,
L026W10,L026,10,Step1_Model1_EQB_CH1,Step2_Model3_EQC_CH3,Step3_Model1_EQC_CH2,Step4_Model1_EQC_CH3,Step5_Model3_EQA_CH3,Step6_Model3_EQC_CH2,Step7_Model1_EQB_CH3,Step8_Model1_EQC_CH1,Step9_Model2_EQB_CH3,Step10_Model2_EQA_CH4,Step11_Model2_EQB_CH1,Step12_Model2_EQC_CH3,Step13_Model1_EQA_CH4,Step14_Model3_EQB_CH4,Step15_Model3_EQC_CH4,Step16_Model2_EQB_CH3,Step17_Model1_EQB_CH2,Step18_Model3_EQC_CH4,Step19_Model2_EQA_CH2,Step20_Model3_EQB_CH1,Step21_Model1_EQA_CH2,Step22_Model3_EQC_CH2,Step23_Model1_EQA_CH2,Step24_Model1_EQB_CH2,Step25_Model3_EQA_CH2,Step26_Model3_EQC_CH1,Step27_Model3_EQA_CH1,Step28_Model2_EQA_CH2,Step29_Model3_EQA_CH2,Step30_Model1_EQC_CH4,,,,,,,,,66.43,,56.17,,,,,,74,,,,,34.46,,,,62.92,,,,,,,,43.73,,,,,55.02,,,,57.15,,54.62,,,,,,,,,,,,,,,,,,,
L026W11,L026,11,Step1_Model1_EQB_CH1,Step2_Model3_EQC_CH3,Step3_Model1_EQC_CH1,Step4_Model1_EQC_CH3,Step5_Model3_EQA_CH4,Step6_Model3_EQC_CH2,Step7_Model1_EQB_CH4,Step8_Model1_EQC_CH2,Step9_Model2_EQB_CH1,Step10_Model2_EQA_CH2,Step11_Model2_EQB_CH3,Step12_Model2_EQC_CH3,Step13_Model1_EQA_CH4,Step14_Model3_EQB_CH1,Step15_Model3_EQC_CH3,Step16_Model2_EQB_CH4,Step17_Model1_EQB_CH1,Step18_Model3_EQC_CH1,Step19_Model2_EQA_CH4,Step20_Model3_EQB_CH3,Step21_Model1_EQA_CH3,Step22_Model3_EQC_CH4,Step23_Model1_EQA_CH3,Step24_Model1_EQB_CH4,Step25_Model3_EQA_CH3,Step26_Model3_EQC_CH3,Step27_Model3_EQA_CH4,Step28_Model2_EQA_CH4,Step29_Model3_EQA_CH3,Step30_Model1_EQC_CH4,,,,,,,,,,,,,,35.62,,65.32,,,,,,,,,,,,,,,,,45.45,,,,56.47,,,,,,,,,,,,,,,,,,,,,,,,,,,
L026W12,L026,12,Step1_Model1_EQB_CH3,Step2_Model3_EQC_CH2,Step3_Model1_EQC_CH1,Step4_Model1_EQC_CH1,Step5_Model3_EQA_CH3,Step6_Model3_EQC_CH1,Step7_Model1_EQB_CH3,Step8_Model1_EQC_CH4,Step9_Model2_EQB_CH2,Step10_Model2_EQA_CH1,Step11_Model2_EQB_CH1,Step12_Model2_EQC_CH4,Step13_Model1_EQA_CH2,Step14_Model3_EQB_CH2,Step15_Model3_EQC_CH2,Step16_Model2_EQB_CH4,Step17_Model1_EQB_CH1,Step18_Model3_EQC_CH1,Step19_Model2_EQA_CH2,Step20_Model3_EQB_CH4,Step21_Model1_EQA_CH4,Step22_Model3_EQC_CH4,Step23_Model1_EQA_CH2,Step24_Model1_EQB_CH4,Step25_Model3_EQA_CH2,Step26_Model3_EQC_CH2,Step27_Model3_EQA_CH2,Step28_Model2_EQA_CH3,Step29_Model3_EQA_CH2,Step30_Model1_EQC_CH4,,,,47.55,,,,,,52.35,,,47.38,,,62.3,,40.92,,,,,,,,,,,,,,41.34,,,,,,,,,,,,,,,,,,,,,,,,,,,,,,,,
L026W13,L026,13,Step1_Model1_EQB_CH3,Step2_Model3_EQC_CH1,Step3_Model1_EQC_CH1,Step4_Model1_EQC_CH4,Step5_Model3_EQA_CH4,Step6_Model3_EQC_CH4,Step7_Model1_EQB_CH4,Step8_Model1_EQC_CH3,Step9_Model2_EQB_CH4,Step10_Model2_EQA_CH2,Step11_Model2_EQB_CH1,Step12_Model2_EQC_CH4,Step13_Model1_EQA_CH2,Step14_Model3_EQB_CH4,Step15_Model3_EQC_CH2,Step16_Model2_EQB_CH3,Step17_Model1_EQB_CH1,Step18_Model3_EQC_CH1,Step19_Model2_EQA_CH3,Step20_Model3_EQB_CH2,Step21_Model1_EQA_CH4,Step22_Model3_EQC_CH2,Step23_Model1_EQA_CH1,Step24_Model1_EQB_CH3,Step25_Model3_EQA_CH3,Step26_Model3_EQC_CH2,Step27_Model3_EQA_CH2,Step28_Model2_EQA_CH3,Step29_Model3_EQA_CH1,Step30_Model1_EQC_CH4,,,,,29.25,,,,63.91,,,,,,,57.14,,,,,39.17,,,,55.05,,,69.21,,,,,,,40.28,,,,61.53,,,,,,,55.49,,,,,,,,,,,,,,,,,,
L026W14,L026,14,Step1_Model1_EQB_CH4,Step2_Model3_EQC_CH2,Step3_Model1_EQC_CH3,Step4_Model1_EQC_CH3,Step5_Model3_EQA_CH3,Step6_Model3_EQC_CH1,Step7_Model1_EQB_CH2,Step8_Model1_EQC_CH2,Step9_Model2_EQB_CH2,Step10_Model2_EQA_CH1,Step11_Model2_EQB_CH2,Step12_Model2_EQC_CH4,Step13_Model1_EQA_CH2,Step14_Model3_EQB_CH2,Step15_Model3_EQC_CH2,Step16_Model2_EQB_CH1,Step17_Model1_EQB_CH4,Step18_Model3_EQC_CH4,Step19_Model2_EQA_CH3,Step20_Model3_EQB_CH3,Step21_Model1_EQA_CH4,Step22_Model3_EQC_CH2,Step23_Model1_EQA_CH2,Step24_Model1_EQB_CH2,Step25_Model3_EQA_CH1,Step26_Model3_EQC_CH2,Step27_Model3_EQA_CH1,Step28_Model2_EQA_CH4,Step29_Model3_EQA_CH2,Step30_Model1_EQC_CH2,,,,,,52.44,,63.36,,,,,35.37,,49.31,,53.8,,,,34.4,,35.72,,,,,,,,,,,43.12,,,,,,,31.25,,,,,48.31,,,,,,,,,,,,,,,,,,
L026W15,L026,15,Step1_Model1_EQB_CH3,Step2_Model3_EQC_CH4,Step3_Model1_EQC_CH2,Step4_Model1_EQC_CH1,Step5_Model3_EQA_CH4,Step6_Model3_EQC_CH3,Step7_Model1_EQB_CH4,Step8_Model1_EQC_CH1,Step9_Model2_EQB_CH3,Step10_Model2_EQA_CH1,Step11_Model2_EQB_CH4,Step12_Model2_EQC_CH3,Step13_Model1_EQA_CH1,Step14_Model3_EQB_CH4,Step15_Model3_EQC_CH1,Step16_Model2_EQB_CH2,Step17_Model1_EQB_CH4,Step18_Model3_EQC_CH3,Step19_Model2_EQA_CH3,Step20_Model3_EQB_CH2,Step21_Model1_EQA_CH1,Step22_Model3_EQC_CH1,Step23_Model1_EQA_CH3,Step24_Model1_EQB_CH1,Step25_Model3_EQA_CH4,Step26_Model3_EQC_CH4,Step27_Model3_EQA_CH3,Step28_Model2_EQA_CH4,Step29_Model3_EQA_CH3,Step30_Model1_EQC_CH1,,,43.98,,43.83,54.65,,,,,,,,,,,,,,41.53,,,,,,,,,,,,,,,,,,,,,,,,,,,53.83,,,,,,,,,,,,,,,,,
L026W16,L026,16,Step1_Model1_EQB_CH1,Step2_Model3_EQC_CH1,Step3_Model1_EQC_CH2,Step4_Model1_EQC_CH3,Step5_Model3_EQA_CH4,Step6_Model3_EQC_CH1,Step7_Model1_EQB_CH2,Step8_Model1_EQC_CH4,Step9_Model2_EQB_CH4,Step10_Model2_EQA_CH4,Step11_Model2_EQB_CH1,Step12_Model2_EQC_CH4,Step13_Model1_EQA_CH3,Step14_Model3_EQB_CH2,Step15_Model3_EQC_CH4,Step16_Model2_EQB_CH4,Step17_Model1_EQB_CH3,Step18_Model3_EQC_CH4,Step19_Model2_EQA_CH1,Step20_Model3_EQB_CH1,Step21_Model1_EQA_CH1,Step22_Model3_EQC_CH4,Step23_Model1_EQA_CH2,Step24_Model1_EQB_CH2,Step25_Model3_EQA_CH4,Step26_Model3_EQC_CH2,Step27_Model3_EQA_CH2,Step28_Model2_EQA_CH4,Step29_Model3_EQA_CH1,Step30_Model1_EQC_CH4,,,,,,,,,,,,,38.79,,,,60.74,,,,,,,,,59.57,,59.87,,,,47.7,,,,,,,,,,58.16,57.15,,,,,35.07,,,,,,,15,,,,,,,,,
L026W17,L026,17,Step1_Model1_EQB_CH1,Step2_Model3_EQC_CH1,Step3_Model1_EQC_CH2,Step4_Model1_EQC_CH2,Step5_Model3_EQA_CH1,Step6_Model3_EQC_CH1,Step7_Model1_EQB_CH2,Step8_Model1_EQC_CH3,Step9_Model2_EQB_CH1,Step10_Model2_EQA_CH1,Step11_Model2_EQB_CH1,Step12_Model2_EQC_CH2,Step13_Model1_EQA_CH4,Step14_Model3_EQB_CH1,Step15_Model3_EQC_CH1,Step16_Model2_EQB_CH1,Step17_Model1_EQB_CH4,Step18_Model3_EQC_CH4,Step19_Model2_EQA_CH1,Step20_Model3_EQB_CH1,Step21_Model1_EQA_CH3,Step22_Model3_EQC_CH4,Step23_Model1_EQA_CH3,Step24_Model1_EQB_CH1,Step25_Model3_EQA_CH1,Step26_Model3_EQC_CH1,Step27_Model3_EQA_CH1,Step28_Model2_EQA_CH2,Step29_Model3_EQA_CH2,Step30_Model1_EQC_CH2,,,43.35,,,,,,,,,,,,,,,,,,,,,,,,,,,38.9,,,,,,53.64,,,,,,,,,,,,,,,,,,,,,,,,,,,,
L026W18,L026,18,Step1_Model1_EQB_CH3,Step2_Model3_EQC_CH4,Step3_Model1_EQC_CH1,Step4_Model1_EQC_CH4,Step5_Model3_EQA_CH2,Step6_Model3_EQC_CH1,Step7_Model1_EQB_CH1,Step8_Model1_EQC_CH3,Step9_Model2_EQB_CH4,Step10_Model2_EQA_CH3,Step11_Model2_EQB_CH2,Step12_Model2_EQC_CH4,Step13_Model1_EQA_CH2,Step14_Model3_EQB_CH3,Step15_Model3_EQC_CH3,Step16_Model2_EQB_CH1,Step17_Model1_EQB_CH4,Step18_Model3_EQC_CH4,Step19_Model2_EQA_CH1,Step20_Model3_EQB_CH4,Step21_Model1_EQA_CH2,Step22_Model3_EQC_CH2,Step23_Model1_EQA_CH3,Step24_Model1_EQB_CH2,Step25_Model3_EQA_CH4,Step26_Model3_EQC_CH1,Step27_Model3_EQA_CH3,Step28_Model2_EQA_CH1,Step29_Model3_EQA_CH3,Step30_Model1_EQC_CH3,33.08,,,,,,,,,64.39,,,,39.25,,,,,,,,,,,,,,,,,62.47,,,,46.11,,,,,,,58.01,,58.94,55.13,,48.58,,,,,15,,,,,,,,,,,,
L026W19,L026,19,Step1_Model1_EQB_CH1,Step2_Model3_EQC_CH2,Step3_Model1_EQC_CH2,Step4_Model1_EQC_CH2,Step5_Model3_EQA_CH2,Step6_Model3_EQC_CH1,Step7_Model1_EQB_CH4,Step8_Model1_EQC_CH3,Step9_Model2_EQB_CH1,Step10_Model2_EQA_CH2,Step11_Model2_EQB_CH2,Step12_Model2_EQC_CH1,Step13_Model1_EQA_CH3,Step14_Model3_EQB_CH1,Step15_Model3_EQC_CH1,Step16_Model2_EQB_CH4,Step17_Model1_EQB_CH1,Step18_Model3_EQC_CH4,Step19_Model2_EQA_CH3,Step20_Model3_EQB_CH1,Step21_Model1_EQA_CH1,Step22_Model3_EQC_CH2,Step23_Model1_EQA_CH1,Step24_Model1_EQB_CH2,Step25_Model3_EQA_CH2,Step26_Model3_EQC_CH2,Step27_Model3_EQA_CH3,Step28_Model2_EQA_CH4,Step29_Model3_EQA_CH2,Step30_Model1_EQC_CH1,33.39,,,,,,,,,,,42.44,,36.29,47.5,,,,,,,,,,,56.07,,,,,,,,43.09,,,,,,,,,,65.49,,,53.82,,,,,,,,,,,,,,,,,
L026W20,L026,20,Step1_Model1_EQB_CH1,Step2_Model3_EQC_CH2,Step3_Model1_EQC_CH2,Step4_Model1_EQC_CH1,Step5_Model3_EQA_CH2,Step6_Model3_EQC_CH4,Step7_Model1_EQB_CH4,Step8_Model1_EQC_CH3,Step9_Model2_EQB_CH2,Step10_Model2_EQA_CH3,Step11_Model2_EQB_CH3,Step12_Model2_EQC_CH3,Step13_Model1_EQA_CH2,Step14_Model3_EQB_CH3,Step15_Model3_EQC_CH4,Step16_Model2_EQB_CH3,Step17_Model1_EQB_CH4,Step18_Model3_EQC_CH4,Step19_Model2_EQA_CH2,Step20_Model3_EQB_CH3,Step21_Model1_EQA_CH2,Step22_Model3_EQC_CH4,Step23_Model1_EQA_CH1,Step24_Model1_EQB_CH3,Step25_Model3_EQA_CH2,Step26_Model3_EQC_CH1,Step27_Model3_EQA_CH3,Step28_Model2_EQA_CH3,Step29_Model3_EQA_CH2,Step30_Model1_EQC_CH1,,,,,,53.2,,,59.53,,53.42,,,,,,55.33,,,,,,,32.44,,,,,,,,44.66,44.26,,,,,,,,,62.43,,,,,,40.29,,,,,,,,,,,,,,,,
L026W21,L026,21,Step1_Model1_EQB_CH2,Step2_Model3_EQC_CH3,Step3_Model1_EQC_CH3,Step4_Model1_EQC_CH4,Step5_Model3_EQA_CH3,Step6_Model3_EQC_CH3,Step7_Model1_EQB_CH1,Step8_Model1_EQC_CH1,Step9_Model2_EQB_CH4,Step10_Model2_EQA_CH4,Step11_Model2_EQB_CH4,Step12_Model2_EQC_CH2,Step13_Model1_EQA_CH2,Step14_Model3_EQB_CH4,Step15_Model3_EQC_CH2,Step16_Model2_EQB_CH3,Step17_Model1_EQB_CH4,Step18_Model3_EQC_CH4,Step19_Model2_EQA_CH2,Step20_Model3_EQB_CH1,Step21_Model1_EQA_CH4,Step22_Model3_EQC_CH2,Step23_Model1_EQA_CH2,Step24_Model1_EQB_CH1,Step25_Model3_EQA_CH4,Step26_Model3_EQC_CH1,Step27_Model3_EQA_CH3,Step28_Model2_EQA_CH1,Step29_Model3_EQA_CH1,Step30_Model1_EQC_CH2,,,41.48,41.15,,,,,,,,41.33,,39.73,,,,,,,,,,,,,,,,45.31,54.96,,39.86,,43.88,,61.15,,60.59,,,,,,,,,,,,,,,,,,,,,,,,,
L026W22,L026,22,Step1_Model1_EQB_CH1,Step2_Model3_EQC_CH3,Step3_Model1_EQC_CH2,Step4_Model1_EQC_CH3,Step5_Model3_EQA_CH1,Step6_Model3_EQC_CH3,Step7_Model1_EQB_CH3,Step8_Model1_EQC_CH1,Step9_Model2_EQB_CH1,Step10_Model2_EQA_CH2,Step11_Model2_EQB_CH2,Step12_Model2_EQC_CH4,Step13_Model1_EQA_CH2,Step14_Model3_EQB_CH1,Step15_Model3_EQC_CH3,Step16_Model2_EQB_CH3,Step17_Model1_EQB_CH2,Step18_Model3_EQC_CH2,Step19_Model2_EQA_CH1,Step20_Model3_EQB_CH3,Step21_Model1_EQA_CH4,Step22_Model3_EQC_CH4,Step23_Model1_EQA_CH2,Step24_Model1_EQB_CH4,Step25_Model3_EQA_CH1,Step26_Model3_EQC_CH4,Step27_Model3_EQA_CH2,Step28_Model2_EQA_CH1,Step29_Model3_EQA_CH3,Step30_Model1_EQC_CH1,29.79,,40.51,,,,62.36,,,,,,,,,60.76,,,,,,37.13,,,38.87,60.41,33.32,,,46.73,,,,,46.99,,,59.32,,,,,,,,48.8,,,,,,11,7,,,,,,,,,,,
L026W23,L026,23,Step1_Model1_EQB_CH2,Step2_Model3_EQC_CH2,Step3_Model1_EQC_CH4,Step4_Model1_EQC_CH4,Step5_Model3_EQA_CH3,Step6_Model3_EQC_CH3,Step7_Model1_EQB_CH2,Step8_Model1_EQC_CH2,Step9_Model2_EQB_CH2,Step10_Model2_EQA_CH3,Step11_Model2_EQB_CH2,Step12_Model2_EQC_CH3,Step13_Model1_EQA_CH2,Step14_Model3_EQB_CH1,Step15_Model3_EQC_CH1,Step16_Model2_EQB_CH2,Step17_Model1_EQB_CH1,Step18_Model3_EQC_CH3,Step19_Model2_EQA_CH4,Step20_Model3_EQB_CH1,Step21_Model1_EQA_CH4,Step22_Model3_EQC_CH1,Step23_Model1_EQA_CH3,Step24_Model1_EQB_CH1,Step25_Model3_EQA_CH1,Step26_Model3_EQC_CH2,Step27_Model3_EQA_CH4,Step28_Model2_EQA_CH4,Step29_Model3_EQA_CH3,Step30_Model1_EQC_CH3,,36.43,,,,54.2,,,,,60.2,40.09,,,50.98,,,,40.58,42.49,,,,38.39,,,,,,,,,40.22,,,,54.4,,68.31,,36.43,,51.99,,,,,,,,,,,,,,,,,,,,,
L026W24,L026,24,Step1_Model1_EQB_CH4,Step2_Model3_EQC_CH2,Step3_Model1_EQC_CH2,Step4_Model1_EQC_CH4,Step5_Model3_EQA_CH1,Step6_Model3_EQC_CH4,Step7_Model1_EQB_CH1,Step8_Model1_EQC_CH4,Step9_Model2_EQB_CH1,Step10_Model2_EQA_CH2,Step11_Model2_EQB_CH4,Step12_Model2_EQC_CH3,Step13_Model1_EQA_CH1,Step14_Model3_EQB_CH2,Step15_Model3_EQC_CH3,Step16_Model2_EQB_CH2,Step17_Model1_EQB_CH1,Step18_Model3_EQC_CH4,Step19_Model2_EQA_CH2,Step20_Model3_EQB_CH4,Step21_Model1_EQA_CH4,Step22_Model3_EQC_CH2,Step23_Model1_EQA_CH2,Step24_Model1_EQB_CH2,Step25_Model3_EQA_CH4,Step26_Model3_EQC_CH3,Step27_Model3_EQA_CH1,Step28_Model2_EQA_CH3,Step29_Model3_EQA_CH4,Step30_Model1_EQC_CH2,41.96,,,,,,,,,,,,,,,,56.95,,,,,,39.5,,,68.04,,,,,,,,,,,,,,,,,64.68,64.43,,,51.15,,,,,8,,,,,,,,,,,,
L026W25,L026,25,Step1_Model1_EQB_CH2,Step2_Model3_EQC_CH1,Step3_Model1_EQC_CH1,Step4_Model1_EQC_CH3,Step5_Model3_EQA_CH3,Step6_Model3_EQC_CH1,Step7_Model1_EQB_CH4,Step8_Model1_EQC_CH3,Step9_Model2_EQB_CH2,Step10_Model2_EQA_CH2,Step11_Model2_EQB_CH4,Step12_Model2_EQC_CH1,Step13_Model1_EQA_CH3,Step14_Model3_EQB_CH2,Step15_Model3_EQC_CH1,Step16_Model2_EQB_CH3,Step17_Model1_EQB_CH4,Step18_Model3_EQC_CH2,Step19_Model2_EQA_CH4,Step20_Model3_EQB_CH4,Step21_Model1_EQA_CH4,Step22_Model3_EQC_CH3,Step23_Model1_EQA_CH4,Step24_Model1_EQB_CH3,Step25_Model3_EQA_CH3,Step26_Model3_EQC_CH4,Step27_Model3_EQA_CH4,Step28_Model2_EQA_CH1,Step29_Model3_EQA_CH2,Step30_Model1_EQC_CH1,,32.71,,,41.63,,,,59.28,,,,37.07,,,58.77,,,39.26,,,,,,,,,,,,59.23,,,,,,,,,,,,61.54,,,,53.73,,,,,15,,,,,,,,,,,,
L027W01,L027,1,Step1_Model2_EQB_CH4,Step2_Model1_EQA_CH1,Step3_Model2_EQB_CH4,Step4_Model2_EQC_CH3,Step5_Model2_EQA_CH3,Step6_Model1_EQA_CH4,Step7_Model2_EQB_CH4,Step8_Model3_EQC_CH3,Step9_Model1_EQC_CH4,Step10_Model3_EQA_CH4,Step11_Model2_EQC_CH1,Step12_Model2_EQA_CH3,Step13_Model1_EQC_CH2,Step14_Model1_EQA_CH1,Step15_Model1_EQC_CH2,Step16_Model3_EQC_CH4,Step17_Model1_EQB_CH4,Step18_Model1_EQC_CH2,Step19_Model2_EQB_CH4,Step20_Model3_EQB_CH4,Step21_Model2_EQC_CH1,Step22_Model2_EQB_CH2,Step23_Model3_EQB_CH1,Step24_Model2_EQB_CH2,Step25_Model2_EQC_CH1,Step26_Model1_EQA_CH3,Step27_Model2_EQC_CH3,Step28_Model3_EQB_CH2,Step29_Model1_EQB_CH3,Step30_Model3_EQC_CH1,,,,,,,,,,,,,,,,,,40.95,,,40.79,,,,,,,,,,,,,,,,,,,,,57.84,,,,,49.21,,,,,,,,,9,,,,,,,,
L027W02,L027,2,Step1_Model2_EQB_CH2,Step2_Model1_EQA_CH3,Step3_Model2_EQB_CH3,Step4_Model2_EQC_CH2,Step5_Model2_EQA_CH3,Step6_Model1_EQA_CH3,Step7_Model2_EQB_CH2,Step8_Model3_EQC_CH3,Step9_Model1_EQC_CH3,Step10_Model3_EQA_CH3,Step11_Model2_EQC_CH3,Step12_Model2_EQA_CH4,Step13_Model1_EQC_CH2,Step14_Model1_EQA_CH4,Step15_Model1_EQC_CH4,Step16_Model3_EQC_CH1,Step17_Model1_EQB_CH4,Step18_Model1_EQC_CH4,Step19_Model2_EQB_CH1,Step20_Model3_EQB_CH3,Step21_Model2_EQC_CH3,Step22_Model2_EQB_CH4,Step23_Model3_EQB_CH1,Step24_Model2_EQB_CH3,Step25_Model2_EQC_CH1,Step26_Model1_EQA_CH2,Step27_Model2_EQC_CH2,Step28_Model3_EQB_CH2,Step29_Model1_EQB_CH2,Step30_Model3_EQC_CH4,,,,,,,,,,,50.6,,44.06,,,62.02,,,,,42.24,,,,,,,,,,,,,,,,56.89,,,59.63,,,,,,,,,,,,,,,,,9,,,,,,,
L027W03,L027,3,Step1_Model2_EQB_CH2,Step2_Model1_EQA_CH2,Step3_Model2_EQB_CH1,Step4_Model2_EQC_CH3,Step5_Model2_EQA_CH1,Step6_Model1_EQA_CH4,Step7_Model2_EQB_CH2,Step8_Model3_EQC_CH3,Step9_Model1_EQC_CH3,Step10_Model3_EQA_CH2,Step11_Model2_EQC_CH2,Step12_Model2_EQA_CH4,Step13_Model1_EQC_CH4,Step14_Model1_EQA_CH2,Step15_Model1_EQC_CH2,Step16_Model3_EQC_CH2,Step17_Model1_EQB_CH2,Step18_Model1_EQC_CH3,Step19_Model2_EQB_CH4,Step20_Model3_EQB_CH2,Step21_Model2_EQC_CH2,Step22_Model2_EQB_CH3,Step23_Model3_EQB_CH1,Step24_Model2_EQB_CH2,Step25_Model2_EQC_CH3,Step26_Model1_EQA_CH3,Step27_Model2_EQC_CH1,Step28_Model3_EQB_CH4,Step29_Model1_EQB_CH4,Step30_Model3_EQC_CH4,,,,,,,,,,,,,,,,,,,,,35.84,,,,,,,,,,59.29,,,,42.29,,,,,61.31,,,,,,,,,,,,,,,,,,,,,,,,
L027W04,L027,4,Step1_Model2_EQB_CH2,Step2_Model1_EQA_CH4,Step3_Model2_EQB_CH2,Step4_Model2_EQC_CH2,Step5_Model2_EQA_CH3,Step6_Model1_EQA_CH4,Step7_Model2_EQB_CH4,Step8_Model3_EQC_CH4,Step9_Model1_EQC_CH2,Step10_Model3_EQA_CH2,Step11_Model2_EQC_CH4,Step12_Model2_EQA_CH2,Step13_Model1_EQC_CH2,Step14_Model1_EQA_CH1,Step15_Model1_EQC_CH1,Step16_Model3_EQC_CH4,Step17_Model1_EQB_CH4,Step18_Model1_EQC_CH1,Step19_Model2_EQB_CH2,Step20_Model3_EQB_CH2,Step21_Model2_EQC_CH3,Step22_Model2_EQB_CH4,Step23_Model3_EQB_CH4,Step24_Model2_EQB_CH4,Step25_Model2_EQC_CH3,Step26_Model1_EQA_CH3,Step27_Model2_EQC_CH2,Step28_Model3_EQB_CH1,Step29_Model1_EQB_CH1,Step30_Model3_EQC_CH1,,,42.19,,,,65.16,,65.74,,,,,,,,57.43,,,49.2,,,,,,,,,60.36,,,,,,,,56.4,,,,,,,,,,,,,,,,,8,,,,9,,,,,,
L027W05,L027,5,Step1_Model2_EQB_CH2,Step2_Model1_EQA_CH1,Step3_Model2_EQB_CH3,Step4_Model2_EQC_CH3,Step5_Model2_EQA_CH4,Step6_Model1_EQA_CH1,Step7_Model2_EQB_CH3,Step8_Model3_EQC_CH4,Step9_Model1_EQC_CH1,Step10_Model3_EQA_CH1,Step11_Model2_EQC_CH3,Step12_Model2_EQA_CH4,Step13_Model1_EQC_CH4,Step14_Model1_EQA_CH3,Step15_Model1_EQC_CH3,Step16_Model3_EQC_CH3,Step17_Model1_EQB_CH1,Step18_Model1_EQC_CH3,Step19_Model2_EQB_CH3,Step20_Model3_EQB_CH2,Step21_Model2_EQC_CH3,Step22_Model2_EQB_CH3,Step23_Model3_EQB_CH1,Step24_Model2_EQB_CH4,Step25_Model2_EQC_CH1,Step26_Model1_EQA_CH2,Step27_Model2_EQC_CH3,Step28_Model3_EQB_CH3,Step29_Model1_EQB_CH3,Step30_Model3_EQC_CH3,,,,,,,,,,,,,,,,,,,,,,,,,,,,,58.68,,,,,,,,,,,,,,,,,,,,,,,,,,,,,,,,,,,
L027W06,L027,6,Step1_Model2_EQB_CH3,Step2_Model1_EQA_CH3,Step3_Model2_EQB_CH2,Step4_Model2_EQC_CH3,Step5_Model2_EQA_CH3,Step6_Model1_EQA_CH3,Step7_Model2_EQB_CH2,Step8_Model3_EQC_CH3,Step9_Model1_EQC_CH2,Step10_Model3_EQA_CH1,Step11_Model2_EQC_CH3,Step12_Model2_EQA_CH4,Step13_Model1_EQC_CH2,Step14_Model1_EQA_CH1,Step15_Model1_EQC_CH2,Step16_Model3_EQC_CH2,Step17_Model1_EQB_CH1,Step18_Model1_EQC_CH3,Step19_Model2_EQB_CH3,Step20_Model3_EQB_CH2,Step21_Model2_EQC_CH1,Step22_Model2_EQB_CH3,Step23_Model3_EQB_CH2,Step24_Model2_EQB_CH4,Step25_Model2_EQC_CH1,Step26_Model1_EQA_CH4,Step27_Model2_EQC_CH4,Step28_Model3_EQB_CH2,Step29_Model1_EQB_CH1,Step30_Model3_EQC_CH3,38.71,,,,,,60.26,,,,51.42,,,,,,64.35,,,,,,,,,58.75,,,56.98,,,,,,,,,56.69,,,40.27,,,,,,52.61,,,,,9,,,,,,,,,,,,
L027W07,L027,7,Step1_Model2_EQB_CH3,Step2_Model1_EQA_CH2,Step3_Model2_EQB_CH3,Step4_Model2_EQC_CH3,Step5_Model2_EQA_CH4,Step6_Model1_EQA_CH4,Step7_Model2_EQB_CH1,Step8_Model3_EQC_CH4,Step9_Model1_EQC_CH3,Step10_Model3_EQA_CH1,Step11_Model2_EQC_CH1,Step12_Model2_EQA_CH2,Step13_Model1_EQC_CH4,Step14_Model1_EQA_CH1,Step15_Model1_EQC_CH3,Step16_Model3_EQC_CH1,Step17_Model1_EQB_CH1,Step18_Model1_EQC_CH2,Step19_Model2_EQB_CH3,Step20_Model3_EQB_CH3,Step21_Model2_EQC_CH4,Step22_Model2_EQB_CH3,Step23_Model3_EQB_CH1,Step24_Model2_EQB_CH3,Step25_Model2_EQC_CH3,Step26_Model1_EQA_CH1,Step27_Model2_EQC_CH2,Step28_Model3_EQB_CH4,Step29_Model1_EQB_CH4,Step30_Model3_EQC_CH2,,,,,,,,,,,,,,,,,,,,,,34.54,,,,,,,59.34,,,,,,40.06,,,,,,,,,,,,,,,,,,,,,,,,,,,,,
L027W08,L027,8,Step1_Model2_EQB_CH1,Step2_Model1_EQA_CH4,Step3_Model2_EQB_CH2,Step4_Model2_EQC_CH2,Step5_Model2_EQA_CH2,Step6_Model1_EQA_CH4,Step7_Model2_EQB_CH4,Step8_Model3_EQC_CH4,Step9_Model1_EQC_CH4,Step10_Model3_EQA_CH3,Step11_Model2_EQC_CH2,Step12_Model2_EQA_CH3,Step13_Model1_EQC_CH2,Step14_Model1_EQA_CH4,Step15_Model1_EQC_CH4,Step16_Model3_EQC_CH3,Step17_Model1_EQB_CH1,Step18_Model1_EQC_CH4,Step19_Model2_EQB_CH1,Step20_Model3_EQB_CH2,Step21_Model2_EQC_CH3,Step22_Model2_EQB_CH1,Step23_Model3_EQB_CH1,Step24_Model2_EQB_CH4,Step25_Model2_EQC_CH1,Step26_Model1_EQA_CH1,Step27_Model2_EQC_CH2,Step28_Model3_EQB_CH3,Step29_Model1_EQB_CH4,Step30_Model3_EQC_CH4,,33.84,42.57,,46.36,57.37,,,,,,44.25,,,,,,,,,39.27,,,,,58.92,,,,,,44.5,,,42.89,,,,,63.85,,,,,,56.24,,,,,,12,,,,,,,,,,,,
L027W09,L027,9,Step1_Model2_EQB_CH1,Step2_Model1_EQA_CH2,Step3_Model2_EQB_CH1,Step4_Model2_EQC_CH1,Step5_Model2_EQA_CH4,Step6_Model1_EQA_CH1,Step7_Model2_EQB_CH1,Step8_Model3_EQC_CH2,Step9_Model1_EQC_CH4,Step10_Model3_EQA_CH3,Step11_Model2_EQC_CH2,Step12_Model2_EQA_CH2,Step13_Model1_EQC_CH2,Step14_Model1_EQA_CH4,Step15_Model1_EQC_CH1,Step16_Model3_EQC_CH3,Step17_Model1_EQB_CH4,Step18_Model1_EQC_CH1,Step19_Model2_EQB_CH2,Step20_Model3_EQB_CH4,Step21_Model2_EQC_CH1,Step22_Model2_EQB_CH3,Step23_Model3_EQB_CH3,Step24_Model2_EQB_CH1,Step25_Model2_EQC_CH4,Step26_Model1_EQA_CH2,Step27_Model2_EQC_CH1,Step28_Model3_EQB_CH2,Step29_Model1_EQB_CH3,Step30_Model3_EQC_CH1,,,,,,,55.31,61.49,,,,,,,,,65.4,,,49.84,,,,,,,35.79,,,,,,,,,,,,,,,,,60.08,72.5,,,,11,,,,,,,,,,,,,,,
L027W10,L027,10,Step1_Model2_EQB_CH3,Step2_Model1_EQA_CH2,Step3_Model2_EQB_CH2,Step4_Model2_EQC_CH1,Step5_Model2_EQA_CH1,Step6_Model1_EQA_CH1,Step7_Model2_EQB_CH3,Step8_Model3_EQC_CH2,Step9_Model1_EQC_CH2,Step10_Model3_EQA_CH3,Step11_Model2_EQC_CH1,Step12_Model2_EQA_CH4,Step13_Model1_EQC_CH1,Step14_Model1_EQA_CH4,Step15_Model1_EQC_CH4,Step16_Model3_EQC_CH3,Step17_Model1_EQB_CH2,Step18_Model1_EQC_CH2,Step19_Model2_EQB_CH2,Step20_Model3_EQB_CH2,Step21_Model2_EQC_CH3,Step22_Model2_EQB_CH4,Step23_Model3_EQB_CH2,Step24_Model2_EQB_CH4,Step25_Model2_EQC_CH3,Step26_Model1_EQA_CH1,Step27_Model2_EQC_CH3,Step28_Model3_EQB_CH2,Step29_Model1_EQB_CH1,Step30_Model3_EQC_CH3,,,,,,,,,,64.06,,,,,43.53,,,47.06,,,41.82,,,,,,,,,,,,,,42.42,,60.36,61.97,,,,,,,64.45,,,,,,,,,,,,,,,,,,,
L027W11,L027,11,Step1_Model2_EQB_CH3,Step2_Model1_EQA_CH4,Step3_Model2_EQB_CH3,Step4_Model2_EQC_CH1,Step5_Model2_EQA_CH3,Step6_Model1_EQA_CH2,Step7_Model2_EQB_CH4,Step8_Model3_EQC_CH1,Step9_Model1_EQC_CH1,Step10_Model3_EQA_CH3,Step11_Model2_EQC_CH2,Step12_Model2_EQA_CH4,Step13_Model1_EQC_CH1,Step14_Model1_EQA_CH4,Step15_Model1_EQC_CH3,Step16_Model3_EQC_CH2,Step17_Model1_EQB_CH3,Step18_Model1_EQC_CH4,Step19_Model2_EQB_CH3,Step20_Model3_EQB_CH4,Step21_Model2_EQC_CH1,Step22_Model2_EQB_CH1,Step23_Model3_EQB_CH3,Step24_Model2_EQB_CH1,Step25_Model2_EQC_CH4,Step26_Model1_EQA_CH1,Step27_Model2_EQC_CH2,Step28_Model3_EQB_CH2,Step29_Model1_EQB_CH3,Step30_Model3_EQC_CH3,,,,,,,,,,,,,39.47,,,,,37.37,38.75,,,,,37.58,,,,,,,45.15,,,,,,65,,,,,,,,,,,,,,,,,,,,,,,,,,,
L027W12,L027,12,Step1_Model2_EQB_CH3,Step2_Model1_EQA_CH3,Step3_Model2_EQB_CH4,Step4_Model2_EQC_CH4,Step5_Model2_EQA_CH2,Step6_Model1_EQA_CH4,Step7_Model2_EQB_CH1,Step8_Model3_EQC_CH2,Step9_Model1_EQC_CH3,Step10_Model3_EQA_CH3,Step11_Model2_EQC_CH4,Step12_Model2_EQA_CH2,Step13_Model1_EQC_CH4,Step14_Model1_EQA_CH4,Step15_Model1_EQC_CH4,Step16_Model3_EQC_CH2,Step17_Model1_EQB_CH3,Step18_Model1_EQC_CH1,Step19_Model2_EQB_CH3,Step20_Model3_EQB_CH2,Step21_Model2_EQC_CH3,Step22_Model2_EQB_CH3,Step23_Model3_EQB_CH1,Step24_Model2_EQB_CH3,Step25_Model2_EQC_CH3,Step26_Model1_EQA_CH3,Step27_Model2_EQC_CH4,Step28_Model3_EQB_CH2,Step29_Model1_EQB_CH2,Step30_Model3_EQC_CH1,,28.07,,,,,,,,,,,,,,,,36.67,,,,,,39.33,,,,,52.49,43.54,,,,,,,,,,,,,56.2,,,,,,,,,,,,,,8,,,,,,,
L027W13,L027,13,Step1_Model2_EQB_CH4,Step2_Model1_EQA_CH4,Step3_Model2_EQB_CH3,Step4_Model2_EQC_CH2,Step5_Model2_EQA_CH1,Step6_Model1_EQA_CH4,Step7_Model2_EQB_CH3,Step8_Model3_EQC_CH1,Step9_Model1_EQC_CH4,Step10_Model3_EQA_CH1,Step11_Model2_EQC_CH4,Step12_Model2_EQA_CH1,Step13_Model1_EQC_CH4,Step14_Model1_EQA_CH4,Step15_Model1_EQC_CH1,Step16_Model3_EQC_CH4,Step17_Model1_EQB_CH4,Step18_Model1_EQC_CH4,Step19_Model2_EQB_CH1,Step20_Model3_EQB_CH1,Step21_Model2_EQC_CH4,Step22_Model2_EQB_CH4,Step23_Model3_EQB_CH1,Step24_Model2_EQB_CH3,Step25_Model2_EQC_CH4,Step26_Model1_EQA_CH3,Step27_Model2_EQC_CH1,Step28_Model3_EQB_CH4,Step29_Model1_EQB_CH3,Step30_Model3_EQC_CH1,,,26.75,,,,,,70.35,,,,,,,,,,,,,,,,,,,,,47.6,,42.36,,,,,,,,,35.25,,,,,,,,,,,,,11,,,,,,,,,,
L027W14,L027,14,Step1_Model2_EQB_CH3,Step2_Model1_EQA_CH2,Step3_Model2_EQB_CH1,Step4_Model2_EQC_CH2,Step5_Model2_EQA_CH1,Step6_Model1_EQA_CH1,Step7_Model2_EQB_CH4,Step8_Model3_EQC_CH2,Step9_Model1_EQC_CH2,Step10_Model3_EQA_CH2,Step11_Model2_EQC_CH1,Step12_Model2_EQA_CH2,Step13_Model1_EQC_CH2,Step14_Model1_EQA_CH4,Step15_Model1_EQC_CH3,Step16_Model3_EQC_CH3,Step17_Model1_EQB_CH2,Step18_Model1_EQC_CH2,Step19_Model2_EQB_CH2,Step20_Model3_EQB_CH2,Step21_Model2_EQC_CH3,Step22_Model2_EQB_CH4,Step23_Model3_EQB_CH1,Step24_Model2_EQB_CH2,Step25_Model2_EQC_CH2,Step26_Model1_EQA_CH3,Step27_Model2_EQC_CH2,Step28_Model3_EQB_CH4,Step29_Model1_EQB_CH4,Step30_Model3_EQC_CH2,,,,41.87,,57.59,,,65.34,,,,,35.74,,,,,,,,,,,46.1,,,60.53,,,,41.33,,,,,,61.7,,,,,,64.55,,,,,,,,,,,,,,10,,,,,,
L027W15,L027,15,Step1_Model2_EQB_CH3,Step2_Model1_EQA_CH2,Step3_Model2_EQB_CH2,Step4_Model2_EQC_CH3,Step5_Model2_EQA_CH4,Step6_Model1_EQA_CH1,Step7_Model2_EQB_CH2,Step8_Model3_EQC_CH4,Step9_Model1_EQC_CH2,Step10_Model3_EQA_CH1,Step11_Model2_EQC_CH3,Step12_Model2_EQA_CH4,Step13_Model1_EQC_CH1,Step14_Model1_EQA_CH2,Step15_Model1_EQC_CH1,Step16_Model3_EQC_CH4,Step17_Model1_EQB_CH3,Step18_Model1_EQC_CH2,Step19_Model2_EQB_CH3,Step20_Model3_EQB_CH3,Step21_Model2_EQC_CH1,Step22_Model2_EQB_CH1,Step23_Model3_EQB_CH4,Step24_Model2_EQB_CH4,Step25_Model2_EQC_CH3,Step26_Model1_EQA_CH4,Step27_Model2_EQC_CH3,Step28_Model3_EQB_CH2,Step29_Model1_EQB_CH3,Step30_Model3_EQC_CH4,,28.36,,,,,,,,,,,,,,,,46.41,,,,,,,,62.59,,,,,,,,40.36,,,,,,58.07,,,,,,,,,7,,,,,,,,,,,,,,,
L027W16,L027,16,Step1_Model2_EQB_CH4,Step2_Model1_EQA_CH3,Step3_Model2_EQB_CH1,Step4_Model2_EQC_CH3,Step5_Model2_EQA_CH3,Step6_Model1_EQA_CH1,Step7_Model2_EQB_CH2,Step8_Model3_EQC_CH1,Step9_Model1_EQC_CH4,Step10_Model3_EQA_CH1,Step11_Model2_EQC_CH4,Step12_Model2_EQA_CH4,Step13_Model1_EQC_CH3,Step14_Model1_EQA_CH3,Step15_Model1_EQC_CH2,Step16_Model3_EQC_CH4,Step17_Model1_EQB_CH3,Step18_Model1_EQC_CH4,Step19_Model2_EQB_CH2,Step20_Model3_EQB_CH4,Step21_Model2_EQC_CH2,Step22_Model2_EQB_CH2,Step23_Model3_EQB_CH2,Step24_Model2_EQB_CH3,Step25_Model2_EQC_CH1,Step26_Model1_EQA_CH1,Step27_Model2_EQC_CH3,Step28_Model3_EQB_CH4,Step29_Model1_EQB_CH3,Step30_Model3_EQC_CH4,,,,,,,,,,,,,,,,,,,,40.43,,,,,,,,,,,,,,,,,58.1,,61.61,63.52,,,,,,,,,,,,,,,,,,,,,,,,
L027W17,L027,17,Step1_Model2_EQB_CH2,Step2_Model1_EQA_CH3,Step3_Model2_EQB_CH1,Step4_Model2_EQC_CH4,Step5_Model2_EQA_CH3,Step6_Model1_EQA_CH3,Step7_Model2_EQB_CH4,Step8_Model3_EQC_CH2,Step9_Model1_EQC_CH2,Step10_Model3_EQA_CH2,Step11_Model2_EQC_CH2,Step12_Model2_EQA_CH4,Step13_Model1_EQC_CH1,Step14_Model1_EQA_CH3,Step15_Model1_EQC_CH3,Step16_Model3_EQC_CH2,Step17_Model1_EQB_CH4,Step18_Model1_EQC_CH1,Step19_Model2_EQB_CH1,Step20_Model3_EQB_CH3,Step21_Model2_EQC_CH2,Step22_Model2_EQB_CH3,Step23_Model3_EQB_CH3,Step24_Model2_EQB_CH1,Step25_Model2_EQC_CH4,Step26_Model1_EQA_CH1,Step27_Model2_EQC_CH3,Step28_Model3_EQB_CH2,Step29_Model1_EQB_CH2,Step30_Model3_EQC_CH4,,,,,,,,,,,,,,,,,,,,,37.37,,39.24,,,,,,,,,,,,43.56,57.6,,,,,,,,,,,,,,10,,,,,,10,,,,,,,,
L027W18,L027,18,Step1_Model2_EQB_CH4,Step2_Model1_EQA_CH4,Step3_Model2_EQB_CH3,Step4_Model2_EQC_CH3,Step5_Model2_EQA_CH4,Step6_Model1_EQA_CH2,Step7_Model2_EQB_CH2,Step8_Model3_EQC_CH2,Step9_Model1_EQC_CH3,Step10_Model3_EQA_CH1,Step11_Model2_EQC_CH2,Step12_Model2_EQA_CH2,Step13_Model1_EQC_CH2,Step14_Model1_EQA_CH4,Step15_Model1_EQC_CH3,Step16_Model3_EQC_CH4,Step17_Model1_EQB_CH4,Step18_Model1_EQC_CH1,Step19_Model2_EQB_CH4,Step20_Model3_EQB_CH1,Step21_Model2_EQC_CH4,Step22_Model2_EQB_CH2,Step23_Model3_EQB_CH3,Step24_Model2_EQB_CH4,Step25_Model2_EQC_CH1,Step26_Model1_EQA_CH3,Step27_Model2_EQC_CH1,Step28_Model3_EQB_CH2,Step29_Model1_EQB_CH4,Step30_Model3_EQC_CH3,37.57,,,,40.68,,,,,62.7,,,,40.1,,,64.12,,,,42.25,,38.82,,,,38.03,55.39,,48.44,,,,,40.99,,,,,55.8,,,,,,,,,,,,,,,,,,,,,,,,
L027W19,L027,19,Step1_Model2_EQB_CH2,Step2_Model1_EQA_CH4,Step3_Model2_EQB_CH4,Step4_Model2_EQC_CH1,Step5_Model2_EQA_CH1,Step6_Model1_EQA_CH2,Step7_Model2_EQB_CH1,Step8_Model3_EQC_CH2,Step9_Model1_EQC_CH2,Step10_Model3_EQA_CH2,Step11_Model2_EQC_CH1,Step12_Model2_EQA_CH3,Step13_Model1_EQC_CH2,Step14_Model1_EQA_CH3,Step15_Model1_EQC_CH4,Step16_Model3_EQC_CH1,Step17_Model1_EQB_CH1,Step18_Model1_EQC_CH3,Step19_Model2_EQB_CH4,Step20_Model3_EQB_CH4,Step21_Model2_EQC_CH2,Step22_Model2_EQB_CH1,Step23_Model3_EQB_CH4,Step24_Model2_EQB_CH4,Step25_Model2_EQC_CH2,Step26_Model1_EQA_CH2,Step27_Model2_EQC_CH3,Step28_Model3_EQB_CH1,Step29_Model1_EQB_CH4,Step30_Model3_EQC_CH3,,,,,45.65,,,,,,,,,,,,,,38.73,,,,,,,,,,,42.69,,,,,,,,60.23,59.01,,,,,,,,,,,,,,,,,,,,,,,,,
L027W20,L027,20,Step1_Model2_EQB_CH1,Step2_Model1_EQA_CH3,Step3_Model2_EQB_CH1,Step4_Model2_EQC_CH1,Step5_Model2_EQA_CH4,Step6_Model1_EQA_CH1,Step7_Model2_EQB_CH2,Step8_Model3_EQC_CH4,Step9_Model1_EQC_CH2,Step10_Model3_EQA_CH3,Step11_Model2_EQC_CH3,Step12_Model2_EQA_CH1,Step13_Model1_EQC_CH1,Step14_Model1_EQA_CH2,Step15_Model1_EQC_CH2,Step16_Model3_EQC_CH2,Step17_Model1_EQB_CH3,Step18_Model1_EQC_CH2,Step19_Model2_EQB_CH4,Step20_Model3_EQB_CH4,Step21_Model2_EQC_CH3,Step22_Model2_EQB_CH2,Step23_Model3_EQB_CH2,Step24_Model2_EQB_CH1,Step25_Model2_EQC_CH4,Step26_Model1_EQA_CH3,Step27_Model2_EQC_CH2,Step28_Model3_EQB_CH1,Step29_Model1_EQB_CH3,Step30_Model3_EQC_CH3,,,,,,,68.17,,,,,,,,,,,,,,,33.09,,,,,,51.31,60.85,44.53,,39.71,,,,,,,,,,,,61.25,,,,36.46,,,10,,,,,,,,,,,,,
L027W21,L027,21,Step1_Model2_EQB_CH4,Step2_Model1_EQA_CH2,Step3_Model2_EQB_CH3,Step4_Model2_EQC_CH1,Step5_Model2_EQA_CH1,Step6_Model1_EQA_CH3,Step7_Model2_EQB_CH1,Step8_Model3_EQC_CH3,Step9_Model1_EQC_CH1,Step10_Model3_EQA_CH3,Step11_Model2_EQC_CH3,Step12_Model2_EQA_CH3,Step13_Model1_EQC_CH1,Step14_Model1_EQA_CH3,Step15_Model1_EQC_CH4,Step16_Model3_EQC_CH3,Step17_Model1_EQB_CH2,Step18_Model1_EQC_CH2,Step19_Model2_EQB_CH4,Step20_Model3_EQB_CH3,Step21_Model2_EQC_CH2,Step22_Model2_EQB_CH3,Step23_Model3_EQB_CH2,Step24_Model2_EQB_CH1,Step25_Model2_EQC_CH1,Step26_Model1_EQA_CH4,Step27_Model2_EQC_CH4,Step28_Model3_EQB_CH3,Step29_Model1_EQB_CH4,Step30_Model3_EQC_CH3,,,,,,55.94,63.92,,,64.4,,,,,,57.13,,,,,39.37,,,,,,,,,46.86,,,,48.23,40.46,,61.03,,,,,,,,,,48.82,,,,,,,,,,,,,,,,,
L027W22,L027,22,Step1_Model2_EQB_CH1,Step2_Model1_EQA_CH1,Step3_Model2_EQB_CH2,Step4_Model2_EQC_CH3,Step5_Model2_EQA_CH1,Step6_Model1_EQA_CH1,Step7_Model2_EQB_CH3,Step8_Model3_EQC_CH2,Step9_Model1_EQC_CH2,Step10_Model3_EQA_CH2,Step11_Model2_EQC_CH2,Step12_Model2_EQA_CH1,Step13_Model1_EQC_CH3,Step14_Model1_EQA_CH3,Step15_Model1_EQC_CH1,Step16_Model3_EQC_CH1,Step17_Model1_EQB_CH1,Step18_Model1_EQC_CH4,Step19_Model2_EQB_CH3,Step20_Model3_EQB_CH3,Step21_Model2_EQC_CH3,Step22_Model2_EQB_CH2,Step23_Model3_EQB_CH1,Step24_Model2_EQB_CH1,Step25_Model2_EQC_CH1,Step26_Model1_EQA_CH4,Step27_Model2_EQC_CH3,Step28_Model3_EQB_CH1,Step29_Model1_EQB_CH4,Step30_Model3_EQC_CH1,,,,,,,,,,,,,,,,66.46,,,,,39.56,,,,,,,56.09,,46.64,,,,,,,,,,,,,,,,,52.84,,,,,,,,,,,,,,,,,
L027W23,L027,23,Step1_Model2_EQB_CH2,Step2_Model1_EQA_CH3,Step3_Model2_EQB_CH4,Step4_Model2_EQC_CH1,Step5_Model2_EQA_CH3,Step6_Model1_EQA_CH4,Step7_Model2_EQB_CH3,Step8_Model3_EQC_CH3,Step9_Model1_EQC_CH2,Step10_Model3_EQA_CH3,Step11_Model2_EQC_CH4,Step12_Model2_EQA_CH3,Step13_Model1_EQC_CH4,Step14_Model1_EQA_CH3,Step15_Model1_EQC_CH1,Step16_Model3_EQC_CH2,Step17_Model1_EQB_CH1,Step18_Model1_EQC_CH2,Step19_Model2_EQB_CH4,Step20_Model3_EQB_CH2,Step21_Model2_EQC_CH3,Step22_Model2_EQB_CH3,Step23_Model3_EQB_CH1,Step24_Model2_EQB_CH2,Step25_Model2_EQC_CH4,Step26_Model1_EQA_CH4,Step27_Model2_EQC_CH3,Step28_Model3_EQB_CH4,Step29_Model1_EQB_CH3,Step30_Model3_EQC_CH3,,,,45.66,,,,,,,,36.78,,,50.27,,61.04,,48.55,,,,,,,,,,57.65,,,,,57.35,,,,,,,,,,63.45,,,,33.95,,,,,10,,,,,,,,,,,
L027W24,L027,24,Step1_Model2_EQB_CH3,Step2_Model1_EQA_CH1,Step3_Model2_EQB_CH1,Step4_Model2_EQC_CH3,Step5_Model2_EQA_CH3,Step6_Model1_EQA_CH3,Step7_Model2_EQB_CH4,Step8_Model3_EQC_CH3,Step9_Model1_EQC_CH3,Step10_Model3_EQA_CH2,Step11_Model2_EQC_CH2,Step12_Model2_EQA_CH2,Step13_Model1_EQC_CH2,Step14_Model1_EQA_CH3,Step15_Model1_EQC_CH2,Step16_Model3_EQC_CH4,Step17_Model1_EQB_CH4,Step18_Model1_EQC_CH2,Step19_Model2_EQB_CH1,Step20_Model3_EQB_CH4,Step21_Model2_EQC_CH4,Step22_Model2_EQB_CH2,Step23_Model3_EQB_CH2,Step24_Model2_EQB_CH3,Step25_Model2_EQC_CH4,Step26_Model1_EQA_CH2,Step27_Model2_EQC_CH2,Step28_Model3_EQB_CH3,Step29_Model1_EQB_CH4,Step30_Model3_EQC_CH2,,,,,,,,,,,,40.96,,,,60.22,,,,,,,,43.39,,,,,,,,,,,,60.23,,56.86,,58.74,,,,,,,,,,,,,,,,,,,,,,,,
L027W25,L027,25,Step1_Model2_EQB_CH3,Step2_Model1_EQA_CH2,Step3_Model2_EQB_CH1,Step4_Model2_EQC_CH1,Step5_Model2_EQA_CH2,Step6_Model1_EQA_CH4,Step7_Model2_EQB_CH1,Step8_Model3_EQC_CH3,Step9_Model1_EQC_CH2,Step10_Model3_EQA_CH3,Step11_Model2_EQC_CH1,Step12_Model2_EQA_CH4,Step13_Model1_EQC_CH3,Step14_Model1_EQA_CH1,Step15_Model1_EQC_CH1,Step16_Model3_EQC_CH1,Step17_Model1_EQB_CH3,Step18_Model1_EQC_CH1,Step19_Model2_EQB_CH2,Step20_Model3_EQB_CH1,Step21_Model2_EQC_CH2,Step22_Model2_EQB_CH4,Step23_Model3_EQB_CH2,Step24_Model2_EQB_CH4,Step25_Model2_EQC_CH4,Step26_Model1_EQA_CH2,Step27_Model2_EQC_CH4,Step28_Model3_EQB_CH2,Step29_Model1_EQB_CH3,Step30_Model3_EQC_CH4,,,,,,,,,,67.19,,,,,,,61.21,,,,,38.51,42.15,,35.95,,,,59.16,,,,,,39.86,,56.85,,,,,,,,,,,,,,,,,11,,,,,,,,,,
L028W01,L028,1,Step1_Model2_EQA_CH1,Step2_Model2_EQA_CH3,Step3_Model3_EQB_CH3,Step4_Model1_EQC_CH4,Step5_Model3_EQA_CH2,Step6_Model2_EQC_CH1,Step7_Model1_EQB_CH1,Step8_Model3_EQA_CH1,Step9_Model3_EQC_CH2,Step10_Model1_EQC_CH1,Step11_Model1_EQB_CH1,Step12_Model1_EQB_CH2,Step13_Model3_EQA_CH1,Step14_Model1_EQA_CH4,Step15_Model1_EQB_CH4,Step16_Model2_EQC_CH3,Step17_Model3_EQC_CH3,Step18_Model3_EQA_CH3,Step19_Model2_EQB_CH4,Step20_Model2_EQB_CH4,Step21_Model3_EQA_CH4,Step22_Model2_EQA_CH3,Step23_Model1_EQA_CH3,Step24_Model1_EQB_CH3,Step25_Model2_EQB_CH3,Step26_Model3_EQB_CH3,Step27_Model3_EQC_CH3,Step28_Model3_EQB_CH4,Step29_Model2_EQB_CH2,Step30_Model3_EQC_CH2,,32.05,,43.79,,,,,66.75,61.21,,,,,,,,,,45.22,,,,,,,,,,43.88,,41.72,45.22,,,,,,,,33.1,,,62.51,57.85,51.02,52.73,,,,,,,,,,,,,,,,,
L028W02,L028,2,Step1_Model2_EQA_CH3,Step2_Model2_EQA_CH2,Step3_Model3_EQB_CH2,Step4_Model1_EQC_CH4,Step5_Model3_EQA_CH3,Step6_Model2_EQC_CH3,Step7_Model1_EQB_CH2,Step8_Model3_EQA_CH3,Step9_Model3_EQC_CH3,Step10_Model1_EQC_CH3,Step11_Model1_EQB_CH3,Step12_Model1_EQB_CH2,Step13_Model3_EQA_CH1,Step14_Model1_EQA_CH2,Step15_Model1_EQB_CH4,Step16_Model2_EQC_CH1,Step17_Model3_EQC_CH1,Step18_Model3_EQA_CH1,Step19_Model2_EQB_CH2,Step20_Model2_EQB_CH4,Step21_Model3_EQA_CH2,Step22_Model2_EQA_CH4,Step23_Model1_EQA_CH2,Step24_Model1_EQB_CH2,Step25_Model2_EQB_CH2,Step26_Model3_EQB_CH1,Step27_Model3_EQC_CH2,Step28_Model3_EQB_CH4,Step29_Model2_EQB_CH4,Step30_Model3_EQC_CH4,37.06,,,43.06,43.74,,,,,,,,,,,,,,,,,,,,38.76,,,,,,,,,,,,,,,,42.02,,58.53,,,,,,,,,,,,,,,,,,,,,
L028W03,L028,3,Step1_Model2_EQA_CH1,Step2_Model2_EQA_CH2,Step3_Model3_EQB_CH2,Step4_Model1_EQC_CH3,Step5_Model3_EQA_CH1,Step6_Model2_EQC_CH4,Step7_Model1_EQB_CH4,Step8_Model3_EQA_CH2,Step9_Model3_EQC_CH4,Step10_Model1_EQC_CH2,Step11_Model1_EQB_CH2,Step12_Model1_EQB_CH3,Step13_Model3_EQA_CH1,Step14_Model1_EQA_CH2,Step15_Model1_EQB_CH2,Step16_Model2_EQC_CH2,Step17_Model3_EQC_CH3,Step18_Model3_EQA_CH2,Step19_Model2_EQB_CH1,Step20_Model2_EQB_CH1,Step21_Model3_EQA_CH4,Step22_Model2_EQA_CH1,Step23_Model1_EQA_CH4,Step24_Model1_EQB_CH1,Step25_Model2_EQB_CH4,Step26_Model3_EQB_CH2,Step27_Model3_EQC_CH3,Step28_Model3_EQB_CH3,Step29_Model2_EQB_CH3,Step30_Model3_EQC_CH2,,,,,,,,,,63.27,,41.26,,,,,,,,,,,,41.48,34.63,,,55.08,,,59.93,,,,,,56.6,,,,,,63.35,61.62,,,,,,,,,,,,9,,,,,,,,
L028W04,L028,4,Step1_Model2_EQA_CH3,Step2_Model2_EQA_CH1,Step3_Model3_EQB_CH4,Step4_Model1_EQC_CH2,Step5_Model3_EQA_CH3,Step6_Model2_EQC_CH1,Step7_Model1_EQB_CH1,Step8_Model3_EQA_CH2,Step9_Model3_EQC_CH2,Step10_Model1_EQC_CH3,Step11_Model1_EQB_CH4,Step12_Model1_EQB_CH3,Step13_Model3_EQA_CH3,Step14_Model1_EQA_CH2,Step15_Model1_EQB_CH3,Step16_Model2_EQC_CH3,Step17_Model3_EQC_CH4,Step18_Model3_EQA_CH1,Step19_Model2_EQB_CH1,Step20_Model2_EQB_CH4,Step21_Model3_EQA_CH1,Step22_Model2_EQA_CH3,Step23_Model1_EQA_CH4,Step24_Model1_EQB_CH4,Step25_Model2_EQB_CH2,Step26_Model3_EQB_CH1,Step27_Model3_EQC_CH2,Step28_Model3_EQB_CH3,Step29_Model2_EQB_CH4,Step30_Model3_EQC_CH3,42.37,,,,,,,64.24,,,,,,,,,67.83,,,,56,41.62,,,,,,59.94,59.92,,,,46.68,,43.04,,,,60.21,,,59.08,60.93,,,,52.18,,,15,,,,,,7,,,,,,,,
L028W05,L028,5,Step1_Model2_EQA_CH1,Step2_Model2_EQA_CH2,Step3_Model3_EQB_CH1,Step4_Model1_EQC_CH3,Step5_Model3_EQA_CH2,Step6_Model2_EQC_CH1,Step7_Model1_EQB_CH3,Step8_Model3_EQA_CH1,Step9_Model3_EQC_CH4,Step10_Model1_EQC_CH2,Step11_Model1_EQB_CH2,Step12_Model1_EQB_CH2,Step13_Model3_EQA_CH4,Step14_Model1_EQA_CH2,Step15_Model1_EQB_CH4,Step16_Model2_EQC_CH2,Step17_Model3_EQC_CH1,Step18_Model3_EQA_CH1,Step19_Model2_EQB_CH1,Step20_Model2_EQB_CH1,Step21_Model3_EQA_CH4,Step22_Model2_EQA_CH3,Step23_Model1_EQA_CH3,Step24_Model1_EQB_CH1,Step25_Model2_EQB_CH3,Step26_Model3_EQB_CH3,Step27_Model3_EQC_CH2,Step28_Model3_EQB_CH4,Step29_Model2_EQB_CH1,Step30_Model3_EQC_CH3,,34.96,,,,,,,,,53.3,,,,,,,,,,,,,39.16,,,,,,,,,,,,,,57.18,,56.76,,,,,58.58,,,,,,,,,,,,,,,,,,,
L028W06,L028,6,Step1_Model2_EQA_CH3,Step2_Model2_EQA_CH1,Step3_Model3_EQB_CH2,Step4_Model1_EQC_CH1,Step5_Model3_EQA_CH2,Step6_Model2_EQC_CH3,Step7_Model1_EQB_CH4,Step8_Model3_EQA_CH2,Step9_Model3_EQC_CH2,Step10_Model1_EQC_CH1,Step11_Model1_EQB_CH3,Step12_Model1_EQB_CH4,Step13_Model3_EQA_CH1,Step14_Model1_EQA_CH1,Step15_Model1_EQB_CH4,Step16_Model2_EQC_CH3,Step17_Model3_EQC_CH4,Step18_Model3_EQA_CH1,Step19_Model2_EQB_CH1,Step20_Model2_EQB_CH2,Step21_Model3_EQA_CH4,Step22_Model2_EQA_CH4,Step23_Model1_EQA_CH4,Step24_Model1_EQB_CH1,Step25_Model2_EQB_CH3,Step26_Model3_EQB_CH1,Step27_Model3_EQC_CH2,Step28_Model3_EQB_CH1,Step29_Model2_EQB_CH1,Step30_Model3_EQC_CH1,,,,,,,,,60.05,,,,,,,,,,,,,,,,19.35,60.65,,,,,63.04,,,,,,,62.04,,,36.19,64.98,,,,53.76,51.65,,,,,,,,,,,,,,,,,
L028W07,L028,7,Step1_Model2_EQA_CH2,Step2_Model2_EQA_CH4,Step3_Model3_EQB_CH3,Step4_Model1_EQC_CH3,Step5_Model3_EQA_CH2,Step6_Model2_EQC_CH4,Step7_Model1_EQB_CH4,Step8_Model3_EQA_CH2,Step9_Model3_EQC_CH1,Step10_Model1_EQC_CH4,Step11_Model1_EQB_CH3,Step12_Model1_EQB_CH2,Step13_Model3_EQA_CH3,Step14_Model1_EQA_CH1,Step15_Model1_EQB_CH2,Step16_Model2_EQC_CH3,Step17_Model3_EQC_CH3,Step18_Model3_EQA_CH1,Step19_Model2_EQB_CH2,Step20_Model2_EQB_CH4,Step21_Model3_EQA_CH4,Step22_Model2_EQA_CH3,Step23_Model1_EQA_CH1,Step24_Model1_EQB_CH3,Step25_Model2_EQB_CH1,Step26_Model3_EQB_CH4,Step27_Model3_EQC_CH3,Step28_Model3_EQB_CH3,Step29_Model2_EQB_CH1,Step30_Model3_EQC_CH2,,,,,,,,,,,,,,,,,,,,,,,41.42,,,59.83,,60.77,,,,,,,44.81,,,,62.69,,,,,,,,,,,,,,,,,,,,,,,,,
L028W08,L028,8,Step1_Model2_EQA_CH1,Step2_Model2_EQA_CH2,Step3_Model3_EQB_CH4,Step4_Model1_EQC_CH3,Step5_Model3_EQA_CH3,Step6_Model2_EQC_CH1,Step7_Model1_EQB_CH1,Step8_Model3_EQA_CH4,Step9_Model3_EQC_CH4,Step10_Model1_EQC_CH2,Step11_Model1_EQB_CH4,Step12_Model1_EQB_CH4,Step13_Model3_EQA_CH4,Step14_Model1_EQA_CH4,Step15_Model1_EQB_CH2,Step16_Model2_EQC_CH4,Step17_Model3_EQC_CH2,Step18_Model3_EQA_CH1,Step19_Model2_EQB_CH3,Step20_Model2_EQB_CH1,Step21_Model3_EQA_CH4,Step22_Model2_EQA_CH3,Step23_Model1_EQA_CH4,Step24_Model1_EQB_CH4,Step25_Model2_EQB_CH1,Step26_Model3_EQB_CH4,Step27_Model3_EQC_CH1,Step28_Model3_EQB_CH4,Step29_Model2_EQB_CH2,Step30_Model3_EQC_CH3,23.7,28.27,,,43.72,,,,,,58.83,41.49,,,,,,,,,,,,,,,,,,,63.18,,,,41.36,,,,63.13,,37.24,,,,,55.26,,,,,,,,,,,,,,,,,,
L028W09,L028,9,Step1_Model2_EQA_CH1,Step2_Model2_EQA_CH1,Step3_Model3_EQB_CH3,Step4_Model1_EQC_CH1,Step5_Model3_EQA_CH3,Step6_Model2_EQC_CH2,Step7_Model1_EQB_CH4,Step8_Model3_EQA_CH2,Step9_Model3_EQC_CH4,Step10_Model1_EQC_CH3,Step11_Model1_EQB_CH2,Step12_Model1_EQB_CH4,Step13_Model3_EQA_CH3,Step14_Model1_EQA_CH4,Step15_Model1_EQB_CH1,Step16_Model2_EQC_CH1,Step17_Model3_EQC_CH3,Step18_Model3_EQA_CH4,Step19_Model2_EQB_CH1,Step20_Model2_EQB_CH2,Step21_Model3_EQA_CH4,Step22_Model2_EQA_CH4,Step23_Model1_EQA_CH1,Step24_Model1_EQB_CH1,Step25_Model2_EQB_CH3,Step26_Model3_EQB_CH4,Step27_Model3_EQC_CH2,Step28_Model3_EQB_CH1,Step29_Model2_EQB_CH4,Step30_Model3_EQC_CH1,,,,,,,,61.98,,,,,,,,56.71,,,40.03,,,,,,,,,,,,60.86,42.68,,45.19,,,,,,,,,,,,,,,,,,,,,,,,,,,,,,
L028W10,L028,10,Step1_Model2_EQA_CH3,Step2_Model2_EQA_CH4,Step3_Model3_EQB_CH4,Step4_Model1_EQC_CH3,Step5_Model3_EQA_CH2,Step6_Model2_EQC_CH1,Step7_Model1_EQB_CH3,Step8_Model3_EQA_CH4,Step9_Model3_EQC_CH3,Step10_Model1_EQC_CH4,Step11_Model1_EQB_CH3,Step12_Model1_EQB_CH2,Step13_Model3_EQA_CH4,Step14_Model1_EQA_CH3,Step15_Model1_EQB_CH2,Step16_Model2_EQC_CH2,Step17_Model3_EQC_CH1,Step18_Model3_EQA_CH4,Step19_Model2_EQB_CH1,Step20_Model2_EQB_CH2,Step21_Model3_EQA_CH1,Step22_Model2_EQA_CH1,Step23_Model1_EQA_CH3,Step24_Model1_EQB_CH1,Step25_Model2_EQB_CH2,Step26_Model3_EQB_CH1,Step27_Model3_EQC_CH4,Step28_Model3_EQB_CH3,Step29_Model2_EQB_CH2,Step30_Model3_EQC_CH1,,,,44.79,,,,66.87,63.47,61.26,,,,35.83,,56.3,,,,,,,,,,,,,,,,,,,,,57.24,,56.72,,,,,,,,,,,,,,11,,,,,11,,,,,,
L028W11,L028,11,Step1_Model2_EQA_CH4,Step2_Model2_EQA_CH2,Step3_Model3_EQB_CH1,Step4_Model1_EQC_CH3,Step5_Model3_EQA_CH1,Step6_Model2_EQC_CH2,Step7_Model1_EQB_CH2,Step8_Model3_EQA_CH2,Step9_Model3_EQC_CH4,Step10_Model1_EQC_CH1,Step11_Model1_EQB_CH1,Step12_Model1_EQB_CH1,Step13_Model3_EQA_CH3,Step14_Model1_EQA_CH4,Step15_Model1_EQB_CH4,Step16_Model2_EQC_CH3,Step17_Model3_EQC_CH4,Step18_Model3_EQA_CH3,Step19_Model2_EQB_CH2,Step20_Model2_EQB_CH2,Step21_Model3_EQA_CH4,Step22_Model2_EQA_CH2,Step23_Model1_EQA_CH2,Step24_Model1_EQB_CH2,Step25_Model2_EQB_CH1,Step26_Model3_EQB_CH2,Step27_Model3_EQC_CH1,Step28_Model3_EQB_CH3,Step29_Model2_EQB_CH3,Step30_Model3_EQC_CH3,,,,43.63,,,,64.96,,,,,,,,,,,,42.21,38.99,45.41,,,,,,,,,,45.54,,44.31,,,,57.39,,,,,,,,,,35.89,,15,,,,,,,,,,,,,,
L028W12,L028,12,Step1_Model2_EQA_CH3,Step2_Model2_EQA_CH3,Step3_Model3_EQB_CH2,Step4_Model1_EQC_CH2,Step5_Model3_EQA_CH2,Step6_Model2_EQC_CH3,Step7_Model1_EQB_CH3,Step8_Model3_EQA_CH1,Step9_Model3_EQC_CH4,Step10_Model1_EQC_CH2,Step11_Model1_EQB_CH4,Step12_Model1_EQB_CH3,Step13_Model3_EQA_CH3,Step14_Model1_EQA_CH3,Step15_Model1_EQB_CH4,Step16_Model2_EQC_CH1,Step17_Model3_EQC_CH3,Step18_Model3_EQA_CH1,Step19_Model2_EQB_CH1,Step20_Model2_EQB_CH2,Step21_Model3_EQA_CH4,Step22_Model2_EQA_CH3,Step23_Model1_EQA_CH1,Step24_Model1_EQB_CH4,Step25_Model2_EQB_CH4,Step26_Model3_EQB_CH3,Step27_Model3_EQC_CH2,Step28_Model3_EQB_CH2,Step29_Model2_EQB_CH1,Step30_Model3_EQC_CH2,,,42.57,,46.94,,,,,,,,,,,,,,,36.52,,,49.09,,,,35.56,59.01,,42.83,,,,,41.66,,,61.81,,,,,62.24,,,,,,,,,,,,,10,,,,,,,,
L028W13,L028,13,Step1_Model2_EQA_CH2,Step2_Model2_EQA_CH2,Step3_Model3_EQB_CH4,Step4_Model1_EQC_CH3,Step5_Model3_EQA_CH4,Step6_Model2_EQC_CH4,Step7_Model1_EQB_CH3,Step8_Model3_EQA_CH4,Step9_Model3_EQC_CH1,Step10_Model1_EQC_CH1,Step11_Model1_EQB_CH4,Step12_Model1_EQB_CH2,Step13_Model3_EQA_CH4,Step14_Model1_EQA_CH2,Step15_Model1_EQB_CH4,Step16_Model2_EQC_CH1,Step17_Model3_EQC_CH2,Step18_Model3_EQA_CH1,Step19_Model2_EQB_CH4,Step20_Model2_EQB_CH3,Step21_Model3_EQA_CH2,Step22_Model2_EQA_CH2,Step23_Model1_EQA_CH4,Step24_Model1_EQB_CH4,Step25_Model2_EQB_CH2,Step26_Model3_EQB_CH3,Step27_Model3_EQC_CH4,Step28_Model3_EQB_CH4,Step29_Model2_EQB_CH4,Step30_Model3_EQC_CH3,,,,,,,,,,,,,,,,,,,,,,47.48,,,,,,,,,,45.38,,,,,60.49,,,,,,,,,,,,,,,,,,,,,,,,,,,
L028W14,L028,14,Step1_Model2_EQA_CH2,Step2_Model2_EQA_CH1,Step3_Model3_EQB_CH4,Step4_Model1_EQC_CH3,Step5_Model3_EQA_CH2,Step6_Model2_EQC_CH2,Step7_Model1_EQB_CH3,Step8_Model3_EQA_CH4,Step9_Model3_EQC_CH1,Step10_Model1_EQC_CH4,Step11_Model1_EQB_CH2,Step12_Model1_EQB_CH1,Step13_Model3_EQA_CH4,Step14_Model1_EQA_CH1,Step15_Model1_EQB_CH3,Step16_Model2_EQC_CH4,Step17_Model3_EQC_CH2,Step18_Model3_EQA_CH2,Step19_Model2_EQB_CH1,Step20_Model2_EQB_CH3,Step21_Model3_EQA_CH4,Step22_Model2_EQA_CH3,Step23_Model1_EQA_CH3,Step24_Model1_EQB_CH1,Step25_Model2_EQB_CH1,Step26_Model3_EQB_CH4,Step27_Model3_EQC_CH2,Step28_Model3_EQB_CH4,Step29_Model2_EQB_CH3,Step30_Model3_EQC_CH1,,32.97,,,,,,,,,,,,,,57.01,,,,,,,38.02,33.09,,,,,,,,,42.06,48.62,,,,,,,,,,,59.61,,,,,,,,,,,,,,,,,,,
L028W15,L028,15,Step1_Model2_EQA_CH3,Step2_Model2_EQA_CH1,Step3_Model3_EQB_CH2,Step4_Model1_EQC_CH3,Step5_Model3_EQA_CH1,Step6_Model2_EQC_CH4,Step7_Model1_EQB_CH4,Step8_Model3_EQA_CH4,Step9_Model3_EQC_CH3,Step10_Model1_EQC_CH1,Step11_Model1_EQB_CH1,Step12_Model1_EQB_CH1,Step13_Model3_EQA_CH3,Step14_Model1_EQA_CH1,Step15_Model1_EQB_CH2,Step16_Model2_EQC_CH3,Step17_Model3_EQC_CH2,Step18_Model3_EQA_CH2,Step19_Model2_EQB_CH4,Step20_Model2_EQB_CH3,Step21_Model3_EQA_CH1,Step22_Model2_EQA_CH2,Step23_Model1_EQA_CH3,Step24_Model1_EQB_CH1,Step25_Model2_EQB_CH4,Step26_Model3_EQB_CH3,Step27_Model3_EQC_CH3,Step28_Model3_EQB_CH3,Step29_Model2_EQB_CH1,Step30_Model3_EQC_CH2,,,,,,,67.21,,,,,36.3,,34.62,,,,,,,,38.86,,,,,,,,,,,,44.94,,,,,,,,55.28,,,,52.57,,,,,,,8,,,,,,,,,,,
L028W16,L028,16,Step1_Model2_EQA_CH2,Step2_Model2_EQA_CH3,Step3_Model3_EQB_CH3,Step4_Model1_EQC_CH1,Step5_Model3_EQA_CH4,Step6_Model2_EQC_CH3,Step7_Model1_EQB_CH3,Step8_Model3_EQA_CH4,Step9_Model3_EQC_CH3,Step10_Model1_EQC_CH2,Step11_Model1_EQB_CH3,Step12_Model1_EQB_CH2,Step13_Model3_EQA_CH1,Step14_Model1_EQA_CH1,Step15_Model1_EQB_CH2,Step16_Model2_EQC_CH2,Step17_Model3_EQC_CH4,Step18_Model3_EQA_CH2,Step19_Model2_EQB_CH2,Step20_Model2_EQB_CH3,Step21_Model3_EQA_CH4,Step22_Model2_EQA_CH2,Step23_Model1_EQA_CH2,Step24_Model1_EQB_CH2,Step25_Model2_EQB_CH3,Step26_Model3_EQB_CH3,Step27_Model3_EQC_CH3,Step28_Model3_EQB_CH1,Step29_Model2_EQB_CH3,Step30_Model3_EQC_CH2,,,,,,,,,,,,,,,,,,,,,,,,,,,33.71,,,,,,,,,,,,,,38.88,,51.91,,,,,,,,,,,,,,,,,,,,,
L028W17,L028,17,Step1_Model2_EQA_CH3,Step2_Model2_EQA_CH3,Step3_Model3_EQB_CH4,Step4_Model1_EQC_CH2,Step5_Model3_EQA_CH3,Step6_Model2_EQC_CH1,Step7_Model1_EQB_CH4,Step8_Model3_EQA_CH3,Step9_Model3_EQC_CH4,Step10_Model1_EQC_CH4,Step11_Model1_EQB_CH1,Step12_Model1_EQB_CH1,Step13_Model3_EQA_CH1,Step14_Model1_EQA_CH2,Step15_Model1_EQB_CH4,Step16_Model2_EQC_CH3,Step17_Model3_EQC_CH1,Step18_Model3_EQA_CH1,Step19_Model2_EQB_CH4,Step20_Model2_EQB_CH4,Step21_Model3_EQA_CH4,Step22_Model2_EQA_CH3,Step23_Model1_EQA_CH2,Step24_Model1_EQB_CH2,Step25_Model2_EQB_CH1,Step26_Model3_EQB_CH2,Step27_Model3_EQC_CH3,Step28_Model3_EQB_CH2,Step29_Model2_EQB_CH3,Step30_Model3_EQC_CH1,,,,47.92,,,,,,,,,38.07,46.33,,,,,,,,,,34.36,35.82,,,,,,,,,,43.34,,,,,,,,,,,,,,,,,,,,,,,,,,,,,
L028W18,L028,18,Step1_Model2_EQA_CH4,Step2_Model2_EQA_CH3,Step3_Model3_EQB_CH4,Step4_Model1_EQC_CH1,Step5_Model3_EQA_CH3,Step6_Model2_EQC_CH3,Step7_Model1_EQB_CH2,Step8_Model3_EQA_CH3,Step9_Model3_EQC_CH1,Step10_Model1_EQC_CH4,Step11_Model1_EQB_CH3,Step12_Model1_EQB_CH1,Step13_Model3_EQA_CH1,Step14_Model1_EQA_CH3,Step15_Model1_EQB_CH2,Step16_Model2_EQC_CH3,Step17_Model3_EQC_CH3,Step18_Model3_EQA_CH2,Step19_Model2_EQB_CH1,Step20_Model2_EQB_CH3,Step21_Model3_EQA_CH2,Step22_Model2_EQA_CH4,Step23_Model1_EQA_CH4,Step24_Model1_EQB_CH2,Step25_Model2_EQB_CH1,Step26_Model3_EQB_CH2,Step27_Model3_EQC_CH1,Step28_Model3_EQB_CH4,Step29_Model2_EQB_CH3,Step30_Model3_EQC_CH2,,,,,45.93,,64.11,,,,54.69,41.55,,,,,,,,,,,,,,,,60.15,,,,,,,46.53,,,,,,,61.94,,,60.4,52.25,,,,,,,,,,9,,18,,,,,,
L028W19,L028,19,Step1_Model2_EQA_CH4,Step2_Model2_EQA_CH3,Step3_Model3_EQB_CH4,Step4_Model1_EQC_CH2,Step5_Model3_EQA_CH2,Step6_Model2_EQC_CH3,Step7_Model1_EQB_CH2,Step8_Model3_EQA_CH4,Step9_Model3_EQC_CH3,Step10_Model1_EQC_CH3,Step11_Model1_EQB_CH4,Step12_Model1_EQB_CH1,Step13_Model3_EQA_CH3,Step14_Model1_EQA_CH1,Step15_Model1_EQB_CH4,Step16_Model2_EQC_CH4,Step17_Model3_EQC_CH3,Step18_Model3_EQA_CH2,Step19_Model2_EQB_CH3,Step20_Model2_EQB_CH2,Step21_Model3_EQA_CH1,Step22_Model2_EQA_CH2,Step23_Model1_EQA_CH3,Step24_Model1_EQB_CH2,Step25_Model2_EQB_CH4,Step26_Model3_EQB_CH1,Step27_Model3_EQC_CH4,Step28_Model3_EQB_CH4,Step29_Model2_EQB_CH4,Step30_Model3_EQC_CH4,,,,,,,,,,59.45,,,,,,58.2,,,40.86,,,,,35.35,36.51,,,53.82,,,59.24,,,,,,52.39,,,,,,,,,,,,,,,,11,,,,,,,,,,,
L028W20,L028,20,Step1_Model2_EQA_CH2,Step2_Model2_EQA_CH4,Step3_Model3_EQB_CH2,Step4_Model1_EQC_CH4,Step5_Model3_EQA_CH3,Step6_Model2_EQC_CH4,Step7_Model1_EQB_CH3,Step8_Model3_EQA_CH2,Step9_Model3_EQC_CH1,Step10_Model1_EQC_CH2,Step11_Model1_EQB_CH1,Step12_Model1_EQB_CH1,Step13_Model3_EQA_CH4,Step14_Model1_EQA_CH1,Step15_Model1_EQB_CH2,Step16_Model2_EQC_CH4,Step17_Model3_EQC_CH1,Step18_Model3_EQA_CH2,Step19_Model2_EQB_CH1,Step20_Model2_EQB_CH1,Step21_Model3_EQA_CH4,Step22_Model2_EQA_CH4,Step23_Model1_EQA_CH2,Step24_Model1_EQB_CH4,Step25_Model2_EQB_CH4,Step26_Model3_EQB_CH3,Step27_Model3_EQC_CH3,Step28_Model3_EQB_CH2,Step29_Model2_EQB_CH4,Step30_Model3_EQC_CH2,,,,,,,,,,67.49,58.54,,,,,,,,,,,,,,,,,,,,,44.1,45.15,,,,,,,,,56.95,,,,,51.22,,,,,,,,,,,,,,,,,
L028W21,L028,21,Step1_Model2_EQA_CH3,Step2_Model2_EQA_CH3,Step3_Model3_EQB_CH3,Step4_Model1_EQC_CH2,Step5_Model3_EQA_CH4,Step6_Model2_EQC_CH1,Step7_Model1_EQB_CH4,Step8_Model3_EQA_CH2,Step9_Model3_EQC_CH3,Step10_Model1_EQC_CH1,Step11_Model1_EQB_CH2,Step12_Model1_EQB_CH3,Step13_Model3_EQA_CH2,Step14_Model1_EQA_CH1,Step15_Model1_EQB_CH3,Step16_Model2_EQC_CH4,Step17_Model3_EQC_CH2,Step18_Model3_EQA_CH1,Step19_Model2_EQB_CH4,Step20_Model2_EQB_CH1,Step21_Model3_EQA_CH2,Step22_Model2_EQA_CH1,Step23_Model1_EQA_CH3,Step24_Model1_EQB_CH1,Step25_Model2_EQB_CH2,Step26_Model3_EQB_CH3,Step27_Model3_EQC_CH1,Step28_Model3_EQB_CH1,Step29_Model2_EQB_CH3,Step30_Model3_EQC_CH4,,,,,40.4,,,,,57.18,,,,,,,,,,,40.11,,,,,,35.05,,,,,,42.29,40.39,,,,,,,,,,,,,,,,,,,,,,,,,,,,,,
L028W22,L028,22,Step1_Model2_EQA_CH4,Step2_Model2_EQA_CH3,Step3_Model3_EQB_CH1,Step4_Model1_EQC_CH4,Step5_Model3_EQA_CH3,Step6_Model2_EQC_CH2,Step7_Model1_EQB_CH1,Step8_Model3_EQA_CH2,Step9_Model3_EQC_CH1,Step10_Model1_EQC_CH4,Step11_Model1_EQB_CH2,Step12_Model1_EQB_CH2,Step13_Model3_EQA_CH3,Step14_Model1_EQA_CH4,Step15_Model1_EQB_CH4,Step16_Model2_EQC_CH1,Step17_Model3_EQC_CH3,Step18_Model3_EQA_CH3,Step19_Model2_EQB_CH1,Step20_Model2_EQB_CH2,Step21_Model3_EQA_CH1,Step22_Model2_EQA_CH1,Step23_Model1_EQA_CH1,Step24_Model1_EQB_CH3,Step25_Model2_EQB_CH1,Step26_Model3_EQB_CH1,Step27_Model3_EQC_CH1,Step28_Model3_EQB_CH4,Step29_Model2_EQB_CH2,Step30_Model3_EQC_CH2,,,42.23,,38.87,,,,,,,,,,,,,,,,,,40.82,41.65,41.47,,,,,,,,,45.52,,,62.81,,,,,57.26,,,,,54.4,,,6,,,,,,,,,,,,,,
L028W23,L028,23,Step1_Model2_EQA_CH2,Step2_Model2_EQA_CH2,Step3_Model3_EQB_CH3,Step4_Model1_EQC_CH3,Step5_Model3_EQA_CH1,Step6_Model2_EQC_CH3,Step7_Model1_EQB_CH2,Step8_Model3_EQA_CH4,Step9_Model3_EQC_CH1,Step10_Model1_EQC_CH1,Step11_Model1_EQB_CH2,Step12_Model1_EQB_CH2,Step13_Model3_EQA_CH2,Step14_Model1_EQA_CH3,Step15_Model1_EQB_CH1,Step16_Model2_EQC_CH2,Step17_Model3_EQC_CH4,Step18_Model3_EQA_CH1,Step19_Model2_EQB_CH1,Step20_Model2_EQB_CH3,Step21_Model3_EQA_CH1,Step22_Model2_EQA_CH2,Step23_Model1_EQA_CH2,Step24_Model1_EQB_CH4,Step25_Model2_EQB_CH1,Step26_Model3_EQB_CH1,Step27_Model3_EQC_CH3,Step28_Model3_EQB_CH2,Step29_Model2_EQB_CH4,Step30_Model3_EQC_CH2,37.18,,,42.38,40.43,,67.67,,67.89,,,42.13,,,,,,,39.38,,,,,,,,,,,40.93,,,,,,58.94,,,,65.38,,,,,,,,,,,,,,,,,10,,,,,,,
L028W24,L028,24,Step1_Model2_EQA_CH1,Step2_Model2_EQA_CH1,Step3_Model3_EQB_CH4,Step4_Model1_EQC_CH1,Step5_Model3_EQA_CH4,Step6_Model2_EQC_CH4,Step7_Model1_EQB_CH2,Step8_Model3_EQA_CH4,Step9_Model3_EQC_CH1,Step10_Model1_EQC_CH3,Step11_Model1_EQB_CH3,Step12_Model1_EQB_CH1,Step13_Model3_EQA_CH3,Step14_Model1_EQA_CH3,Step15_Model1_EQB_CH4,Step16_Model2_EQC_CH3,Step17_Model3_EQC_CH3,Step18_Model3_EQA_CH3,Step19_Model2_EQB_CH2,Step20_Model2_EQB_CH1,Step21_Model3_EQA_CH4,Step22_Model2_EQA_CH3,Step23_Model1_EQA_CH1,Step24_Model1_EQB_CH3,Step25_Model2_EQB_CH2,Step26_Model3_EQB_CH2,Step27_Model3_EQC_CH3,Step28_Model3_EQB_CH3,Step29_Model2_EQB_CH3,Step30_Model3_EQC_CH2,,,,,,,,,,,,36.17,,,45.03,,,,,,,,,,39.9,,,,,,,,,,,57.51,,,,,,,,,,,,,,,9,,,,,,,,,,,,,
L028W25,L028,25,Step1_Model2_EQA_CH2,Step2_Model2_EQA_CH1,Step3_Model3_EQB_CH4,Step4_Model1_EQC_CH4,Step5_Model3_EQA_CH2,Step6_Model2_EQC_CH4,Step7_Model1_EQB_CH3,Step8_Model3_EQA_CH1,Step9_Model3_EQC_CH2,Step10_Model1_EQC_CH2,Step11_Model1_EQB_CH4,Step12_Model1_EQB_CH3,Step13_Model3_EQA_CH1,Step14_Model1_EQA_CH4,Step15_Model1_EQB_CH2,Step16_Model2_EQC_CH2,Step17_Model3_EQC_CH4,Step18_Model3_EQA_CH3,Step19_Model2_EQB_CH1,Step20_Model2_EQB_CH1,Step21_Model3_EQA_CH1,Step22_Model2_EQA_CH1,Step23_Model1_EQA_CH3,Step24_Model1_EQB_CH2,Step25_Model2_EQB_CH2,Step26_Model3_EQB_CH1,Step27_Model3_EQC_CH1,Step28_Model3_EQB_CH1,Step29_Model2_EQB_CH4,Step30_Model3_EQC_CH4,,,50.17,,,,,,,,,42.62,,35.68,,,56.82,,,,34.95,37.4,,,,,,,57.79,,,47.07,,,,,,67.36,,,,,57.43,56.28,,,,,7,,,,9,,,,,,,,,,,
L029W01,L029,1,Step1_Model2_EQB_CH2,Step2_Model1_EQC_CH1,Step3_Model2_EQB_CH4,Step4_Model1_EQC_CH1,Step5_Model1_EQA_CH3,Step6_Model3_EQC_CH2,Step7_Model3_EQB_CH3,Step8_Model1_EQB_CH1,Step9_Model3_EQB_CH3,Step10_Model3_EQC_CH3,Step11_Model1_EQA_CH4,Step12_Model1_EQB_CH3,Step13_Model1_EQC_CH1,Step14_Model1_EQB_CH4,Step15_Model1_EQA_CH3,Step16_Model1_EQB_CH1,Step17_Model3_EQC_CH2,Step18_Model3_EQA_CH4,Step19_Model1_EQB_CH3,Step20_Model3_EQA_CH3,Step21_Model1_EQA_CH4,Step22_Model2_EQC_CH1,Step23_Model2_EQC_CH3,Step24_Model3_EQA_CH1,Step25_Model1_EQA_CH4,Step26_Model1_EQA_CH3,Step27_Model3_EQA_CH2,Step28_Model1_EQB_CH2,Step29_Model2_EQC_CH2,Step30_Model3_EQB_CH4,,,,,,38.35,,,62.46,,,,,,,,,,,,,,,33.02,,,,46.92,,,,,,,,,,,,,,,,,64.89,46.82,,,,,,,,,,,,,,,,,,
L029W02,L029,2,Step1_Model2_EQB_CH3,Step2_Model1_EQC_CH4,Step3_Model2_EQB_CH3,Step4_Model1_EQC_CH2,Step5_Model1_EQA_CH2,Step6_Model3_EQC_CH1,Step7_Model3_EQB_CH4,Step8_Model1_EQB_CH4,Step9_Model3_EQB_CH1,Step10_Model3_EQC_CH2,Step11_Model1_EQA_CH2,Step12_Model1_EQB_CH4,Step13_Model1_EQC_CH3,Step14_Model1_EQB_CH2,Step15_Model1_EQA_CH1,Step16_Model1_EQB_CH1,Step17_Model3_EQC_CH1,Step18_Model3_EQA_CH4,Step19_Model1_EQB_CH4,Step20_Model3_EQA_CH4,Step21_Model1_EQA_CH4,Step22_Model2_EQC_CH1,Step23_Model2_EQC_CH1,Step24_Model3_EQA_CH4,Step25_Model1_EQA_CH4,Step26_Model1_EQA_CH1,Step27_Model3_EQA_CH4,Step28_Model1_EQB_CH4,Step29_Model2_EQC_CH4,Step30_Model3_EQB_CH4,,,,42.33,,,,65.16,,,,,,,,,,,,,,,,46.47,,,,58.92,,,,,,,,,62.37,,,,,,,,,57.99,,,,,,,,,,,,,,,,,,
L029W03,L029,3,Step1_Model2_EQB_CH2,Step2_Model1_EQC_CH4,Step3_Model2_EQB_CH1,Step4_Model1_EQC_CH1,Step5_Model1_EQA_CH1,Step6_Model3_EQC_CH1,Step7_Model3_EQB_CH4,Step8_Model1_EQB_CH2,Step9_Model3_EQB_CH3,Step10_Model3_EQC_CH3,Step11_Model1_EQA_CH3,Step12_Model1_EQB_CH3,Step13_Model1_EQC_CH1,Step14_Model1_EQB_CH4,Step15_Model1_EQA_CH4,Step16_Model1_EQB_CH3,Step17_Model3_EQC_CH3,Step18_Model3_EQA_CH2,Step19_Model1_EQB_CH2,Step20_Model3_EQA_CH2,Step21_Model1_EQA_CH1,Step22_Model2_EQC_CH4,Step23_Model2_EQC_CH1,Step24_Model3_EQA_CH1,Step25_Model1_EQA_CH4,Step26_Model1_EQA_CH2,Step27_Model3_EQA_CH4,Step28_Model1_EQB_CH3,Step29_Model2_EQC_CH2,Step30_Model3_EQB_CH4,,,,44.13,44.74,,,,64.77,58.65,,,,,,,,,,,,,33.71,,34.47,,,50.98,,,,,,,41.39,,,,,64.92,,,,,,,,,,,,,,,,,,,,,,,,
L029W04,L029,4,Step1_Model2_EQB_CH1,Step2_Model1_EQC_CH4,Step3_Model2_EQB_CH2,Step4_Model1_EQC_CH3,Step5_Model1_EQA_CH1,Step6_Model3_EQC_CH3,Step7_Model3_EQB_CH3,Step8_Model1_EQB_CH1,Step9_Model3_EQB_CH4,Step10_Model3_EQC_CH4,Step11_Model1_EQA_CH3,Step12_Model1_EQB_CH4,Step13_Model1_EQC_CH2,Step14_Model1_EQB_CH3,Step15_Model1_EQA_CH3,Step16_Model1_EQB_CH3,Step17_Model3_EQC_CH2,Step18_Model3_EQA_CH3,Step19_Model1_EQB_CH4,Step20_Model3_EQA_CH4,Step21_Model1_EQA_CH4,Step22_Model2_EQC_CH4,Step23_Model2_EQC_CH3,Step24_Model3_EQA_CH2,Step25_Model1_EQA_CH1,Step26_Model1_EQA_CH4,Step27_Model3_EQA_CH1,Step28_Model1_EQB_CH1,Step29_Model2_EQC_CH3,Step30_Model3_EQB_CH4,,,,,,,,58.27,,58.34,,,39.71,,,57.59,,,,,,,,,,,37.42,62.09,,,,46.54,,,,,,,,,,,,,,,,,,,,,,,,,,,,,,,,
L029W05,L029,5,Step1_Model2_EQB_CH4,Step2_Model1_EQC_CH4,Step3_Model2_EQB_CH1,Step4_Model1_EQC_CH4,Step5_Model1_EQA_CH4,Step6_Model3_EQC_CH2,Step7_Model3_EQB_CH3,Step8_Model1_EQB_CH4,Step9_Model3_EQB_CH4,Step10_Model3_EQC_CH3,Step11_Model1_EQA_CH3,Step12_Model1_EQB_CH1,Step13_Model1_EQC_CH1,Step14_Model1_EQB_CH1,Step15_Model1_EQA_CH3,Step16_Model1_EQB_CH2,Step17_Model3_EQC_CH4,Step18_Model3_EQA_CH3,Step19_Model1_EQB_CH2,Step20_Model3_EQA_CH3,Step21_Model1_EQA_CH2,Step22_Model2_EQC_CH3,Step23_Model2_EQC_CH3,Step24_Model3_EQA_CH2,Step25_Model1_EQA_CH2,Step26_Model1_EQA_CH2,Step27_Model3_EQA_CH2,Step28_Model1_EQB_CH2,Step29_Model2_EQC_CH2,Step30_Model3_EQB_CH2,,,,,,,,,,,,,,,,,,,,,,,33.99,,,,,60.44,59.12,,,,,,,,,,,,,,,,59.2,,,,,,,,,,,,,,,,,,,
L029W06,L029,6,Step1_Model2_EQB_CH2,Step2_Model1_EQC_CH3,Step3_Model2_EQB_CH2,Step4_Model1_EQC_CH2,Step5_Model1_EQA_CH3,Step6_Model3_EQC_CH3,Step7_Model3_EQB_CH1,Step8_Model1_EQB_CH1,Step9_Model3_EQB_CH2,Step10_Model3_EQC_CH2,Step11_Model1_EQA_CH1,Step12_Model1_EQB_CH1,Step13_Model1_EQC_CH4,Step14_Model1_EQB_CH4,Step15_Model1_EQA_CH2,Step16_Model1_EQB_CH4,Step17_Model3_EQC_CH1,Step18_Model3_EQA_CH2,Step19_Model1_EQB_CH3,Step20_Model3_EQA_CH3,Step21_Model1_EQA_CH1,Step22_Model2_EQC_CH4,Step23_Model2_EQC_CH3,Step24_Model3_EQA_CH4,Step25_Model1_EQA_CH3,Step26_Model1_EQA_CH4,Step27_Model3_EQA_CH3,Step28_Model1_EQB_CH3,Step29_Model2_EQC_CH2,Step30_Model3_EQB_CH2,53.7,,,43.47,45.51,,62.92,,64.97,,53.29,,,,,,,40.92,,,,,,39.42,,,40.22,,,,,,,,,,,,,,,,59.03,,,,,,,,,,12,,,,,,,,,,,
L029W07,L029,7,Step1_Model2_EQB_CH1,Step2_Model1_EQC_CH3,Step3_Model2_EQB_CH4,Step4_Model1_EQC_CH3,Step5_Model1_EQA_CH4,Step6_Model3_EQC_CH4,Step7_Model3_EQB_CH3,Step8_Model1_EQB_CH4,Step9_Model3_EQB_CH1,Step10_Model3_EQC_CH2,Step11_Model1_EQA_CH4,Step12_Model1_EQB_CH3,Step13_Model1_EQC_CH2,Step14_Model1_EQB_CH1,Step15_Model1_EQA_CH4,Step16_Model1_EQB_CH4,Step17_Model3_EQC_CH2,Step18_Model3_EQA_CH4,Step19_Model1_EQB_CH3,Step20_Model3_EQA_CH2,Step21_Model1_EQA_CH2,Step22_Model2_EQC_CH4,Step23_Model2_EQC_CH1,Step24_Model3_EQA_CH1,Step25_Model1_EQA_CH1,Step26_Model1_EQA_CH1,Step27_Model3_EQA_CH2,Step28_Model1_EQB_CH2,Step29_Model2_EQC_CH4,Step30_Model3_EQB_CH1,,,41.37,,,,,,,59.15,,,,,42.18,,,,,,36.48,,37.84,,,,,,,48.61,,,,,,,,,,,,,,,,,,,,,,,,,,,,,,,,,,
L029W08,L029,8,Step1_Model2_EQB_CH1,Step2_Model1_EQC_CH4,Step3_Model2_EQB_CH4,Step4_Model1_EQC_CH4,Step5_Model1_EQA_CH3,Step6_Model3_EQC_CH4,Step7_Model3_EQB_CH4,Step8_Model1_EQB_CH3,Step9_Model3_EQB_CH1,Step10_Model3_EQC_CH2,Step11_Model1_EQA_CH1,Step12_Model1_EQB_CH2,Step13_Model1_EQC_CH2,Step14_Model1_EQB_CH4,Step15_Model1_EQA_CH4,Step16_Model1_EQB_CH3,Step17_Model3_EQC_CH1,Step18_Model3_EQA_CH1,Step19_Model1_EQB_CH2,Step20_Model3_EQA_CH4,Step21_Model1_EQA_CH4,Step22_Model2_EQC_CH1,Step23_Model2_EQC_CH3,Step24_Model3_EQA_CH4,Step25_Model1_EQA_CH3,Step26_Model1_EQA_CH1,Step27_Model3_EQA_CH1,Step28_Model1_EQB_CH3,Step29_Model2_EQC_CH4,Step30_Model3_EQB_CH1,,,,,,,,,,,,,,,,,,,,42.98,,,,,,62.96,,,,,,,,,,,61.42,,,,,,,,,52.46,,,,,,,,,,,,,,,,,,
L029W09,L029,9,Step1_Model2_EQB_CH2,Step2_Model1_EQC_CH1,Step3_Model2_EQB_CH4,Step4_Model1_EQC_CH2,Step5_Model1_EQA_CH1,Step6_Model3_EQC_CH4,Step7_Model3_EQB_CH4,Step8_Model1_EQB_CH1,Step9_Model3_EQB_CH4,Step10_Model3_EQC_CH3,Step11_Model1_EQA_CH2,Step12_Model1_EQB_CH3,Step13_Model1_EQC_CH1,Step14_Model1_EQB_CH3,Step15_Model1_EQA_CH1,Step16_Model1_EQB_CH1,Step17_Model3_EQC_CH4,Step18_Model3_EQA_CH4,Step19_Model1_EQB_CH1,Step20_Model3_EQA_CH2,Step21_Model1_EQA_CH2,Step22_Model2_EQC_CH2,Step23_Model2_EQC_CH3,Step24_Model3_EQA_CH1,Step25_Model1_EQA_CH4,Step26_Model1_EQA_CH3,Step27_Model3_EQA_CH3,Step28_Model1_EQB_CH4,Step29_Model2_EQC_CH1,Step30_Model3_EQB_CH3,,,44.55,,,,,,,65.76,,,,,,,,,,43.73,,,,,,,,,,41.88,,,,32.45,,,,,,68,,,,,68.2,,,42.18,,,,,,,,,,,,,,,,
L029W10,L029,10,Step1_Model2_EQB_CH1,Step2_Model1_EQC_CH1,Step3_Model2_EQB_CH1,Step4_Model1_EQC_CH4,Step5_Model1_EQA_CH1,Step6_Model3_EQC_CH3,Step7_Model3_EQB_CH4,Step8_Model1_EQB_CH4,Step9_Model3_EQB_CH3,Step10_Model3_EQC_CH4,Step11_Model1_EQA_CH3,Step12_Model1_EQB_CH2,Step13_Model1_EQC_CH3,Step14_Model1_EQB_CH4,Step15_Model1_EQA_CH3,Step16_Model1_EQB_CH2,Step17_Model3_EQC_CH1,Step18_Model3_EQA_CH1,Step19_Model1_EQB_CH1,Step20_Model3_EQA_CH4,Step21_Model1_EQA_CH2,Step22_Model2_EQC_CH3,Step23_Model2_EQC_CH3,Step24_Model3_EQA_CH3,Step25_Model1_EQA_CH3,Step26_Model1_EQA_CH4,Step27_Model3_EQA_CH4,Step28_Model1_EQB_CH2,Step29_Model2_EQC_CH3,Step30_Model3_EQB_CH1,,,,43.62,,,,,,,,,,,,,,45.62,,,,,,,,,,,,,,,,,,,,,,,,,,,,,,36.98,,,,,,,,,,,,,,,,
L029W11,L029,11,Step1_Model2_EQB_CH4,Step2_Model1_EQC_CH2,Step3_Model2_EQB_CH2,Step4_Model1_EQC_CH4,Step5_Model1_EQA_CH1,Step6_Model3_EQC_CH1,Step7_Model3_EQB_CH3,Step8_Model1_EQB_CH4,Step9_Model3_EQB_CH1,Step10_Model3_EQC_CH4,Step11_Model1_EQA_CH2,Step12_Model1_EQB_CH2,Step13_Model1_EQC_CH2,Step14_Model1_EQB_CH4,Step15_Model1_EQA_CH3,Step16_Model1_EQB_CH3,Step17_Model3_EQC_CH1,Step18_Model3_EQA_CH4,Step19_Model1_EQB_CH3,Step20_Model3_EQA_CH4,Step21_Model1_EQA_CH3,Step22_Model2_EQC_CH2,Step23_Model2_EQC_CH2,Step24_Model3_EQA_CH1,Step25_Model1_EQA_CH2,Step26_Model1_EQA_CH3,Step27_Model3_EQA_CH1,Step28_Model1_EQB_CH1,Step29_Model2_EQC_CH2,Step30_Model3_EQB_CH4,,,,,,,,,,,,,,37.39,,,,45.41,40.75,,,,,,,60.82,,,,,57.17,46.27,,,,,,,,,,,,,61.53,,,,11,,,,8,,,,,,,,,,,
L029W12,L029,12,Step1_Model2_EQB_CH2,Step2_Model1_EQC_CH2,Step3_Model2_EQB_CH1,Step4_Model1_EQC_CH2,Step5_Model1_EQA_CH3,Step6_Model3_EQC_CH1,Step7_Model3_EQB_CH2,Step8_Model1_EQB_CH4,Step9_Model3_EQB_CH3,Step10_Model3_EQC_CH4,Step11_Model1_EQA_CH3,Step12_Model1_EQB_CH4,Step13_Model1_EQC_CH2,Step14_Model1_EQB_CH3,Step15_Model1_EQA_CH1,Step16_Model1_EQB_CH1,Step17_Model3_EQC_CH4,Step18_Model3_EQA_CH4,Step19_Model1_EQB_CH4,Step20_Model3_EQA_CH3,Step21_Model1_EQA_CH1,Step22_Model2_EQC_CH2,Step23_Model2_EQC_CH3,Step24_Model3_EQA_CH4,Step25_Model1_EQA_CH1,Step26_Model1_EQA_CH4,Step27_Model3_EQA_CH2,Step28_Model1_EQB_CH2,Step29_Model2_EQC_CH1,Step30_Model3_EQB_CH3,,18.6,,,,,,,,,,,37.94,,,,,,,40.75,,,,,,,,,,,,,45.61,,,,,,,59.94,,,,,,,,,,,10,,,,11,,,,,,,,,
L029W13,L029,13,Step1_Model2_EQB_CH2,Step2_Model1_EQC_CH2,Step3_Model2_EQB_CH2,Step4_Model1_EQC_CH2,Step5_Model1_EQA_CH4,Step6_Model3_EQC_CH4,Step7_Model3_EQB_CH3,Step8_Model1_EQB_CH1,Step9_Model3_EQB_CH1,Step10_Model3_EQC_CH1,Step11_Model1_EQA_CH2,Step12_Model1_EQB_CH4,Step13_Model1_EQC_CH4,Step14_Model1_EQB_CH3,Step15_Model1_EQA_CH1,Step16_Model1_EQB_CH4,Step17_Model3_EQC_CH3,Step18_Model3_EQA_CH1,Step19_Model1_EQB_CH2,Step20_Model3_EQA_CH4,Step21_Model1_EQA_CH4,Step22_Model2_EQC_CH1,Step23_Model2_EQC_CH2,Step24_Model3_EQA_CH2,Step25_Model1_EQA_CH4,Step26_Model1_EQA_CH1,Step27_Model3_EQA_CH3,Step28_Model1_EQB_CH4,Step29_Model2_EQC_CH2,Step30_Model3_EQB_CH3,,,46.14,,,,,,,,,,,,,53.16,,,,40.13,,,,,,,,,,,,,42.89,,,,,,,,,42.5,,,,,,36.19,,,,,,,,,,,,,,,,
L029W14,L029,14,Step1_Model2_EQB_CH1,Step2_Model1_EQC_CH2,Step3_Model2_EQB_CH3,Step4_Model1_EQC_CH4,Step5_Model1_EQA_CH2,Step6_Model3_EQC_CH1,Step7_Model3_EQB_CH2,Step8_Model1_EQB_CH4,Step9_Model3_EQB_CH1,Step10_Model3_EQC_CH4,Step11_Model1_EQA_CH3,Step12_Model1_EQB_CH2,Step13_Model1_EQC_CH4,Step14_Model1_EQB_CH3,Step15_Model1_EQA_CH1,Step16_Model1_EQB_CH1,Step17_Model3_EQC_CH3,Step18_Model3_EQA_CH3,Step19_Model1_EQB_CH1,Step20_Model3_EQA_CH4,Step21_Model1_EQA_CH3,Step22_Model2_EQC_CH4,Step23_Model2_EQC_CH1,Step24_Model3_EQA_CH4,Step25_Model1_EQA_CH4,Step26_Model1_EQA_CH3,Step27_Model3_EQA_CH4,Step28_Model1_EQB_CH4,Step29_Model2_EQC_CH4,Step30_Model3_EQB_CH1,,31.94,,,,,,,,,,,,,,,,,,,,,,,,63.47,,,,,,,,,48,,,,,,,,,,,57.12,,,,,,,,,,,,,,,,,,
L029W15,L029,15,Step1_Model2_EQB_CH1,Step2_Model1_EQC_CH2,Step3_Model2_EQB_CH1,Step4_Model1_EQC_CH1,Step5_Model1_EQA_CH2,Step6_Model3_EQC_CH2,Step7_Model3_EQB_CH3,Step8_Model1_EQB_CH3,Step9_Model3_EQB_CH1,Step10_Model3_EQC_CH4,Step11_Model1_EQA_CH3,Step12_Model1_EQB_CH3,Step13_Model1_EQC_CH1,Step14_Model1_EQB_CH4,Step15_Model1_EQA_CH2,Step16_Model1_EQB_CH2,Step17_Model3_EQC_CH1,Step18_Model3_EQA_CH1,Step19_Model1_EQB_CH4,Step20_Model3_EQA_CH1,Step21_Model1_EQA_CH1,Step22_Model2_EQC_CH1,Step23_Model2_EQC_CH4,Step24_Model3_EQA_CH1,Step25_Model1_EQA_CH3,Step26_Model1_EQA_CH4,Step27_Model3_EQA_CH3,Step28_Model1_EQB_CH4,Step29_Model2_EQC_CH3,Step30_Model3_EQB_CH4,,,,,42.61,,,,,,,,,,,,,,,,,,,,,,,,,,,,,,,,,,,,,,,,,,,,,,,,,,,,,,,,,,,
L029W16,L029,16,Step1_Model2_EQB_CH2,Step2_Model1_EQC_CH1,Step3_Model2_EQB_CH1,Step4_Model1_EQC_CH4,Step5_Model1_EQA_CH3,Step6_Model3_EQC_CH2,Step7_Model3_EQB_CH3,Step8_Model1_EQB_CH1,Step9_Model3_EQB_CH1,Step10_Model3_EQC_CH3,Step11_Model1_EQA_CH4,Step12_Model1_EQB_CH4,Step13_Model1_EQC_CH3,Step14_Model1_EQB_CH1,Step15_Model1_EQA_CH3,Step16_Model1_EQB_CH1,Step17_Model3_EQC_CH3,Step18_Model3_EQA_CH4,Step19_Model1_EQB_CH2,Step20_Model3_EQA_CH1,Step21_Model1_EQA_CH2,Step22_Model2_EQC_CH4,Step23_Model2_EQC_CH3,Step24_Model3_EQA_CH4,Step25_Model1_EQA_CH2,Step26_Model1_EQA_CH4,Step27_Model3_EQA_CH4,Step28_Model1_EQB_CH3,Step29_Model2_EQC_CH2,Step30_Model3_EQB_CH2,,,,,,,65.36,,,,,,34.93,,,60.48,,,,48.86,,,,,,,,,,43.81,,,,,,,,62.38,,,,,,63.34,,49.65,,,,,,,,,,,,11,,,,,,
L029W17,L029,17,Step1_Model2_EQB_CH2,Step2_Model1_EQC_CH1,Step3_Model2_EQB_CH4,Step4_Model1_EQC_CH2,Step5_Model1_EQA_CH4,Step6_Model3_EQC_CH3,Step7_Model3_EQB_CH3,Step8_Model1_EQB_CH1,Step9_Model3_EQB_CH1,Step10_Model3_EQC_CH3,Step11_Model1_EQA_CH2,Step12_Model1_EQB_CH3,Step13_Model1_EQC_CH4,Step14_Model1_EQB_CH1,Step15_Model1_EQA_CH1,Step16_Model1_EQB_CH3,Step17_Model3_EQC_CH2,Step18_Model3_EQA_CH2,Step19_Model1_EQB_CH4,Step20_Model3_EQA_CH1,Step21_Model1_EQA_CH3,Step22_Model2_EQC_CH3,Step23_Model2_EQC_CH1,Step24_Model3_EQA_CH3,Step25_Model1_EQA_CH1,Step26_Model1_EQA_CH2,Step27_Model3_EQA_CH2,Step28_Model1_EQB_CH3,Step29_Model2_EQC_CH2,Step30_Model3_EQB_CH2,,,,,,,,,,,,,,,,,,42.19,,,,,,,,,,,,,,40.82,,,42.4,,,,,,,56.22,,,59.22,,,,,,,,,,,,,,,,,,,
L029W18,L029,18,Step1_Model2_EQB_CH4,Step2_Model1_EQC_CH1,Step3_Model2_EQB_CH1,Step4_Model1_EQC_CH3,Step5_Model1_EQA_CH1,Step6_Model3_EQC_CH4,Step7_Model3_EQB_CH3,Step8_Model1_EQB_CH3,Step9_Model3_EQB_CH1,Step10_Model3_EQC_CH2,Step11_Model1_EQA_CH2,Step12_Model1_EQB_CH2,Step13_Model1_EQC_CH2,Step14_Model1_EQB_CH4,Step15_Model1_EQA_CH3,Step16_Model1_EQB_CH2,Step17_Model3_EQC_CH4,Step18_Model3_EQA_CH3,Step19_Model1_EQB_CH1,Step20_Model3_EQA_CH1,Step21_Model1_EQA_CH4,Step22_Model2_EQC_CH3,Step23_Model2_EQC_CH2,Step24_Model3_EQA_CH3,Step25_Model1_EQA_CH2,Step26_Model1_EQA_CH4,Step27_Model3_EQA_CH2,Step28_Model1_EQB_CH4,Step29_Model2_EQC_CH3,Step30_Model3_EQB_CH3,,,,,,,,,,,,,,53.15,,,,,,,46.96,,45.03,,,,,,,42.06,,,,43.91,,,,,,,,,59.48,,,,50.41,,,,,,,,,,,,,,,,,
L029W19,L029,19,Step1_Model2_EQB_CH2,Step2_Model1_EQC_CH3,Step3_Model2_EQB_CH2,Step4_Model1_EQC_CH3,Step5_Model1_EQA_CH1,Step6_Model3_EQC_CH2,Step7_Model3_EQB_CH4,Step8_Model1_EQB_CH1,Step9_Model3_EQB_CH4,Step10_Model3_EQC_CH3,Step11_Model1_EQA_CH1,Step12_Model1_EQB_CH3,Step13_Model1_EQC_CH2,Step14_Model1_EQB_CH4,Step15_Model1_EQA_CH3,Step16_Model1_EQB_CH4,Step17_Model3_EQC_CH4,Step18_Model3_EQA_CH3,Step19_Model1_EQB_CH2,Step20_Model3_EQA_CH4,Step21_Model1_EQA_CH3,Step22_Model2_EQC_CH2,Step23_Model2_EQC_CH3,Step24_Model3_EQA_CH2,Step25_Model1_EQA_CH4,Step26_Model1_EQA_CH1,Step27_Model3_EQA_CH3,Step28_Model1_EQB_CH4,Step29_Model2_EQC_CH3,Step30_Model3_EQB_CH3,,,,,,,,,,63.56,,,41.44,,,57.65,,,43.55,44.26,,,,,,,,,,,,,,,,,,,,,,,,,,,,,,,6,,,,,,,,,,,,,
L029W20,L029,20,Step1_Model2_EQB_CH2,Step2_Model1_EQC_CH3,Step3_Model2_EQB_CH2,Step4_Model1_EQC_CH4,Step5_Model1_EQA_CH3,Step6_Model3_EQC_CH4,Step7_Model3_EQB_CH1,Step8_Model1_EQB_CH4,Step9_Model3_EQB_CH3,Step10_Model3_EQC_CH1,Step11_Model1_EQA_CH2,Step12_Model1_EQB_CH1,Step13_Model1_EQC_CH3,Step14_Model1_EQB_CH3,Step15_Model1_EQA_CH4,Step16_Model1_EQB_CH2,Step17_Model3_EQC_CH3,Step18_Model3_EQA_CH3,Step19_Model1_EQB_CH2,Step20_Model3_EQA_CH2,Step21_Model1_EQA_CH4,Step22_Model2_EQC_CH1,Step23_Model2_EQC_CH2,Step24_Model3_EQA_CH3,Step25_Model1_EQA_CH2,Step26_Model1_EQA_CH3,Step27_Model3_EQA_CH4,Step28_Model1_EQB_CH1,Step29_Model2_EQC_CH4,Step30_Model3_EQB_CH2,,,,,,,,70.02,,,49.92,,33.7,,,,,,,,,,38.93,,,,,,,,,,,,44.02,,,,,,,,,,,,56.36,,,,,,,,,,,,,,,,,
L029W21,L029,21,Step1_Model2_EQB_CH3,Step2_Model1_EQC_CH2,Step3_Model2_EQB_CH2,Step4_Model1_EQC_CH2,Step5_Model1_EQA_CH2,Step6_Model3_EQC_CH1,Step7_Model3_EQB_CH3,Step8_Model1_EQB_CH2,Step9_Model3_EQB_CH3,Step10_Model3_EQC_CH1,Step11_Model1_EQA_CH3,Step12_Model1_EQB_CH3,Step13_Model1_EQC_CH1,Step14_Model1_EQB_CH2,Step15_Model1_EQA_CH3,Step16_Model1_EQB_CH4,Step17_Model3_EQC_CH3,Step18_Model3_EQA_CH2,Step19_Model1_EQB_CH4,Step20_Model3_EQA_CH2,Step21_Model1_EQA_CH3,Step22_Model2_EQC_CH1,Step23_Model2_EQC_CH2,Step24_Model3_EQA_CH2,Step25_Model1_EQA_CH1,Step26_Model1_EQA_CH3,Step27_Model3_EQA_CH2,Step28_Model1_EQB_CH3,Step29_Model2_EQC_CH3,Step30_Model3_EQB_CH3,,,,,,,,,64.42,,,,,,,,,,,,,,,,,,,57.58,,,,,,,,,,,,,,,,,,,48.84,,,,,,,,,,,,,,,,,
L029W22,L029,22,Step1_Model2_EQB_CH1,Step2_Model1_EQC_CH3,Step3_Model2_EQB_CH3,Step4_Model1_EQC_CH4,Step5_Model1_EQA_CH4,Step6_Model3_EQC_CH4,Step7_Model3_EQB_CH2,Step8_Model1_EQB_CH2,Step9_Model3_EQB_CH4,Step10_Model3_EQC_CH1,Step11_Model1_EQA_CH1,Step12_Model1_EQB_CH4,Step13_Model1_EQC_CH2,Step14_Model1_EQB_CH2,Step15_Model1_EQA_CH1,Step16_Model1_EQB_CH3,Step17_Model3_EQC_CH1,Step18_Model3_EQA_CH3,Step19_Model1_EQB_CH2,Step20_Model3_EQA_CH2,Step21_Model1_EQA_CH4,Step22_Model2_EQC_CH2,Step23_Model2_EQC_CH3,Step24_Model3_EQA_CH1,Step25_Model1_EQA_CH4,Step26_Model1_EQA_CH3,Step27_Model3_EQA_CH1,Step28_Model1_EQB_CH1,Step29_Model2_EQC_CH1,Step30_Model3_EQB_CH2,,,,,,,,,,,,,,,,,,,,,44.14,,34.6,,,,,,,,64.35,,,32.45,,,,60.69,,,,,57.3,,,,,33.71,,,,,,,,,,,,,,,,
L029W23,L029,23,Step1_Model2_EQB_CH1,Step2_Model1_EQC_CH2,Step3_Model2_EQB_CH1,Step4_Model1_EQC_CH1,Step5_Model1_EQA_CH2,Step6_Model3_EQC_CH2,Step7_Model3_EQB_CH3,Step8_Model1_EQB_CH1,Step9_Model3_EQB_CH2,Step10_Model3_EQC_CH3,Step11_Model1_EQA_CH3,Step12_Model1_EQB_CH2,Step13_Model1_EQC_CH1,Step14_Model1_EQB_CH3,Step15_Model1_EQA_CH1,Step16_Model1_EQB_CH1,Step17_Model3_EQC_CH3,Step18_Model3_EQA_CH2,Step19_Model1_EQB_CH1,Step20_Model3_EQA_CH4,Step21_Model1_EQA_CH2,Step22_Model2_EQC_CH3,Step23_Model2_EQC_CH4,Step24_Model3_EQA_CH1,Step25_Model1_EQA_CH2,Step26_Model1_EQA_CH4,Step27_Model3_EQA_CH2,Step28_Model1_EQB_CH1,Step29_Model2_EQC_CH2,Step30_Model3_EQB_CH4,,,,,,,,,61.54,,,,39.83,,,,,,,,,,,38.34,,,,,,,,,,,44.57,,,59.9,,,54.95,,,,60.49,,,,,,,,,,,,,,,,,,,
L029W24,L029,24,Step1_Model2_EQB_CH2,Step2_Model1_EQC_CH3,Step3_Model2_EQB_CH3,Step4_Model1_EQC_CH4,Step5_Model1_EQA_CH2,Step6_Model3_EQC_CH4,Step7_Model3_EQB_CH2,Step8_Model1_EQB_CH1,Step9_Model3_EQB_CH3,Step10_Model3_EQC_CH1,Step11_Model1_EQA_CH2,Step12_Model1_EQB_CH1,Step13_Model1_EQC_CH4,Step14_Model1_EQB_CH4,Step15_Model1_EQA_CH2,Step16_Model1_EQB_CH3,Step17_Model3_EQC_CH4,Step18_Model3_EQA_CH3,Step19_Model1_EQB_CH2,Step20_Model3_EQA_CH3,Step21_Model1_EQA_CH2,Step22_Model2_EQC_CH1,Step23_Model2_EQC_CH2,Step24_Model3_EQA_CH1,Step25_Model1_EQA_CH2,Step26_Model1_EQA_CH4,Step27_Model3_EQA_CH4,Step28_Model1_EQB_CH3,Step29_Model2_EQC_CH2,Step30_Model3_EQB_CH2,,,,,,,64.21,68.57,,,49.12,,,,,,,46.76,43.36,,34.4,,36.63,37.29,,,,,,,,,,,,,,63.78,61.31,,,,,,,55.27,,,,,,13,,,,,,,,,,,,
L029W25,L029,25,Step1_Model2_EQB_CH2,Step2_Model1_EQC_CH3,Step3_Model2_EQB_CH4,Step4_Model1_EQC_CH2,Step5_Model1_EQA_CH3,Step6_Model3_EQC_CH2,Step7_Model3_EQB_CH1,Step8_Model1_EQB_CH2,Step9_Model3_EQB_CH1,Step10_Model3_EQC_CH3,Step11_Model1_EQA_CH3,Step12_Model1_EQB_CH4,Step13_Model1_EQC_CH2,Step14_Model1_EQB_CH3,Step15_Model1_EQA_CH4,Step16_Model1_EQB_CH2,Step17_Model3_EQC_CH3,Step18_Model3_EQA_CH1,Step19_Model1_EQB_CH3,Step20_Model3_EQA_CH1,Step21_Model1_EQA_CH4,Step22_Model2_EQC_CH4,Step23_Model2_EQC_CH2,Step24_Model3_EQA_CH2,Step25_Model1_EQA_CH2,Step26_Model1_EQA_CH4,Step27_Model3_EQA_CH1,Step28_Model1_EQB_CH2,Step29_Model2_EQC_CH2,Step30_Model3_EQB_CH4,,,,,,,,,,,,,,,,,,,,,,,,,,,,,,,,,,,,64.91,,59.68,,,,,56.99,64.61,,57.68,,,,,,,,,,,,,,,,,,
L030W01,L030,1,Step1_Model1_EQC_CH2,Step2_Model2_EQC_CH3,Step3_Model3_EQB_CH4,Step4_Model2_EQA_CH3,Step5_Model1_EQB_CH2,Step6_Model3_EQA_CH4,Step7_Model1_EQB_CH4,Step8_Model2_EQB_CH1,Step9_Model2_EQA_CH2,Step10_Model1_EQA_CH3,Step11_Model3_EQA_CH1,Step12_Model1_EQB_CH4,Step13_Model1_EQA_CH3,Step14_Model1_EQB_CH2,Step15_Model1_EQA_CH3,Step16_Model3_EQC_CH3,Step17_Model3_EQC_CH3,Step18_Model2_EQC_CH1,Step19_Model1_EQC_CH4,Step20_Model2_EQC_CH3,Step21_Model3_EQB_CH4,Step22_Model2_EQB_CH1,Step23_Model2_EQB_CH2,Step24_Model2_EQA_CH2,Step25_Model3_EQC_CH3,Step26_Model2_EQB_CH1,Step27_Model1_EQA_CH2,Step28_Model2_EQA_CH1,Step29_Model1_EQB_CH1,Step30_Model2_EQB_CH3,,37.17,,,,48.68,,,,,,,,,,,,,,,34.18,,,,,,,,,44,,,,,,,,,,,,,,69.26,,,,,,,8,,,,,,,,,,,,,
L030W02,L030,2,Step1_Model1_EQC_CH3,Step2_Model2_EQC_CH1,Step3_Model3_EQB_CH1,Step4_Model2_EQA_CH3,Step5_Model1_EQB_CH1,Step6_Model3_EQA_CH3,Step7_Model1_EQB_CH4,Step8_Model2_EQB_CH1,Step9_Model2_EQA_CH3,Step10_Model1_EQA_CH1,Step11_Model3_EQA_CH3,Step12_Model1_EQB_CH1,Step13_Model1_EQA_CH2,Step14_Model1_EQB_CH2,Step15_Model1_EQA_CH1,Step16_Model3_EQC_CH2,Step17_Model3_EQC_CH1,Step18_Model2_EQC_CH1,Step19_Model1_EQC_CH4,Step20_Model2_EQC_CH4,Step21_Model3_EQB_CH2,Step22_Model2_EQB_CH4,Step23_Model2_EQB_CH4,Step24_Model2_EQA_CH1,Step25_Model3_EQC_CH3,Step26_Model2_EQB_CH1,Step27_Model1_EQA_CH4,Step28_Model2_EQA_CH1,Step29_Model1_EQB_CH2,Step30_Model2_EQB_CH3,,,,,,46.9,,54.59,,,,,41.45,,,57.2,,,,,,,,,,60.61,,,56.31,,,,39.9,,,,,,,,34.39,,,,,,49.92,,,,,,,,,,,,,,,,,
L030W03,L030,3,Step1_Model1_EQC_CH4,Step2_Model2_EQC_CH4,Step3_Model3_EQB_CH1,Step4_Model2_EQA_CH1,Step5_Model1_EQB_CH1,Step6_Model3_EQA_CH1,Step7_Model1_EQB_CH4,Step8_Model2_EQB_CH1,Step9_Model2_EQA_CH4,Step10_Model1_EQA_CH1,Step11_Model3_EQA_CH3,Step12_Model1_EQB_CH3,Step13_Model1_EQA_CH1,Step14_Model1_EQB_CH1,Step15_Model1_EQA_CH2,Step16_Model3_EQC_CH3,Step17_Model3_EQC_CH4,Step18_Model2_EQC_CH3,Step19_Model1_EQC_CH4,Step20_Model2_EQC_CH1,Step21_Model3_EQB_CH3,Step22_Model2_EQB_CH3,Step23_Model2_EQB_CH2,Step24_Model2_EQA_CH2,Step25_Model3_EQC_CH3,Step26_Model2_EQB_CH3,Step27_Model1_EQA_CH3,Step28_Model2_EQA_CH4,Step29_Model1_EQB_CH1,Step30_Model2_EQB_CH2,,36.87,,,,,,71.19,,,59.17,,,,,,,38.12,,,,,,,,,,41.67,,,,,44.71,,,,,,,61.39,,,,,59.95,,,39.15,,,,,,,,,,,,,,,,
L030W04,L030,4,Step1_Model1_EQC_CH1,Step2_Model2_EQC_CH2,Step3_Model3_EQB_CH2,Step4_Model2_EQA_CH2,Step5_Model1_EQB_CH3,Step6_Model3_EQA_CH2,Step7_Model1_EQB_CH1,Step8_Model2_EQB_CH2,Step9_Model2_EQA_CH1,Step10_Model1_EQA_CH2,Step11_Model3_EQA_CH2,Step12_Model1_EQB_CH3,Step13_Model1_EQA_CH1,Step14_Model1_EQB_CH2,Step15_Model1_EQA_CH2,Step16_Model3_EQC_CH1,Step17_Model3_EQC_CH2,Step18_Model2_EQC_CH4,Step19_Model1_EQC_CH3,Step20_Model2_EQC_CH1,Step21_Model3_EQB_CH3,Step22_Model2_EQB_CH4,Step23_Model2_EQB_CH4,Step24_Model2_EQA_CH4,Step25_Model3_EQC_CH1,Step26_Model2_EQB_CH4,Step27_Model1_EQA_CH1,Step28_Model2_EQA_CH1,Step29_Model1_EQB_CH2,Step30_Model2_EQB_CH1,,,,,,,,,61.6,,,41.28,43.76,,,,,49.43,,,,,,,,,,,,,,46.35,,,,,,55.02,,,35.28,,,,55.24,,56.07,,,,,,,,,,,,,,,,,
L030W05,L030,5,Step1_Model1_EQC_CH4,Step2_Model2_EQC_CH1,Step3_Model3_EQB_CH1,Step4_Model2_EQA_CH3,Step5_Model1_EQB_CH4,Step6_Model3_EQA_CH1,Step7_Model1_EQB_CH2,Step8_Model2_EQB_CH1,Step9_Model2_EQA_CH1,Step10_Model1_EQA_CH3,Step11_Model3_EQA_CH4,Step12_Model1_EQB_CH4,Step13_Model1_EQA_CH2,Step14_Model1_EQB_CH2,Step15_Model1_EQA_CH2,Step16_Model3_EQC_CH1,Step17_Model3_EQC_CH1,Step18_Model2_EQC_CH2,Step19_Model1_EQC_CH4,Step20_Model2_EQC_CH4,Step21_Model3_EQB_CH2,Step22_Model2_EQB_CH3,Step23_Model2_EQB_CH4,Step24_Model2_EQA_CH4,Step25_Model3_EQC_CH2,Step26_Model2_EQB_CH4,Step27_Model1_EQA_CH1,Step28_Model2_EQA_CH1,Step29_Model1_EQB_CH4,Step30_Model2_EQB_CH1,37.26,,,,,,,,80.6,64.21,,,,23.61,50.28,,,48.9,,36.69,,,,,45.43,,37.26,,,,,43.92,,,,,,,,60.23,,,,,67.36,,,,,,,,,,,,,,,,,,,
L030W06,L030,6,Step1_Model1_EQC_CH3,Step2_Model2_EQC_CH4,Step3_Model3_EQB_CH2,Step4_Model2_EQA_CH1,Step5_Model1_EQB_CH3,Step6_Model3_EQA_CH3,Step7_Model1_EQB_CH1,Step8_Model2_EQB_CH3,Step9_Model2_EQA_CH4,Step10_Model1_EQA_CH3,Step11_Model3_EQA_CH1,Step12_Model1_EQB_CH3,Step13_Model1_EQA_CH1,Step14_Model1_EQB_CH1,Step15_Model1_EQA_CH3,Step16_Model3_EQC_CH1,Step17_Model3_EQC_CH1,Step18_Model2_EQC_CH2,Step19_Model1_EQC_CH4,Step20_Model2_EQC_CH1,Step21_Model3_EQB_CH4,Step22_Model2_EQB_CH2,Step23_Model2_EQB_CH2,Step24_Model2_EQA_CH2,Step25_Model3_EQC_CH2,Step26_Model2_EQB_CH4,Step27_Model1_EQA_CH3,Step28_Model2_EQA_CH3,Step29_Model1_EQB_CH4,Step30_Model2_EQB_CH1,,,,,,,,61.75,58.16,,,34.82,,32.35,,,,,,,,,,,,,,,,44.26,,46.45,,,,,,,,,,66.24,,,,53.79,,,,,,,,,,,,,,,,,,
L030W07,L030,7,Step1_Model1_EQC_CH4,Step2_Model2_EQC_CH1,Step3_Model3_EQB_CH1,Step4_Model2_EQA_CH3,Step5_Model1_EQB_CH2,Step6_Model3_EQA_CH3,Step7_Model1_EQB_CH3,Step8_Model2_EQB_CH4,Step9_Model2_EQA_CH4,Step10_Model1_EQA_CH1,Step11_Model3_EQA_CH4,Step12_Model1_EQB_CH1,Step13_Model1_EQA_CH1,Step14_Model1_EQB_CH2,Step15_Model1_EQA_CH2,Step16_Model3_EQC_CH3,Step17_Model3_EQC_CH2,Step18_Model2_EQC_CH1,Step19_Model1_EQC_CH4,Step20_Model2_EQC_CH2,Step21_Model3_EQB_CH2,Step22_Model2_EQB_CH2,Step23_Model2_EQB_CH2,Step24_Model2_EQA_CH1,Step25_Model3_EQC_CH1,Step26_Model2_EQB_CH3,Step27_Model1_EQA_CH4,Step28_Model2_EQA_CH3,Step29_Model1_EQB_CH3,Step30_Model2_EQB_CH2,,,48.63,,,,,,,,,38.57,37.55,,,,,,,,,35.63,39.37,,,,,,,,,,,,45.99,54.77,,,,,,,,46.99,,,,,,,,,,,,,,,,,,,,
L030W08,L030,8,Step1_Model1_EQC_CH4,Step2_Model2_EQC_CH2,Step3_Model3_EQB_CH1,Step4_Model2_EQA_CH3,Step5_Model1_EQB_CH4,Step6_Model3_EQA_CH1,Step7_Model1_EQB_CH3,Step8_Model2_EQB_CH4,Step9_Model2_EQA_CH3,Step10_Model1_EQA_CH4,Step11_Model3_EQA_CH3,Step12_Model1_EQB_CH2,Step13_Model1_EQA_CH3,Step14_Model1_EQB_CH3,Step15_Model1_EQA_CH4,Step16_Model3_EQC_CH4,Step17_Model3_EQC_CH2,Step18_Model2_EQC_CH4,Step19_Model1_EQC_CH3,Step20_Model2_EQC_CH4,Step21_Model3_EQB_CH4,Step22_Model2_EQB_CH4,Step23_Model2_EQB_CH2,Step24_Model2_EQA_CH2,Step25_Model3_EQC_CH1,Step26_Model2_EQB_CH2,Step27_Model1_EQA_CH2,Step28_Model2_EQA_CH2,Step29_Model1_EQB_CH3,Step30_Model2_EQB_CH1,,,,43.38,,,,,,,,,,,,,58.44,,,,,34.19,,,,,35.12,,,,59.82,47.17,,,,57.73,,66.56,,,,,56.54,,,,,,,,,,,,,,,,,,,,,
L030W09,L030,9,Step1_Model1_EQC_CH3,Step2_Model2_EQC_CH2,Step3_Model3_EQB_CH2,Step4_Model2_EQA_CH1,Step5_Model1_EQB_CH1,Step6_Model3_EQA_CH4,Step7_Model1_EQB_CH2,Step8_Model2_EQB_CH2,Step9_Model2_EQA_CH3,Step10_Model1_EQA_CH4,Step11_Model3_EQA_CH2,Step12_Model1_EQB_CH3,Step13_Model1_EQA_CH1,Step14_Model1_EQB_CH3,Step15_Model1_EQA_CH2,Step16_Model3_EQC_CH3,Step17_Model3_EQC_CH3,Step18_Model2_EQC_CH4,Step19_Model1_EQC_CH4,Step20_Model2_EQC_CH1,Step21_Model3_EQB_CH4,Step22_Model2_EQB_CH3,Step23_Model2_EQB_CH4,Step24_Model2_EQA_CH2,Step25_Model3_EQC_CH3,Step26_Model2_EQB_CH3,Step27_Model1_EQA_CH3,Step28_Model2_EQA_CH2,Step29_Model1_EQB_CH3,Step30_Model2_EQB_CH4,,,,,,52.23,,65.72,,,,,,,,,,,,,,,,,,,,,,,,44.5,,,,,,,,,,,,,,,,,,,,,,,,,,,,,,,,
L030W10,L030,10,Step1_Model1_EQC_CH2,Step2_Model2_EQC_CH3,Step3_Model3_EQB_CH4,Step4_Model2_EQA_CH4,Step5_Model1_EQB_CH1,Step6_Model3_EQA_CH4,Step7_Model1_EQB_CH4,Step8_Model2_EQB_CH1,Step9_Model2_EQA_CH1,Step10_Model1_EQA_CH2,Step11_Model3_EQA_CH4,Step12_Model1_EQB_CH2,Step13_Model1_EQA_CH2,Step14_Model1_EQB_CH3,Step15_Model1_EQA_CH2,Step16_Model3_EQC_CH2,Step17_Model3_EQC_CH2,Step18_Model2_EQC_CH2,Step19_Model1_EQC_CH1,Step20_Model2_EQC_CH4,Step21_Model3_EQB_CH3,Step22_Model2_EQB_CH1,Step23_Model2_EQB_CH3,Step24_Model2_EQA_CH3,Step25_Model3_EQC_CH1,Step26_Model2_EQB_CH2,Step27_Model1_EQA_CH1,Step28_Model2_EQA_CH3,Step29_Model1_EQB_CH3,Step30_Model2_EQB_CH2,,,,,,51.57,,,,,,,,,,,,,,,,,,,,,,,,,,,,,,58.97,55.59,,,,,,61.02,,,,,,,,,,,,,,,,,,,,,
L030W11,L030,11,Step1_Model1_EQC_CH1,Step2_Model2_EQC_CH4,Step3_Model3_EQB_CH3,Step4_Model2_EQA_CH1,Step5_Model1_EQB_CH2,Step6_Model3_EQA_CH2,Step7_Model1_EQB_CH4,Step8_Model2_EQB_CH3,Step9_Model2_EQA_CH4,Step10_Model1_EQA_CH4,Step11_Model3_EQA_CH4,Step12_Model1_EQB_CH4,Step13_Model1_EQA_CH2,Step14_Model1_EQB_CH3,Step15_Model1_EQA_CH4,Step16_Model3_EQC_CH3,Step17_Model3_EQC_CH2,Step18_Model2_EQC_CH2,Step19_Model1_EQC_CH1,Step20_Model2_EQC_CH1,Step21_Model3_EQB_CH3,Step22_Model2_EQB_CH1,Step23_Model2_EQB_CH4,Step24_Model2_EQA_CH3,Step25_Model3_EQC_CH2,Step26_Model2_EQB_CH2,Step27_Model1_EQA_CH4,Step28_Model2_EQA_CH1,Step29_Model1_EQB_CH3,Step30_Model2_EQB_CH3,,,,,,,,,,67.24,,,,,,,58.9,,,,,35.2,,,,,38.88,,,,,,,,41.4,,60.21,,,,,,,63.72,,,,,,8,,,,,,,,,,,,,,
L030W12,L030,12,Step1_Model1_EQC_CH4,Step2_Model2_EQC_CH1,Step3_Model3_EQB_CH3,Step4_Model2_EQA_CH4,Step5_Model1_EQB_CH3,Step6_Model3_EQA_CH2,Step7_Model1_EQB_CH3,Step8_Model2_EQB_CH3,Step9_Model2_EQA_CH3,Step10_Model1_EQA_CH1,Step11_Model3_EQA_CH1,Step12_Model1_EQB_CH4,Step13_Model1_EQA_CH1,Step14_Model1_EQB_CH3,Step15_Model1_EQA_CH3,Step16_Model3_EQC_CH1,Step17_Model3_EQC_CH1,Step18_Model2_EQC_CH3,Step19_Model1_EQC_CH3,Step20_Model2_EQC_CH2,Step21_Model3_EQB_CH4,Step22_Model2_EQB_CH1,Step23_Model2_EQB_CH4,Step24_Model2_EQA_CH3,Step25_Model3_EQC_CH4,Step26_Model2_EQB_CH1,Step27_Model1_EQA_CH1,Step28_Model2_EQA_CH4,Step29_Model1_EQB_CH1,Step30_Model2_EQB_CH2,,,,,,,,,61.56,58.08,,35.35,36.21,,,,,,,,,,,38.26,,,,,57.86,,,49.87,,42.76,58.25,,,,,,,,,,,,,,,,,,,,,,,,,,,,,
L030W13,L030,13,Step1_Model1_EQC_CH3,Step2_Model2_EQC_CH3,Step3_Model3_EQB_CH1,Step4_Model2_EQA_CH3,Step5_Model1_EQB_CH2,Step6_Model3_EQA_CH1,Step7_Model1_EQB_CH2,Step8_Model2_EQB_CH2,Step9_Model2_EQA_CH3,Step10_Model1_EQA_CH3,Step11_Model3_EQA_CH4,Step12_Model1_EQB_CH2,Step13_Model1_EQA_CH3,Step14_Model1_EQB_CH2,Step15_Model1_EQA_CH4,Step16_Model3_EQC_CH2,Step17_Model3_EQC_CH1,Step18_Model2_EQC_CH4,Step19_Model1_EQC_CH4,Step20_Model2_EQC_CH2,Step21_Model3_EQB_CH2,Step22_Model2_EQB_CH3,Step23_Model2_EQB_CH1,Step24_Model2_EQA_CH4,Step25_Model3_EQC_CH4,Step26_Model2_EQB_CH4,Step27_Model1_EQA_CH3,Step28_Model2_EQA_CH1,Step29_Model1_EQB_CH4,Step30_Model2_EQB_CH4,,,,,,,,,,65.93,,,,,,,,,,,,,,37.01,,,,,,,,,,,,63.64,,,,,,,,,,,,,,,,,,,,,,9,,,,,,
L030W14,L030,14,Step1_Model1_EQC_CH3,Step2_Model2_EQC_CH2,Step3_Model3_EQB_CH4,Step4_Model2_EQA_CH1,Step5_Model1_EQB_CH1,Step6_Model3_EQA_CH1,Step7_Model1_EQB_CH1,Step8_Model2_EQB_CH3,Step9_Model2_EQA_CH4,Step10_Model1_EQA_CH3,Step11_Model3_EQA_CH1,Step12_Model1_EQB_CH1,Step13_Model1_EQA_CH1,Step14_Model1_EQB_CH3,Step15_Model1_EQA_CH1,Step16_Model3_EQC_CH4,Step17_Model3_EQC_CH1,Step18_Model2_EQC_CH4,Step19_Model1_EQC_CH4,Step20_Model2_EQC_CH1,Step21_Model3_EQB_CH3,Step22_Model2_EQB_CH2,Step23_Model2_EQB_CH2,Step24_Model2_EQA_CH4,Step25_Model3_EQC_CH3,Step26_Model2_EQB_CH2,Step27_Model1_EQA_CH1,Step28_Model2_EQA_CH1,Step29_Model1_EQB_CH4,Step30_Model2_EQB_CH3,,,,44.27,,,,,,,,37.26,,,,,,,,,,45.34,,,,,34.48,,,,,,,43.58,,,,,46.75,63.81,,,,,58.21,,,39.47,,,,,,,,,,,,,,,,
L030W15,L030,15,Step1_Model1_EQC_CH3,Step2_Model2_EQC_CH2,Step3_Model3_EQB_CH2,Step4_Model2_EQA_CH1,Step5_Model1_EQB_CH4,Step6_Model3_EQA_CH3,Step7_Model1_EQB_CH2,Step8_Model2_EQB_CH2,Step9_Model2_EQA_CH4,Step10_Model1_EQA_CH4,Step11_Model3_EQA_CH1,Step12_Model1_EQB_CH4,Step13_Model1_EQA_CH1,Step14_Model1_EQB_CH1,Step15_Model1_EQA_CH4,Step16_Model3_EQC_CH4,Step17_Model3_EQC_CH4,Step18_Model2_EQC_CH4,Step19_Model1_EQC_CH4,Step20_Model2_EQC_CH1,Step21_Model3_EQB_CH2,Step22_Model2_EQB_CH3,Step23_Model2_EQB_CH3,Step24_Model2_EQA_CH1,Step25_Model3_EQC_CH1,Step26_Model2_EQB_CH2,Step27_Model1_EQA_CH4,Step28_Model2_EQA_CH1,Step29_Model1_EQB_CH3,Step30_Model2_EQB_CH4,,,,47.24,,,,,,,,,,,,,,,,,33.42,,,,,64.91,,,,45.4,,,,,,,,,,,,,,,61.52,,,,,8,,,,,,,,,,,,,,
L030W16,L030,16,Step1_Model1_EQC_CH1,Step2_Model2_EQC_CH4,Step3_Model3_EQB_CH3,Step4_Model2_EQA_CH4,Step5_Model1_EQB_CH1,Step6_Model3_EQA_CH1,Step7_Model1_EQB_CH3,Step8_Model2_EQB_CH2,Step9_Model2_EQA_CH2,Step10_Model1_EQA_CH4,Step11_Model3_EQA_CH1,Step12_Model1_EQB_CH1,Step13_Model1_EQA_CH3,Step14_Model1_EQB_CH3,Step15_Model1_EQA_CH1,Step16_Model3_EQC_CH3,Step17_Model3_EQC_CH2,Step18_Model2_EQC_CH2,Step19_Model1_EQC_CH4,Step20_Model2_EQC_CH3,Step21_Model3_EQB_CH4,Step22_Model2_EQB_CH3,Step23_Model2_EQB_CH3,Step24_Model2_EQA_CH2,Step25_Model3_EQC_CH1,Step26_Model2_EQB_CH3,Step27_Model1_EQA_CH3,Step28_Model2_EQA_CH3,Step29_Model1_EQB_CH1,Step30_Model2_EQB_CH4,,,,49.85,,,,,,,,,,,,,56.73,,,,38.72,,,,,,,,,,,,,,,,,,,,,,,,,,,,,,,,,,,,5,,,,,,,
L030W17,L030,17,Step1_Model1_EQC_CH4,Step2_Model2_EQC_CH3,Step3_Model3_EQB_CH3,Step4_Model2_EQA_CH4,Step5_Model1_EQB_CH4,Step6_Model3_EQA_CH2,Step7_Model1_EQB_CH3,Step8_Model2_EQB_CH4,Step9_Model2_EQA_CH2,Step10_Model1_EQA_CH1,Step11_Model3_EQA_CH3,Step12_Model1_EQB_CH4,Step13_Model1_EQA_CH3,Step14_Model1_EQB_CH2,Step15_Model1_EQA_CH4,Step16_Model3_EQC_CH1,Step17_Model3_EQC_CH1,Step18_Model2_EQC_CH2,Step19_Model1_EQC_CH1,Step20_Model2_EQC_CH1,Step21_Model3_EQB_CH1,Step22_Model2_EQB_CH1,Step23_Model2_EQB_CH1,Step24_Model2_EQA_CH1,Step25_Model3_EQC_CH1,Step26_Model2_EQB_CH4,Step27_Model1_EQA_CH1,Step28_Model2_EQA_CH4,Step29_Model1_EQB_CH3,Step30_Model2_EQB_CH2,,35.01,,,40.46,,64.19,,,,,,,,,,,,,,,,,,,,,,,,,,,,,,,54.07,,,,,,,,,,36.67,,,,,,,,,,,,,,,,
L030W18,L030,18,Step1_Model1_EQC_CH1,Step2_Model2_EQC_CH2,Step3_Model3_EQB_CH1,Step4_Model2_EQA_CH4,Step5_Model1_EQB_CH1,Step6_Model3_EQA_CH3,Step7_Model1_EQB_CH2,Step8_Model2_EQB_CH2,Step9_Model2_EQA_CH3,Step10_Model1_EQA_CH4,Step11_Model3_EQA_CH4,Step12_Model1_EQB_CH3,Step13_Model1_EQA_CH2,Step14_Model1_EQB_CH1,Step15_Model1_EQA_CH4,Step16_Model3_EQC_CH1,Step17_Model3_EQC_CH2,Step18_Model2_EQC_CH1,Step19_Model1_EQC_CH3,Step20_Model2_EQC_CH4,Step21_Model3_EQB_CH4,Step22_Model2_EQB_CH3,Step23_Model2_EQB_CH3,Step24_Model2_EQA_CH4,Step25_Model3_EQC_CH4,Step26_Model2_EQB_CH4,Step27_Model1_EQA_CH2,Step28_Model2_EQA_CH2,Step29_Model1_EQB_CH2,Step30_Model2_EQB_CH1,,,,,,,,,,,,,,,,,,,,,,,,,,,,,,,,,,,,,,,,,,,,,,,,,,,,,,,,,,,,,,,,
L030W19,L030,19,Step1_Model1_EQC_CH2,Step2_Model2_EQC_CH4,Step3_Model3_EQB_CH2,Step4_Model2_EQA_CH4,Step5_Model1_EQB_CH3,Step6_Model3_EQA_CH1,Step7_Model1_EQB_CH1,Step8_Model2_EQB_CH3,Step9_Model2_EQA_CH4,Step10_Model1_EQA_CH1,Step11_Model3_EQA_CH2,Step12_Model1_EQB_CH4,Step13_Model1_EQA_CH1,Step14_Model1_EQB_CH3,Step15_Model1_EQA_CH4,Step16_Model3_EQC_CH1,Step17_Model3_EQC_CH3,Step18_Model2_EQC_CH4,Step19_Model1_EQC_CH2,Step20_Model2_EQC_CH4,Step21_Model3_EQB_CH2,Step22_Model2_EQB_CH4,Step23_Model2_EQB_CH3,Step24_Model2_EQA_CH2,Step25_Model3_EQC_CH2,Step26_Model2_EQB_CH4,Step27_Model1_EQA_CH1,Step28_Model2_EQA_CH2,Step29_Model1_EQB_CH4,Step30_Model2_EQB_CH3,,,,,,,,,,59.69,,,,,,,,,,,,,,,37.81,,,,55.24,,,,,,,,,,59.34,59.97,,,,,,38.47,,,,,,,,,,,,,,,,,,
L030W20,L030,20,Step1_Model1_EQC_CH4,Step2_Model2_EQC_CH4,Step3_Model3_EQB_CH2,Step4_Model2_EQA_CH1,Step5_Model1_EQB_CH3,Step6_Model3_EQA_CH2,Step7_Model1_EQB_CH2,Step8_Model2_EQB_CH2,Step9_Model2_EQA_CH3,Step10_Model1_EQA_CH1,Step11_Model3_EQA_CH3,Step12_Model1_EQB_CH3,Step13_Model1_EQA_CH1,Step14_Model1_EQB_CH3,Step15_Model1_EQA_CH4,Step16_Model3_EQC_CH3,Step17_Model3_EQC_CH2,Step18_Model2_EQC_CH3,Step19_Model1_EQC_CH2,Step20_Model2_EQC_CH3,Step21_Model3_EQB_CH2,Step22_Model2_EQB_CH2,Step23_Model2_EQB_CH2,Step24_Model2_EQA_CH1,Step25_Model3_EQC_CH3,Step26_Model2_EQB_CH3,Step27_Model1_EQA_CH4,Step28_Model2_EQA_CH4,Step29_Model1_EQB_CH4,Step30_Model2_EQB_CH3,,,,,,,,,,,,,,,,,,,,,,,,,,61.37,,,,,,,44.14,,,,64.05,,,,,53.92,,65.4,,,,,,,,,,15,,6,,,,,,,,
L030W21,L030,21,Step1_Model1_EQC_CH1,Step2_Model2_EQC_CH2,Step3_Model3_EQB_CH3,Step4_Model2_EQA_CH1,Step5_Model1_EQB_CH1,Step6_Model3_EQA_CH3,Step7_Model1_EQB_CH2,Step8_Model2_EQB_CH1,Step9_Model2_EQA_CH3,Step10_Model1_EQA_CH2,Step11_Model3_EQA_CH4,Step12_Model1_EQB_CH1,Step13_Model1_EQA_CH1,Step14_Model1_EQB_CH3,Step15_Model1_EQA_CH3,Step16_Model3_EQC_CH2,Step17_Model3_EQC_CH4,Step18_Model2_EQC_CH4,Step19_Model1_EQC_CH3,Step20_Model2_EQC_CH3,Step21_Model3_EQB_CH2,Step22_Model2_EQB_CH3,Step23_Model2_EQB_CH2,Step24_Model2_EQA_CH2,Step25_Model3_EQC_CH4,Step26_Model2_EQB_CH2,Step27_Model1_EQA_CH4,Step28_Model2_EQA_CH4,Step29_Model1_EQB_CH4,Step30_Model2_EQB_CH3,,,,,,,,58.53,,,,,,,,,,38.06,,,,30.05,,,,,,39.86,,,,,,,,,,,,,41.03,,,,,,,,,,,8,7,,,,11,,,,,,,
L030W22,L030,22,Step1_Model1_EQC_CH4,Step2_Model2_EQC_CH2,Step3_Model3_EQB_CH3,Step4_Model2_EQA_CH2,Step5_Model1_EQB_CH3,Step6_Model3_EQA_CH2,Step7_Model1_EQB_CH1,Step8_Model2_EQB_CH1,Step9_Model2_EQA_CH1,Step10_Model1_EQA_CH2,Step11_Model3_EQA_CH3,Step12_Model1_EQB_CH4,Step13_Model1_EQA_CH4,Step14_Model1_EQB_CH2,Step15_Model1_EQA_CH2,Step16_Model3_EQC_CH2,Step17_Model3_EQC_CH2,Step18_Model2_EQC_CH4,Step19_Model1_EQC_CH3,Step20_Model2_EQC_CH4,Step21_Model3_EQB_CH2,Step22_Model2_EQB_CH1,Step23_Model2_EQB_CH4,Step24_Model2_EQA_CH1,Step25_Model3_EQC_CH1,Step26_Model2_EQB_CH2,Step27_Model1_EQA_CH4,Step28_Model2_EQA_CH3,Step29_Model1_EQB_CH4,Step30_Model2_EQB_CH3,,,,,,,,63.02,,,,,,,,,,,,,,,,,,,,,,,,,,,,,,,,,,,,,61.03,,,,,,,,,,,,,,,,,,,
L030W23,L030,23,Step1_Model1_EQC_CH3,Step2_Model2_EQC_CH2,Step3_Model3_EQB_CH3,Step4_Model2_EQA_CH4,Step5_Model1_EQB_CH4,Step6_Model3_EQA_CH1,Step7_Model1_EQB_CH3,Step8_Model2_EQB_CH2,Step9_Model2_EQA_CH2,Step10_Model1_EQA_CH4,Step11_Model3_EQA_CH3,Step12_Model1_EQB_CH2,Step13_Model1_EQA_CH3,Step14_Model1_EQB_CH3,Step15_Model1_EQA_CH1,Step16_Model3_EQC_CH2,Step17_Model3_EQC_CH1,Step18_Model2_EQC_CH2,Step19_Model1_EQC_CH3,Step20_Model2_EQC_CH2,Step21_Model3_EQB_CH4,Step22_Model2_EQB_CH3,Step23_Model2_EQB_CH2,Step24_Model2_EQA_CH1,Step25_Model3_EQC_CH1,Step26_Model2_EQB_CH3,Step27_Model1_EQA_CH1,Step28_Model2_EQA_CH3,Step29_Model1_EQB_CH3,Step30_Model2_EQB_CH3,,,,43.19,,57.67,,,,,,,,,,,,,,,,,,,,,,,,,,,,,,,,,,,,,,,,,,,14,,,14,,,,,,,,,,,,
L030W24,L030,24,Step1_Model1_EQC_CH2,Step2_Model2_EQC_CH3,Step3_Model3_EQB_CH1,Step4_Model2_EQA_CH4,Step5_Model1_EQB_CH2,Step6_Model3_EQA_CH1,Step7_Model1_EQB_CH3,Step8_Model2_EQB_CH3,Step9_Model2_EQA_CH4,Step10_Model1_EQA_CH1,Step11_Model3_EQA_CH2,Step12_Model1_EQB_CH1,Step13_Model1_EQA_CH3,Step14_Model1_EQB_CH2,Step15_Model1_EQA_CH3,Step16_Model3_EQC_CH3,Step17_Model3_EQC_CH1,Step18_Model2_EQC_CH4,Step19_Model1_EQC_CH3,Step20_Model2_EQC_CH1,Step21_Model3_EQB_CH2,Step22_Model2_EQB_CH4,Step23_Model2_EQB_CH3,Step24_Model2_EQA_CH3,Step25_Model3_EQC_CH2,Step26_Model2_EQB_CH1,Step27_Model1_EQA_CH3,Step28_Model2_EQA_CH2,Step29_Model1_EQB_CH3,Step30_Model2_EQB_CH1,35.22,,42.49,,,,,,,,,,,,,,,,,,,31.96,,,44.73,,,,,,,,,,,,,59.01,,,,,,,,,,,,,,,,,,,,9,,,,,,
L030W25,L030,25,Step1_Model1_EQC_CH4,Step2_Model2_EQC_CH1,Step3_Model3_EQB_CH1,Step4_Model2_EQA_CH1,Step5_Model1_EQB_CH2,Step6_Model3_EQA_CH3,Step7_Model1_EQB_CH4,Step8_Model2_EQB_CH2,Step9_Model2_EQA_CH1,Step10_Model1_EQA_CH4,Step11_Model3_EQA_CH1,Step12_Model1_EQB_CH1,Step13_Model1_EQA_CH1,Step14_Model1_EQB_CH4,Step15_Model1_EQA_CH3,Step16_Model3_EQC_CH1,Step17_Model3_EQC_CH3,Step18_Model2_EQC_CH4,Step19_Model1_EQC_CH4,Step20_Model2_EQC_CH1,Step21_Model3_EQB_CH3,Step22_Model2_EQB_CH3,Step23_Model2_EQB_CH1,Step24_Model2_EQA_CH2,Step25_Model3_EQC_CH2,Step26_Model2_EQB_CH4,Step27_Model1_EQA_CH4,Step28_Model2_EQA_CH2,Step29_Model1_EQB_CH2,Step30_Model2_EQB_CH2,,,,,,,,,,,,,39.78,,,63.47,,,,,,38.43,,,,,,58.74,,,58.91,44.8,,,,49.68,,,,,,,,,,,,,,,,11,,,,,,,,,,,,
L031W01,L031,1,Step1_Model1_EQA_CH3,Step2_Model1_EQA_CH4,Step3_Model1_EQA_CH4,Step4_Model3_EQC_CH4,Step5_Model1_EQA_CH2,Step6_Model3_EQC_CH3,Step7_Model1_EQC_CH3,Step8_Model2_EQB_CH4,Step9_Model2_EQC_CH1,Step10_Model1_EQA_CH4,Step11_Model1_EQC_CH2,Step12_Model3_EQB_CH4,Step13_Model3_EQB_CH3,Step14_Model2_EQA_CH4,Step15_Model3_EQA_CH1,Step16_Model1_EQC_CH3,Step17_Model3_EQB_CH1,Step18_Model2_EQB_CH4,Step19_Model2_EQA_CH3,Step20_Model1_EQC_CH2,Step21_Model2_EQB_CH3,Step22_Model2_EQA_CH1,Step23_Model3_EQA_CH3,Step24_Model3_EQC_CH2,Step25_Model1_EQA_CH2,Step26_Model3_EQA_CH2,Step27_Model1_EQC_CH2,Step28_Model3_EQB_CH1,Step29_Model1_EQC_CH3,Step30_Model1_EQA_CH4,,31.47,,,,,,64.63,,,,,,,,,,,,,39.31,,,,,,,,,,,,50.29,,,,,,,66.31,,,,,64.38,,51.23,,,,,,,,15,,,,,,,,,
L031W02,L031,2,Step1_Model1_EQA_CH2,Step2_Model1_EQA_CH4,Step3_Model1_EQA_CH4,Step4_Model3_EQC_CH3,Step5_Model1_EQA_CH4,Step6_Model3_EQC_CH4,Step7_Model1_EQC_CH1,Step8_Model2_EQB_CH4,Step9_Model2_EQC_CH3,Step10_Model1_EQA_CH4,Step11_Model1_EQC_CH3,Step12_Model3_EQB_CH2,Step13_Model3_EQB_CH4,Step14_Model2_EQA_CH4,Step15_Model3_EQA_CH4,Step16_Model1_EQC_CH2,Step17_Model3_EQB_CH1,Step18_Model2_EQB_CH4,Step19_Model2_EQA_CH3,Step20_Model1_EQC_CH1,Step21_Model2_EQB_CH1,Step22_Model2_EQA_CH1,Step23_Model3_EQA_CH4,Step24_Model3_EQC_CH2,Step25_Model1_EQA_CH2,Step26_Model3_EQA_CH4,Step27_Model1_EQC_CH3,Step28_Model3_EQB_CH3,Step29_Model1_EQC_CH3,Step30_Model1_EQA_CH4,,,,,,,,,,,,,,,,,,,,,,,,,,,,,,,,,,,,,,,,,,,,,,,,,,,,,,,,,,,,,,,,
L031W03,L031,3,Step1_Model1_EQA_CH2,Step2_Model1_EQA_CH4,Step3_Model1_EQA_CH2,Step4_Model3_EQC_CH1,Step5_Model1_EQA_CH4,Step6_Model3_EQC_CH2,Step7_Model1_EQC_CH1,Step8_Model2_EQB_CH1,Step9_Model2_EQC_CH4,Step10_Model1_EQA_CH2,Step11_Model1_EQC_CH1,Step12_Model3_EQB_CH4,Step13_Model3_EQB_CH1,Step14_Model2_EQA_CH3,Step15_Model3_EQA_CH4,Step16_Model1_EQC_CH1,Step17_Model3_EQB_CH4,Step18_Model2_EQB_CH4,Step19_Model2_EQA_CH2,Step20_Model1_EQC_CH2,Step21_Model2_EQB_CH1,Step22_Model2_EQA_CH4,Step23_Model3_EQA_CH4,Step24_Model3_EQC_CH3,Step25_Model1_EQA_CH4,Step26_Model3_EQA_CH2,Step27_Model1_EQC_CH4,Step28_Model3_EQB_CH2,Step29_Model1_EQC_CH3,Step30_Model1_EQA_CH1,,,,,,,63.38,47.45,,,,39.31,,,,,,,41.4,,,,,41.7,,61.38,,,,,,,,,,,,,,,41.53,57.59,,,61.76,50.9,,,,,,,,,,,,,,,,,,
L031W04,L031,4,Step1_Model1_EQA_CH2,Step2_Model1_EQA_CH1,Step3_Model1_EQA_CH1,Step4_Model3_EQC_CH1,Step5_Model1_EQA_CH1,Step6_Model3_EQC_CH2,Step7_Model1_EQC_CH3,Step8_Model2_EQB_CH4,Step9_Model2_EQC_CH2,Step10_Model1_EQA_CH3,Step11_Model1_EQC_CH4,Step12_Model3_EQB_CH1,Step13_Model3_EQB_CH4,Step14_Model2_EQA_CH4,Step15_Model3_EQA_CH3,Step16_Model1_EQC_CH4,Step17_Model3_EQB_CH1,Step18_Model2_EQB_CH2,Step19_Model2_EQA_CH2,Step20_Model1_EQC_CH3,Step21_Model2_EQB_CH1,Step22_Model2_EQA_CH1,Step23_Model3_EQA_CH4,Step24_Model3_EQC_CH3,Step25_Model1_EQA_CH1,Step26_Model3_EQA_CH1,Step27_Model1_EQC_CH1,Step28_Model3_EQB_CH2,Step29_Model1_EQC_CH2,Step30_Model1_EQA_CH2,,34.91,42.53,,,50.33,,64.08,,,56.35,,,,,,,,58.7,,,,,,,,,56.94,,,,,,,,,,,,60.58,,61.69,61.29,,64.67,52.18,,,,,,,9,,,,,,,,,,,
L031W05,L031,5,Step1_Model1_EQA_CH4,Step2_Model1_EQA_CH4,Step3_Model1_EQA_CH4,Step4_Model3_EQC_CH1,Step5_Model1_EQA_CH2,Step6_Model3_EQC_CH1,Step7_Model1_EQC_CH1,Step8_Model2_EQB_CH3,Step9_Model2_EQC_CH1,Step10_Model1_EQA_CH4,Step11_Model1_EQC_CH2,Step12_Model3_EQB_CH2,Step13_Model3_EQB_CH1,Step14_Model2_EQA_CH4,Step15_Model3_EQA_CH4,Step16_Model1_EQC_CH4,Step17_Model3_EQB_CH2,Step18_Model2_EQB_CH4,Step19_Model2_EQA_CH4,Step20_Model1_EQC_CH1,Step21_Model2_EQB_CH3,Step22_Model2_EQA_CH4,Step23_Model3_EQA_CH1,Step24_Model3_EQC_CH1,Step25_Model1_EQA_CH4,Step26_Model3_EQA_CH3,Step27_Model1_EQC_CH2,Step28_Model3_EQB_CH3,Step29_Model1_EQC_CH4,Step30_Model1_EQA_CH3,,42.3,38.3,,,57.59,,,,,,,,,,60.7,,,,47.01,,,,,,,,62.23,,,,,,,,,,,64.58,,39.87,,,,,,,,,,,,,,,,,,,,,,,
L031W06,L031,6,Step1_Model1_EQA_CH1,Step2_Model1_EQA_CH1,Step3_Model1_EQA_CH3,Step4_Model3_EQC_CH2,Step5_Model1_EQA_CH3,Step6_Model3_EQC_CH4,Step7_Model1_EQC_CH2,Step8_Model2_EQB_CH3,Step9_Model2_EQC_CH3,Step10_Model1_EQA_CH2,Step11_Model1_EQC_CH3,Step12_Model3_EQB_CH4,Step13_Model3_EQB_CH1,Step14_Model2_EQA_CH4,Step15_Model3_EQA_CH3,Step16_Model1_EQC_CH1,Step17_Model3_EQB_CH2,Step18_Model2_EQB_CH4,Step19_Model2_EQA_CH2,Step20_Model1_EQC_CH1,Step21_Model2_EQB_CH3,Step22_Model2_EQA_CH1,Step23_Model3_EQA_CH1,Step24_Model3_EQC_CH2,Step25_Model1_EQA_CH4,Step26_Model3_EQA_CH1,Step27_Model1_EQC_CH3,Step28_Model3_EQB_CH1,Step29_Model1_EQC_CH2,Step30_Model1_EQA_CH4,23.7,,,,,,67.2,,,57.51,,,,,,,,,,43.79,,,,,,,,,,,,,,,,,,,64.98,,,,,,61,55.95,,,,,,,,10,,,,,,,,,,
L031W07,L031,7,Step1_Model1_EQA_CH3,Step2_Model1_EQA_CH2,Step3_Model1_EQA_CH1,Step4_Model3_EQC_CH1,Step5_Model1_EQA_CH4,Step6_Model3_EQC_CH2,Step7_Model1_EQC_CH2,Step8_Model2_EQB_CH4,Step9_Model2_EQC_CH3,Step10_Model1_EQA_CH2,Step11_Model1_EQC_CH4,Step12_Model3_EQB_CH2,Step13_Model3_EQB_CH4,Step14_Model2_EQA_CH1,Step15_Model3_EQA_CH1,Step16_Model1_EQC_CH2,Step17_Model3_EQB_CH2,Step18_Model2_EQB_CH1,Step19_Model2_EQA_CH3,Step20_Model1_EQC_CH4,Step21_Model2_EQB_CH3,Step22_Model2_EQA_CH3,Step23_Model3_EQA_CH3,Step24_Model3_EQC_CH1,Step25_Model1_EQA_CH2,Step26_Model3_EQA_CH3,Step27_Model1_EQC_CH1,Step28_Model3_EQB_CH4,Step29_Model1_EQC_CH2,Step30_Model1_EQA_CH4,,,,,42.54,,,63.29,,,,,,,,,,,,,36.03,,,,,,,,,,,41.97,,,49.59,,,63.76,,61.46,,,,,,,55.93,,,,,,,,,,,,,,,,,
L031W08,L031,8,Step1_Model1_EQA_CH3,Step2_Model1_EQA_CH2,Step3_Model1_EQA_CH3,Step4_Model3_EQC_CH2,Step5_Model1_EQA_CH3,Step6_Model3_EQC_CH4,Step7_Model1_EQC_CH4,Step8_Model2_EQB_CH3,Step9_Model2_EQC_CH2,Step10_Model1_EQA_CH4,Step11_Model1_EQC_CH2,Step12_Model3_EQB_CH2,Step13_Model3_EQB_CH4,Step14_Model2_EQA_CH1,Step15_Model3_EQA_CH1,Step16_Model1_EQC_CH2,Step17_Model3_EQB_CH4,Step18_Model2_EQB_CH1,Step19_Model2_EQA_CH3,Step20_Model1_EQC_CH2,Step21_Model2_EQB_CH1,Step22_Model2_EQA_CH4,Step23_Model3_EQA_CH4,Step24_Model3_EQC_CH2,Step25_Model1_EQA_CH4,Step26_Model3_EQA_CH3,Step27_Model1_EQC_CH3,Step28_Model3_EQB_CH1,Step29_Model1_EQC_CH4,Step30_Model1_EQA_CH3,,,,,,,,,,,,,,,,,,,,,,,,,,,,,,,,,,,,,,57.81,,76.45,,,,,,,,,,,,,,,,,,,,,,,,
L031W09,L031,9,Step1_Model1_EQA_CH2,Step2_Model1_EQA_CH4,Step3_Model1_EQA_CH1,Step4_Model3_EQC_CH2,Step5_Model1_EQA_CH2,Step6_Model3_EQC_CH2,Step7_Model1_EQC_CH3,Step8_Model2_EQB_CH2,Step9_Model2_EQC_CH3,Step10_Model1_EQA_CH2,Step11_Model1_EQC_CH3,Step12_Model3_EQB_CH4,Step13_Model3_EQB_CH3,Step14_Model2_EQA_CH3,Step15_Model3_EQA_CH4,Step16_Model1_EQC_CH2,Step17_Model3_EQB_CH4,Step18_Model2_EQB_CH2,Step19_Model2_EQA_CH3,Step20_Model1_EQC_CH2,Step21_Model2_EQB_CH3,Step22_Model2_EQA_CH2,Step23_Model3_EQA_CH3,Step24_Model3_EQC_CH3,Step25_Model1_EQA_CH1,Step26_Model3_EQA_CH2,Step27_Model1_EQC_CH2,Step28_Model3_EQB_CH1,Step29_Model1_EQC_CH3,Step30_Model1_EQA_CH3,,37.26,,,,,,,,,,,,,,,,,,,,,,46.94,,58.69,,,,,,,,,43.33,,,,,,41.27,,,,,,,,,,,,,,11,,,,,,,,,
L031W10,L031,10,Step1_Model1_EQA_CH1,Step2_Model1_EQA_CH1,Step3_Model1_EQA_CH4,Step4_Model3_EQC_CH3,Step5_Model1_EQA_CH4,Step6_Model3_EQC_CH2,Step7_Model1_EQC_CH4,Step8_Model2_EQB_CH1,Step9_Model2_EQC_CH1,Step10_Model1_EQA_CH1,Step11_Model1_EQC_CH1,Step12_Model3_EQB_CH4,Step13_Model3_EQB_CH4,Step14_Model2_EQA_CH4,Step15_Model3_EQA_CH1,Step16_Model1_EQC_CH1,Step17_Model3_EQB_CH3,Step18_Model2_EQB_CH3,Step19_Model2_EQA_CH1,Step20_Model1_EQC_CH3,Step21_Model2_EQB_CH2,Step22_Model2_EQA_CH2,Step23_Model3_EQA_CH1,Step24_Model3_EQC_CH4,Step25_Model1_EQA_CH2,Step26_Model3_EQA_CH2,Step27_Model1_EQC_CH4,Step28_Model3_EQB_CH3,Step29_Model1_EQC_CH4,Step30_Model1_EQA_CH3,39,,,,,,,,,,,,,,51.64,,,,,41.11,,,,,,,,,,,58.4,,,,,,,,,,,,,,,,,,,,11,,,,,,,,,,,,,
L031W11,L031,11,Step1_Model1_EQA_CH3,Step2_Model1_EQA_CH4,Step3_Model1_EQA_CH3,Step4_Model3_EQC_CH2,Step5_Model1_EQA_CH1,Step6_Model3_EQC_CH3,Step7_Model1_EQC_CH2,Step8_Model2_EQB_CH4,Step9_Model2_EQC_CH3,Step10_Model1_EQA_CH2,Step11_Model1_EQC_CH3,Step12_Model3_EQB_CH4,Step13_Model3_EQB_CH1,Step14_Model2_EQA_CH3,Step15_Model3_EQA_CH1,Step16_Model1_EQC_CH3,Step17_Model3_EQB_CH3,Step18_Model2_EQB_CH4,Step19_Model2_EQA_CH3,Step20_Model1_EQC_CH2,Step21_Model2_EQB_CH2,Step22_Model2_EQA_CH1,Step23_Model3_EQA_CH1,Step24_Model3_EQC_CH2,Step25_Model1_EQA_CH1,Step26_Model3_EQA_CH1,Step27_Model1_EQC_CH2,Step28_Model3_EQB_CH2,Step29_Model1_EQC_CH2,Step30_Model1_EQA_CH4,,,,,40.62,,,,63.73,65.73,,,,,,,59.93,,,,,,,,,,,,,,60.5,,,,,,58.76,,,,,,,,,,,,,,,,,10,,,11,,,,,,,
L031W12,L031,12,Step1_Model1_EQA_CH4,Step2_Model1_EQA_CH2,Step3_Model1_EQA_CH3,Step4_Model3_EQC_CH2,Step5_Model1_EQA_CH4,Step6_Model3_EQC_CH1,Step7_Model1_EQC_CH3,Step8_Model2_EQB_CH3,Step9_Model2_EQC_CH1,Step10_Model1_EQA_CH3,Step11_Model1_EQC_CH1,Step12_Model3_EQB_CH4,Step13_Model3_EQB_CH3,Step14_Model2_EQA_CH3,Step15_Model3_EQA_CH1,Step16_Model1_EQC_CH1,Step17_Model3_EQB_CH4,Step18_Model2_EQB_CH1,Step19_Model2_EQA_CH1,Step20_Model1_EQC_CH4,Step21_Model2_EQB_CH2,Step22_Model2_EQA_CH2,Step23_Model3_EQA_CH1,Step24_Model3_EQC_CH4,Step25_Model1_EQA_CH2,Step26_Model3_EQA_CH4,Step27_Model1_EQC_CH1,Step28_Model3_EQB_CH1,Step29_Model1_EQC_CH4,Step30_Model1_EQA_CH3,,,,,,,,67.97,,54.41,,44.99,,,,,,40.65,,,,,,,,,,,,58.55,,,,,43.1,,,,,,37.49,,64.51,,,,,,,,,,,,,,,,,,,,,
L031W13,L031,13,Step1_Model1_EQA_CH1,Step2_Model1_EQA_CH1,Step3_Model1_EQA_CH1,Step4_Model3_EQC_CH1,Step5_Model1_EQA_CH4,Step6_Model3_EQC_CH4,Step7_Model1_EQC_CH4,Step8_Model2_EQB_CH4,Step9_Model2_EQC_CH3,Step10_Model1_EQA_CH4,Step11_Model1_EQC_CH4,Step12_Model3_EQB_CH1,Step13_Model3_EQB_CH3,Step14_Model2_EQA_CH1,Step15_Model3_EQA_CH3,Step16_Model1_EQC_CH2,Step17_Model3_EQB_CH3,Step18_Model2_EQB_CH3,Step19_Model2_EQA_CH1,Step20_Model1_EQC_CH3,Step21_Model2_EQB_CH3,Step22_Model2_EQA_CH1,Step23_Model3_EQA_CH2,Step24_Model3_EQC_CH2,Step25_Model1_EQA_CH2,Step26_Model3_EQA_CH3,Step27_Model1_EQC_CH1,Step28_Model3_EQB_CH2,Step29_Model1_EQC_CH2,Step30_Model1_EQA_CH2,,,,,,,,,,,,,,,,,,,,,,41.93,,,,,,,61.2,,62.68,,,,,,,,,,,,,,,,,,,,,,,,10,,,,,,,,,
L031W14,L031,14,Step1_Model1_EQA_CH2,Step2_Model1_EQA_CH1,Step3_Model1_EQA_CH2,Step4_Model3_EQC_CH3,Step5_Model1_EQA_CH3,Step6_Model3_EQC_CH1,Step7_Model1_EQC_CH4,Step8_Model2_EQB_CH2,Step9_Model2_EQC_CH2,Step10_Model1_EQA_CH3,Step11_Model1_EQC_CH1,Step12_Model3_EQB_CH4,Step13_Model3_EQB_CH3,Step14_Model2_EQA_CH4,Step15_Model3_EQA_CH1,Step16_Model1_EQC_CH1,Step17_Model3_EQB_CH1,Step18_Model2_EQB_CH3,Step19_Model2_EQA_CH1,Step20_Model1_EQC_CH3,Step21_Model2_EQB_CH3,Step22_Model2_EQA_CH2,Step23_Model3_EQA_CH3,Step24_Model3_EQC_CH3,Step25_Model1_EQA_CH2,Step26_Model3_EQA_CH4,Step27_Model1_EQC_CH2,Step28_Model3_EQB_CH2,Step29_Model1_EQC_CH1,Step30_Model1_EQA_CH1,,,,,,,,,,,,,,,,,60.43,,,,,36.89,,,,,,,,,,,,,,,62.64,,,,39.93,,,,,,,,,,,,,,,,,,,,,,,
L031W15,L031,15,Step1_Model1_EQA_CH2,Step2_Model1_EQA_CH1,Step3_Model1_EQA_CH2,Step4_Model3_EQC_CH1,Step5_Model1_EQA_CH3,Step6_Model3_EQC_CH1,Step7_Model1_EQC_CH1,Step8_Model2_EQB_CH3,Step9_Model2_EQC_CH2,Step10_Model1_EQA_CH1,Step11_Model1_EQC_CH1,Step12_Model3_EQB_CH3,Step13_Model3_EQB_CH3,Step14_Model2_EQA_CH3,Step15_Model3_EQA_CH4,Step16_Model1_EQC_CH3,Step17_Model3_EQB_CH2,Step18_Model2_EQB_CH1,Step19_Model2_EQA_CH1,Step20_Model1_EQC_CH4,Step21_Model2_EQB_CH1,Step22_Model2_EQA_CH1,Step23_Model3_EQA_CH2,Step24_Model3_EQC_CH1,Step25_Model1_EQA_CH2,Step26_Model3_EQA_CH4,Step27_Model1_EQC_CH2,Step28_Model3_EQB_CH3,Step29_Model1_EQC_CH3,Step30_Model1_EQA_CH4,,41.23,,,47.11,,,,,,,,,,48.6,,,,,,,,,,41.8,57.79,35.42,,,,,,,,,,,,,,,,58.6,54.49,,61.54,50.95,,,,,,,,,,6,,,,,,,
L031W16,L031,16,Step1_Model1_EQA_CH1,Step2_Model1_EQA_CH2,Step3_Model1_EQA_CH3,Step4_Model3_EQC_CH2,Step5_Model1_EQA_CH3,Step6_Model3_EQC_CH2,Step7_Model1_EQC_CH1,Step8_Model2_EQB_CH4,Step9_Model2_EQC_CH1,Step10_Model1_EQA_CH2,Step11_Model1_EQC_CH3,Step12_Model3_EQB_CH3,Step13_Model3_EQB_CH4,Step14_Model2_EQA_CH1,Step15_Model3_EQA_CH1,Step16_Model1_EQC_CH1,Step17_Model3_EQB_CH3,Step18_Model2_EQB_CH4,Step19_Model2_EQA_CH3,Step20_Model1_EQC_CH1,Step21_Model2_EQB_CH2,Step22_Model2_EQA_CH3,Step23_Model3_EQA_CH4,Step24_Model3_EQC_CH1,Step25_Model1_EQA_CH2,Step26_Model3_EQA_CH3,Step27_Model1_EQC_CH2,Step28_Model3_EQB_CH2,Step29_Model1_EQC_CH4,Step30_Model1_EQA_CH3,,,,,,,,,,,,,,,,,,,,,,,,,,,,,,,,,,47.36,,,,,,,,,63.75,,,,,,,,,,,,,,,,,,,,,
L031W17,L031,17,Step1_Model1_EQA_CH4,Step2_Model1_EQA_CH1,Step3_Model1_EQA_CH2,Step4_Model3_EQC_CH4,Step5_Model1_EQA_CH4,Step6_Model3_EQC_CH1,Step7_Model1_EQC_CH3,Step8_Model2_EQB_CH4,Step9_Model2_EQC_CH2,Step10_Model1_EQA_CH2,Step11_Model1_EQC_CH2,Step12_Model3_EQB_CH2,Step13_Model3_EQB_CH4,Step14_Model2_EQA_CH2,Step15_Model3_EQA_CH4,Step16_Model1_EQC_CH3,Step17_Model3_EQB_CH2,Step18_Model2_EQB_CH3,Step19_Model2_EQA_CH4,Step20_Model1_EQC_CH1,Step21_Model2_EQB_CH3,Step22_Model2_EQA_CH2,Step23_Model3_EQA_CH1,Step24_Model3_EQC_CH3,Step25_Model1_EQA_CH4,Step26_Model3_EQA_CH4,Step27_Model1_EQC_CH4,Step28_Model3_EQB_CH3,Step29_Model1_EQC_CH4,Step30_Model1_EQA_CH3,28.01,,39.66,,,,,,,,45.67,,,,,,,45.93,,,,,,,,,,59.07,,,,,,,43.39,,,59.09,,,,,,,,,,,,,,,,,,,15,,,,,,,
L031W18,L031,18,Step1_Model1_EQA_CH2,Step2_Model1_EQA_CH2,Step3_Model1_EQA_CH3,Step4_Model3_EQC_CH3,Step5_Model1_EQA_CH1,Step6_Model3_EQC_CH4,Step7_Model1_EQC_CH2,Step8_Model2_EQB_CH2,Step9_Model2_EQC_CH1,Step10_Model1_EQA_CH3,Step11_Model1_EQC_CH3,Step12_Model3_EQB_CH1,Step13_Model3_EQB_CH4,Step14_Model2_EQA_CH3,Step15_Model3_EQA_CH3,Step16_Model1_EQC_CH4,Step17_Model3_EQB_CH4,Step18_Model2_EQB_CH1,Step19_Model2_EQA_CH1,Step20_Model1_EQC_CH1,Step21_Model2_EQB_CH3,Step22_Model2_EQA_CH1,Step23_Model3_EQA_CH3,Step24_Model3_EQC_CH2,Step25_Model1_EQA_CH4,Step26_Model3_EQA_CH4,Step27_Model1_EQC_CH2,Step28_Model3_EQB_CH1,Step29_Model1_EQC_CH3,Step30_Model1_EQA_CH3,40.75,,,,,49.28,,,,,,,,,,,61.21,42.2,,,,,,,,,,,,,,,,,,,,,,64.63,,,,,,,,,,,,,,,,,10,,,,,,,
L031W19,L031,19,Step1_Model1_EQA_CH3,Step2_Model1_EQA_CH4,Step3_Model1_EQA_CH1,Step4_Model3_EQC_CH3,Step5_Model1_EQA_CH3,Step6_Model3_EQC_CH3,Step7_Model1_EQC_CH2,Step8_Model2_EQB_CH3,Step9_Model2_EQC_CH2,Step10_Model1_EQA_CH3,Step11_Model1_EQC_CH3,Step12_Model3_EQB_CH3,Step13_Model3_EQB_CH2,Step14_Model2_EQA_CH3,Step15_Model3_EQA_CH1,Step16_Model1_EQC_CH3,Step17_Model3_EQB_CH2,Step18_Model2_EQB_CH2,Step19_Model2_EQA_CH1,Step20_Model1_EQC_CH4,Step21_Model2_EQB_CH1,Step22_Model2_EQA_CH1,Step23_Model3_EQA_CH2,Step24_Model3_EQC_CH3,Step25_Model1_EQA_CH3,Step26_Model3_EQA_CH4,Step27_Model1_EQC_CH4,Step28_Model3_EQB_CH4,Step29_Model1_EQC_CH4,Step30_Model1_EQA_CH1,42.83,,,,41.47,54.35,,,67.26,60.04,,,,31.03,,,59.48,43.95,,42.41,34.74,,40.12,,36.92,,37.04,,,,,,32.45,,,,,63.43,,,,63.43,,,,,,,,,7,,,,,13,,,,,,,,
L031W20,L031,20,Step1_Model1_EQA_CH1,Step2_Model1_EQA_CH3,Step3_Model1_EQA_CH1,Step4_Model3_EQC_CH3,Step5_Model1_EQA_CH3,Step6_Model3_EQC_CH3,Step7_Model1_EQC_CH3,Step8_Model2_EQB_CH2,Step9_Model2_EQC_CH3,Step10_Model1_EQA_CH1,Step11_Model1_EQC_CH1,Step12_Model3_EQB_CH1,Step13_Model3_EQB_CH1,Step14_Model2_EQA_CH2,Step15_Model3_EQA_CH4,Step16_Model1_EQC_CH4,Step17_Model3_EQB_CH3,Step18_Model2_EQB_CH3,Step19_Model2_EQA_CH1,Step20_Model1_EQC_CH1,Step21_Model2_EQB_CH4,Step22_Model2_EQA_CH4,Step23_Model3_EQA_CH1,Step24_Model3_EQC_CH3,Step25_Model1_EQA_CH2,Step26_Model3_EQA_CH2,Step27_Model1_EQC_CH4,Step28_Model3_EQB_CH4,Step29_Model1_EQC_CH4,Step30_Model1_EQA_CH2,,,45.14,,,,,,80.6,,,,,,,,,,46.74,,,,,,,,18.25,54.38,,,,,,,,,,,,,,49.87,,,,,,,,,6,,,,,,,,,,,,,
L031W21,L031,21,Step1_Model1_EQA_CH2,Step2_Model1_EQA_CH1,Step3_Model1_EQA_CH3,Step4_Model3_EQC_CH4,Step5_Model1_EQA_CH1,Step6_Model3_EQC_CH2,Step7_Model1_EQC_CH1,Step8_Model2_EQB_CH2,Step9_Model2_EQC_CH3,Step10_Model1_EQA_CH2,Step11_Model1_EQC_CH1,Step12_Model3_EQB_CH3,Step13_Model3_EQB_CH2,Step14_Model2_EQA_CH4,Step15_Model3_EQA_CH2,Step16_Model1_EQC_CH3,Step17_Model3_EQB_CH1,Step18_Model2_EQB_CH3,Step19_Model2_EQA_CH1,Step20_Model1_EQC_CH2,Step21_Model2_EQB_CH2,Step22_Model2_EQA_CH3,Step23_Model3_EQA_CH4,Step24_Model3_EQC_CH2,Step25_Model1_EQA_CH4,Step26_Model3_EQA_CH4,Step27_Model1_EQC_CH3,Step28_Model3_EQB_CH2,Step29_Model1_EQC_CH4,Step30_Model1_EQA_CH2,,38.39,,,,,,,,,,,,,47.5,,,,,,39.89,,41.32,,,,,,,,,,,,,,,,,,,,,59.71,,,,,,,,,,,,,,,,,,,,
L031W22,L031,22,Step1_Model1_EQA_CH1,Step2_Model1_EQA_CH4,Step3_Model1_EQA_CH3,Step4_Model3_EQC_CH3,Step5_Model1_EQA_CH4,Step6_Model3_EQC_CH2,Step7_Model1_EQC_CH1,Step8_Model2_EQB_CH1,Step9_Model2_EQC_CH3,Step10_Model1_EQA_CH3,Step11_Model1_EQC_CH2,Step12_Model3_EQB_CH3,Step13_Model3_EQB_CH2,Step14_Model2_EQA_CH4,Step15_Model3_EQA_CH1,Step16_Model1_EQC_CH4,Step17_Model3_EQB_CH3,Step18_Model2_EQB_CH1,Step19_Model2_EQA_CH1,Step20_Model1_EQC_CH4,Step21_Model2_EQB_CH2,Step22_Model2_EQA_CH1,Step23_Model3_EQA_CH2,Step24_Model3_EQC_CH4,Step25_Model1_EQA_CH4,Step26_Model3_EQA_CH2,Step27_Model1_EQC_CH4,Step28_Model3_EQB_CH1,Step29_Model1_EQC_CH4,Step30_Model1_EQA_CH4,,,,,,,,,,67.76,,37.74,,,,,,,,35.83,,,40.75,,,,,,,,,,,,,,,,63.59,,,,,,,,,32.41,,,,,,,,,,,,,,,,
L031W23,L031,23,Step1_Model1_EQA_CH1,Step2_Model1_EQA_CH2,Step3_Model1_EQA_CH4,Step4_Model3_EQC_CH2,Step5_Model1_EQA_CH1,Step6_Model3_EQC_CH2,Step7_Model1_EQC_CH2,Step8_Model2_EQB_CH3,Step9_Model2_EQC_CH3,Step10_Model1_EQA_CH4,Step11_Model1_EQC_CH3,Step12_Model3_EQB_CH3,Step13_Model3_EQB_CH3,Step14_Model2_EQA_CH2,Step15_Model3_EQA_CH2,Step16_Model1_EQC_CH3,Step17_Model3_EQB_CH1,Step18_Model2_EQB_CH3,Step19_Model2_EQA_CH1,Step20_Model1_EQC_CH2,Step21_Model2_EQB_CH1,Step22_Model2_EQA_CH2,Step23_Model3_EQA_CH1,Step24_Model3_EQC_CH2,Step25_Model1_EQA_CH2,Step26_Model3_EQA_CH3,Step27_Model1_EQC_CH4,Step28_Model3_EQB_CH4,Step29_Model1_EQC_CH2,Step30_Model1_EQA_CH3,,,,,,,,,,,,37.37,,,,,,,,,,,,,,,,,55.98,,,,,,,,54.97,,,,,,,,,,,,9,,,,,,,,,,,,,,,
L031W24,L031,24,Step1_Model1_EQA_CH4,Step2_Model1_EQA_CH4,Step3_Model1_EQA_CH3,Step4_Model3_EQC_CH3,Step5_Model1_EQA_CH4,Step6_Model3_EQC_CH4,Step7_Model1_EQC_CH1,Step8_Model2_EQB_CH1,Step9_Model2_EQC_CH2,Step10_Model1_EQA_CH4,Step11_Model1_EQC_CH3,Step12_Model3_EQB_CH3,Step13_Model3_EQB_CH4,Step14_Model2_EQA_CH2,Step15_Model3_EQA_CH3,Step16_Model1_EQC_CH4,Step17_Model3_EQB_CH4,Step18_Model2_EQB_CH2,Step19_Model2_EQA_CH4,Step20_Model1_EQC_CH3,Step21_Model2_EQB_CH1,Step22_Model2_EQA_CH2,Step23_Model3_EQA_CH4,Step24_Model3_EQC_CH2,Step25_Model1_EQA_CH4,Step26_Model3_EQA_CH1,Step27_Model1_EQC_CH2,Step28_Model3_EQB_CH4,Step29_Model1_EQC_CH1,Step30_Model1_EQA_CH3,,,,,,,80.75,,,,,,,,,,,,,,,,,,,,,,53.54,46.75,,,,,,,,,61.17,63.43,,52.79,,,,,,44.55,,,,,,,,,,,,,,,,
L031W25,L031,25,Step1_Model1_EQA_CH4,Step2_Model1_EQA_CH1,Step3_Model1_EQA_CH1,Step4_Model3_EQC_CH2,Step5_Model1_EQA_CH4,Step6_Model3_EQC_CH3,Step7_Model1_EQC_CH4,Step8_Model2_EQB_CH1,Step9_Model2_EQC_CH3,Step10_Model1_EQA_CH1,Step11_Model1_EQC_CH2,Step12_Model3_EQB_CH4,Step13_Model3_EQB_CH1,Step14_Model2_EQA_CH1,Step15_Model3_EQA_CH4,Step16_Model1_EQC_CH3,Step17_Model3_EQB_CH1,Step18_Model2_EQB_CH4,Step19_Model2_EQA_CH2,Step20_Model1_EQC_CH2,Step21_Model2_EQB_CH4,Step22_Model2_EQA_CH1,Step23_Model3_EQA_CH4,Step24_Model3_EQC_CH4,Step25_Model1_EQA_CH1,Step26_Model3_EQA_CH3,Step27_Model1_EQC_CH3,Step28_Model3_EQB_CH2,Step29_Model1_EQC_CH3,Step30_Model1_EQA_CH4,,,,,,,65.48,,,,,,,,43.72,,,,40.1,,,,,,,,,,,,70.12,40.49,,,,,,,,,45.31,,,62.07,,,,31.74,,,13,,,,,,,,,,,,,
L032W01,L032,1,Step1_Model1_EQB_CH4,Step2_Model3_EQB_CH1,Step3_Model1_EQC_CH2,Step4_Model1_EQA_CH3,Step5_Model2_EQB_CH4,Step6_Model2_EQC_CH2,Step7_Model3_EQB_CH4,Step8_Model3_EQC_CH4,Step9_Model2_EQA_CH1,Step10_Model3_EQC_CH2,Step11_Model1_EQA_CH4,Step12_Model1_EQB_CH1,Step13_Model1_EQB_CH3,Step14_Model1_EQA_CH4,Step15_Model2_EQB_CH2,Step16_Model1_EQA_CH3,Step17_Model1_EQC_CH4,Step18_Model1_EQB_CH4,Step19_Model3_EQB_CH2,Step20_Model3_EQC_CH4,Step21_Model2_EQC_CH2,Step22_Model2_EQA_CH2,Step23_Model3_EQB_CH2,Step24_Model3_EQB_CH2,Step25_Model1_EQA_CH4,Step26_Model3_EQC_CH3,Step27_Model2_EQB_CH3,Step28_Model3_EQB_CH1,Step29_Model2_EQB_CH2,Step30_Model3_EQA_CH4,35.93,,,,,57.39,,,,,,,,32.92,,,,,35.26,45.4,,,,,,,,56.5,,43.79,,,,,,,54.2,,,,,,,,,,,,,,,,,,,,,,,,,,,
L032W02,L032,2,Step1_Model1_EQB_CH4,Step2_Model3_EQB_CH1,Step3_Model1_EQC_CH3,Step4_Model1_EQA_CH4,Step5_Model2_EQB_CH1,Step6_Model2_EQC_CH3,Step7_Model3_EQB_CH4,Step8_Model3_EQC_CH2,Step9_Model2_EQA_CH1,Step10_Model3_EQC_CH4,Step11_Model1_EQA_CH1,Step12_Model1_EQB_CH1,Step13_Model1_EQB_CH1,Step14_Model1_EQA_CH2,Step15_Model2_EQB_CH3,Step16_Model1_EQA_CH3,Step17_Model1_EQC_CH4,Step18_Model1_EQB_CH2,Step19_Model3_EQB_CH3,Step20_Model3_EQC_CH4,Step21_Model2_EQC_CH4,Step22_Model2_EQA_CH1,Step23_Model3_EQB_CH2,Step24_Model3_EQB_CH3,Step25_Model1_EQA_CH2,Step26_Model3_EQC_CH2,Step27_Model2_EQB_CH3,Step28_Model3_EQB_CH3,Step29_Model2_EQB_CH2,Step30_Model3_EQA_CH4,,,,,,58.63,,,64.1,,,38.21,,,,,,,45.08,,,,,,,,,,55.93,,,,,,48.53,,,,67.57,,,,,,,51.27,,34.75,,,,,,,,,,,,,,,,
L032W03,L032,3,Step1_Model1_EQB_CH2,Step2_Model3_EQB_CH3,Step3_Model1_EQC_CH2,Step4_Model1_EQA_CH3,Step5_Model2_EQB_CH4,Step6_Model2_EQC_CH2,Step7_Model3_EQB_CH4,Step8_Model3_EQC_CH2,Step9_Model2_EQA_CH2,Step10_Model3_EQC_CH3,Step11_Model1_EQA_CH1,Step12_Model1_EQB_CH3,Step13_Model1_EQB_CH2,Step14_Model1_EQA_CH1,Step15_Model2_EQB_CH1,Step16_Model1_EQA_CH4,Step17_Model1_EQC_CH2,Step18_Model1_EQB_CH3,Step19_Model3_EQB_CH1,Step20_Model3_EQC_CH1,Step21_Model2_EQC_CH3,Step22_Model2_EQA_CH3,Step23_Model3_EQB_CH1,Step24_Model3_EQB_CH3,Step25_Model1_EQA_CH4,Step26_Model3_EQC_CH1,Step27_Model2_EQB_CH4,Step28_Model3_EQB_CH2,Step29_Model2_EQB_CH4,Step30_Model3_EQA_CH3,,,,,,,67.52,,,,,,,43.14,,,,39,,,,,,,,61.67,,,61.25,,,,,,,,,,,64.07,,,,,61.18,53.23,,,,,,,,,,,,,,,,,,
L032W04,L032,4,Step1_Model1_EQB_CH1,Step2_Model3_EQB_CH4,Step3_Model1_EQC_CH3,Step4_Model1_EQA_CH3,Step5_Model2_EQB_CH4,Step6_Model2_EQC_CH1,Step7_Model3_EQB_CH4,Step8_Model3_EQC_CH2,Step9_Model2_EQA_CH4,Step10_Model3_EQC_CH4,Step11_Model1_EQA_CH1,Step12_Model1_EQB_CH4,Step13_Model1_EQB_CH3,Step14_Model1_EQA_CH1,Step15_Model2_EQB_CH3,Step16_Model1_EQA_CH1,Step17_Model1_EQC_CH2,Step18_Model1_EQB_CH2,Step19_Model3_EQB_CH2,Step20_Model3_EQC_CH4,Step21_Model2_EQC_CH2,Step22_Model2_EQA_CH1,Step23_Model3_EQB_CH2,Step24_Model3_EQB_CH1,Step25_Model1_EQA_CH3,Step26_Model3_EQC_CH4,Step27_Model2_EQB_CH3,Step28_Model3_EQB_CH3,Step29_Model2_EQB_CH2,Step30_Model3_EQA_CH2,,,,,,51.72,,,,,,,43.96,,,,,,49.35,,38.09,,,,,58.73,,,,,,,,48.71,,,,,,,,,,,,,,38.46,,,,,,,,,,,,,,,,
L032W05,L032,5,Step1_Model1_EQB_CH2,Step2_Model3_EQB_CH3,Step3_Model1_EQC_CH4,Step4_Model1_EQA_CH4,Step5_Model2_EQB_CH3,Step6_Model2_EQC_CH4,Step7_Model3_EQB_CH3,Step8_Model3_EQC_CH3,Step9_Model2_EQA_CH4,Step10_Model3_EQC_CH1,Step11_Model1_EQA_CH1,Step12_Model1_EQB_CH2,Step13_Model1_EQB_CH4,Step14_Model1_EQA_CH2,Step15_Model2_EQB_CH3,Step16_Model1_EQA_CH1,Step17_Model1_EQC_CH4,Step18_Model1_EQB_CH4,Step19_Model3_EQB_CH4,Step20_Model3_EQC_CH1,Step21_Model2_EQC_CH2,Step22_Model2_EQA_CH1,Step23_Model3_EQB_CH2,Step24_Model3_EQB_CH3,Step25_Model1_EQA_CH3,Step26_Model3_EQC_CH2,Step27_Model2_EQB_CH3,Step28_Model3_EQB_CH3,Step29_Model2_EQB_CH4,Step30_Model3_EQA_CH4,,,,,,58.03,,,,,,,,,,,,,,41.35,,,,,,,,,,,,,,46.89,,,,,,62.62,,58.48,,,,,59,,,,,,,,,,,8,,,,,,
L032W06,L032,6,Step1_Model1_EQB_CH1,Step2_Model3_EQB_CH1,Step3_Model1_EQC_CH1,Step4_Model1_EQA_CH4,Step5_Model2_EQB_CH1,Step6_Model2_EQC_CH1,Step7_Model3_EQB_CH4,Step8_Model3_EQC_CH2,Step9_Model2_EQA_CH4,Step10_Model3_EQC_CH2,Step11_Model1_EQA_CH4,Step12_Model1_EQB_CH1,Step13_Model1_EQB_CH3,Step14_Model1_EQA_CH3,Step15_Model2_EQB_CH2,Step16_Model1_EQA_CH2,Step17_Model1_EQC_CH2,Step18_Model1_EQB_CH3,Step19_Model3_EQB_CH2,Step20_Model3_EQC_CH4,Step21_Model2_EQC_CH4,Step22_Model2_EQA_CH3,Step23_Model3_EQB_CH4,Step24_Model3_EQB_CH2,Step25_Model1_EQA_CH3,Step26_Model3_EQC_CH2,Step27_Model2_EQB_CH4,Step28_Model3_EQB_CH2,Step29_Model2_EQB_CH3,Step30_Model3_EQA_CH2,,,,,,55.08,,,,,,,,,,,,46.1,,,22.4,,32.39,,33.19,61.22,,,56.73,42.01,,,,,,,,61.52,,,47.39,,60.47,,63.7,56.49,,,,,,,,,,,,,,,,,,
L032W07,L032,7,Step1_Model1_EQB_CH4,Step2_Model3_EQB_CH1,Step3_Model1_EQC_CH3,Step4_Model1_EQA_CH2,Step5_Model2_EQB_CH3,Step6_Model2_EQC_CH2,Step7_Model3_EQB_CH1,Step8_Model3_EQC_CH4,Step9_Model2_EQA_CH2,Step10_Model3_EQC_CH2,Step11_Model1_EQA_CH1,Step12_Model1_EQB_CH3,Step13_Model1_EQB_CH4,Step14_Model1_EQA_CH2,Step15_Model2_EQB_CH2,Step16_Model1_EQA_CH4,Step17_Model1_EQC_CH1,Step18_Model1_EQB_CH3,Step19_Model3_EQB_CH4,Step20_Model3_EQC_CH3,Step21_Model2_EQC_CH1,Step22_Model2_EQA_CH1,Step23_Model3_EQB_CH4,Step24_Model3_EQB_CH2,Step25_Model1_EQA_CH1,Step26_Model3_EQC_CH1,Step27_Model2_EQB_CH4,Step28_Model3_EQB_CH4,Step29_Model2_EQB_CH4,Step30_Model3_EQA_CH1,35.41,,,,,,,,,,,,,,,,,,46.51,,,,,,,,,,,,,,,46.73,,,,57.51,,,,,,,,,,,,,,,,,,,,,,,,,,
L032W08,L032,8,Step1_Model1_EQB_CH3,Step2_Model3_EQB_CH1,Step3_Model1_EQC_CH4,Step4_Model1_EQA_CH2,Step5_Model2_EQB_CH2,Step6_Model2_EQC_CH4,Step7_Model3_EQB_CH2,Step8_Model3_EQC_CH1,Step9_Model2_EQA_CH3,Step10_Model3_EQC_CH1,Step11_Model1_EQA_CH4,Step12_Model1_EQB_CH1,Step13_Model1_EQB_CH2,Step14_Model1_EQA_CH1,Step15_Model2_EQB_CH3,Step16_Model1_EQA_CH2,Step17_Model1_EQC_CH3,Step18_Model1_EQB_CH3,Step19_Model3_EQB_CH3,Step20_Model3_EQC_CH1,Step21_Model2_EQC_CH1,Step22_Model2_EQA_CH1,Step23_Model3_EQB_CH1,Step24_Model3_EQB_CH2,Step25_Model1_EQA_CH1,Step26_Model3_EQC_CH2,Step27_Model2_EQB_CH3,Step28_Model3_EQB_CH2,Step29_Model2_EQB_CH4,Step30_Model3_EQA_CH1,,,,,,,,,,,54.38,39.57,,,44.28,,,,,,,39.33,,,,61.77,,,,,,,,,48.58,54.84,,,,,,,,,,,,,,,14,,,,,,,,,,,,,
L032W09,L032,9,Step1_Model1_EQB_CH4,Step2_Model3_EQB_CH2,Step3_Model1_EQC_CH1,Step4_Model1_EQA_CH4,Step5_Model2_EQB_CH1,Step6_Model2_EQC_CH2,Step7_Model3_EQB_CH4,Step8_Model3_EQC_CH2,Step9_Model2_EQA_CH4,Step10_Model3_EQC_CH3,Step11_Model1_EQA_CH3,Step12_Model1_EQB_CH3,Step13_Model1_EQB_CH3,Step14_Model1_EQA_CH3,Step15_Model2_EQB_CH2,Step16_Model1_EQA_CH3,Step17_Model1_EQC_CH2,Step18_Model1_EQB_CH3,Step19_Model3_EQB_CH1,Step20_Model3_EQC_CH3,Step21_Model2_EQC_CH1,Step22_Model2_EQA_CH2,Step23_Model3_EQB_CH3,Step24_Model3_EQB_CH4,Step25_Model1_EQA_CH2,Step26_Model3_EQC_CH3,Step27_Model2_EQB_CH2,Step28_Model3_EQB_CH4,Step29_Model2_EQB_CH3,Step30_Model3_EQA_CH4,40.02,,,,,,,,,64.37,,,,,,,,35.73,,,,,,,,,,,,48.5,,,,,46.72,,,,,,,,,,,51.33,,,,,,,,,,,,,,,,,,
L032W10,L032,10,Step1_Model1_EQB_CH3,Step2_Model3_EQB_CH1,Step3_Model1_EQC_CH2,Step4_Model1_EQA_CH4,Step5_Model2_EQB_CH2,Step6_Model2_EQC_CH4,Step7_Model3_EQB_CH2,Step8_Model3_EQC_CH2,Step9_Model2_EQA_CH2,Step10_Model3_EQC_CH1,Step11_Model1_EQA_CH3,Step12_Model1_EQB_CH1,Step13_Model1_EQB_CH2,Step14_Model1_EQA_CH4,Step15_Model2_EQB_CH2,Step16_Model1_EQA_CH3,Step17_Model1_EQC_CH1,Step18_Model1_EQB_CH3,Step19_Model3_EQB_CH4,Step20_Model3_EQC_CH3,Step21_Model2_EQC_CH1,Step22_Model2_EQA_CH4,Step23_Model3_EQB_CH3,Step24_Model3_EQB_CH1,Step25_Model1_EQA_CH1,Step26_Model3_EQC_CH2,Step27_Model2_EQB_CH3,Step28_Model3_EQB_CH4,Step29_Model2_EQB_CH2,Step30_Model3_EQA_CH3,41.37,,,,,,,,,,,,,,,,,,,,,,,,38.19,,,,,,,,48.07,44.89,,,,,67.55,,42.29,,,,,,,,,,,,,,,,,,,,,,,
L032W11,L032,11,Step1_Model1_EQB_CH3,Step2_Model3_EQB_CH4,Step3_Model1_EQC_CH2,Step4_Model1_EQA_CH2,Step5_Model2_EQB_CH4,Step6_Model2_EQC_CH2,Step7_Model3_EQB_CH1,Step8_Model3_EQC_CH4,Step9_Model2_EQA_CH3,Step10_Model3_EQC_CH4,Step11_Model1_EQA_CH1,Step12_Model1_EQB_CH4,Step13_Model1_EQB_CH3,Step14_Model1_EQA_CH3,Step15_Model2_EQB_CH4,Step16_Model1_EQA_CH4,Step17_Model1_EQC_CH1,Step18_Model1_EQB_CH1,Step19_Model3_EQB_CH3,Step20_Model3_EQC_CH2,Step21_Model2_EQC_CH2,Step22_Model2_EQA_CH2,Step23_Model3_EQB_CH2,Step24_Model3_EQB_CH3,Step25_Model1_EQA_CH2,Step26_Model3_EQC_CH2,Step27_Model2_EQB_CH4,Step28_Model3_EQB_CH2,Step29_Model2_EQB_CH4,Step30_Model3_EQA_CH3,36.23,,,,,,,,,,,,,,,,,43.45,48.22,,,,,,,,25.77,,,,,,,,,,,,,58.36,,,,,61.22,,,35.5,,,,,,,,,7,,,,,,,
L032W12,L032,12,Step1_Model1_EQB_CH4,Step2_Model3_EQB_CH1,Step3_Model1_EQC_CH4,Step4_Model1_EQA_CH2,Step5_Model2_EQB_CH4,Step6_Model2_EQC_CH4,Step7_Model3_EQB_CH3,Step8_Model3_EQC_CH3,Step9_Model2_EQA_CH2,Step10_Model3_EQC_CH1,Step11_Model1_EQA_CH1,Step12_Model1_EQB_CH4,Step13_Model1_EQB_CH1,Step14_Model1_EQA_CH3,Step15_Model2_EQB_CH2,Step16_Model1_EQA_CH2,Step17_Model1_EQC_CH3,Step18_Model1_EQB_CH2,Step19_Model3_EQB_CH4,Step20_Model3_EQC_CH2,Step21_Model2_EQC_CH1,Step22_Model2_EQA_CH2,Step23_Model3_EQB_CH2,Step24_Model3_EQB_CH3,Step25_Model1_EQA_CH3,Step26_Model3_EQC_CH1,Step27_Model2_EQB_CH3,Step28_Model3_EQB_CH1,Step29_Model2_EQB_CH4,Step30_Model3_EQA_CH1,,,37.21,44.54,,,,,,,,,,,,,,,,43.23,,,38.44,,,,32.4,,,,,,,45.83,,56.65,,60.39,66.31,,,54.15,,,,51.05,,,,,,,,,11,,,,,,,,,
L032W13,L032,13,Step1_Model1_EQB_CH2,Step2_Model3_EQB_CH1,Step3_Model1_EQC_CH4,Step4_Model1_EQA_CH2,Step5_Model2_EQB_CH1,Step6_Model2_EQC_CH3,Step7_Model3_EQB_CH3,Step8_Model3_EQC_CH3,Step9_Model2_EQA_CH1,Step10_Model3_EQC_CH1,Step11_Model1_EQA_CH4,Step12_Model1_EQB_CH2,Step13_Model1_EQB_CH2,Step14_Model1_EQA_CH2,Step15_Model2_EQB_CH2,Step16_Model1_EQA_CH1,Step17_Model1_EQC_CH1,Step18_Model1_EQB_CH4,Step19_Model3_EQB_CH2,Step20_Model3_EQC_CH1,Step21_Model2_EQC_CH1,Step22_Model2_EQA_CH1,Step23_Model3_EQB_CH1,Step24_Model3_EQB_CH2,Step25_Model1_EQA_CH2,Step26_Model3_EQC_CH1,Step27_Model2_EQB_CH3,Step28_Model3_EQB_CH4,Step29_Model2_EQB_CH2,Step30_Model3_EQA_CH2,,,,,,,,68.56,,,,44.21,,,,,60.34,,,,,,,,,,,,,,,,,,,55.81,,60.59,,,,,,60.09,,68.7,50,,,,,,,,,,,,,,,,,
L032W14,L032,14,Step1_Model1_EQB_CH3,Step2_Model3_EQB_CH2,Step3_Model1_EQC_CH3,Step4_Model1_EQA_CH3,Step5_Model2_EQB_CH1,Step6_Model2_EQC_CH2,Step7_Model3_EQB_CH4,Step8_Model3_EQC_CH3,Step9_Model2_EQA_CH4,Step10_Model3_EQC_CH1,Step11_Model1_EQA_CH2,Step12_Model1_EQB_CH1,Step13_Model1_EQB_CH1,Step14_Model1_EQA_CH4,Step15_Model2_EQB_CH4,Step16_Model1_EQA_CH3,Step17_Model1_EQC_CH2,Step18_Model1_EQB_CH1,Step19_Model3_EQB_CH3,Step20_Model3_EQC_CH3,Step21_Model2_EQC_CH1,Step22_Model2_EQA_CH1,Step23_Model3_EQB_CH3,Step24_Model3_EQB_CH1,Step25_Model1_EQA_CH1,Step26_Model3_EQC_CH4,Step27_Model2_EQB_CH2,Step28_Model3_EQB_CH3,Step29_Model2_EQB_CH1,Step30_Model3_EQA_CH3,39.74,,39.61,43.59,,,,,64.41,,,,,42.74,,,,,,,,,38.9,,,,,,,,,46,,,,75.26,55.55,,,,,,,,,,,,,,,,,,,,,,,,,,,
L032W15,L032,15,Step1_Model1_EQB_CH2,Step2_Model3_EQB_CH3,Step3_Model1_EQC_CH3,Step4_Model1_EQA_CH3,Step5_Model2_EQB_CH4,Step6_Model2_EQC_CH2,Step7_Model3_EQB_CH2,Step8_Model3_EQC_CH3,Step9_Model2_EQA_CH3,Step10_Model3_EQC_CH2,Step11_Model1_EQA_CH1,Step12_Model1_EQB_CH4,Step13_Model1_EQB_CH2,Step14_Model1_EQA_CH3,Step15_Model2_EQB_CH1,Step16_Model1_EQA_CH1,Step17_Model1_EQC_CH1,Step18_Model1_EQB_CH4,Step19_Model3_EQB_CH4,Step20_Model3_EQC_CH2,Step21_Model2_EQC_CH2,Step22_Model2_EQA_CH2,Step23_Model3_EQB_CH2,Step24_Model3_EQB_CH3,Step25_Model1_EQA_CH4,Step26_Model3_EQC_CH1,Step27_Model2_EQB_CH3,Step28_Model3_EQB_CH2,Step29_Model2_EQB_CH2,Step30_Model3_EQA_CH3,,,,,,,,,,63.4,54.95,,,,,61.57,62.36,,,,,,,,,,,60.45,,,,,,,,,,,,,36.94,55.83,,,,,,,,11,,,,,,,,,,,,,,
L032W16,L032,16,Step1_Model1_EQB_CH1,Step2_Model3_EQB_CH4,Step3_Model1_EQC_CH4,Step4_Model1_EQA_CH1,Step5_Model2_EQB_CH4,Step6_Model2_EQC_CH2,Step7_Model3_EQB_CH2,Step8_Model3_EQC_CH2,Step9_Model2_EQA_CH2,Step10_Model3_EQC_CH1,Step11_Model1_EQA_CH4,Step12_Model1_EQB_CH4,Step13_Model1_EQB_CH3,Step14_Model1_EQA_CH1,Step15_Model2_EQB_CH4,Step16_Model1_EQA_CH4,Step17_Model1_EQC_CH3,Step18_Model1_EQB_CH2,Step19_Model3_EQB_CH4,Step20_Model3_EQC_CH2,Step21_Model2_EQC_CH3,Step22_Model2_EQA_CH4,Step23_Model3_EQB_CH2,Step24_Model3_EQB_CH1,Step25_Model1_EQA_CH2,Step26_Model3_EQC_CH2,Step27_Model2_EQB_CH2,Step28_Model3_EQB_CH2,Step29_Model2_EQB_CH1,Step30_Model3_EQA_CH3,,,,,,,,,63.93,69.8,,,,,,,,,,,,,,,,,,57.81,,,,,,,44.71,,,,,,,61,61.68,,,,,34.7,7,,,13,,,,,,,,,,,,
L032W17,L032,17,Step1_Model1_EQB_CH2,Step2_Model3_EQB_CH2,Step3_Model1_EQC_CH4,Step4_Model1_EQA_CH4,Step5_Model2_EQB_CH1,Step6_Model2_EQC_CH1,Step7_Model3_EQB_CH1,Step8_Model3_EQC_CH4,Step9_Model2_EQA_CH2,Step10_Model3_EQC_CH4,Step11_Model1_EQA_CH3,Step12_Model1_EQB_CH1,Step13_Model1_EQB_CH1,Step14_Model1_EQA_CH1,Step15_Model2_EQB_CH3,Step16_Model1_EQA_CH2,Step17_Model1_EQC_CH2,Step18_Model1_EQB_CH2,Step19_Model3_EQB_CH1,Step20_Model3_EQC_CH2,Step21_Model2_EQC_CH4,Step22_Model2_EQA_CH1,Step23_Model3_EQB_CH3,Step24_Model3_EQB_CH3,Step25_Model1_EQA_CH2,Step26_Model3_EQC_CH1,Step27_Model2_EQB_CH4,Step28_Model3_EQB_CH4,Step29_Model2_EQB_CH1,Step30_Model3_EQA_CH2,,,,,,,,,,,,,,,,,61.33,,,,,,,,,,,,,,,,,,,62.09,,,,,,,,,,61.54,,48.4,,,,,,,,,,,,,,,,
L032W18,L032,18,Step1_Model1_EQB_CH3,Step2_Model3_EQB_CH3,Step3_Model1_EQC_CH4,Step4_Model1_EQA_CH4,Step5_Model2_EQB_CH4,Step6_Model2_EQC_CH3,Step7_Model3_EQB_CH4,Step8_Model3_EQC_CH3,Step9_Model2_EQA_CH3,Step10_Model3_EQC_CH2,Step11_Model1_EQA_CH2,Step12_Model1_EQB_CH2,Step13_Model1_EQB_CH4,Step14_Model1_EQA_CH3,Step15_Model2_EQB_CH4,Step16_Model1_EQA_CH3,Step17_Model1_EQC_CH2,Step18_Model1_EQB_CH2,Step19_Model3_EQB_CH4,Step20_Model3_EQC_CH3,Step21_Model2_EQC_CH4,Step22_Model2_EQA_CH1,Step23_Model3_EQB_CH4,Step24_Model3_EQB_CH2,Step25_Model1_EQA_CH3,Step26_Model3_EQC_CH3,Step27_Model2_EQB_CH4,Step28_Model3_EQB_CH2,Step29_Model2_EQB_CH1,Step30_Model3_EQA_CH4,,37.37,,,,,,64.2,,,,,,40.68,,45.8,,,,43.34,,,,,,,35.31,,58.87,,,,,,46.55,,,,,,38.83,,,,,,,,,,,,,,,,,,,,,,,
L032W19,L032,19,Step1_Model1_EQB_CH3,Step2_Model3_EQB_CH2,Step3_Model1_EQC_CH3,Step4_Model1_EQA_CH3,Step5_Model2_EQB_CH3,Step6_Model2_EQC_CH3,Step7_Model3_EQB_CH1,Step8_Model3_EQC_CH2,Step9_Model2_EQA_CH4,Step10_Model3_EQC_CH2,Step11_Model1_EQA_CH2,Step12_Model1_EQB_CH2,Step13_Model1_EQB_CH4,Step14_Model1_EQA_CH2,Step15_Model2_EQB_CH4,Step16_Model1_EQA_CH4,Step17_Model1_EQC_CH1,Step18_Model1_EQB_CH3,Step19_Model3_EQB_CH4,Step20_Model3_EQC_CH3,Step21_Model2_EQC_CH2,Step22_Model2_EQA_CH3,Step23_Model3_EQB_CH3,Step24_Model3_EQB_CH3,Step25_Model1_EQA_CH2,Step26_Model3_EQC_CH2,Step27_Model2_EQB_CH4,Step28_Model3_EQB_CH4,Step29_Model2_EQB_CH1,Step30_Model3_EQA_CH2,,,,43.24,,,,,,,,,,,,,,,,42.24,,,,,,56.39,,,,,,,,,46.68,,58.15,,59.41,,,56.38,,,,,,,,,,,,,,,,,,,,,,
L032W20,L032,20,Step1_Model1_EQB_CH1,Step2_Model3_EQB_CH2,Step3_Model1_EQC_CH3,Step4_Model1_EQA_CH1,Step5_Model2_EQB_CH1,Step6_Model2_EQC_CH1,Step7_Model3_EQB_CH2,Step8_Model3_EQC_CH4,Step9_Model2_EQA_CH1,Step10_Model3_EQC_CH4,Step11_Model1_EQA_CH2,Step12_Model1_EQB_CH1,Step13_Model1_EQB_CH2,Step14_Model1_EQA_CH4,Step15_Model2_EQB_CH4,Step16_Model1_EQA_CH1,Step17_Model1_EQC_CH4,Step18_Model1_EQB_CH3,Step19_Model3_EQB_CH3,Step20_Model3_EQC_CH1,Step21_Model2_EQC_CH2,Step22_Model2_EQA_CH2,Step23_Model3_EQB_CH2,Step24_Model3_EQB_CH3,Step25_Model1_EQA_CH4,Step26_Model3_EQC_CH3,Step27_Model2_EQB_CH4,Step28_Model3_EQB_CH3,Step29_Model2_EQB_CH2,Step30_Model3_EQA_CH2,,,,43.2,,,,,,,,,,,,,,38.42,,,,,,,,,,60.83,,,61.71,,,,,,,,,,,,59.16,,,,,,,,,,,,,,,,,,,,,
L032W21,L032,21,Step1_Model1_EQB_CH2,Step2_Model3_EQB_CH1,Step3_Model1_EQC_CH1,Step4_Model1_EQA_CH4,Step5_Model2_EQB_CH1,Step6_Model2_EQC_CH3,Step7_Model3_EQB_CH3,Step8_Model3_EQC_CH4,Step9_Model2_EQA_CH4,Step10_Model3_EQC_CH2,Step11_Model1_EQA_CH1,Step12_Model1_EQB_CH2,Step13_Model1_EQB_CH1,Step14_Model1_EQA_CH1,Step15_Model2_EQB_CH4,Step16_Model1_EQA_CH2,Step17_Model1_EQC_CH2,Step18_Model1_EQB_CH1,Step19_Model3_EQB_CH1,Step20_Model3_EQC_CH4,Step21_Model2_EQC_CH3,Step22_Model2_EQA_CH2,Step23_Model3_EQB_CH2,Step24_Model3_EQB_CH4,Step25_Model1_EQA_CH4,Step26_Model3_EQC_CH2,Step27_Model2_EQB_CH2,Step28_Model3_EQB_CH1,Step29_Model2_EQB_CH3,Step30_Model3_EQA_CH2,,,,,,,,64.08,,,50.53,,,,,,62.37,41.94,,,,,43.83,,,,,,,,,,,,50.46,55.8,,,,,,,,64.58,,,43.99,,,,,,,,,,,,,,,,,
L032W22,L032,22,Step1_Model1_EQB_CH4,Step2_Model3_EQB_CH1,Step3_Model1_EQC_CH1,Step4_Model1_EQA_CH4,Step5_Model2_EQB_CH4,Step6_Model2_EQC_CH1,Step7_Model3_EQB_CH4,Step8_Model3_EQC_CH1,Step9_Model2_EQA_CH4,Step10_Model3_EQC_CH1,Step11_Model1_EQA_CH2,Step12_Model1_EQB_CH2,Step13_Model1_EQB_CH4,Step14_Model1_EQA_CH3,Step15_Model2_EQB_CH2,Step16_Model1_EQA_CH1,Step17_Model1_EQC_CH3,Step18_Model1_EQB_CH1,Step19_Model3_EQB_CH1,Step20_Model3_EQC_CH2,Step21_Model2_EQC_CH4,Step22_Model2_EQA_CH4,Step23_Model3_EQB_CH1,Step24_Model3_EQB_CH2,Step25_Model1_EQA_CH1,Step26_Model3_EQC_CH3,Step27_Model2_EQB_CH1,Step28_Model3_EQB_CH2,Step29_Model2_EQB_CH1,Step30_Model3_EQA_CH2,,,,41.33,,,,,72.57,,,,41.01,,,,,,,44.46,,,,,,,,,,,,52.7,,,,,,,,,,,62.62,,,,,35.79,,,,,,,,12,,,,,,,,
L032W23,L032,23,Step1_Model1_EQB_CH4,Step2_Model3_EQB_CH2,Step3_Model1_EQC_CH3,Step4_Model1_EQA_CH2,Step5_Model2_EQB_CH3,Step6_Model2_EQC_CH3,Step7_Model3_EQB_CH1,Step8_Model3_EQC_CH3,Step9_Model2_EQA_CH2,Step10_Model3_EQC_CH4,Step11_Model1_EQA_CH2,Step12_Model1_EQB_CH4,Step13_Model1_EQB_CH3,Step14_Model1_EQA_CH1,Step15_Model2_EQB_CH3,Step16_Model1_EQA_CH3,Step17_Model1_EQC_CH4,Step18_Model1_EQB_CH2,Step19_Model3_EQB_CH1,Step20_Model3_EQC_CH1,Step21_Model2_EQC_CH1,Step22_Model2_EQA_CH1,Step23_Model3_EQB_CH2,Step24_Model3_EQB_CH1,Step25_Model1_EQA_CH4,Step26_Model3_EQC_CH4,Step27_Model2_EQB_CH1,Step28_Model3_EQB_CH1,Step29_Model2_EQB_CH2,Step30_Model3_EQA_CH2,38.31,36.68,44.39,,,,,,,,,,,,,,,,,44.58,,,,,,,,,,,68.45,,,,,,,,,,38.09,,60.43,,,,,,,,,5,,,,,,,,,,,,
L032W24,L032,24,Step1_Model1_EQB_CH1,Step2_Model3_EQB_CH2,Step3_Model1_EQC_CH3,Step4_Model1_EQA_CH1,Step5_Model2_EQB_CH2,Step6_Model2_EQC_CH4,Step7_Model3_EQB_CH1,Step8_Model3_EQC_CH1,Step9_Model2_EQA_CH4,Step10_Model3_EQC_CH4,Step11_Model1_EQA_CH2,Step12_Model1_EQB_CH4,Step13_Model1_EQB_CH3,Step14_Model1_EQA_CH1,Step15_Model2_EQB_CH3,Step16_Model1_EQA_CH2,Step17_Model1_EQC_CH4,Step18_Model1_EQB_CH1,Step19_Model3_EQB_CH4,Step20_Model3_EQC_CH4,Step21_Model2_EQC_CH2,Step22_Model2_EQA_CH2,Step23_Model3_EQB_CH2,Step24_Model3_EQB_CH2,Step25_Model1_EQA_CH1,Step26_Model3_EQC_CH3,Step27_Model2_EQB_CH3,Step28_Model3_EQB_CH1,Step29_Model2_EQB_CH4,Step30_Model3_EQA_CH1,42.25,,,,,,,,,,,,,,,58.7,61.49,,44.34,,,,39.16,39.8,,,,,58.21,,,40.14,,,,56.66,,,62.27,67.42,,,,,,,,,,,,,,,,,,,,,,,,
L032W25,L032,25,Step1_Model1_EQB_CH3,Step2_Model3_EQB_CH3,Step3_Model1_EQC_CH1,Step4_Model1_EQA_CH2,Step5_Model2_EQB_CH4,Step6_Model2_EQC_CH1,Step7_Model3_EQB_CH3,Step8_Model3_EQC_CH2,Step9_Model2_EQA_CH4,Step10_Model3_EQC_CH3,Step11_Model1_EQA_CH4,Step12_Model1_EQB_CH2,Step13_Model1_EQB_CH3,Step14_Model1_EQA_CH2,Step15_Model2_EQB_CH1,Step16_Model1_EQA_CH1,Step17_Model1_EQC_CH4,Step18_Model1_EQB_CH2,Step19_Model3_EQB_CH2,Step20_Model3_EQC_CH4,Step21_Model2_EQC_CH4,Step22_Model2_EQA_CH4,Step23_Model3_EQB_CH1,Step24_Model3_EQB_CH4,Step25_Model1_EQA_CH1,Step26_Model3_EQC_CH4,Step27_Model2_EQB_CH2,Step28_Model3_EQB_CH2,Step29_Model2_EQB_CH4,Step30_Model3_EQA_CH4,39.19,,44.23,,,,,,,,,,,,43.14,,53.46,45.62,,,,,,28.99,,,,,,,,46.26,,,,,,,,,,58.1,,,61.7,,,,,,,,,,,9,,,,,,,,
L033W01,L033,1,Step1_Model1_EQC_CH4,Step2_Model1_EQB_CH3,Step3_Model2_EQC_CH1,Step4_Model1_EQB_CH4,Step5_Model1_EQB_CH1,Step6_Model3_EQA_CH2,Step7_Model1_EQC_CH2,Step8_Model2_EQB_CH4,Step9_Model1_EQC_CH1,Step10_Model1_EQA_CH1,Step11_Model2_EQB_CH1,Step12_Model2_EQB_CH1,Step13_Model2_EQC_CH2,Step14_Model1_EQC_CH1,Step15_Model1_EQB_CH2,Step16_Model3_EQA_CH1,Step17_Model2_EQB_CH1,Step18_Model3_EQC_CH3,Step19_Model3_EQB_CH3,Step20_Model1_EQA_CH1,Step21_Model3_EQA_CH2,Step22_Model2_EQA_CH1,Step23_Model2_EQC_CH3,Step24_Model1_EQB_CH1,Step25_Model3_EQC_CH3,Step26_Model3_EQC_CH1,Step27_Model1_EQB_CH4,Step28_Model1_EQB_CH1,Step29_Model3_EQA_CH2,Step30_Model3_EQB_CH3,,39.21,,,,,,,,,,,44.07,,47.27,61.17,63.81,,44.7,,,,41.24,,,,,,,,,,,,,,,60.43,,,,,,63.08,,52.25,,,,,,,,,,,,,,,,,,
L033W02,L033,2,Step1_Model1_EQC_CH4,Step2_Model1_EQB_CH3,Step3_Model2_EQC_CH3,Step4_Model1_EQB_CH2,Step5_Model1_EQB_CH1,Step6_Model3_EQA_CH2,Step7_Model1_EQC_CH1,Step8_Model2_EQB_CH4,Step9_Model1_EQC_CH2,Step10_Model1_EQA_CH2,Step11_Model2_EQB_CH3,Step12_Model2_EQB_CH2,Step13_Model2_EQC_CH1,Step14_Model1_EQC_CH2,Step15_Model1_EQB_CH2,Step16_Model3_EQA_CH4,Step17_Model2_EQB_CH1,Step18_Model3_EQC_CH3,Step19_Model3_EQB_CH1,Step20_Model1_EQA_CH4,Step21_Model3_EQA_CH1,Step22_Model2_EQA_CH1,Step23_Model2_EQC_CH2,Step24_Model1_EQB_CH2,Step25_Model3_EQC_CH1,Step26_Model3_EQC_CH1,Step27_Model1_EQB_CH3,Step28_Model1_EQB_CH4,Step29_Model3_EQA_CH2,Step30_Model3_EQB_CH2,,,,,,,,,58.29,,,,,,,,,,,,,,,37.93,,,,,,,,,,,,,,,,,,,,60.49,,,,,,,,,,,,,,,,,,,,
L033W03,L033,3,Step1_Model1_EQC_CH2,Step2_Model1_EQB_CH2,Step3_Model2_EQC_CH1,Step4_Model1_EQB_CH1,Step5_Model1_EQB_CH3,Step6_Model3_EQA_CH2,Step7_Model1_EQC_CH2,Step8_Model2_EQB_CH1,Step9_Model1_EQC_CH3,Step10_Model1_EQA_CH1,Step11_Model2_EQB_CH2,Step12_Model2_EQB_CH2,Step13_Model2_EQC_CH4,Step14_Model1_EQC_CH4,Step15_Model1_EQB_CH4,Step16_Model3_EQA_CH3,Step17_Model2_EQB_CH1,Step18_Model3_EQC_CH2,Step19_Model3_EQB_CH2,Step20_Model1_EQA_CH3,Step21_Model3_EQA_CH2,Step22_Model2_EQA_CH2,Step23_Model2_EQC_CH1,Step24_Model1_EQB_CH4,Step25_Model3_EQC_CH4,Step26_Model3_EQC_CH3,Step27_Model1_EQB_CH4,Step28_Model1_EQB_CH4,Step29_Model3_EQA_CH3,Step30_Model3_EQB_CH3,,,,,,,,67.21,80.6,,,38.11,35.22,,,,,39.6,,,,,,,,,,,,,,,,,,,,,58.08,46.75,,,,,,,53.63,,,,,,,,,,,,,,,,,
L033W04,L033,4,Step1_Model1_EQC_CH4,Step2_Model1_EQB_CH1,Step3_Model2_EQC_CH3,Step4_Model1_EQB_CH2,Step5_Model1_EQB_CH3,Step6_Model3_EQA_CH2,Step7_Model1_EQC_CH3,Step8_Model2_EQB_CH3,Step9_Model1_EQC_CH4,Step10_Model1_EQA_CH4,Step11_Model2_EQB_CH4,Step12_Model2_EQB_CH1,Step13_Model2_EQC_CH4,Step14_Model1_EQC_CH4,Step15_Model1_EQB_CH3,Step16_Model3_EQA_CH3,Step17_Model2_EQB_CH1,Step18_Model3_EQC_CH2,Step19_Model3_EQB_CH3,Step20_Model1_EQA_CH3,Step21_Model3_EQA_CH2,Step22_Model2_EQA_CH1,Step23_Model2_EQC_CH3,Step24_Model1_EQB_CH4,Step25_Model3_EQC_CH1,Step26_Model3_EQC_CH2,Step27_Model1_EQB_CH2,Step28_Model1_EQB_CH4,Step29_Model3_EQA_CH4,Step30_Model3_EQB_CH4,,35.24,,47.57,,,,,64.68,,,,36.57,37.31,,61.27,,,44.17,,,,,,,63.31,,,,,,,,,,,,61.84,65.14,,40.07,,,,,,,36.49,,,,,,,,13,,,,,,,,
L033W05,L033,5,Step1_Model1_EQC_CH1,Step2_Model1_EQB_CH2,Step3_Model2_EQC_CH4,Step4_Model1_EQB_CH4,Step5_Model1_EQB_CH2,Step6_Model3_EQA_CH3,Step7_Model1_EQC_CH1,Step8_Model2_EQB_CH3,Step9_Model1_EQC_CH4,Step10_Model1_EQA_CH1,Step11_Model2_EQB_CH3,Step12_Model2_EQB_CH2,Step13_Model2_EQC_CH4,Step14_Model1_EQC_CH1,Step15_Model1_EQB_CH1,Step16_Model3_EQA_CH1,Step17_Model2_EQB_CH1,Step18_Model3_EQC_CH4,Step19_Model3_EQB_CH4,Step20_Model1_EQA_CH2,Step21_Model3_EQA_CH2,Step22_Model2_EQA_CH2,Step23_Model2_EQC_CH3,Step24_Model1_EQB_CH2,Step25_Model3_EQC_CH4,Step26_Model3_EQC_CH3,Step27_Model1_EQB_CH4,Step28_Model1_EQB_CH3,Step29_Model3_EQA_CH2,Step30_Model3_EQB_CH2,,,39.16,,,,,,,,,,,,,,,,,,,,,,,,,,59.15,,,,,,,,,,,,,,,57,,,,,,,6,,,,,,,,,,,,,
L033W06,L033,6,Step1_Model1_EQC_CH2,Step2_Model1_EQB_CH3,Step3_Model2_EQC_CH4,Step4_Model1_EQB_CH1,Step5_Model1_EQB_CH4,Step6_Model3_EQA_CH2,Step7_Model1_EQC_CH3,Step8_Model2_EQB_CH3,Step9_Model1_EQC_CH2,Step10_Model1_EQA_CH3,Step11_Model2_EQB_CH2,Step12_Model2_EQB_CH4,Step13_Model2_EQC_CH3,Step14_Model1_EQC_CH1,Step15_Model1_EQB_CH3,Step16_Model3_EQA_CH2,Step17_Model2_EQB_CH1,Step18_Model3_EQC_CH2,Step19_Model3_EQB_CH3,Step20_Model1_EQA_CH1,Step21_Model3_EQA_CH1,Step22_Model2_EQA_CH3,Step23_Model2_EQC_CH1,Step24_Model1_EQB_CH4,Step25_Model3_EQC_CH1,Step26_Model3_EQC_CH1,Step27_Model1_EQB_CH4,Step28_Model1_EQB_CH2,Step29_Model3_EQA_CH2,Step30_Model3_EQB_CH4,37.15,,,,44.11,,,,,,,,38.46,,60.35,,,,,45.28,,,,,,,,,58.22,,,,,,,,,,58.57,,,,66.19,,62.93,,,,,,8,,,,,,,,,,,,,
L033W07,L033,7,Step1_Model1_EQC_CH1,Step2_Model1_EQB_CH3,Step3_Model2_EQC_CH4,Step4_Model1_EQB_CH3,Step5_Model1_EQB_CH2,Step6_Model3_EQA_CH4,Step7_Model1_EQC_CH3,Step8_Model2_EQB_CH1,Step9_Model1_EQC_CH4,Step10_Model1_EQA_CH3,Step11_Model2_EQB_CH4,Step12_Model2_EQB_CH4,Step13_Model2_EQC_CH2,Step14_Model1_EQC_CH2,Step15_Model1_EQB_CH1,Step16_Model3_EQA_CH2,Step17_Model2_EQB_CH2,Step18_Model3_EQC_CH2,Step19_Model3_EQB_CH3,Step20_Model1_EQA_CH4,Step21_Model3_EQA_CH2,Step22_Model2_EQA_CH3,Step23_Model2_EQC_CH4,Step24_Model1_EQB_CH2,Step25_Model3_EQC_CH2,Step26_Model3_EQC_CH4,Step27_Model1_EQB_CH3,Step28_Model1_EQB_CH3,Step29_Model3_EQA_CH1,Step30_Model3_EQB_CH4,,,39.67,,,55.64,,,,67.1,,,36.57,,,,,41.28,,,,,,,,62.2,36.4,,56.49,,,,,,,,,,,,,,,,,,,,,,,,,,,,,,,,,,,
L033W08,L033,8,Step1_Model1_EQC_CH1,Step2_Model1_EQB_CH3,Step3_Model2_EQC_CH2,Step4_Model1_EQB_CH1,Step5_Model1_EQB_CH3,Step6_Model3_EQA_CH3,Step7_Model1_EQC_CH2,Step8_Model2_EQB_CH4,Step9_Model1_EQC_CH3,Step10_Model1_EQA_CH1,Step11_Model2_EQB_CH2,Step12_Model2_EQB_CH4,Step13_Model2_EQC_CH4,Step14_Model1_EQC_CH4,Step15_Model1_EQB_CH3,Step16_Model3_EQA_CH4,Step17_Model2_EQB_CH3,Step18_Model3_EQC_CH2,Step19_Model3_EQB_CH2,Step20_Model1_EQA_CH4,Step21_Model3_EQA_CH2,Step22_Model2_EQA_CH1,Step23_Model2_EQC_CH1,Step24_Model1_EQB_CH3,Step25_Model3_EQC_CH4,Step26_Model3_EQC_CH3,Step27_Model1_EQB_CH2,Step28_Model1_EQB_CH4,Step29_Model3_EQA_CH3,Step30_Model3_EQB_CH4,,18.6,,,,,,,61.18,,,,,,,,,,,,39.49,,44.1,,,,,,,,,47.25,,,,,,,,,,55.9,58.96,,,,,,,,,,,7,,,,,,,,,,
L033W09,L033,9,Step1_Model1_EQC_CH4,Step2_Model1_EQB_CH3,Step3_Model2_EQC_CH4,Step4_Model1_EQB_CH2,Step5_Model1_EQB_CH1,Step6_Model3_EQA_CH1,Step7_Model1_EQC_CH4,Step8_Model2_EQB_CH1,Step9_Model1_EQC_CH4,Step10_Model1_EQA_CH3,Step11_Model2_EQB_CH2,Step12_Model2_EQB_CH1,Step13_Model2_EQC_CH3,Step14_Model1_EQC_CH2,Step15_Model1_EQB_CH1,Step16_Model3_EQA_CH1,Step17_Model2_EQB_CH2,Step18_Model3_EQC_CH3,Step19_Model3_EQB_CH3,Step20_Model1_EQA_CH1,Step21_Model3_EQA_CH2,Step22_Model2_EQA_CH3,Step23_Model2_EQC_CH2,Step24_Model1_EQB_CH2,Step25_Model3_EQC_CH1,Step26_Model3_EQC_CH2,Step27_Model1_EQB_CH2,Step28_Model1_EQB_CH4,Step29_Model3_EQA_CH2,Step30_Model3_EQB_CH3,,42.11,,,,,,62.5,,,,,,,,,,,,,,,,,,,,,,,,42.62,49.26,,,,,,,,37.62,,55.43,,54.85,56.08,56.32,,,,,,,,,,,,,,,,,
L033W10,L033,10,Step1_Model1_EQC_CH1,Step2_Model1_EQB_CH1,Step3_Model2_EQC_CH2,Step4_Model1_EQB_CH2,Step5_Model1_EQB_CH3,Step6_Model3_EQA_CH4,Step7_Model1_EQC_CH1,Step8_Model2_EQB_CH4,Step9_Model1_EQC_CH3,Step10_Model1_EQA_CH1,Step11_Model2_EQB_CH3,Step12_Model2_EQB_CH2,Step13_Model2_EQC_CH3,Step14_Model1_EQC_CH2,Step15_Model1_EQB_CH4,Step16_Model3_EQA_CH1,Step17_Model2_EQB_CH1,Step18_Model3_EQC_CH4,Step19_Model3_EQB_CH2,Step20_Model1_EQA_CH1,Step21_Model3_EQA_CH3,Step22_Model2_EQA_CH2,Step23_Model2_EQC_CH1,Step24_Model1_EQB_CH3,Step25_Model3_EQC_CH3,Step26_Model3_EQC_CH1,Step27_Model1_EQB_CH4,Step28_Model1_EQB_CH4,Step29_Model3_EQA_CH1,Step30_Model3_EQB_CH3,,,45.77,,,,,,58.77,,49.82,,,,,,,,,,,,,,,,,,,,,,,,,61.74,,,,,,,,,60.16,,,,,,,,,,,,,,,,,,,
L033W11,L033,11,Step1_Model1_EQC_CH4,Step2_Model1_EQB_CH4,Step3_Model2_EQC_CH4,Step4_Model1_EQB_CH2,Step5_Model1_EQB_CH4,Step6_Model3_EQA_CH1,Step7_Model1_EQC_CH1,Step8_Model2_EQB_CH2,Step9_Model1_EQC_CH2,Step10_Model1_EQA_CH1,Step11_Model2_EQB_CH2,Step12_Model2_EQB_CH4,Step13_Model2_EQC_CH3,Step14_Model1_EQC_CH3,Step15_Model1_EQB_CH3,Step16_Model3_EQA_CH1,Step17_Model2_EQB_CH2,Step18_Model3_EQC_CH3,Step19_Model3_EQB_CH4,Step20_Model1_EQA_CH4,Step21_Model3_EQA_CH4,Step22_Model2_EQA_CH2,Step23_Model2_EQC_CH3,Step24_Model1_EQB_CH4,Step25_Model3_EQC_CH2,Step26_Model3_EQC_CH4,Step27_Model1_EQB_CH3,Step28_Model1_EQB_CH3,Step29_Model3_EQA_CH3,Step30_Model3_EQB_CH3,,,,,,,,,,,,37.09,37.96,,,64.86,,47.93,,52.6,,,34.36,,,,,,,,,,,,,,,,,,,,,61.04,,,,,,,,,,,18,,,,,,,,,
L033W12,L033,12,Step1_Model1_EQC_CH3,Step2_Model1_EQB_CH4,Step3_Model2_EQC_CH3,Step4_Model1_EQB_CH4,Step5_Model1_EQB_CH3,Step6_Model3_EQA_CH4,Step7_Model1_EQC_CH3,Step8_Model2_EQB_CH4,Step9_Model1_EQC_CH3,Step10_Model1_EQA_CH2,Step11_Model2_EQB_CH4,Step12_Model2_EQB_CH2,Step13_Model2_EQC_CH4,Step14_Model1_EQC_CH4,Step15_Model1_EQB_CH4,Step16_Model3_EQA_CH1,Step17_Model2_EQB_CH3,Step18_Model3_EQC_CH2,Step19_Model3_EQB_CH2,Step20_Model1_EQA_CH4,Step21_Model3_EQA_CH2,Step22_Model2_EQA_CH2,Step23_Model2_EQC_CH2,Step24_Model1_EQB_CH2,Step25_Model3_EQC_CH1,Step26_Model3_EQC_CH4,Step27_Model1_EQB_CH2,Step28_Model1_EQB_CH1,Step29_Model3_EQA_CH1,Step30_Model3_EQB_CH4,,,,,,51.86,62.91,67.17,,,,,,,,,62.18,,,,,,,,,,,,,,,,,,,,,,,,,,,,,,,,,,,,,,,,,,,,,,,
L033W13,L033,13,Step1_Model1_EQC_CH3,Step2_Model1_EQB_CH3,Step3_Model2_EQC_CH3,Step4_Model1_EQB_CH2,Step5_Model1_EQB_CH4,Step6_Model3_EQA_CH3,Step7_Model1_EQC_CH2,Step8_Model2_EQB_CH4,Step9_Model1_EQC_CH2,Step10_Model1_EQA_CH3,Step11_Model2_EQB_CH3,Step12_Model2_EQB_CH1,Step13_Model2_EQC_CH1,Step14_Model1_EQC_CH4,Step15_Model1_EQB_CH2,Step16_Model3_EQA_CH2,Step17_Model2_EQB_CH3,Step18_Model3_EQC_CH3,Step19_Model3_EQB_CH4,Step20_Model1_EQA_CH1,Step21_Model3_EQA_CH3,Step22_Model2_EQA_CH2,Step23_Model2_EQC_CH3,Step24_Model1_EQB_CH1,Step25_Model3_EQC_CH2,Step26_Model3_EQC_CH1,Step27_Model1_EQB_CH4,Step28_Model1_EQB_CH4,Step29_Model3_EQA_CH1,Step30_Model3_EQB_CH2,,,,38.77,,48.72,,60.48,,,,,,,,,,,47.78,41.16,,40.72,,,,,,65.07,,,,,,,45.72,,,,,,,,,,,,57.95,,,,,,9,,,,,,,,,,,
L033W14,L033,14,Step1_Model1_EQC_CH1,Step2_Model1_EQB_CH3,Step3_Model2_EQC_CH3,Step4_Model1_EQB_CH1,Step5_Model1_EQB_CH3,Step6_Model3_EQA_CH1,Step7_Model1_EQC_CH3,Step8_Model2_EQB_CH1,Step9_Model1_EQC_CH3,Step10_Model1_EQA_CH2,Step11_Model2_EQB_CH2,Step12_Model2_EQB_CH3,Step13_Model2_EQC_CH1,Step14_Model1_EQC_CH3,Step15_Model1_EQB_CH4,Step16_Model3_EQA_CH4,Step17_Model2_EQB_CH1,Step18_Model3_EQC_CH3,Step19_Model3_EQB_CH3,Step20_Model1_EQA_CH2,Step21_Model3_EQA_CH1,Step22_Model2_EQA_CH4,Step23_Model2_EQC_CH4,Step24_Model1_EQB_CH1,Step25_Model3_EQC_CH4,Step26_Model3_EQC_CH1,Step27_Model1_EQB_CH4,Step28_Model1_EQB_CH4,Step29_Model3_EQA_CH1,Step30_Model3_EQB_CH1,,,,,,,64.79,,63.73,,,,,,,,59.69,50.34,,,34.41,,,,33.84,,,,,,,,48,,,,58.1,,,,35.46,,,,,61.02,55.75,,,,,,,,,,,,,,,,,
L033W15,L033,15,Step1_Model1_EQC_CH4,Step2_Model1_EQB_CH4,Step3_Model2_EQC_CH2,Step4_Model1_EQB_CH3,Step5_Model1_EQB_CH1,Step6_Model3_EQA_CH1,Step7_Model1_EQC_CH3,Step8_Model2_EQB_CH2,Step9_Model1_EQC_CH4,Step10_Model1_EQA_CH4,Step11_Model2_EQB_CH2,Step12_Model2_EQB_CH2,Step13_Model2_EQC_CH3,Step14_Model1_EQC_CH3,Step15_Model1_EQB_CH4,Step16_Model3_EQA_CH2,Step17_Model2_EQB_CH2,Step18_Model3_EQC_CH4,Step19_Model3_EQB_CH4,Step20_Model1_EQA_CH4,Step21_Model3_EQA_CH4,Step22_Model2_EQA_CH4,Step23_Model2_EQC_CH3,Step24_Model1_EQB_CH4,Step25_Model3_EQC_CH2,Step26_Model3_EQC_CH1,Step27_Model1_EQB_CH3,Step28_Model1_EQB_CH2,Step29_Model3_EQA_CH1,Step30_Model3_EQB_CH3,,,53.7,,,,,,,,,,,,,,,,,,,,,,,,,,,45.25,62.72,,,,,,,,,,,,,63.15,62.15,52.13,,,,,,,,,,,,,,,,,,
L033W16,L033,16,Step1_Model1_EQC_CH4,Step2_Model1_EQB_CH3,Step3_Model2_EQC_CH4,Step4_Model1_EQB_CH4,Step5_Model1_EQB_CH4,Step6_Model3_EQA_CH1,Step7_Model1_EQC_CH3,Step8_Model2_EQB_CH4,Step9_Model1_EQC_CH2,Step10_Model1_EQA_CH3,Step11_Model2_EQB_CH2,Step12_Model2_EQB_CH1,Step13_Model2_EQC_CH1,Step14_Model1_EQC_CH3,Step15_Model1_EQB_CH1,Step16_Model3_EQA_CH1,Step17_Model2_EQB_CH3,Step18_Model3_EQC_CH2,Step19_Model3_EQB_CH4,Step20_Model1_EQA_CH3,Step21_Model3_EQA_CH3,Step22_Model2_EQA_CH4,Step23_Model2_EQC_CH2,Step24_Model1_EQB_CH4,Step25_Model3_EQC_CH4,Step26_Model3_EQC_CH2,Step27_Model1_EQB_CH2,Step28_Model1_EQB_CH4,Step29_Model3_EQA_CH4,Step30_Model3_EQB_CH3,,,,,,,,,,,,,,,,,,44.5,,,,,35.68,,,,37.66,,,,,,,,,,,,,,,,,64.76,,,,,,,,,,,,,,,,,,,,
L033W17,L033,17,Step1_Model1_EQC_CH2,Step2_Model1_EQB_CH1,Step3_Model2_EQC_CH2,Step4_Model1_EQB_CH4,Step5_Model1_EQB_CH4,Step6_Model3_EQA_CH4,Step7_Model1_EQC_CH4,Step8_Model2_EQB_CH1,Step9_Model1_EQC_CH2,Step10_Model1_EQA_CH1,Step11_Model2_EQB_CH1,Step12_Model2_EQB_CH4,Step13_Model2_EQC_CH1,Step14_Model1_EQC_CH4,Step15_Model1_EQB_CH4,Step16_Model3_EQA_CH4,Step17_Model2_EQB_CH1,Step18_Model3_EQC_CH4,Step19_Model3_EQB_CH1,Step20_Model1_EQA_CH2,Step21_Model3_EQA_CH4,Step22_Model2_EQA_CH3,Step23_Model2_EQC_CH3,Step24_Model1_EQB_CH3,Step25_Model3_EQC_CH3,Step26_Model3_EQC_CH3,Step27_Model1_EQB_CH1,Step28_Model1_EQB_CH2,Step29_Model3_EQA_CH1,Step30_Model3_EQB_CH4,,32.43,,,,,,61.37,,,,,31.02,,,,,,,,,,42.7,,,62.16,,,,,,,44.54,41.98,,,,,,,31.88,61.47,,,,53.11,56.24,,,,,,,,10,,,,,,,,,
L033W18,L033,18,Step1_Model1_EQC_CH2,Step2_Model1_EQB_CH2,Step3_Model2_EQC_CH2,Step4_Model1_EQB_CH2,Step5_Model1_EQB_CH3,Step6_Model3_EQA_CH4,Step7_Model1_EQC_CH2,Step8_Model2_EQB_CH2,Step9_Model1_EQC_CH3,Step10_Model1_EQA_CH1,Step11_Model2_EQB_CH1,Step12_Model2_EQB_CH1,Step13_Model2_EQC_CH4,Step14_Model1_EQC_CH1,Step15_Model1_EQB_CH2,Step16_Model3_EQA_CH3,Step17_Model2_EQB_CH3,Step18_Model3_EQC_CH1,Step19_Model3_EQB_CH3,Step20_Model1_EQA_CH2,Step21_Model3_EQA_CH1,Step22_Model2_EQA_CH2,Step23_Model2_EQC_CH4,Step24_Model1_EQB_CH2,Step25_Model3_EQC_CH2,Step26_Model3_EQC_CH2,Step27_Model1_EQB_CH2,Step28_Model1_EQB_CH4,Step29_Model3_EQA_CH1,Step30_Model3_EQB_CH2,,,,,,,,,,,,,,,,,61.71,,,,37.45,,,,,,,,,,,,,48.34,,,,,64.03,,38.05,,,,,,,,,,,,,,,,,,,,,,,
L033W19,L033,19,Step1_Model1_EQC_CH1,Step2_Model1_EQB_CH3,Step3_Model2_EQC_CH2,Step4_Model1_EQB_CH2,Step5_Model1_EQB_CH3,Step6_Model3_EQA_CH1,Step7_Model1_EQC_CH4,Step8_Model2_EQB_CH2,Step9_Model1_EQC_CH3,Step10_Model1_EQA_CH3,Step11_Model2_EQB_CH2,Step12_Model2_EQB_CH1,Step13_Model2_EQC_CH1,Step14_Model1_EQC_CH2,Step15_Model1_EQB_CH3,Step16_Model3_EQA_CH2,Step17_Model2_EQB_CH4,Step18_Model3_EQC_CH4,Step19_Model3_EQB_CH1,Step20_Model1_EQA_CH4,Step21_Model3_EQA_CH3,Step22_Model2_EQA_CH4,Step23_Model2_EQC_CH2,Step24_Model1_EQB_CH3,Step25_Model3_EQC_CH1,Step26_Model3_EQC_CH1,Step27_Model1_EQB_CH4,Step28_Model1_EQB_CH1,Step29_Model3_EQA_CH2,Step30_Model3_EQB_CH3,,,,,,,,,,,,,,,,62.79,,,,,,,,,,,,,,,,,,44.43,,59.76,,,61.08,,,,,,,,,33.26,,,,,,12,,,,,,,,,,
L033W20,L033,20,Step1_Model1_EQC_CH2,Step2_Model1_EQB_CH2,Step3_Model2_EQC_CH2,Step4_Model1_EQB_CH2,Step5_Model1_EQB_CH3,Step6_Model3_EQA_CH3,Step7_Model1_EQC_CH2,Step8_Model2_EQB_CH2,Step9_Model1_EQC_CH1,Step10_Model1_EQA_CH1,Step11_Model2_EQB_CH3,Step12_Model2_EQB_CH1,Step13_Model2_EQC_CH3,Step14_Model1_EQC_CH3,Step15_Model1_EQB_CH4,Step16_Model3_EQA_CH3,Step17_Model2_EQB_CH1,Step18_Model3_EQC_CH4,Step19_Model3_EQB_CH1,Step20_Model1_EQA_CH3,Step21_Model3_EQA_CH3,Step22_Model2_EQA_CH2,Step23_Model2_EQC_CH3,Step24_Model1_EQB_CH4,Step25_Model3_EQC_CH3,Step26_Model3_EQC_CH2,Step27_Model1_EQB_CH3,Step28_Model1_EQB_CH3,Step29_Model3_EQA_CH3,Step30_Model3_EQB_CH2,,,,44.26,,,,,,,,,,,,,,,,,,,37.63,,,,,,,,,,,,,,,,,,,,,,,,50.68,,9,,,,,,,,,,,,,,,
L033W21,L033,21,Step1_Model1_EQC_CH1,Step2_Model1_EQB_CH3,Step3_Model2_EQC_CH4,Step4_Model1_EQB_CH2,Step5_Model1_EQB_CH4,Step6_Model3_EQA_CH3,Step7_Model1_EQC_CH2,Step8_Model2_EQB_CH3,Step9_Model1_EQC_CH4,Step10_Model1_EQA_CH2,Step11_Model2_EQB_CH1,Step12_Model2_EQB_CH1,Step13_Model2_EQC_CH1,Step14_Model1_EQC_CH3,Step15_Model1_EQB_CH2,Step16_Model3_EQA_CH4,Step17_Model2_EQB_CH4,Step18_Model3_EQC_CH3,Step19_Model3_EQB_CH3,Step20_Model1_EQA_CH4,Step21_Model3_EQA_CH2,Step22_Model2_EQA_CH3,Step23_Model2_EQC_CH2,Step24_Model1_EQB_CH4,Step25_Model3_EQC_CH2,Step26_Model3_EQC_CH1,Step27_Model1_EQB_CH4,Step28_Model1_EQB_CH1,Step29_Model3_EQA_CH4,Step30_Model3_EQB_CH1,36.43,,,,,,,,,,51.66,,,,,,,,,,,,,,,,,,,,,,,,,,,,,,,,,,,54.45,,,8,,,,,,,,,,,,,,,
L033W22,L033,22,Step1_Model1_EQC_CH2,Step2_Model1_EQB_CH4,Step3_Model2_EQC_CH4,Step4_Model1_EQB_CH1,Step5_Model1_EQB_CH2,Step6_Model3_EQA_CH4,Step7_Model1_EQC_CH3,Step8_Model2_EQB_CH1,Step9_Model1_EQC_CH4,Step10_Model1_EQA_CH2,Step11_Model2_EQB_CH2,Step12_Model2_EQB_CH2,Step13_Model2_EQC_CH2,Step14_Model1_EQC_CH1,Step15_Model1_EQB_CH4,Step16_Model3_EQA_CH1,Step17_Model2_EQB_CH1,Step18_Model3_EQC_CH2,Step19_Model3_EQB_CH3,Step20_Model1_EQA_CH2,Step21_Model3_EQA_CH3,Step22_Model2_EQA_CH1,Step23_Model2_EQC_CH2,Step24_Model1_EQB_CH2,Step25_Model3_EQC_CH1,Step26_Model3_EQC_CH2,Step27_Model1_EQB_CH4,Step28_Model1_EQB_CH3,Step29_Model3_EQA_CH3,Step30_Model3_EQB_CH3,,,,,,,,,,,,39.91,,35.91,,,,,,44.83,,,,,,,,,,,,,,44.88,,,,61.67,,,43.78,,60.07,,,,,,,,,,10,,,,,,,,,,,
L033W23,L033,23,Step1_Model1_EQC_CH2,Step2_Model1_EQB_CH4,Step3_Model2_EQC_CH2,Step4_Model1_EQB_CH3,Step5_Model1_EQB_CH2,Step6_Model3_EQA_CH3,Step7_Model1_EQC_CH1,Step8_Model2_EQB_CH3,Step9_Model1_EQC_CH1,Step10_Model1_EQA_CH1,Step11_Model2_EQB_CH1,Step12_Model2_EQB_CH3,Step13_Model2_EQC_CH4,Step14_Model1_EQC_CH3,Step15_Model1_EQB_CH2,Step16_Model3_EQA_CH2,Step17_Model2_EQB_CH4,Step18_Model3_EQC_CH4,Step19_Model3_EQB_CH4,Step20_Model1_EQA_CH1,Step21_Model3_EQA_CH4,Step22_Model2_EQA_CH4,Step23_Model2_EQC_CH4,Step24_Model1_EQB_CH3,Step25_Model3_EQC_CH2,Step26_Model3_EQC_CH2,Step27_Model1_EQB_CH4,Step28_Model1_EQB_CH2,Step29_Model3_EQA_CH3,Step30_Model3_EQB_CH2,,,,,,,,,,,,,,,,,,,,,,,,,,,28.57,,,40.23,,,,,,,,,,,,,,,,53.21,,,,,,,,,,,,,,,,,,
L033W24,L033,24,Step1_Model1_EQC_CH1,Step2_Model1_EQB_CH3,Step3_Model2_EQC_CH2,Step4_Model1_EQB_CH2,Step5_Model1_EQB_CH3,Step6_Model3_EQA_CH2,Step7_Model1_EQC_CH2,Step8_Model2_EQB_CH4,Step9_Model1_EQC_CH1,Step10_Model1_EQA_CH3,Step11_Model2_EQB_CH4,Step12_Model2_EQB_CH2,Step13_Model2_EQC_CH3,Step14_Model1_EQC_CH3,Step15_Model1_EQB_CH1,Step16_Model3_EQA_CH1,Step17_Model2_EQB_CH3,Step18_Model3_EQC_CH1,Step19_Model3_EQB_CH1,Step20_Model1_EQA_CH2,Step21_Model3_EQA_CH1,Step22_Model2_EQA_CH1,Step23_Model2_EQC_CH4,Step24_Model1_EQB_CH2,Step25_Model3_EQC_CH2,Step26_Model3_EQC_CH3,Step27_Model1_EQB_CH1,Step28_Model1_EQB_CH4,Step29_Model3_EQA_CH4,Step30_Model3_EQB_CH2,,38.27,,,,,,,,,,,,37.37,,,,41.35,,,,,,,,55.4,,,,,,,32.45,,,,,,,,,,62.13,53.79,,,,34.66,,,,,,,,,,,,,,,,
L033W25,L033,25,Step1_Model1_EQC_CH1,Step2_Model1_EQB_CH4,Step3_Model2_EQC_CH3,Step4_Model1_EQB_CH1,Step5_Model1_EQB_CH1,Step6_Model3_EQA_CH1,Step7_Model1_EQC_CH4,Step8_Model2_EQB_CH2,Step9_Model1_EQC_CH2,Step10_Model1_EQA_CH3,Step11_Model2_EQB_CH4,Step12_Model2_EQB_CH1,Step13_Model2_EQC_CH3,Step14_Model1_EQC_CH3,Step15_Model1_EQB_CH2,Step16_Model3_EQA_CH1,Step17_Model2_EQB_CH1,Step18_Model3_EQC_CH4,Step19_Model3_EQB_CH4,Step20_Model1_EQA_CH4,Step21_Model3_EQA_CH3,Step22_Model2_EQA_CH1,Step23_Model2_EQC_CH2,Step24_Model1_EQB_CH3,Step25_Model3_EQC_CH3,Step26_Model3_EQC_CH2,Step27_Model1_EQB_CH2,Step28_Model1_EQB_CH4,Step29_Model3_EQA_CH2,Step30_Model3_EQB_CH2,,,,,,51.63,,,,,,,,,,,,42.39,,,,,,,,,,,,,,,,,,,,,61.01,,,60.8,60.53,,60.57,,,,,,,,,,,,11,,,,,,,
L034W01,L034,1,Step1_Model2_EQB_CH4,Step2_Model3_EQA_CH3,Step3_Model1_EQC_CH4,Step4_Model1_EQA_CH2,Step5_Model3_EQA_CH4,Step6_Model1_EQC_CH3,Step7_Model1_EQB_CH2,Step8_Model3_EQA_CH3,Step9_Model1_EQB_CH2,Step10_Model3_EQC_CH4,Step11_Model1_EQB_CH3,Step12_Model2_EQB_CH4,Step13_Model2_EQB_CH2,Step14_Model2_EQC_CH3,Step15_Model1_EQA_CH1,Step16_Model2_EQC_CH3,Step17_Model3_EQB_CH4,Step18_Model1_EQB_CH1,Step19_Model3_EQB_CH1,Step20_Model1_EQA_CH2,Step21_Model3_EQB_CH1,Step22_Model2_EQC_CH1,Step23_Model2_EQC_CH2,Step24_Model2_EQA_CH3,Step25_Model3_EQB_CH4,Step26_Model2_EQB_CH3,Step27_Model3_EQA_CH1,Step28_Model2_EQC_CH4,Step29_Model2_EQA_CH3,Step30_Model1_EQA_CH4,,,,,,,,,,,,,,,,64.25,,42.99,,,43.26,,,,,,18.25,,,,61.6,,,,,,,58.03,,,,51.87,,61.9,,,,,,,,,,,,,,,,,,,,
L034W02,L034,2,Step1_Model2_EQB_CH1,Step2_Model3_EQA_CH3,Step3_Model1_EQC_CH4,Step4_Model1_EQA_CH4,Step5_Model3_EQA_CH3,Step6_Model1_EQC_CH3,Step7_Model1_EQB_CH1,Step8_Model3_EQA_CH2,Step9_Model1_EQB_CH4,Step10_Model3_EQC_CH3,Step11_Model1_EQB_CH3,Step12_Model2_EQB_CH3,Step13_Model2_EQB_CH4,Step14_Model2_EQC_CH1,Step15_Model1_EQA_CH2,Step16_Model2_EQC_CH4,Step17_Model3_EQB_CH1,Step18_Model1_EQB_CH4,Step19_Model3_EQB_CH4,Step20_Model1_EQA_CH3,Step21_Model3_EQB_CH1,Step22_Model2_EQC_CH3,Step23_Model2_EQC_CH3,Step24_Model2_EQA_CH1,Step25_Model3_EQB_CH3,Step26_Model2_EQB_CH3,Step27_Model3_EQA_CH2,Step28_Model2_EQC_CH1,Step29_Model2_EQA_CH1,Step30_Model1_EQA_CH3,,,46.07,,,,67.35,,,,,,,,,,59.43,,,,,,,,,66.35,,,,,,,,,,,,,,,,,54.82,,67.12,,,,,10,,,,,,,8,,,,,,,
L034W03,L034,3,Step1_Model2_EQB_CH3,Step2_Model3_EQA_CH1,Step3_Model1_EQC_CH1,Step4_Model1_EQA_CH4,Step5_Model3_EQA_CH1,Step6_Model1_EQC_CH4,Step7_Model1_EQB_CH3,Step8_Model3_EQA_CH2,Step9_Model1_EQB_CH2,Step10_Model3_EQC_CH4,Step11_Model1_EQB_CH3,Step12_Model2_EQB_CH3,Step13_Model2_EQB_CH3,Step14_Model2_EQC_CH1,Step15_Model1_EQA_CH3,Step16_Model2_EQC_CH1,Step17_Model3_EQB_CH4,Step18_Model1_EQB_CH2,Step19_Model3_EQB_CH4,Step20_Model1_EQA_CH3,Step21_Model3_EQB_CH3,Step22_Model2_EQC_CH4,Step23_Model2_EQC_CH1,Step24_Model2_EQA_CH1,Step25_Model3_EQB_CH1,Step26_Model2_EQB_CH2,Step27_Model3_EQA_CH2,Step28_Model2_EQC_CH3,Step29_Model2_EQA_CH4,Step30_Model1_EQA_CH4,,,,,,,47.45,,,61.54,,,,,,60.75,,,,,,,,,,,,,,,,,,,,43.99,56.41,,,,,,,,,,58.48,,,,,,,,,,,,,,,,,
L034W04,L034,4,Step1_Model2_EQB_CH3,Step2_Model3_EQA_CH1,Step3_Model1_EQC_CH2,Step4_Model1_EQA_CH4,Step5_Model3_EQA_CH3,Step6_Model1_EQC_CH1,Step7_Model1_EQB_CH1,Step8_Model3_EQA_CH2,Step9_Model1_EQB_CH2,Step10_Model3_EQC_CH3,Step11_Model1_EQB_CH3,Step12_Model2_EQB_CH1,Step13_Model2_EQB_CH1,Step14_Model2_EQC_CH4,Step15_Model1_EQA_CH1,Step16_Model2_EQC_CH3,Step17_Model3_EQB_CH2,Step18_Model1_EQB_CH3,Step19_Model3_EQB_CH4,Step20_Model1_EQA_CH4,Step21_Model3_EQB_CH2,Step22_Model2_EQC_CH3,Step23_Model2_EQC_CH4,Step24_Model2_EQA_CH3,Step25_Model3_EQB_CH4,Step26_Model2_EQB_CH2,Step27_Model3_EQA_CH4,Step28_Model2_EQC_CH3,Step29_Model2_EQA_CH3,Step30_Model1_EQA_CH4,,,,,,,,,,,60.38,,43.06,,46.95,,,,,,,,38.45,,,,,,,,,,,,,,,,,,32.53,,,,,,,35.5,,,,,,,,,,,,,,,,
L034W05,L034,5,Step1_Model2_EQB_CH1,Step2_Model3_EQA_CH2,Step3_Model1_EQC_CH2,Step4_Model1_EQA_CH4,Step5_Model3_EQA_CH4,Step6_Model1_EQC_CH1,Step7_Model1_EQB_CH2,Step8_Model3_EQA_CH1,Step9_Model1_EQB_CH2,Step10_Model3_EQC_CH4,Step11_Model1_EQB_CH2,Step12_Model2_EQB_CH2,Step13_Model2_EQB_CH2,Step14_Model2_EQC_CH1,Step15_Model1_EQA_CH1,Step16_Model2_EQC_CH2,Step17_Model3_EQB_CH3,Step18_Model1_EQB_CH1,Step19_Model3_EQB_CH4,Step20_Model1_EQA_CH4,Step21_Model3_EQB_CH2,Step22_Model2_EQC_CH4,Step23_Model2_EQC_CH1,Step24_Model2_EQA_CH3,Step25_Model3_EQB_CH3,Step26_Model2_EQB_CH3,Step27_Model3_EQA_CH4,Step28_Model2_EQC_CH2,Step29_Model2_EQA_CH4,Step30_Model1_EQA_CH2,41.06,,,44.43,,,65.27,61.22,62.77,,,,,,,59.02,,46.03,,,,,,,,,,,,,,43.45,,,,,58.88,,,,30.32,,,,,,,35.73,,,,,,,,,,,,,,,,
L034W06,L034,6,Step1_Model2_EQB_CH3,Step2_Model3_EQA_CH1,Step3_Model1_EQC_CH4,Step4_Model1_EQA_CH1,Step5_Model3_EQA_CH3,Step6_Model1_EQC_CH2,Step7_Model1_EQB_CH1,Step8_Model3_EQA_CH4,Step9_Model1_EQB_CH1,Step10_Model3_EQC_CH1,Step11_Model1_EQB_CH4,Step12_Model2_EQB_CH2,Step13_Model2_EQB_CH4,Step14_Model2_EQC_CH3,Step15_Model1_EQA_CH2,Step16_Model2_EQC_CH1,Step17_Model3_EQB_CH4,Step18_Model1_EQB_CH3,Step19_Model3_EQB_CH4,Step20_Model1_EQA_CH2,Step21_Model3_EQB_CH3,Step22_Model2_EQC_CH1,Step23_Model2_EQC_CH2,Step24_Model2_EQA_CH3,Step25_Model3_EQB_CH2,Step26_Model2_EQB_CH1,Step27_Model3_EQA_CH3,Step28_Model2_EQC_CH4,Step29_Model2_EQA_CH4,Step30_Model1_EQA_CH1,,,,,,,,,,69.36,,,,,51.63,58.65,,42.78,,,35.93,,,,30.3,64.4,42.52,59.76,,,,,,,,,58.36,,,67.91,,,,,,,52.22,,,,,,,,,,,,,,,,,
L034W07,L034,7,Step1_Model2_EQB_CH3,Step2_Model3_EQA_CH1,Step3_Model1_EQC_CH1,Step4_Model1_EQA_CH2,Step5_Model3_EQA_CH4,Step6_Model1_EQC_CH1,Step7_Model1_EQB_CH2,Step8_Model3_EQA_CH1,Step9_Model1_EQB_CH1,Step10_Model3_EQC_CH1,Step11_Model1_EQB_CH4,Step12_Model2_EQB_CH3,Step13_Model2_EQB_CH4,Step14_Model2_EQC_CH2,Step15_Model1_EQA_CH3,Step16_Model2_EQC_CH2,Step17_Model3_EQB_CH1,Step18_Model1_EQB_CH3,Step19_Model3_EQB_CH2,Step20_Model1_EQA_CH1,Step21_Model3_EQB_CH2,Step22_Model2_EQC_CH2,Step23_Model2_EQC_CH4,Step24_Model2_EQA_CH1,Step25_Model3_EQB_CH4,Step26_Model2_EQB_CH3,Step27_Model3_EQA_CH1,Step28_Model2_EQC_CH4,Step29_Model2_EQA_CH4,Step30_Model1_EQA_CH3,,35.18,42.43,,43.41,,,,65.65,,,,,,,,,,,,,,,,,,,,,,,,,,,,,,,,,,,,,,,37.5,,,,,12,,,,,,,,,,,
L034W08,L034,8,Step1_Model2_EQB_CH2,Step2_Model3_EQA_CH2,Step3_Model1_EQC_CH2,Step4_Model1_EQA_CH3,Step5_Model3_EQA_CH4,Step6_Model1_EQC_CH1,Step7_Model1_EQB_CH3,Step8_Model3_EQA_CH2,Step9_Model1_EQB_CH2,Step10_Model3_EQC_CH1,Step11_Model1_EQB_CH3,Step12_Model2_EQB_CH2,Step13_Model2_EQB_CH3,Step14_Model2_EQC_CH4,Step15_Model1_EQA_CH3,Step16_Model2_EQC_CH4,Step17_Model3_EQB_CH1,Step18_Model1_EQB_CH4,Step19_Model3_EQB_CH4,Step20_Model1_EQA_CH1,Step21_Model3_EQB_CH2,Step22_Model2_EQC_CH1,Step23_Model2_EQC_CH3,Step24_Model2_EQA_CH1,Step25_Model3_EQB_CH3,Step26_Model2_EQB_CH2,Step27_Model3_EQA_CH3,Step28_Model2_EQC_CH1,Step29_Model2_EQA_CH1,Step30_Model1_EQA_CH2,,32.39,,,,,,,,,,,,,,,,36.39,42.89,,,,35.75,,,62.67,,,,46.17,,,47.49,,,,,46.75,,,,58.71,,51.27,,,,,13,,,,,,,,,,,,,,,
L034W09,L034,9,Step1_Model2_EQB_CH1,Step2_Model3_EQA_CH2,Step3_Model1_EQC_CH2,Step4_Model1_EQA_CH1,Step5_Model3_EQA_CH4,Step6_Model1_EQC_CH3,Step7_Model1_EQB_CH4,Step8_Model3_EQA_CH2,Step9_Model1_EQB_CH3,Step10_Model3_EQC_CH4,Step11_Model1_EQB_CH1,Step12_Model2_EQB_CH4,Step13_Model2_EQB_CH3,Step14_Model2_EQC_CH3,Step15_Model1_EQA_CH3,Step16_Model2_EQC_CH3,Step17_Model3_EQB_CH4,Step18_Model1_EQB_CH1,Step19_Model3_EQB_CH1,Step20_Model1_EQA_CH3,Step21_Model3_EQB_CH1,Step22_Model2_EQC_CH4,Step23_Model2_EQC_CH1,Step24_Model2_EQA_CH2,Step25_Model3_EQB_CH1,Step26_Model2_EQB_CH3,Step27_Model3_EQA_CH1,Step28_Model2_EQC_CH1,Step29_Model2_EQA_CH1,Step30_Model1_EQA_CH1,,,,,47.34,,,,,61.47,54.11,,,43.26,,,,,,,,,,,,,33.65,,,,,,,,,,,,62.21,,,,,,,,,,,10,,,,,,,,,,,,,,
L034W10,L034,10,Step1_Model2_EQB_CH2,Step2_Model3_EQA_CH4,Step3_Model1_EQC_CH3,Step4_Model1_EQA_CH3,Step5_Model3_EQA_CH1,Step6_Model1_EQC_CH4,Step7_Model1_EQB_CH1,Step8_Model3_EQA_CH2,Step9_Model1_EQB_CH4,Step10_Model3_EQC_CH4,Step11_Model1_EQB_CH4,Step12_Model2_EQB_CH4,Step13_Model2_EQB_CH1,Step14_Model2_EQC_CH2,Step15_Model1_EQA_CH4,Step16_Model2_EQC_CH3,Step17_Model3_EQB_CH3,Step18_Model1_EQB_CH2,Step19_Model3_EQB_CH3,Step20_Model1_EQA_CH1,Step21_Model3_EQB_CH1,Step22_Model2_EQC_CH2,Step23_Model2_EQC_CH4,Step24_Model2_EQA_CH3,Step25_Model3_EQB_CH3,Step26_Model2_EQB_CH2,Step27_Model3_EQA_CH2,Step28_Model2_EQC_CH3,Step29_Model2_EQA_CH4,Step30_Model1_EQA_CH2,,,,,,,67.59,,,,,,,,,62.97,,,,,,,,35.75,,,,47.14,,48.76,,,,,,,,,,,,,,,,,,,,,,,,,,,,,,,,,,
L034W11,L034,11,Step1_Model2_EQB_CH1,Step2_Model3_EQA_CH3,Step3_Model1_EQC_CH2,Step4_Model1_EQA_CH2,Step5_Model3_EQA_CH2,Step6_Model1_EQC_CH3,Step7_Model1_EQB_CH1,Step8_Model3_EQA_CH1,Step9_Model1_EQB_CH3,Step10_Model3_EQC_CH2,Step11_Model1_EQB_CH3,Step12_Model2_EQB_CH3,Step13_Model2_EQB_CH2,Step14_Model2_EQC_CH3,Step15_Model1_EQA_CH4,Step16_Model2_EQC_CH1,Step17_Model3_EQB_CH4,Step18_Model1_EQB_CH4,Step19_Model3_EQB_CH4,Step20_Model1_EQA_CH3,Step21_Model3_EQB_CH2,Step22_Model2_EQC_CH3,Step23_Model2_EQC_CH1,Step24_Model2_EQA_CH3,Step25_Model3_EQB_CH3,Step26_Model2_EQB_CH3,Step27_Model3_EQA_CH3,Step28_Model2_EQC_CH4,Step29_Model2_EQA_CH2,Step30_Model1_EQA_CH1,40.14,,,,,,,,,51.98,,,,,,,,41.19,,43.44,,,41.85,,,,,,52.53,,,,,,,,59.32,,62.97,,,,57.61,,,,,33.88,,,,,,,,,,10,,,,,,
L034W12,L034,12,Step1_Model2_EQB_CH1,Step2_Model3_EQA_CH1,Step3_Model1_EQC_CH3,Step4_Model1_EQA_CH1,Step5_Model3_EQA_CH4,Step6_Model1_EQC_CH2,Step7_Model1_EQB_CH3,Step8_Model3_EQA_CH3,Step9_Model1_EQB_CH4,Step10_Model3_EQC_CH1,Step11_Model1_EQB_CH3,Step12_Model2_EQB_CH3,Step13_Model2_EQB_CH4,Step14_Model2_EQC_CH4,Step15_Model1_EQA_CH1,Step16_Model2_EQC_CH2,Step17_Model3_EQB_CH2,Step18_Model1_EQB_CH1,Step19_Model3_EQB_CH2,Step20_Model1_EQA_CH4,Step21_Model3_EQB_CH4,Step22_Model2_EQC_CH4,Step23_Model2_EQC_CH2,Step24_Model2_EQA_CH2,Step25_Model3_EQB_CH3,Step26_Model2_EQB_CH3,Step27_Model3_EQA_CH3,Step28_Model2_EQC_CH2,Step29_Model2_EQA_CH3,Step30_Model1_EQA_CH4,,,,,,,,65.6,67.13,,,,,39.76,,,,,,,,,37.96,,35.62,,,52.2,,,,,,,44.21,58.35,,,,,,,,,,,,33.4,,,,,,,,,,,,,,,,
L034W13,L034,13,Step1_Model2_EQB_CH2,Step2_Model3_EQA_CH1,Step3_Model1_EQC_CH2,Step4_Model1_EQA_CH3,Step5_Model3_EQA_CH2,Step6_Model1_EQC_CH3,Step7_Model1_EQB_CH3,Step8_Model3_EQA_CH1,Step9_Model1_EQB_CH1,Step10_Model3_EQC_CH4,Step11_Model1_EQB_CH3,Step12_Model2_EQB_CH2,Step13_Model2_EQB_CH1,Step14_Model2_EQC_CH1,Step15_Model1_EQA_CH3,Step16_Model2_EQC_CH2,Step17_Model3_EQB_CH1,Step18_Model1_EQB_CH1,Step19_Model3_EQB_CH2,Step20_Model1_EQA_CH1,Step21_Model3_EQB_CH2,Step22_Model2_EQC_CH3,Step23_Model2_EQC_CH1,Step24_Model2_EQA_CH3,Step25_Model3_EQB_CH2,Step26_Model2_EQB_CH3,Step27_Model3_EQA_CH3,Step28_Model2_EQC_CH3,Step29_Model2_EQA_CH4,Step30_Model1_EQA_CH2,,,,45.73,,49.76,,,,66.81,,,,,,,,,,,,,,,,,,,58.44,,,,,,,,56.03,,,,,,,61.1,,,,,,,,,,3,,,,,,,,,,
L034W14,L034,14,Step1_Model2_EQB_CH2,Step2_Model3_EQA_CH2,Step3_Model1_EQC_CH2,Step4_Model1_EQA_CH2,Step5_Model3_EQA_CH1,Step6_Model1_EQC_CH1,Step7_Model1_EQB_CH1,Step8_Model3_EQA_CH3,Step9_Model1_EQB_CH3,Step10_Model3_EQC_CH2,Step11_Model1_EQB_CH4,Step12_Model2_EQB_CH2,Step13_Model2_EQB_CH1,Step14_Model2_EQC_CH2,Step15_Model1_EQA_CH3,Step16_Model2_EQC_CH2,Step17_Model3_EQB_CH1,Step18_Model1_EQB_CH2,Step19_Model3_EQB_CH3,Step20_Model1_EQA_CH4,Step21_Model3_EQB_CH1,Step22_Model2_EQC_CH2,Step23_Model2_EQC_CH3,Step24_Model2_EQA_CH1,Step25_Model3_EQB_CH1,Step26_Model2_EQB_CH3,Step27_Model3_EQA_CH2,Step28_Model2_EQC_CH2,Step29_Model2_EQA_CH2,Step30_Model1_EQA_CH1,,,,42.05,,53.71,,,,61.26,,,,,,,,,,,,,,34.92,,,,,,,,,,,,,,,,,,,,,,55.05,,,,,,,,,,,,,,,,,,
L034W15,L034,15,Step1_Model2_EQB_CH4,Step2_Model3_EQA_CH1,Step3_Model1_EQC_CH2,Step4_Model1_EQA_CH1,Step5_Model3_EQA_CH4,Step6_Model1_EQC_CH1,Step7_Model1_EQB_CH3,Step8_Model3_EQA_CH2,Step9_Model1_EQB_CH2,Step10_Model3_EQC_CH2,Step11_Model1_EQB_CH1,Step12_Model2_EQB_CH1,Step13_Model2_EQB_CH1,Step14_Model2_EQC_CH2,Step15_Model1_EQA_CH1,Step16_Model2_EQC_CH2,Step17_Model3_EQB_CH1,Step18_Model1_EQB_CH2,Step19_Model3_EQB_CH3,Step20_Model1_EQA_CH1,Step21_Model3_EQB_CH2,Step22_Model2_EQC_CH3,Step23_Model2_EQC_CH3,Step24_Model2_EQA_CH4,Step25_Model3_EQB_CH1,Step26_Model2_EQB_CH2,Step27_Model3_EQA_CH4,Step28_Model2_EQC_CH1,Step29_Model2_EQA_CH3,Step30_Model1_EQA_CH1,,,,,,,,68.06,,,,36.99,,,,62.95,,49.64,,,34.3,,,,,,,,57.83,47.87,59.46,,,,,,,,,63.25,,,,,53.87,,49.64,,,,,,,9,,,,,,,,,,
L034W16,L034,16,Step1_Model2_EQB_CH2,Step2_Model3_EQA_CH3,Step3_Model1_EQC_CH4,Step4_Model1_EQA_CH1,Step5_Model3_EQA_CH1,Step6_Model1_EQC_CH4,Step7_Model1_EQB_CH1,Step8_Model3_EQA_CH1,Step9_Model1_EQB_CH1,Step10_Model3_EQC_CH3,Step11_Model1_EQB_CH3,Step12_Model2_EQB_CH2,Step13_Model2_EQB_CH1,Step14_Model2_EQC_CH2,Step15_Model1_EQA_CH3,Step16_Model2_EQC_CH1,Step17_Model3_EQB_CH2,Step18_Model1_EQB_CH1,Step19_Model3_EQB_CH1,Step20_Model1_EQA_CH4,Step21_Model3_EQB_CH2,Step22_Model2_EQC_CH3,Step23_Model2_EQC_CH2,Step24_Model2_EQA_CH2,Step25_Model3_EQB_CH2,Step26_Model2_EQB_CH4,Step27_Model3_EQA_CH1,Step28_Model2_EQC_CH3,Step29_Model2_EQA_CH4,Step30_Model1_EQA_CH3,,,,,46.11,49.35,,,,,59.32,,34.5,,,,,41.39,,,42.74,,,,,,,,,,,,,,,63.07,,59.47,,,,,,57.24,,,,,,,,,,,,,,,,,,,,
L034W17,L034,17,Step1_Model2_EQB_CH4,Step2_Model3_EQA_CH1,Step3_Model1_EQC_CH3,Step4_Model1_EQA_CH2,Step5_Model3_EQA_CH4,Step6_Model1_EQC_CH3,Step7_Model1_EQB_CH1,Step8_Model3_EQA_CH3,Step9_Model1_EQB_CH4,Step10_Model3_EQC_CH1,Step11_Model1_EQB_CH2,Step12_Model2_EQB_CH4,Step13_Model2_EQB_CH4,Step14_Model2_EQC_CH1,Step15_Model1_EQA_CH4,Step16_Model2_EQC_CH3,Step17_Model3_EQB_CH2,Step18_Model1_EQB_CH3,Step19_Model3_EQB_CH1,Step20_Model1_EQA_CH4,Step21_Model3_EQB_CH2,Step22_Model2_EQC_CH1,Step23_Model2_EQC_CH3,Step24_Model2_EQA_CH4,Step25_Model3_EQB_CH4,Step26_Model2_EQB_CH1,Step27_Model3_EQA_CH3,Step28_Model2_EQC_CH4,Step29_Model2_EQA_CH3,Step30_Model1_EQA_CH2,,,,,,,,,,,,,39.27,,,,,,,,,,,40.08,,,,,,,,41.18,,,,,,61.78,,,,,62.51,,,,,,,,,,,,,,9,15,,,,,,
L034W18,L034,18,Step1_Model2_EQB_CH4,Step2_Model3_EQA_CH2,Step3_Model1_EQC_CH4,Step4_Model1_EQA_CH1,Step5_Model3_EQA_CH4,Step6_Model1_EQC_CH4,Step7_Model1_EQB_CH3,Step8_Model3_EQA_CH3,Step9_Model1_EQB_CH2,Step10_Model3_EQC_CH2,Step11_Model1_EQB_CH2,Step12_Model2_EQB_CH4,Step13_Model2_EQB_CH4,Step14_Model2_EQC_CH2,Step15_Model1_EQA_CH1,Step16_Model2_EQC_CH1,Step17_Model3_EQB_CH4,Step18_Model1_EQB_CH1,Step19_Model3_EQB_CH1,Step20_Model1_EQA_CH2,Step21_Model3_EQB_CH1,Step22_Model2_EQC_CH1,Step23_Model2_EQC_CH4,Step24_Model2_EQA_CH4,Step25_Model3_EQB_CH4,Step26_Model2_EQB_CH1,Step27_Model3_EQA_CH2,Step28_Model2_EQC_CH3,Step29_Model2_EQA_CH4,Step30_Model1_EQA_CH4,,,47.76,,,,,,,,,,,,,,,,,,,,,34.7,,63.8,,,,,,,,43.41,,,58.69,,,,,,,65.55,,,59.2,,,,,,,,,,,,,,,,,
L034W19,L034,19,Step1_Model2_EQB_CH4,Step2_Model3_EQA_CH2,Step3_Model1_EQC_CH3,Step4_Model1_EQA_CH3,Step5_Model3_EQA_CH4,Step6_Model1_EQC_CH1,Step7_Model1_EQB_CH4,Step8_Model3_EQA_CH4,Step9_Model1_EQB_CH1,Step10_Model3_EQC_CH1,Step11_Model1_EQB_CH4,Step12_Model2_EQB_CH2,Step13_Model2_EQB_CH2,Step14_Model2_EQC_CH1,Step15_Model1_EQA_CH4,Step16_Model2_EQC_CH2,Step17_Model3_EQB_CH4,Step18_Model1_EQB_CH4,Step19_Model3_EQB_CH4,Step20_Model1_EQA_CH2,Step21_Model3_EQB_CH3,Step22_Model2_EQC_CH4,Step23_Model2_EQC_CH2,Step24_Model2_EQA_CH3,Step25_Model3_EQB_CH1,Step26_Model2_EQB_CH2,Step27_Model3_EQA_CH3,Step28_Model2_EQC_CH2,Step29_Model2_EQA_CH3,Step30_Model1_EQA_CH3,,,,38.69,,,,,,,46.56,,,,,,,,,,40.58,,,,,,,,,44.1,,,,46.81,,,,,,,54.95,,,,,,,,,,,,,,,,,,,,,,,
L034W20,L034,20,Step1_Model2_EQB_CH2,Step2_Model3_EQA_CH1,Step3_Model1_EQC_CH4,Step4_Model1_EQA_CH3,Step5_Model3_EQA_CH4,Step6_Model1_EQC_CH1,Step7_Model1_EQB_CH4,Step8_Model3_EQA_CH4,Step9_Model1_EQB_CH2,Step10_Model3_EQC_CH2,Step11_Model1_EQB_CH1,Step12_Model2_EQB_CH2,Step13_Model2_EQB_CH3,Step14_Model2_EQC_CH1,Step15_Model1_EQA_CH2,Step16_Model2_EQC_CH2,Step17_Model3_EQB_CH1,Step18_Model1_EQB_CH3,Step19_Model3_EQB_CH1,Step20_Model1_EQA_CH2,Step21_Model3_EQB_CH2,Step22_Model2_EQC_CH1,Step23_Model2_EQC_CH3,Step24_Model2_EQA_CH3,Step25_Model3_EQB_CH4,Step26_Model2_EQB_CH3,Step27_Model3_EQA_CH1,Step28_Model2_EQC_CH3,Step29_Model2_EQA_CH3,Step30_Model1_EQA_CH4,39.66,,,40.42,,,,,,,,,,,,,,,,46.47,37.96,,41.13,,,,,,,58.55,,,,39.98,,,,,,62.27,,,,,,47.7,55.36,,,,,,,,,,,,,,,,,
L034W21,L034,21,Step1_Model2_EQB_CH3,Step2_Model3_EQA_CH4,Step3_Model1_EQC_CH4,Step4_Model1_EQA_CH3,Step5_Model3_EQA_CH2,Step6_Model1_EQC_CH1,Step7_Model1_EQB_CH1,Step8_Model3_EQA_CH3,Step9_Model1_EQB_CH1,Step10_Model3_EQC_CH1,Step11_Model1_EQB_CH4,Step12_Model2_EQB_CH2,Step13_Model2_EQB_CH1,Step14_Model2_EQC_CH2,Step15_Model1_EQA_CH1,Step16_Model2_EQC_CH2,Step17_Model3_EQB_CH2,Step18_Model1_EQB_CH1,Step19_Model3_EQB_CH4,Step20_Model1_EQA_CH2,Step21_Model3_EQB_CH2,Step22_Model2_EQC_CH1,Step23_Model2_EQC_CH2,Step24_Model2_EQA_CH2,Step25_Model3_EQB_CH4,Step26_Model2_EQB_CH2,Step27_Model3_EQA_CH4,Step28_Model2_EQC_CH2,Step29_Model2_EQA_CH2,Step30_Model1_EQA_CH4,,,,,,,64.09,,,,,,,,,59.28,,,,,39.54,38.88,,,,,,,,,,,,,,,,,,,,,,61.9,,,,,,,,,,,,,,,,,,,,
L034W22,L034,22,Step1_Model2_EQB_CH4,Step2_Model3_EQA_CH3,Step3_Model1_EQC_CH2,Step4_Model1_EQA_CH4,Step5_Model3_EQA_CH2,Step6_Model1_EQC_CH2,Step7_Model1_EQB_CH2,Step8_Model3_EQA_CH1,Step9_Model1_EQB_CH3,Step10_Model3_EQC_CH1,Step11_Model1_EQB_CH3,Step12_Model2_EQB_CH2,Step13_Model2_EQB_CH2,Step14_Model2_EQC_CH4,Step15_Model1_EQA_CH3,Step16_Model2_EQC_CH3,Step17_Model3_EQB_CH1,Step18_Model1_EQB_CH3,Step19_Model3_EQB_CH2,Step20_Model1_EQA_CH4,Step21_Model3_EQB_CH1,Step22_Model2_EQC_CH4,Step23_Model2_EQC_CH3,Step24_Model2_EQA_CH3,Step25_Model3_EQB_CH1,Step26_Model2_EQB_CH3,Step27_Model3_EQA_CH4,Step28_Model2_EQC_CH2,Step29_Model2_EQA_CH1,Step30_Model1_EQA_CH3,,37.12,,,,,,,,,,,,,,,,43.12,,,,41.78,,,,,,,,,,,,,,,,,,,,,,65.22,54.26,,,,,,,7,,,,,,,,,,,,
L034W23,L034,23,Step1_Model2_EQB_CH4,Step2_Model3_EQA_CH2,Step3_Model1_EQC_CH3,Step4_Model1_EQA_CH1,Step5_Model3_EQA_CH3,Step6_Model1_EQC_CH3,Step7_Model1_EQB_CH3,Step8_Model3_EQA_CH2,Step9_Model1_EQB_CH2,Step10_Model3_EQC_CH3,Step11_Model1_EQB_CH3,Step12_Model2_EQB_CH1,Step13_Model2_EQB_CH3,Step14_Model2_EQC_CH4,Step15_Model1_EQA_CH4,Step16_Model2_EQC_CH1,Step17_Model3_EQB_CH2,Step18_Model1_EQB_CH3,Step19_Model3_EQB_CH1,Step20_Model1_EQA_CH2,Step21_Model3_EQB_CH1,Step22_Model2_EQC_CH2,Step23_Model2_EQC_CH3,Step24_Model2_EQA_CH1,Step25_Model3_EQB_CH3,Step26_Model2_EQB_CH1,Step27_Model3_EQA_CH2,Step28_Model2_EQC_CH1,Step29_Model2_EQA_CH4,Step30_Model1_EQA_CH4,,,,,,,,,,65.46,,,43.97,,,,60.81,45.65,,,,,35.66,,,,,,,,,,,,,,,,,,,,,,60.07,,,,,,,,,,,,,,,,,,,
L034W24,L034,24,Step1_Model2_EQB_CH1,Step2_Model3_EQA_CH4,Step3_Model1_EQC_CH3,Step4_Model1_EQA_CH4,Step5_Model3_EQA_CH4,Step6_Model1_EQC_CH3,Step7_Model1_EQB_CH3,Step8_Model3_EQA_CH2,Step9_Model1_EQB_CH3,Step10_Model3_EQC_CH1,Step11_Model1_EQB_CH4,Step12_Model2_EQB_CH2,Step13_Model2_EQB_CH3,Step14_Model2_EQC_CH4,Step15_Model1_EQA_CH1,Step16_Model2_EQC_CH1,Step17_Model3_EQB_CH2,Step18_Model1_EQB_CH1,Step19_Model3_EQB_CH4,Step20_Model1_EQA_CH3,Step21_Model3_EQB_CH1,Step22_Model2_EQC_CH3,Step23_Model2_EQC_CH4,Step24_Model2_EQA_CH4,Step25_Model3_EQB_CH3,Step26_Model2_EQB_CH4,Step27_Model3_EQA_CH2,Step28_Model2_EQC_CH1,Step29_Model2_EQA_CH2,Step30_Model1_EQA_CH2,,38.74,,,,,,,,,,,,,,,,,44.35,,,34.83,56,,,,,,,,,45.21,,,,61.71,,61.48,62.17,64.26,,,,,,,,39.75,,,,,,,,,,,,,,,,
L034W25,L034,25,Step1_Model2_EQB_CH2,Step2_Model3_EQA_CH3,Step3_Model1_EQC_CH3,Step4_Model1_EQA_CH4,Step5_Model3_EQA_CH3,Step6_Model1_EQC_CH4,Step7_Model1_EQB_CH3,Step8_Model3_EQA_CH4,Step9_Model1_EQB_CH1,Step10_Model3_EQC_CH4,Step11_Model1_EQB_CH1,Step12_Model2_EQB_CH4,Step13_Model2_EQB_CH3,Step14_Model2_EQC_CH3,Step15_Model1_EQA_CH1,Step16_Model2_EQC_CH2,Step17_Model3_EQB_CH2,Step18_Model1_EQB_CH4,Step19_Model3_EQB_CH3,Step20_Model1_EQA_CH2,Step21_Model3_EQB_CH3,Step22_Model2_EQC_CH3,Step23_Model2_EQC_CH3,Step24_Model2_EQA_CH4,Step25_Model3_EQB_CH1,Step26_Model2_EQB_CH4,Step27_Model3_EQA_CH2,Step28_Model2_EQC_CH1,Step29_Model2_EQA_CH2,Step30_Model1_EQA_CH1,,,45.94,,,52.31,60.86,,,,,,,,,,,46.63,,,,,,,,,,54.94,,,61.05,,,,45.28,,,61.53,,,,55.38,,,,,,,,,,,,,,,,,,,,,,
L035W01,L035,1,Step1_Model1_EQC_CH3,Step2_Model3_EQA_CH1,Step3_Model2_EQB_CH3,Step4_Model3_EQC_CH2,Step5_Model2_EQB_CH4,Step6_Model2_EQC_CH4,Step7_Model2_EQC_CH2,Step8_Model1_EQA_CH3,Step9_Model1_EQB_CH4,Step10_Model3_EQB_CH2,Step11_Model3_EQB_CH1,Step12_Model1_EQC_CH3,Step13_Model2_EQC_CH3,Step14_Model3_EQB_CH4,Step15_Model2_EQC_CH3,Step16_Model3_EQA_CH4,Step17_Model3_EQA_CH4,Step18_Model1_EQA_CH2,Step19_Model3_EQA_CH4,Step20_Model3_EQC_CH1,Step21_Model2_EQC_CH3,Step22_Model3_EQA_CH4,Step23_Model3_EQC_CH3,Step24_Model2_EQB_CH4,Step25_Model1_EQA_CH2,Step26_Model2_EQB_CH1,Step27_Model3_EQA_CH3,Step28_Model1_EQC_CH2,Step29_Model3_EQA_CH3,Step30_Model2_EQB_CH2,,,,47.5,,,62.98,,,,,,,,,,,,,,,,,,,,,,59.33,,,,,,46.38,,54.08,65.55,,,,59.32,61.82,,,,,,,,,,,,,,,,,,,,,
L035W02,L035,2,Step1_Model1_EQC_CH1,Step2_Model3_EQA_CH4,Step3_Model2_EQB_CH2,Step4_Model3_EQC_CH3,Step5_Model2_EQB_CH3,Step6_Model2_EQC_CH2,Step7_Model2_EQC_CH1,Step8_Model1_EQA_CH1,Step9_Model1_EQB_CH4,Step10_Model3_EQB_CH4,Step11_Model3_EQB_CH3,Step12_Model1_EQC_CH3,Step13_Model2_EQC_CH4,Step14_Model3_EQB_CH4,Step15_Model2_EQC_CH4,Step16_Model3_EQA_CH2,Step17_Model3_EQA_CH4,Step18_Model1_EQA_CH2,Step19_Model3_EQA_CH2,Step20_Model3_EQC_CH4,Step21_Model2_EQC_CH1,Step22_Model3_EQA_CH1,Step23_Model3_EQC_CH3,Step24_Model2_EQB_CH4,Step25_Model1_EQA_CH3,Step26_Model2_EQB_CH4,Step27_Model3_EQA_CH3,Step28_Model1_EQC_CH2,Step29_Model3_EQA_CH4,Step30_Model2_EQB_CH1,33.04,,,,,52.96,,,,,,,,,,,,38.51,39.49,,,35.11,,32.5,,,,59.7,,,,,,,,,,,,,,,,,61.48,51.19,,,,,8,,,,,,,,,,,,,
L035W03,L035,3,Step1_Model1_EQC_CH4,Step2_Model3_EQA_CH3,Step3_Model2_EQB_CH3,Step4_Model3_EQC_CH3,Step5_Model2_EQB_CH3,Step6_Model2_EQC_CH3,Step7_Model2_EQC_CH3,Step8_Model1_EQA_CH1,Step9_Model1_EQB_CH3,Step10_Model3_EQB_CH1,Step11_Model3_EQB_CH4,Step12_Model1_EQC_CH2,Step13_Model2_EQC_CH1,Step14_Model3_EQB_CH4,Step15_Model2_EQC_CH2,Step16_Model3_EQA_CH1,Step17_Model3_EQA_CH1,Step18_Model1_EQA_CH4,Step19_Model3_EQA_CH3,Step20_Model3_EQC_CH1,Step21_Model2_EQC_CH1,Step22_Model3_EQA_CH4,Step23_Model3_EQC_CH3,Step24_Model2_EQB_CH2,Step25_Model1_EQA_CH3,Step26_Model2_EQB_CH3,Step27_Model3_EQA_CH4,Step28_Model1_EQC_CH3,Step29_Model3_EQA_CH4,Step30_Model2_EQB_CH2,,,,,,,,,,,,,,36.85,,,,,,45.01,,,,,,,,62.63,60.84,,,,,,,,,,,,,59.26,,,,,,,,13,,,,,,,,,,,,,,
L035W04,L035,4,Step1_Model1_EQC_CH1,Step2_Model3_EQA_CH1,Step3_Model2_EQB_CH4,Step4_Model3_EQC_CH4,Step5_Model2_EQB_CH3,Step6_Model2_EQC_CH3,Step7_Model2_EQC_CH1,Step8_Model1_EQA_CH1,Step9_Model1_EQB_CH1,Step10_Model3_EQB_CH4,Step11_Model3_EQB_CH2,Step12_Model1_EQC_CH2,Step13_Model2_EQC_CH4,Step14_Model3_EQB_CH3,Step15_Model2_EQC_CH2,Step16_Model3_EQA_CH3,Step17_Model3_EQA_CH1,Step18_Model1_EQA_CH1,Step19_Model3_EQA_CH3,Step20_Model3_EQC_CH1,Step21_Model2_EQC_CH4,Step22_Model3_EQA_CH3,Step23_Model3_EQC_CH3,Step24_Model2_EQB_CH3,Step25_Model1_EQA_CH2,Step26_Model2_EQB_CH3,Step27_Model3_EQA_CH3,Step28_Model1_EQC_CH3,Step29_Model3_EQA_CH2,Step30_Model2_EQB_CH1,,,44.52,,,,64.24,,,,,,,,,,,,,45.12,,,,,,,34.78,,,,66.8,,,,,,,,,,,,,,54.56,,,,,,,,,,,,,,,,,,,
L035W05,L035,5,Step1_Model1_EQC_CH2,Step2_Model3_EQA_CH4,Step3_Model2_EQB_CH3,Step4_Model3_EQC_CH4,Step5_Model2_EQB_CH2,Step6_Model2_EQC_CH1,Step7_Model2_EQC_CH1,Step8_Model1_EQA_CH3,Step9_Model1_EQB_CH1,Step10_Model3_EQB_CH2,Step11_Model3_EQB_CH2,Step12_Model1_EQC_CH1,Step13_Model2_EQC_CH3,Step14_Model3_EQB_CH3,Step15_Model2_EQC_CH2,Step16_Model3_EQA_CH1,Step17_Model3_EQA_CH2,Step18_Model1_EQA_CH2,Step19_Model3_EQA_CH4,Step20_Model3_EQC_CH2,Step21_Model2_EQC_CH3,Step22_Model3_EQA_CH1,Step23_Model3_EQC_CH1,Step24_Model2_EQB_CH4,Step25_Model1_EQA_CH4,Step26_Model2_EQB_CH3,Step27_Model3_EQA_CH4,Step28_Model1_EQC_CH2,Step29_Model3_EQA_CH2,Step30_Model2_EQB_CH3,,,,,,,56.51,,,,,,,,,,,,,44.88,,,,40.67,,,,,56.7,,,,,,,60.99,,,,,,,,,,,,,,,,,,,,,,,,,,,,
L035W06,L035,6,Step1_Model1_EQC_CH1,Step2_Model3_EQA_CH3,Step3_Model2_EQB_CH4,Step4_Model3_EQC_CH1,Step5_Model2_EQB_CH1,Step6_Model2_EQC_CH1,Step7_Model2_EQC_CH4,Step8_Model1_EQA_CH2,Step9_Model1_EQB_CH2,Step10_Model3_EQB_CH4,Step11_Model3_EQB_CH4,Step12_Model1_EQC_CH3,Step13_Model2_EQC_CH3,Step14_Model3_EQB_CH2,Step15_Model2_EQC_CH4,Step16_Model3_EQA_CH3,Step17_Model3_EQA_CH4,Step18_Model1_EQA_CH4,Step19_Model3_EQA_CH2,Step20_Model3_EQC_CH2,Step21_Model2_EQC_CH4,Step22_Model3_EQA_CH1,Step23_Model3_EQC_CH1,Step24_Model2_EQB_CH4,Step25_Model1_EQA_CH2,Step26_Model2_EQB_CH1,Step27_Model3_EQA_CH2,Step28_Model1_EQC_CH1,Step29_Model3_EQA_CH4,Step30_Model2_EQB_CH3,,,44.99,,,,,67.97,,65.94,53.62,,35.6,41.26,,,,43.27,42.59,,,,,39.32,,64.02,,60.89,,,61.05,43.21,,,,,,,,61.85,,,,,,,,,,,,,,,,,,11,,,,,,
L035W07,L035,7,Step1_Model1_EQC_CH3,Step2_Model3_EQA_CH2,Step3_Model2_EQB_CH2,Step4_Model3_EQC_CH1,Step5_Model2_EQB_CH4,Step6_Model2_EQC_CH1,Step7_Model2_EQC_CH4,Step8_Model1_EQA_CH4,Step9_Model1_EQB_CH2,Step10_Model3_EQB_CH3,Step11_Model3_EQB_CH3,Step12_Model1_EQC_CH2,Step13_Model2_EQC_CH3,Step14_Model3_EQB_CH2,Step15_Model2_EQC_CH1,Step16_Model3_EQA_CH4,Step17_Model3_EQA_CH3,Step18_Model1_EQA_CH3,Step19_Model3_EQA_CH1,Step20_Model3_EQC_CH1,Step21_Model2_EQC_CH3,Step22_Model3_EQA_CH3,Step23_Model3_EQC_CH2,Step24_Model2_EQB_CH2,Step25_Model1_EQA_CH3,Step26_Model2_EQB_CH2,Step27_Model3_EQA_CH1,Step28_Model1_EQC_CH4,Step29_Model3_EQA_CH2,Step30_Model2_EQB_CH4,,,,41.9,,,,,,,55.33,,,,,,,,,47.36,,39.87,,,,,,55.23,56.85,46.58,,44.63,,,,,,,,,,,,,,,,,,,,11,,,,,,,,,,,,
L035W08,L035,8,Step1_Model1_EQC_CH2,Step2_Model3_EQA_CH3,Step3_Model2_EQB_CH2,Step4_Model3_EQC_CH4,Step5_Model2_EQB_CH4,Step6_Model2_EQC_CH3,Step7_Model2_EQC_CH4,Step8_Model1_EQA_CH3,Step9_Model1_EQB_CH3,Step10_Model3_EQB_CH4,Step11_Model3_EQB_CH1,Step12_Model1_EQC_CH4,Step13_Model2_EQC_CH4,Step14_Model3_EQB_CH2,Step15_Model2_EQC_CH4,Step16_Model3_EQA_CH2,Step17_Model3_EQA_CH2,Step18_Model1_EQA_CH4,Step19_Model3_EQA_CH3,Step20_Model3_EQC_CH1,Step21_Model2_EQC_CH4,Step22_Model3_EQA_CH4,Step23_Model3_EQC_CH3,Step24_Model2_EQB_CH2,Step25_Model1_EQA_CH3,Step26_Model2_EQB_CH3,Step27_Model3_EQA_CH2,Step28_Model1_EQC_CH4,Step29_Model3_EQA_CH3,Step30_Model2_EQB_CH3,,,58.85,,,,,67.62,,,51.09,,,,,,,44.52,43.56,,,38.56,,41.18,,,,,,,,,,,,,,,,,,,,,,50.54,58.91,36.63,,7,11,,,,,,8,,,,,,,
L035W09,L035,9,Step1_Model1_EQC_CH4,Step2_Model3_EQA_CH4,Step3_Model2_EQB_CH1,Step4_Model3_EQC_CH3,Step5_Model2_EQB_CH1,Step6_Model2_EQC_CH2,Step7_Model2_EQC_CH4,Step8_Model1_EQA_CH4,Step9_Model1_EQB_CH1,Step10_Model3_EQB_CH3,Step11_Model3_EQB_CH2,Step12_Model1_EQC_CH3,Step13_Model2_EQC_CH3,Step14_Model3_EQB_CH1,Step15_Model2_EQC_CH3,Step16_Model3_EQA_CH1,Step17_Model3_EQA_CH4,Step18_Model1_EQA_CH4,Step19_Model3_EQA_CH4,Step20_Model3_EQC_CH2,Step21_Model2_EQC_CH2,Step22_Model3_EQA_CH3,Step23_Model3_EQC_CH1,Step24_Model2_EQB_CH3,Step25_Model1_EQA_CH4,Step26_Model2_EQB_CH3,Step27_Model3_EQA_CH3,Step28_Model1_EQC_CH3,Step29_Model3_EQA_CH4,Step30_Model2_EQB_CH1,,,,,,52.19,,,,53.95,,,,39.89,,,,41.98,,,,,,,,57.94,,,,,,,,,,53.18,,58.87,,,,,,59.98,,,,,,,,,,,,,11,,,,,,,
L035W10,L035,10,Step1_Model1_EQC_CH3,Step2_Model3_EQA_CH4,Step3_Model2_EQB_CH2,Step4_Model3_EQC_CH1,Step5_Model2_EQB_CH4,Step6_Model2_EQC_CH3,Step7_Model2_EQC_CH4,Step8_Model1_EQA_CH1,Step9_Model1_EQB_CH3,Step10_Model3_EQB_CH2,Step11_Model3_EQB_CH2,Step12_Model1_EQC_CH2,Step13_Model2_EQC_CH4,Step14_Model3_EQB_CH1,Step15_Model2_EQC_CH2,Step16_Model3_EQA_CH3,Step17_Model3_EQA_CH3,Step18_Model1_EQA_CH3,Step19_Model3_EQA_CH4,Step20_Model3_EQC_CH1,Step21_Model2_EQC_CH1,Step22_Model3_EQA_CH2,Step23_Model3_EQC_CH1,Step24_Model2_EQB_CH3,Step25_Model1_EQA_CH3,Step26_Model2_EQB_CH4,Step27_Model3_EQA_CH3,Step28_Model1_EQC_CH1,Step29_Model3_EQA_CH3,Step30_Model2_EQB_CH2,37.45,,,,,,,,,,47.16,,,38.3,,59.87,,,,,,45.43,36.3,,39.49,,,,,,,,,,,,,,56.62,,,,,,64.18,,,,15,,,,,,,,,,,,,,,
L035W11,L035,11,Step1_Model1_EQC_CH4,Step2_Model3_EQA_CH4,Step3_Model2_EQB_CH1,Step4_Model3_EQC_CH3,Step5_Model2_EQB_CH3,Step6_Model2_EQC_CH1,Step7_Model2_EQC_CH1,Step8_Model1_EQA_CH2,Step9_Model1_EQB_CH1,Step10_Model3_EQB_CH3,Step11_Model3_EQB_CH2,Step12_Model1_EQC_CH4,Step13_Model2_EQC_CH3,Step14_Model3_EQB_CH4,Step15_Model2_EQC_CH4,Step16_Model3_EQA_CH4,Step17_Model3_EQA_CH3,Step18_Model1_EQA_CH4,Step19_Model3_EQA_CH3,Step20_Model3_EQC_CH4,Step21_Model2_EQC_CH1,Step22_Model3_EQA_CH1,Step23_Model3_EQC_CH3,Step24_Model2_EQB_CH4,Step25_Model1_EQA_CH4,Step26_Model2_EQB_CH4,Step27_Model3_EQA_CH1,Step28_Model1_EQC_CH4,Step29_Model3_EQA_CH4,Step30_Model2_EQB_CH3,,39.32,,,,,,60.13,,,,,39.28,39.83,,,,,,,,,,,,,,,55.29,,,,,,,,63.67,,,,,,,60.26,,,,,,,,,,,,,,,,,,,,
L035W12,L035,12,Step1_Model1_EQC_CH4,Step2_Model3_EQA_CH1,Step3_Model2_EQB_CH4,Step4_Model3_EQC_CH1,Step5_Model2_EQB_CH1,Step6_Model2_EQC_CH2,Step7_Model2_EQC_CH1,Step8_Model1_EQA_CH2,Step9_Model1_EQB_CH2,Step10_Model3_EQB_CH4,Step11_Model3_EQB_CH2,Step12_Model1_EQC_CH3,Step13_Model2_EQC_CH1,Step14_Model3_EQB_CH3,Step15_Model2_EQC_CH2,Step16_Model3_EQA_CH4,Step17_Model3_EQA_CH1,Step18_Model1_EQA_CH3,Step19_Model3_EQA_CH4,Step20_Model3_EQC_CH2,Step21_Model2_EQC_CH4,Step22_Model3_EQA_CH3,Step23_Model3_EQC_CH4,Step24_Model2_EQB_CH3,Step25_Model1_EQA_CH4,Step26_Model2_EQB_CH1,Step27_Model3_EQA_CH4,Step28_Model1_EQC_CH1,Step29_Model3_EQA_CH3,Step30_Model2_EQB_CH1,,,,,,,,,,,,,,,47.41,,58.58,,39.94,,,40.35,,,,,,,,,,,,,,,,,65.64,58.7,,,,,,,,,,,,,,8,,,,,,,,,,
L035W13,L035,13,Step1_Model1_EQC_CH4,Step2_Model3_EQA_CH1,Step3_Model2_EQB_CH3,Step4_Model3_EQC_CH4,Step5_Model2_EQB_CH1,Step6_Model2_EQC_CH1,Step7_Model2_EQC_CH2,Step8_Model1_EQA_CH1,Step9_Model1_EQB_CH2,Step10_Model3_EQB_CH3,Step11_Model3_EQB_CH2,Step12_Model1_EQC_CH3,Step13_Model2_EQC_CH1,Step14_Model3_EQB_CH1,Step15_Model2_EQC_CH2,Step16_Model3_EQA_CH3,Step17_Model3_EQA_CH1,Step18_Model1_EQA_CH2,Step19_Model3_EQA_CH2,Step20_Model3_EQC_CH2,Step21_Model2_EQC_CH1,Step22_Model3_EQA_CH3,Step23_Model3_EQC_CH1,Step24_Model2_EQB_CH4,Step25_Model1_EQA_CH4,Step26_Model2_EQB_CH1,Step27_Model3_EQA_CH3,Step28_Model1_EQC_CH2,Step29_Model3_EQA_CH4,Step30_Model2_EQB_CH4,,,,,39.77,,,,,,,,,,,63.86,,,46.21,,,,,,,,,,,44.43,55.49,,,,,62.91,,,61.45,,,,,,,,,36.92,,,,,,15,,,,,,,,,,
L035W14,L035,14,Step1_Model1_EQC_CH1,Step2_Model3_EQA_CH4,Step3_Model2_EQB_CH4,Step4_Model3_EQC_CH2,Step5_Model2_EQB_CH2,Step6_Model2_EQC_CH3,Step7_Model2_EQC_CH4,Step8_Model1_EQA_CH3,Step9_Model1_EQB_CH3,Step10_Model3_EQB_CH2,Step11_Model3_EQB_CH2,Step12_Model1_EQC_CH1,Step13_Model2_EQC_CH2,Step14_Model3_EQB_CH3,Step15_Model2_EQC_CH4,Step16_Model3_EQA_CH3,Step17_Model3_EQA_CH3,Step18_Model1_EQA_CH3,Step19_Model3_EQA_CH2,Step20_Model3_EQC_CH3,Step21_Model2_EQC_CH1,Step22_Model3_EQA_CH4,Step23_Model3_EQC_CH2,Step24_Model2_EQB_CH3,Step25_Model1_EQA_CH1,Step26_Model2_EQB_CH4,Step27_Model3_EQA_CH3,Step28_Model1_EQC_CH4,Step29_Model3_EQA_CH2,Step30_Model2_EQB_CH2,33.34,,,,,54.08,,67.36,59.92,61.55,,,,,,,,,45.77,,,46.3,,,,56.69,,57.55,,,,43.35,,,,,63.45,,,,41.82,,,,,,55.99,,,,,,,,13,,,,,,,,,
L035W15,L035,15,Step1_Model1_EQC_CH1,Step2_Model3_EQA_CH2,Step3_Model2_EQB_CH1,Step4_Model3_EQC_CH3,Step5_Model2_EQB_CH4,Step6_Model2_EQC_CH2,Step7_Model2_EQC_CH4,Step8_Model1_EQA_CH4,Step9_Model1_EQB_CH3,Step10_Model3_EQB_CH3,Step11_Model3_EQB_CH2,Step12_Model1_EQC_CH3,Step13_Model2_EQC_CH4,Step14_Model3_EQB_CH1,Step15_Model2_EQC_CH1,Step16_Model3_EQA_CH1,Step17_Model3_EQA_CH2,Step18_Model1_EQA_CH3,Step19_Model3_EQA_CH3,Step20_Model3_EQC_CH3,Step21_Model2_EQC_CH3,Step22_Model3_EQA_CH4,Step23_Model3_EQC_CH1,Step24_Model2_EQB_CH4,Step25_Model1_EQA_CH2,Step26_Model2_EQB_CH1,Step27_Model3_EQA_CH1,Step28_Model1_EQC_CH4,Step29_Model3_EQA_CH2,Step30_Model2_EQB_CH2,,,,,,,,,64.55,,,,,,,,,,,,,,,,,,,64.56,,,,,,46.36,,,,,,,,,,,,,,,,,,,,,,,,,,,,,,
L035W16,L035,16,Step1_Model1_EQC_CH1,Step2_Model3_EQA_CH3,Step3_Model2_EQB_CH2,Step4_Model3_EQC_CH4,Step5_Model2_EQB_CH2,Step6_Model2_EQC_CH1,Step7_Model2_EQC_CH3,Step8_Model1_EQA_CH2,Step9_Model1_EQB_CH1,Step10_Model3_EQB_CH2,Step11_Model3_EQB_CH3,Step12_Model1_EQC_CH4,Step13_Model2_EQC_CH1,Step14_Model3_EQB_CH1,Step15_Model2_EQC_CH3,Step16_Model3_EQA_CH1,Step17_Model3_EQA_CH3,Step18_Model1_EQA_CH1,Step19_Model3_EQA_CH3,Step20_Model3_EQC_CH2,Step21_Model2_EQC_CH2,Step22_Model3_EQA_CH2,Step23_Model3_EQC_CH1,Step24_Model2_EQB_CH3,Step25_Model1_EQA_CH3,Step26_Model2_EQB_CH4,Step27_Model3_EQA_CH2,Step28_Model1_EQC_CH4,Step29_Model3_EQA_CH2,Step30_Model2_EQB_CH4,,,,,,,,,,61.01,,,,,,,,,42.22,,,,,,30.06,,,,,,,46.69,,,,,,76.45,,,,,,,55.43,,,,,,,,,,,,,,,,,,,
L035W17,L035,17,Step1_Model1_EQC_CH2,Step2_Model3_EQA_CH3,Step3_Model2_EQB_CH2,Step4_Model3_EQC_CH1,Step5_Model2_EQB_CH2,Step6_Model2_EQC_CH2,Step7_Model2_EQC_CH3,Step8_Model1_EQA_CH1,Step9_Model1_EQB_CH3,Step10_Model3_EQB_CH4,Step11_Model3_EQB_CH4,Step12_Model1_EQC_CH1,Step13_Model2_EQC_CH4,Step14_Model3_EQB_CH1,Step15_Model2_EQC_CH2,Step16_Model3_EQA_CH4,Step17_Model3_EQA_CH2,Step18_Model1_EQA_CH3,Step19_Model3_EQA_CH4,Step20_Model3_EQC_CH3,Step21_Model2_EQC_CH3,Step22_Model3_EQA_CH1,Step23_Model3_EQC_CH3,Step24_Model2_EQB_CH1,Step25_Model1_EQA_CH1,Step26_Model2_EQB_CH1,Step27_Model3_EQA_CH1,Step28_Model1_EQC_CH1,Step29_Model3_EQA_CH2,Step30_Model2_EQB_CH1,,,,,,,,,60.12,,,,40.11,,,,,,,,38.09,,,,,,,,55.55,,,,,,,,56.39,,,,,,,,,,,,,11,8,,,,,,,,,,,,,
L035W18,L035,18,Step1_Model1_EQC_CH4,Step2_Model3_EQA_CH1,Step3_Model2_EQB_CH2,Step4_Model3_EQC_CH4,Step5_Model2_EQB_CH4,Step6_Model2_EQC_CH2,Step7_Model2_EQC_CH4,Step8_Model1_EQA_CH2,Step9_Model1_EQB_CH3,Step10_Model3_EQB_CH3,Step11_Model3_EQB_CH1,Step12_Model1_EQC_CH1,Step13_Model2_EQC_CH1,Step14_Model3_EQB_CH1,Step15_Model2_EQC_CH2,Step16_Model3_EQA_CH3,Step17_Model3_EQA_CH2,Step18_Model1_EQA_CH4,Step19_Model3_EQA_CH4,Step20_Model3_EQC_CH4,Step21_Model2_EQC_CH4,Step22_Model3_EQA_CH4,Step23_Model3_EQC_CH3,Step24_Model2_EQB_CH2,Step25_Model1_EQA_CH4,Step26_Model2_EQB_CH1,Step27_Model3_EQA_CH3,Step28_Model1_EQC_CH1,Step29_Model3_EQA_CH3,Step30_Model2_EQB_CH3,,,,,,,,,,,,,,,,,,,,,40,,,,36.96,,,,,,,44.25,,42.17,,,54.2,,57.48,59.65,,,,,,,,,,,,,,,,,,,,,,,,
L035W19,L035,19,Step1_Model1_EQC_CH1,Step2_Model3_EQA_CH1,Step3_Model2_EQB_CH4,Step4_Model3_EQC_CH1,Step5_Model2_EQB_CH2,Step6_Model2_EQC_CH3,Step7_Model2_EQC_CH3,Step8_Model1_EQA_CH4,Step9_Model1_EQB_CH3,Step10_Model3_EQB_CH1,Step11_Model3_EQB_CH3,Step12_Model1_EQC_CH3,Step13_Model2_EQC_CH1,Step14_Model3_EQB_CH1,Step15_Model2_EQC_CH3,Step16_Model3_EQA_CH2,Step17_Model3_EQA_CH1,Step18_Model1_EQA_CH2,Step19_Model3_EQA_CH2,Step20_Model3_EQC_CH4,Step21_Model2_EQC_CH2,Step22_Model3_EQA_CH4,Step23_Model3_EQC_CH2,Step24_Model2_EQB_CH4,Step25_Model1_EQA_CH1,Step26_Model2_EQB_CH3,Step27_Model3_EQA_CH3,Step28_Model1_EQC_CH4,Step29_Model3_EQA_CH1,Step30_Model2_EQB_CH4,,,,,38.75,,,,,,,,,34.82,,,,,,42.58,,,,38.77,,,,,,43.68,,,32.45,52.37,40.83,,,,62.27,60.41,32.19,,,,59.45,,,,,,,,,,,,,,,,,,,
L035W20,L035,20,Step1_Model1_EQC_CH4,Step2_Model3_EQA_CH1,Step3_Model2_EQB_CH2,Step4_Model3_EQC_CH2,Step5_Model2_EQB_CH1,Step6_Model2_EQC_CH4,Step7_Model2_EQC_CH3,Step8_Model1_EQA_CH4,Step9_Model1_EQB_CH2,Step10_Model3_EQB_CH1,Step11_Model3_EQB_CH1,Step12_Model1_EQC_CH1,Step13_Model2_EQC_CH2,Step14_Model3_EQB_CH4,Step15_Model2_EQC_CH1,Step16_Model3_EQA_CH3,Step17_Model3_EQA_CH1,Step18_Model1_EQA_CH4,Step19_Model3_EQA_CH2,Step20_Model3_EQC_CH3,Step21_Model2_EQC_CH3,Step22_Model3_EQA_CH1,Step23_Model3_EQC_CH4,Step24_Model2_EQB_CH1,Step25_Model1_EQA_CH3,Step26_Model2_EQB_CH1,Step27_Model3_EQA_CH4,Step28_Model1_EQC_CH2,Step29_Model3_EQA_CH3,Step30_Model2_EQB_CH4,,,,,,,,,,66.02,,,,42.53,,,,,42.35,,,,,,,64.84,,,,45.94,,45.32,,,,,,,,58.89,,,,,,49.59,50.16,,,14,,9,,,,,,,,,,,,
L035W21,L035,21,Step1_Model1_EQC_CH1,Step2_Model3_EQA_CH3,Step3_Model2_EQB_CH1,Step4_Model3_EQC_CH1,Step5_Model2_EQB_CH2,Step6_Model2_EQC_CH1,Step7_Model2_EQC_CH1,Step8_Model1_EQA_CH4,Step9_Model1_EQB_CH1,Step10_Model3_EQB_CH2,Step11_Model3_EQB_CH1,Step12_Model1_EQC_CH1,Step13_Model2_EQC_CH1,Step14_Model3_EQB_CH3,Step15_Model2_EQC_CH2,Step16_Model3_EQA_CH3,Step17_Model3_EQA_CH2,Step18_Model1_EQA_CH2,Step19_Model3_EQA_CH4,Step20_Model3_EQC_CH3,Step21_Model2_EQC_CH2,Step22_Model3_EQA_CH2,Step23_Model3_EQC_CH4,Step24_Model2_EQB_CH3,Step25_Model1_EQA_CH1,Step26_Model2_EQB_CH4,Step27_Model3_EQA_CH2,Step28_Model1_EQC_CH3,Step29_Model3_EQA_CH2,Step30_Model2_EQB_CH4,,,,,,51.3,63.84,,,,,,39.56,,,,,,,,,,40.15,,,,,,,,,,,,,,,,,55.94,,,,,,,,,,,,,17,,,,,,,,,,,
L035W22,L035,22,Step1_Model1_EQC_CH4,Step2_Model3_EQA_CH3,Step3_Model2_EQB_CH4,Step4_Model3_EQC_CH4,Step5_Model2_EQB_CH1,Step6_Model2_EQC_CH2,Step7_Model2_EQC_CH1,Step8_Model1_EQA_CH1,Step9_Model1_EQB_CH3,Step10_Model3_EQB_CH4,Step11_Model3_EQB_CH2,Step12_Model1_EQC_CH2,Step13_Model2_EQC_CH2,Step14_Model3_EQB_CH4,Step15_Model2_EQC_CH2,Step16_Model3_EQA_CH2,Step17_Model3_EQA_CH4,Step18_Model1_EQA_CH3,Step19_Model3_EQA_CH2,Step20_Model3_EQC_CH4,Step21_Model2_EQC_CH1,Step22_Model3_EQA_CH4,Step23_Model3_EQC_CH1,Step24_Model2_EQB_CH4,Step25_Model1_EQA_CH2,Step26_Model2_EQB_CH3,Step27_Model3_EQA_CH3,Step28_Model1_EQC_CH2,Step29_Model3_EQA_CH1,Step30_Model2_EQB_CH4,34.65,,,,,56.04,,,,,61.65,,,,53.65,,,,,,,,,39.33,38.04,,,61.76,,,,,,,,,,,,,,,,,,,57.73,,,,,,,,,,,11,,,,,,
L035W23,L035,23,Step1_Model1_EQC_CH2,Step2_Model3_EQA_CH4,Step3_Model2_EQB_CH2,Step4_Model3_EQC_CH2,Step5_Model2_EQB_CH4,Step6_Model2_EQC_CH3,Step7_Model2_EQC_CH3,Step8_Model1_EQA_CH1,Step9_Model1_EQB_CH4,Step10_Model3_EQB_CH1,Step11_Model3_EQB_CH2,Step12_Model1_EQC_CH1,Step13_Model2_EQC_CH2,Step14_Model3_EQB_CH4,Step15_Model2_EQC_CH4,Step16_Model3_EQA_CH4,Step17_Model3_EQA_CH4,Step18_Model1_EQA_CH1,Step19_Model3_EQA_CH2,Step20_Model3_EQC_CH3,Step21_Model2_EQC_CH4,Step22_Model3_EQA_CH4,Step23_Model3_EQC_CH2,Step24_Model2_EQB_CH3,Step25_Model1_EQA_CH4,Step26_Model2_EQB_CH3,Step27_Model3_EQA_CH4,Step28_Model1_EQC_CH1,Step29_Model3_EQA_CH1,Step30_Model2_EQB_CH3,,,,,,,,,,,,,,,,,,,,,41.23,,,,34.02,61.29,,,,,,48.31,,,,,57.74,,63.53,,46.26,,,,,,,,,,,,,,,,,,,,,,,
L035W24,L035,24,Step1_Model1_EQC_CH2,Step2_Model3_EQA_CH2,Step3_Model2_EQB_CH1,Step4_Model3_EQC_CH2,Step5_Model2_EQB_CH2,Step6_Model2_EQC_CH2,Step7_Model2_EQC_CH3,Step8_Model1_EQA_CH3,Step9_Model1_EQB_CH2,Step10_Model3_EQB_CH1,Step11_Model3_EQB_CH2,Step12_Model1_EQC_CH4,Step13_Model2_EQC_CH1,Step14_Model3_EQB_CH3,Step15_Model2_EQC_CH4,Step16_Model3_EQA_CH2,Step17_Model3_EQA_CH2,Step18_Model1_EQA_CH1,Step19_Model3_EQA_CH1,Step20_Model3_EQC_CH2,Step21_Model2_EQC_CH2,Step22_Model3_EQA_CH1,Step23_Model3_EQC_CH4,Step24_Model2_EQB_CH3,Step25_Model1_EQA_CH1,Step26_Model2_EQB_CH4,Step27_Model3_EQA_CH2,Step28_Model1_EQC_CH3,Step29_Model3_EQA_CH4,Step30_Model2_EQB_CH3,,,,,,,62.5,,,,,,45.5,,,,,,35.59,,37.52,,,,,,,,,,,,,,,,,,,,38.94,,,,,55.97,,,,,,,,,,,,,,,,,,
L035W25,L035,25,Step1_Model1_EQC_CH3,Step2_Model3_EQA_CH3,Step3_Model2_EQB_CH4,Step4_Model3_EQC_CH4,Step5_Model2_EQB_CH2,Step6_Model2_EQC_CH3,Step7_Model2_EQC_CH1,Step8_Model1_EQA_CH1,Step9_Model1_EQB_CH1,Step10_Model3_EQB_CH4,Step11_Model3_EQB_CH2,Step12_Model1_EQC_CH4,Step13_Model2_EQC_CH3,Step14_Model3_EQB_CH1,Step15_Model2_EQC_CH4,Step16_Model3_EQA_CH1,Step17_Model3_EQA_CH4,Step18_Model1_EQA_CH1,Step19_Model3_EQA_CH3,Step20_Model3_EQC_CH1,Step21_Model2_EQC_CH3,Step22_Model3_EQA_CH3,Step23_Model3_EQC_CH4,Step24_Model2_EQB_CH4,Step25_Model1_EQA_CH4,Step26_Model2_EQB_CH3,Step27_Model3_EQA_CH2,Step28_Model1_EQC_CH2,Step29_Model3_EQA_CH3,Step30_Model2_EQB_CH3,37.76,,,39.03,,,68.41,,66.17,,,37.19,,44.22,,,,,45.83,,,,,,,,,58.14,,,,45.29,,,,,57.22,,,,,,,,,,,,,,,,,,10,,,,,,,,,
L036W01,L036,1,Step1_Model2_EQB_CH4,Step2_Model3_EQB_CH3,Step3_Model1_EQC_CH4,Step4_Model3_EQB_CH4,Step5_Model1_EQB_CH1,Step6_Model1_EQA_CH1,Step7_Model3_EQA_CH2,Step8_Model3_EQA_CH4,Step9_Model3_EQA_CH3,Step10_Model2_EQA_CH4,Step11_Model2_EQA_CH3,Step12_Model1_EQC_CH4,Step13_Model1_EQA_CH3,Step14_Model1_EQB_CH4,Step15_Model3_EQC_CH4,Step16_Model1_EQA_CH2,Step17_Model2_EQA_CH1,Step18_Model3_EQC_CH1,Step19_Model2_EQB_CH3,Step20_Model3_EQB_CH4,Step21_Model1_EQA_CH4,Step22_Model2_EQC_CH1,Step23_Model2_EQC_CH3,Step24_Model2_EQB_CH2,Step25_Model2_EQA_CH2,Step26_Model1_EQC_CH2,Step27_Model2_EQA_CH4,Step28_Model2_EQC_CH3,Step29_Model1_EQC_CH1,Step30_Model1_EQB_CH4,39.92,,,46.86,40.06,,,,,,,,,,,,,,,,38.78,,36.41,42.99,,,35.14,,,,,,,32.45,,,,62.5,,,,,,,62.02,,,,,,,,,,,,,,,,,,,
L036W02,L036,2,Step1_Model2_EQB_CH4,Step2_Model3_EQB_CH2,Step3_Model1_EQC_CH3,Step4_Model3_EQB_CH3,Step5_Model1_EQB_CH2,Step6_Model1_EQA_CH2,Step7_Model3_EQA_CH2,Step8_Model3_EQA_CH4,Step9_Model3_EQA_CH4,Step10_Model2_EQA_CH4,Step11_Model2_EQA_CH1,Step12_Model1_EQC_CH1,Step13_Model1_EQA_CH3,Step14_Model1_EQB_CH2,Step15_Model3_EQC_CH2,Step16_Model1_EQA_CH4,Step17_Model2_EQA_CH1,Step18_Model3_EQC_CH2,Step19_Model2_EQB_CH3,Step20_Model3_EQB_CH2,Step21_Model1_EQA_CH4,Step22_Model2_EQC_CH4,Step23_Model2_EQC_CH1,Step24_Model2_EQB_CH3,Step25_Model2_EQA_CH3,Step26_Model1_EQC_CH2,Step27_Model2_EQA_CH3,Step28_Model2_EQC_CH2,Step29_Model1_EQC_CH2,Step30_Model1_EQB_CH1,,,,,,,,,,,55.01,,,,,55.12,,43.24,,,,,,36.79,,,,,58,,45.15,45.67,,,,,,58.45,,57.64,,,,,,,,,,,,13,9,,,,,,,,,,,
L036W03,L036,3,Step1_Model2_EQB_CH3,Step2_Model3_EQB_CH4,Step3_Model1_EQC_CH2,Step4_Model3_EQB_CH2,Step5_Model1_EQB_CH2,Step6_Model1_EQA_CH3,Step7_Model3_EQA_CH3,Step8_Model3_EQA_CH3,Step9_Model3_EQA_CH2,Step10_Model2_EQA_CH4,Step11_Model2_EQA_CH4,Step12_Model1_EQC_CH3,Step13_Model1_EQA_CH4,Step14_Model1_EQB_CH2,Step15_Model3_EQC_CH3,Step16_Model1_EQA_CH3,Step17_Model2_EQA_CH2,Step18_Model3_EQC_CH3,Step19_Model2_EQB_CH2,Step20_Model3_EQB_CH3,Step21_Model1_EQA_CH4,Step22_Model2_EQC_CH3,Step23_Model2_EQC_CH3,Step24_Model2_EQB_CH3,Step25_Model2_EQA_CH1,Step26_Model1_EQC_CH4,Step27_Model2_EQA_CH2,Step28_Model2_EQC_CH1,Step29_Model1_EQC_CH4,Step30_Model1_EQB_CH3,,,48.27,,42.88,,,,,,48.27,,,,60.35,,,,,,37.01,,,,,,,,,,,,,,,,,,,,,54.93,,,,,,33.06,,,,,,,,,,,,,,,,
L036W04,L036,4,Step1_Model2_EQB_CH3,Step2_Model3_EQB_CH2,Step3_Model1_EQC_CH2,Step4_Model3_EQB_CH4,Step5_Model1_EQB_CH4,Step6_Model1_EQA_CH2,Step7_Model3_EQA_CH4,Step8_Model3_EQA_CH2,Step9_Model3_EQA_CH3,Step10_Model2_EQA_CH2,Step11_Model2_EQA_CH1,Step12_Model1_EQC_CH2,Step13_Model1_EQA_CH2,Step14_Model1_EQB_CH1,Step15_Model3_EQC_CH1,Step16_Model1_EQA_CH1,Step17_Model2_EQA_CH1,Step18_Model3_EQC_CH2,Step19_Model2_EQB_CH4,Step20_Model3_EQB_CH1,Step21_Model1_EQA_CH3,Step22_Model2_EQC_CH2,Step23_Model2_EQC_CH4,Step24_Model2_EQB_CH3,Step25_Model2_EQA_CH2,Step26_Model1_EQC_CH2,Step27_Model2_EQA_CH3,Step28_Model2_EQC_CH1,Step29_Model1_EQC_CH1,Step30_Model1_EQB_CH3,,34.69,,,,,,,,,,,,,,,,,,,,,,,,,36.45,,,,,38.8,,,,,,63.64,,,,,,,56.27,,,41.93,,5,,,,,,,,,,,,,,
L036W05,L036,5,Step1_Model2_EQB_CH4,Step2_Model3_EQB_CH1,Step3_Model1_EQC_CH2,Step4_Model3_EQB_CH2,Step5_Model1_EQB_CH4,Step6_Model1_EQA_CH2,Step7_Model3_EQA_CH1,Step8_Model3_EQA_CH4,Step9_Model3_EQA_CH1,Step10_Model2_EQA_CH4,Step11_Model2_EQA_CH3,Step12_Model1_EQC_CH2,Step13_Model1_EQA_CH4,Step14_Model1_EQB_CH3,Step15_Model3_EQC_CH1,Step16_Model1_EQA_CH3,Step17_Model2_EQA_CH1,Step18_Model3_EQC_CH4,Step19_Model2_EQB_CH4,Step20_Model3_EQB_CH2,Step21_Model1_EQA_CH2,Step22_Model2_EQC_CH4,Step23_Model2_EQC_CH1,Step24_Model2_EQB_CH1,Step25_Model2_EQA_CH4,Step26_Model1_EQC_CH1,Step27_Model2_EQA_CH4,Step28_Model2_EQC_CH2,Step29_Model1_EQC_CH1,Step30_Model1_EQB_CH2,,,,,,,,,56.36,,55.09,,,35.93,,,,,,40.13,,,,,,,,,,,,,,,,,,,,63.24,,,,,,44.44,,34.7,,,,,,,,7,,,,,,,,
L036W06,L036,6,Step1_Model2_EQB_CH3,Step2_Model3_EQB_CH2,Step3_Model1_EQC_CH3,Step4_Model3_EQB_CH2,Step5_Model1_EQB_CH2,Step6_Model1_EQA_CH1,Step7_Model3_EQA_CH2,Step8_Model3_EQA_CH4,Step9_Model3_EQA_CH1,Step10_Model2_EQA_CH1,Step11_Model2_EQA_CH1,Step12_Model1_EQC_CH2,Step13_Model1_EQA_CH1,Step14_Model1_EQB_CH3,Step15_Model3_EQC_CH3,Step16_Model1_EQA_CH2,Step17_Model2_EQA_CH1,Step18_Model3_EQC_CH4,Step19_Model2_EQB_CH4,Step20_Model3_EQB_CH3,Step21_Model1_EQA_CH2,Step22_Model2_EQC_CH2,Step23_Model2_EQC_CH2,Step24_Model2_EQB_CH2,Step25_Model2_EQA_CH2,Step26_Model1_EQC_CH1,Step27_Model2_EQA_CH1,Step28_Model2_EQC_CH1,Step29_Model1_EQC_CH4,Step30_Model1_EQB_CH1,31.89,,,,,,,,,,,,,,,64.62,,,44.95,,,,,38.84,,,,,,,,,,,,,,,,65.48,,,,,,,,,,,,,,,,,,,,,,,,
L036W07,L036,7,Step1_Model2_EQB_CH2,Step2_Model3_EQB_CH2,Step3_Model1_EQC_CH4,Step4_Model3_EQB_CH4,Step5_Model1_EQB_CH3,Step6_Model1_EQA_CH4,Step7_Model3_EQA_CH3,Step8_Model3_EQA_CH1,Step9_Model3_EQA_CH2,Step10_Model2_EQA_CH3,Step11_Model2_EQA_CH3,Step12_Model1_EQC_CH3,Step13_Model1_EQA_CH4,Step14_Model1_EQB_CH4,Step15_Model3_EQC_CH4,Step16_Model1_EQA_CH3,Step17_Model2_EQA_CH1,Step18_Model3_EQC_CH2,Step19_Model2_EQB_CH4,Step20_Model3_EQB_CH1,Step21_Model1_EQA_CH4,Step22_Model2_EQC_CH4,Step23_Model2_EQC_CH3,Step24_Model2_EQB_CH3,Step25_Model2_EQA_CH4,Step26_Model1_EQC_CH2,Step27_Model2_EQA_CH4,Step28_Model2_EQC_CH2,Step29_Model1_EQC_CH1,Step30_Model1_EQB_CH4,,,36.16,,,,62.14,,,64.57,,,,,,,,,,,,,,,,,,,,,,,,46.28,,,,66.44,,,40.5,,,,,,50.67,,,,,,,,,,,,,,,,,
L036W08,L036,8,Step1_Model2_EQB_CH2,Step2_Model3_EQB_CH1,Step3_Model1_EQC_CH1,Step4_Model3_EQB_CH3,Step5_Model1_EQB_CH1,Step6_Model1_EQA_CH3,Step7_Model3_EQA_CH1,Step8_Model3_EQA_CH1,Step9_Model3_EQA_CH2,Step10_Model2_EQA_CH2,Step11_Model2_EQA_CH3,Step12_Model1_EQC_CH4,Step13_Model1_EQA_CH2,Step14_Model1_EQB_CH1,Step15_Model3_EQC_CH3,Step16_Model1_EQA_CH3,Step17_Model2_EQA_CH3,Step18_Model3_EQC_CH1,Step19_Model2_EQB_CH2,Step20_Model3_EQB_CH4,Step21_Model1_EQA_CH3,Step22_Model2_EQC_CH1,Step23_Model2_EQC_CH2,Step24_Model2_EQB_CH2,Step25_Model2_EQA_CH4,Step26_Model1_EQC_CH3,Step27_Model2_EQA_CH1,Step28_Model2_EQC_CH2,Step29_Model1_EQC_CH1,Step30_Model1_EQB_CH2,,,,,,,61.89,63.88,,,,,37.53,,,54.81,56.51,,,41.93,,,,,,,,,,,,32.45,,,,,62.77,,,,,,,,,,50.75,33.71,,,,,,,,,,,,,,,,
L036W09,L036,9,Step1_Model2_EQB_CH3,Step2_Model3_EQB_CH3,Step3_Model1_EQC_CH4,Step4_Model3_EQB_CH2,Step5_Model1_EQB_CH1,Step6_Model1_EQA_CH2,Step7_Model3_EQA_CH1,Step8_Model3_EQA_CH4,Step9_Model3_EQA_CH2,Step10_Model2_EQA_CH3,Step11_Model2_EQA_CH1,Step12_Model1_EQC_CH3,Step13_Model1_EQA_CH4,Step14_Model1_EQB_CH4,Step15_Model3_EQC_CH1,Step16_Model1_EQA_CH2,Step17_Model2_EQA_CH3,Step18_Model3_EQC_CH3,Step19_Model2_EQB_CH1,Step20_Model3_EQB_CH1,Step21_Model1_EQA_CH1,Step22_Model2_EQC_CH4,Step23_Model2_EQC_CH4,Step24_Model2_EQB_CH3,Step25_Model2_EQA_CH2,Step26_Model1_EQC_CH1,Step27_Model2_EQA_CH4,Step28_Model2_EQC_CH2,Step29_Model1_EQC_CH1,Step30_Model1_EQB_CH2,37.12,,,,36.88,,,,,,45.06,,,,,,,37.54,49.41,,,,,,,,37.07,,,,,,,,,,,58.81,,,46.96,56.59,,,,50.51,,,,,10,,,,,,,,,,,,,
L036W10,L036,10,Step1_Model2_EQB_CH1,Step2_Model3_EQB_CH2,Step3_Model1_EQC_CH3,Step4_Model3_EQB_CH1,Step5_Model1_EQB_CH1,Step6_Model1_EQA_CH3,Step7_Model3_EQA_CH1,Step8_Model3_EQA_CH1,Step9_Model3_EQA_CH4,Step10_Model2_EQA_CH3,Step11_Model2_EQA_CH4,Step12_Model1_EQC_CH3,Step13_Model1_EQA_CH2,Step14_Model1_EQB_CH3,Step15_Model3_EQC_CH3,Step16_Model1_EQA_CH4,Step17_Model2_EQA_CH1,Step18_Model3_EQC_CH3,Step19_Model2_EQB_CH1,Step20_Model3_EQB_CH3,Step21_Model1_EQA_CH4,Step22_Model2_EQC_CH3,Step23_Model2_EQC_CH2,Step24_Model2_EQB_CH3,Step25_Model2_EQA_CH3,Step26_Model1_EQC_CH1,Step27_Model2_EQA_CH1,Step28_Model2_EQC_CH2,Step29_Model1_EQC_CH3,Step30_Model1_EQB_CH1,,,42.99,,,,,,,,,,,,,,,,44.49,,,,,41.88,,54.05,,,,,,,,,,75.36,,,,,,,,,,,55.82,,,,,,,,,,12,,,,,,,
L036W11,L036,11,Step1_Model2_EQB_CH3,Step2_Model3_EQB_CH4,Step3_Model1_EQC_CH4,Step4_Model3_EQB_CH2,Step5_Model1_EQB_CH4,Step6_Model1_EQA_CH1,Step7_Model3_EQA_CH1,Step8_Model3_EQA_CH2,Step9_Model3_EQA_CH3,Step10_Model2_EQA_CH1,Step11_Model2_EQA_CH4,Step12_Model1_EQC_CH1,Step13_Model1_EQA_CH2,Step14_Model1_EQB_CH4,Step15_Model3_EQC_CH4,Step16_Model1_EQA_CH4,Step17_Model2_EQA_CH2,Step18_Model3_EQC_CH2,Step19_Model2_EQB_CH3,Step20_Model3_EQB_CH3,Step21_Model1_EQA_CH3,Step22_Model2_EQC_CH2,Step23_Model2_EQC_CH4,Step24_Model2_EQB_CH4,Step25_Model2_EQA_CH1,Step26_Model1_EQC_CH3,Step27_Model2_EQA_CH4,Step28_Model2_EQC_CH4,Step29_Model1_EQC_CH4,Step30_Model1_EQB_CH4,,,,,,,,,,,,,,,,,,,46.21,,,,,,,,,,,,,,,,,,,,,,32.88,,,,,,,33.34,,,,,,,,,,,,,,,,
L036W12,L036,12,Step1_Model2_EQB_CH2,Step2_Model3_EQB_CH3,Step3_Model1_EQC_CH4,Step4_Model3_EQB_CH4,Step5_Model1_EQB_CH4,Step6_Model1_EQA_CH4,Step7_Model3_EQA_CH1,Step8_Model3_EQA_CH4,Step9_Model3_EQA_CH4,Step10_Model2_EQA_CH4,Step11_Model2_EQA_CH1,Step12_Model1_EQC_CH2,Step13_Model1_EQA_CH1,Step14_Model1_EQB_CH4,Step15_Model3_EQC_CH2,Step16_Model1_EQA_CH4,Step17_Model2_EQA_CH2,Step18_Model3_EQC_CH4,Step19_Model2_EQB_CH4,Step20_Model3_EQB_CH2,Step21_Model1_EQA_CH2,Step22_Model2_EQC_CH4,Step23_Model2_EQC_CH1,Step24_Model2_EQB_CH1,Step25_Model2_EQA_CH1,Step26_Model1_EQC_CH1,Step27_Model2_EQA_CH2,Step28_Model2_EQC_CH2,Step29_Model1_EQC_CH1,Step30_Model1_EQB_CH3,,,,,45.74,,,,67.47,,,,,,,,,,,,,,,,,,,,,,,,,,,,,61.7,,,,,,,,,,,,,,8,,,,,,13,,,,,,
L036W13,L036,13,Step1_Model2_EQB_CH3,Step2_Model3_EQB_CH3,Step3_Model1_EQC_CH4,Step4_Model3_EQB_CH1,Step5_Model1_EQB_CH4,Step6_Model1_EQA_CH2,Step7_Model3_EQA_CH2,Step8_Model3_EQA_CH3,Step9_Model3_EQA_CH3,Step10_Model2_EQA_CH2,Step11_Model2_EQA_CH3,Step12_Model1_EQC_CH3,Step13_Model1_EQA_CH2,Step14_Model1_EQB_CH4,Step15_Model3_EQC_CH3,Step16_Model1_EQA_CH4,Step17_Model2_EQA_CH3,Step18_Model3_EQC_CH1,Step19_Model2_EQB_CH4,Step20_Model3_EQB_CH4,Step21_Model1_EQA_CH3,Step22_Model2_EQC_CH4,Step23_Model2_EQC_CH1,Step24_Model2_EQB_CH2,Step25_Model2_EQA_CH1,Step26_Model1_EQC_CH2,Step27_Model2_EQA_CH1,Step28_Model2_EQC_CH1,Step29_Model1_EQC_CH4,Step30_Model1_EQB_CH1,,,,,,,,62.08,,,53.26,,,28.25,,,,,,,,,,,,60.24,,56.91,,,,45.73,,,,,,,,,,,,,,,56.55,,,,,,,,,,,,,,,,,
L036W14,L036,14,Step1_Model2_EQB_CH3,Step2_Model3_EQB_CH3,Step3_Model1_EQC_CH3,Step4_Model3_EQB_CH3,Step5_Model1_EQB_CH4,Step6_Model1_EQA_CH3,Step7_Model3_EQA_CH1,Step8_Model3_EQA_CH3,Step9_Model3_EQA_CH4,Step10_Model2_EQA_CH2,Step11_Model2_EQA_CH1,Step12_Model1_EQC_CH1,Step13_Model1_EQA_CH4,Step14_Model1_EQB_CH2,Step15_Model3_EQC_CH3,Step16_Model1_EQA_CH2,Step17_Model2_EQA_CH1,Step18_Model3_EQC_CH1,Step19_Model2_EQB_CH1,Step20_Model3_EQB_CH2,Step21_Model1_EQA_CH3,Step22_Model2_EQC_CH1,Step23_Model2_EQC_CH4,Step24_Model2_EQB_CH3,Step25_Model2_EQA_CH1,Step26_Model1_EQC_CH3,Step27_Model2_EQA_CH4,Step28_Model2_EQC_CH2,Step29_Model1_EQC_CH1,Step30_Model1_EQB_CH4,,,,,,,56.07,,,,,,,,,,,43.27,,,,,,,,,,,,,60.57,,,,,,,,,,,,,,,,,,,,,,,,,,,,,,,,,
L036W15,L036,15,Step1_Model2_EQB_CH1,Step2_Model3_EQB_CH1,Step3_Model1_EQC_CH2,Step4_Model3_EQB_CH2,Step5_Model1_EQB_CH3,Step6_Model1_EQA_CH4,Step7_Model3_EQA_CH4,Step8_Model3_EQA_CH2,Step9_Model3_EQA_CH1,Step10_Model2_EQA_CH3,Step11_Model2_EQA_CH2,Step12_Model1_EQC_CH3,Step13_Model1_EQA_CH3,Step14_Model1_EQB_CH4,Step15_Model3_EQC_CH3,Step16_Model1_EQA_CH4,Step17_Model2_EQA_CH1,Step18_Model3_EQC_CH1,Step19_Model2_EQB_CH2,Step20_Model3_EQB_CH1,Step21_Model1_EQA_CH4,Step22_Model2_EQC_CH3,Step23_Model2_EQC_CH3,Step24_Model2_EQB_CH1,Step25_Model2_EQA_CH4,Step26_Model1_EQC_CH3,Step27_Model2_EQA_CH1,Step28_Model2_EQC_CH4,Step29_Model1_EQC_CH4,Step30_Model1_EQB_CH3,,,41.28,,,,,,,,,,,,,,,,,,,,,,,,,,,,,,,43.87,,,,,,,,,,,,54.15,,,,,,,,,,,14,,,,,,,
L036W16,L036,16,Step1_Model2_EQB_CH2,Step2_Model3_EQB_CH2,Step3_Model1_EQC_CH4,Step4_Model3_EQB_CH4,Step5_Model1_EQB_CH1,Step6_Model1_EQA_CH4,Step7_Model3_EQA_CH1,Step8_Model3_EQA_CH1,Step9_Model3_EQA_CH1,Step10_Model2_EQA_CH4,Step11_Model2_EQA_CH4,Step12_Model1_EQC_CH1,Step13_Model1_EQA_CH3,Step14_Model1_EQB_CH4,Step15_Model3_EQC_CH2,Step16_Model1_EQA_CH3,Step17_Model2_EQA_CH2,Step18_Model3_EQC_CH4,Step19_Model2_EQB_CH3,Step20_Model3_EQB_CH4,Step21_Model1_EQA_CH4,Step22_Model2_EQC_CH3,Step23_Model2_EQC_CH4,Step24_Model2_EQB_CH3,Step25_Model2_EQA_CH4,Step26_Model1_EQC_CH1,Step27_Model2_EQA_CH2,Step28_Model2_EQC_CH1,Step29_Model1_EQC_CH4,Step30_Model1_EQB_CH4,,,,,,47.79,,,,,,36.33,,,,,,,,,41.43,,,,,,,,,,,,,,,,,54.41,,,,,,,,,,,,8,,,,,,,,,,,,,,
L036W17,L036,17,Step1_Model2_EQB_CH4,Step2_Model3_EQB_CH1,Step3_Model1_EQC_CH4,Step4_Model3_EQB_CH3,Step5_Model1_EQB_CH2,Step6_Model1_EQA_CH4,Step7_Model3_EQA_CH4,Step8_Model3_EQA_CH2,Step9_Model3_EQA_CH2,Step10_Model2_EQA_CH2,Step11_Model2_EQA_CH1,Step12_Model1_EQC_CH1,Step13_Model1_EQA_CH4,Step14_Model1_EQB_CH2,Step15_Model3_EQC_CH4,Step16_Model1_EQA_CH4,Step17_Model2_EQA_CH4,Step18_Model3_EQC_CH1,Step19_Model2_EQB_CH2,Step20_Model3_EQB_CH4,Step21_Model1_EQA_CH1,Step22_Model2_EQC_CH3,Step23_Model2_EQC_CH3,Step24_Model2_EQB_CH4,Step25_Model2_EQA_CH4,Step26_Model1_EQC_CH2,Step27_Model2_EQA_CH2,Step28_Model2_EQC_CH4,Step29_Model1_EQC_CH1,Step30_Model1_EQB_CH4,,36.12,,,,,,,66.58,,,,36.35,,,,,,,,,,38.75,,,,,,,,,,,,,,65.04,,,,,,,,,,,,,,,,,,,,,,,,,,,
L036W18,L036,18,Step1_Model2_EQB_CH2,Step2_Model3_EQB_CH2,Step3_Model1_EQC_CH1,Step4_Model3_EQB_CH4,Step5_Model1_EQB_CH2,Step6_Model1_EQA_CH4,Step7_Model3_EQA_CH2,Step8_Model3_EQA_CH3,Step9_Model3_EQA_CH3,Step10_Model2_EQA_CH3,Step11_Model2_EQA_CH2,Step12_Model1_EQC_CH1,Step13_Model1_EQA_CH3,Step14_Model1_EQB_CH2,Step15_Model3_EQC_CH4,Step16_Model1_EQA_CH3,Step17_Model2_EQA_CH1,Step18_Model3_EQC_CH1,Step19_Model2_EQB_CH1,Step20_Model3_EQB_CH4,Step21_Model1_EQA_CH4,Step22_Model2_EQC_CH1,Step23_Model2_EQC_CH1,Step24_Model2_EQB_CH1,Step25_Model2_EQA_CH4,Step26_Model1_EQC_CH4,Step27_Model2_EQA_CH2,Step28_Model2_EQC_CH3,Step29_Model1_EQC_CH4,Step30_Model1_EQB_CH1,,,40.96,44.62,40.77,,,61.02,,,,,,,,,,47.13,,,,,,37.59,,,,,,,,,,,,,57.74,60.81,,,,,,,,,,,,,,,,,,,,,,,,,,
L036W19,L036,19,Step1_Model2_EQB_CH3,Step2_Model3_EQB_CH4,Step3_Model1_EQC_CH3,Step4_Model3_EQB_CH2,Step5_Model1_EQB_CH4,Step6_Model1_EQA_CH1,Step7_Model3_EQA_CH1,Step8_Model3_EQA_CH2,Step9_Model3_EQA_CH2,Step10_Model2_EQA_CH2,Step11_Model2_EQA_CH2,Step12_Model1_EQC_CH2,Step13_Model1_EQA_CH4,Step14_Model1_EQB_CH4,Step15_Model3_EQC_CH3,Step16_Model1_EQA_CH2,Step17_Model2_EQA_CH1,Step18_Model3_EQC_CH1,Step19_Model2_EQB_CH2,Step20_Model3_EQB_CH2,Step21_Model1_EQA_CH2,Step22_Model2_EQC_CH2,Step23_Model2_EQC_CH2,Step24_Model2_EQB_CH1,Step25_Model2_EQA_CH3,Step26_Model1_EQC_CH2,Step27_Model2_EQA_CH2,Step28_Model2_EQC_CH2,Step29_Model1_EQC_CH4,Step30_Model1_EQB_CH1,,,46.19,,,,,,,,,,,,,,60.53,,,,,40.08,,,38.09,,,,,,,46.2,,,40.31,,,68.39,,,,,63.26,,,,,,,,,,,,,,,,,,,,,
L036W20,L036,20,Step1_Model2_EQB_CH1,Step2_Model3_EQB_CH3,Step3_Model1_EQC_CH4,Step4_Model3_EQB_CH4,Step5_Model1_EQB_CH4,Step6_Model1_EQA_CH3,Step7_Model3_EQA_CH3,Step8_Model3_EQA_CH3,Step9_Model3_EQA_CH4,Step10_Model2_EQA_CH1,Step11_Model2_EQA_CH4,Step12_Model1_EQC_CH3,Step13_Model1_EQA_CH4,Step14_Model1_EQB_CH2,Step15_Model3_EQC_CH4,Step16_Model1_EQA_CH4,Step17_Model2_EQA_CH1,Step18_Model3_EQC_CH1,Step19_Model2_EQB_CH1,Step20_Model3_EQB_CH2,Step21_Model1_EQA_CH1,Step22_Model2_EQC_CH2,Step23_Model2_EQC_CH3,Step24_Model2_EQB_CH1,Step25_Model2_EQA_CH4,Step26_Model1_EQC_CH4,Step27_Model2_EQA_CH2,Step28_Model2_EQC_CH1,Step29_Model1_EQC_CH4,Step30_Model1_EQB_CH3,,,,,,,,,,,,,,37.62,,,,,,,,44.89,43.89,39.73,35.52,,,55.72,,46.51,,,,,,,,,,,,,,59.22,,,,39.82,,,,,9,,,,,,,,,,,
L036W21,L036,21,Step1_Model2_EQB_CH1,Step2_Model3_EQB_CH3,Step3_Model1_EQC_CH4,Step4_Model3_EQB_CH1,Step5_Model1_EQB_CH2,Step6_Model1_EQA_CH4,Step7_Model3_EQA_CH3,Step8_Model3_EQA_CH1,Step9_Model3_EQA_CH3,Step10_Model2_EQA_CH3,Step11_Model2_EQA_CH2,Step12_Model1_EQC_CH2,Step13_Model1_EQA_CH4,Step14_Model1_EQB_CH2,Step15_Model3_EQC_CH2,Step16_Model1_EQA_CH4,Step17_Model2_EQA_CH4,Step18_Model3_EQC_CH4,Step19_Model2_EQB_CH4,Step20_Model3_EQB_CH3,Step21_Model1_EQA_CH3,Step22_Model2_EQC_CH4,Step23_Model2_EQC_CH4,Step24_Model2_EQB_CH1,Step25_Model2_EQA_CH1,Step26_Model1_EQC_CH1,Step27_Model2_EQA_CH2,Step28_Model2_EQC_CH3,Step29_Model1_EQC_CH3,Step30_Model1_EQB_CH1,,32.86,,,,,,63.67,,,,,,,,,,,,,,,,,,,,,,,,,,,,,,,,,,,,,,,,,,,,,8,,,,,,,,,,,
L036W22,L036,22,Step1_Model2_EQB_CH1,Step2_Model3_EQB_CH3,Step3_Model1_EQC_CH2,Step4_Model3_EQB_CH1,Step5_Model1_EQB_CH4,Step6_Model1_EQA_CH1,Step7_Model3_EQA_CH3,Step8_Model3_EQA_CH3,Step9_Model3_EQA_CH1,Step10_Model2_EQA_CH1,Step11_Model2_EQA_CH4,Step12_Model1_EQC_CH4,Step13_Model1_EQA_CH2,Step14_Model1_EQB_CH2,Step15_Model3_EQC_CH4,Step16_Model1_EQA_CH2,Step17_Model2_EQA_CH2,Step18_Model3_EQC_CH1,Step19_Model2_EQB_CH4,Step20_Model3_EQB_CH1,Step21_Model1_EQA_CH1,Step22_Model2_EQC_CH2,Step23_Model2_EQC_CH1,Step24_Model2_EQB_CH3,Step25_Model2_EQA_CH2,Step26_Model1_EQC_CH3,Step27_Model2_EQA_CH2,Step28_Model2_EQC_CH1,Step29_Model1_EQC_CH2,Step30_Model1_EQB_CH3,,33.23,,46.34,,,,57.74,,,,,,52.45,44.74,,,,,45.48,,,,,,,,,,,,,,,,,,,,,37.66,,,57.05,,,57.4,,,,,,,,,,,,,,,,,
L036W23,L036,23,Step1_Model2_EQB_CH2,Step2_Model3_EQB_CH3,Step3_Model1_EQC_CH4,Step4_Model3_EQB_CH1,Step5_Model1_EQB_CH3,Step6_Model1_EQA_CH4,Step7_Model3_EQA_CH1,Step8_Model3_EQA_CH4,Step9_Model3_EQA_CH3,Step10_Model2_EQA_CH1,Step11_Model2_EQA_CH4,Step12_Model1_EQC_CH3,Step13_Model1_EQA_CH4,Step14_Model1_EQB_CH1,Step15_Model3_EQC_CH1,Step16_Model1_EQA_CH1,Step17_Model2_EQA_CH3,Step18_Model3_EQC_CH4,Step19_Model2_EQB_CH4,Step20_Model3_EQB_CH3,Step21_Model1_EQA_CH1,Step22_Model2_EQC_CH2,Step23_Model2_EQC_CH1,Step24_Model2_EQB_CH2,Step25_Model2_EQA_CH1,Step26_Model1_EQC_CH3,Step27_Model2_EQA_CH2,Step28_Model2_EQC_CH3,Step29_Model1_EQC_CH2,Step30_Model1_EQB_CH4,38.27,,,,,,,69.54,,,54.42,,,,,,,41.45,,,,,,,,,,,,,,,,,,,,,,59.34,44.18,,,,,,,32.71,,,,12,,6,,,,,,,,,,
L036W24,L036,24,Step1_Model2_EQB_CH2,Step2_Model3_EQB_CH2,Step3_Model1_EQC_CH2,Step4_Model3_EQB_CH4,Step5_Model1_EQB_CH3,Step6_Model1_EQA_CH4,Step7_Model3_EQA_CH2,Step8_Model3_EQA_CH1,Step9_Model3_EQA_CH4,Step10_Model2_EQA_CH1,Step11_Model2_EQA_CH4,Step12_Model1_EQC_CH4,Step13_Model1_EQA_CH2,Step14_Model1_EQB_CH3,Step15_Model3_EQC_CH3,Step16_Model1_EQA_CH2,Step17_Model2_EQA_CH4,Step18_Model3_EQC_CH3,Step19_Model2_EQB_CH3,Step20_Model3_EQB_CH3,Step21_Model1_EQA_CH2,Step22_Model2_EQC_CH1,Step23_Model2_EQC_CH1,Step24_Model2_EQB_CH1,Step25_Model2_EQA_CH1,Step26_Model1_EQC_CH1,Step27_Model2_EQA_CH3,Step28_Model2_EQC_CH3,Step29_Model1_EQC_CH4,Step30_Model1_EQB_CH3,,,46.25,46.96,,,,,,,,41.13,44.89,,,59.79,,38.18,,,,,,,,,,,,,,,,,,,,,,,,57.39,,,,,55.36,,,,,,,,,,,,,,,,,
L036W25,L036,25,Step1_Model2_EQB_CH2,Step2_Model3_EQB_CH4,Step3_Model1_EQC_CH3,Step4_Model3_EQB_CH4,Step5_Model1_EQB_CH4,Step6_Model1_EQA_CH1,Step7_Model3_EQA_CH4,Step8_Model3_EQA_CH3,Step9_Model3_EQA_CH1,Step10_Model2_EQA_CH3,Step11_Model2_EQA_CH1,Step12_Model1_EQC_CH3,Step13_Model1_EQA_CH1,Step14_Model1_EQB_CH1,Step15_Model3_EQC_CH2,Step16_Model1_EQA_CH3,Step17_Model2_EQA_CH4,Step18_Model3_EQC_CH1,Step19_Model2_EQB_CH3,Step20_Model3_EQB_CH1,Step21_Model1_EQA_CH2,Step22_Model2_EQC_CH2,Step23_Model2_EQC_CH2,Step24_Model2_EQB_CH2,Step25_Model2_EQA_CH4,Step26_Model1_EQC_CH4,Step27_Model2_EQA_CH1,Step28_Model2_EQC_CH3,Step29_Model1_EQC_CH2,Step30_Model1_EQB_CH2,,,,,,,,,,,,,,,,,60.44,,43.53,,,38.73,,,,,,,,,,,,,,,,,61.79,,,,,,,,,,,,,,,,,,,,,,,,,
L037W01,L037,1,Step1_Model2_EQC_CH4,Step2_Model1_EQA_CH1,Step3_Model1_EQA_CH1,Step4_Model3_EQC_CH2,Step5_Model3_EQB_CH1,Step6_Model3_EQA_CH1,Step7_Model3_EQB_CH1,Step8_Model1_EQC_CH1,Step9_Model1_EQA_CH3,Step10_Model3_EQC_CH4,Step11_Model2_EQC_CH4,Step12_Model3_EQC_CH3,Step13_Model1_EQB_CH1,Step14_Model1_EQC_CH4,Step15_Model2_EQC_CH4,Step16_Model1_EQA_CH4,Step17_Model3_EQB_CH2,Step18_Model1_EQC_CH3,Step19_Model3_EQC_CH2,Step20_Model2_EQC_CH2,Step21_Model3_EQA_CH3,Step22_Model3_EQB_CH4,Step23_Model3_EQB_CH2,Step24_Model3_EQC_CH4,Step25_Model3_EQB_CH2,Step26_Model1_EQB_CH4,Step27_Model1_EQB_CH1,Step28_Model3_EQC_CH1,Step29_Model1_EQA_CH1,Step30_Model2_EQB_CH3,,,,,,,,,,67.44,,,53.24,,,,,,,,,,,,,,,60.16,61.39,,,,,43.82,,,,,,,,,,,55.86,,,35.15,,,,,,,,,,,,,,,,
L037W02,L037,2,Step1_Model2_EQC_CH1,Step2_Model1_EQA_CH2,Step3_Model1_EQA_CH4,Step4_Model3_EQC_CH4,Step5_Model3_EQB_CH4,Step6_Model3_EQA_CH4,Step7_Model3_EQB_CH2,Step8_Model1_EQC_CH4,Step9_Model1_EQA_CH2,Step10_Model3_EQC_CH2,Step11_Model2_EQC_CH4,Step12_Model3_EQC_CH4,Step13_Model1_EQB_CH4,Step14_Model1_EQC_CH2,Step15_Model2_EQC_CH3,Step16_Model1_EQA_CH2,Step17_Model3_EQB_CH3,Step18_Model1_EQC_CH4,Step19_Model3_EQC_CH2,Step20_Model2_EQC_CH4,Step21_Model3_EQA_CH3,Step22_Model3_EQB_CH3,Step23_Model3_EQB_CH2,Step24_Model3_EQC_CH2,Step25_Model3_EQB_CH2,Step26_Model1_EQB_CH2,Step27_Model1_EQB_CH1,Step28_Model3_EQC_CH1,Step29_Model1_EQA_CH4,Step30_Model2_EQB_CH3,,,,44.72,,54.05,66.19,,,,,,,,48.14,,,,,,,,,,,,,,,45.42,,,,,,,58.55,,,,,,,,,,,,,,,,,,,10,,,,,,,,
L037W03,L037,3,Step1_Model2_EQC_CH3,Step2_Model1_EQA_CH4,Step3_Model1_EQA_CH4,Step4_Model3_EQC_CH4,Step5_Model3_EQB_CH1,Step6_Model3_EQA_CH4,Step7_Model3_EQB_CH3,Step8_Model1_EQC_CH4,Step9_Model1_EQA_CH2,Step10_Model3_EQC_CH3,Step11_Model2_EQC_CH3,Step12_Model3_EQC_CH3,Step13_Model1_EQB_CH1,Step14_Model1_EQC_CH1,Step15_Model2_EQC_CH3,Step16_Model1_EQA_CH2,Step17_Model3_EQB_CH3,Step18_Model1_EQC_CH1,Step19_Model3_EQC_CH2,Step20_Model2_EQC_CH3,Step21_Model3_EQA_CH1,Step22_Model3_EQB_CH2,Step23_Model3_EQB_CH4,Step24_Model3_EQC_CH4,Step25_Model3_EQB_CH3,Step26_Model1_EQB_CH4,Step27_Model1_EQB_CH1,Step28_Model3_EQC_CH2,Step29_Model1_EQA_CH3,Step30_Model2_EQB_CH2,,,,49.22,,,,,,,,,,,46.68,,57.16,,41.23,,,,,,,,,,,,,,45.01,,,58.62,,,,,,,,,,,,,,,,,,,,8,,,,,,,,
L037W04,L037,4,Step1_Model2_EQC_CH2,Step2_Model1_EQA_CH2,Step3_Model1_EQA_CH1,Step4_Model3_EQC_CH3,Step5_Model3_EQB_CH4,Step6_Model3_EQA_CH2,Step7_Model3_EQB_CH2,Step8_Model1_EQC_CH2,Step9_Model1_EQA_CH1,Step10_Model3_EQC_CH4,Step11_Model2_EQC_CH2,Step12_Model3_EQC_CH1,Step13_Model1_EQB_CH1,Step14_Model1_EQC_CH2,Step15_Model2_EQC_CH2,Step16_Model1_EQA_CH1,Step17_Model3_EQB_CH1,Step18_Model1_EQC_CH2,Step19_Model3_EQC_CH1,Step20_Model2_EQC_CH1,Step21_Model3_EQA_CH2,Step22_Model3_EQB_CH2,Step23_Model3_EQB_CH3,Step24_Model3_EQC_CH4,Step25_Model3_EQB_CH2,Step26_Model1_EQB_CH2,Step27_Model1_EQB_CH2,Step28_Model3_EQC_CH4,Step29_Model1_EQA_CH3,Step30_Model2_EQB_CH1,,,,40.52,46.46,,,,,,,34.07,,,,,,,,,,,,,36.1,,,,,46.8,,,,,,,,,,,,,,,57.6,,,,,,,,,,11,,,,,,,,,
L037W05,L037,5,Step1_Model2_EQC_CH4,Step2_Model1_EQA_CH2,Step3_Model1_EQA_CH2,Step4_Model3_EQC_CH3,Step5_Model3_EQB_CH3,Step6_Model3_EQA_CH3,Step7_Model3_EQB_CH1,Step8_Model1_EQC_CH4,Step9_Model1_EQA_CH4,Step10_Model3_EQC_CH3,Step11_Model2_EQC_CH1,Step12_Model3_EQC_CH4,Step13_Model1_EQB_CH2,Step14_Model1_EQC_CH2,Step15_Model2_EQC_CH2,Step16_Model1_EQA_CH4,Step17_Model3_EQB_CH3,Step18_Model1_EQC_CH2,Step19_Model3_EQC_CH3,Step20_Model2_EQC_CH1,Step21_Model3_EQA_CH2,Step22_Model3_EQB_CH1,Step23_Model3_EQB_CH3,Step24_Model3_EQC_CH4,Step25_Model3_EQB_CH3,Step26_Model1_EQB_CH2,Step27_Model1_EQB_CH2,Step28_Model3_EQC_CH3,Step29_Model1_EQA_CH2,Step30_Model2_EQB_CH2,,,,,,,,,,,54.55,,,41.19,,,,,,,,,,,,,,,,,,,,,46.34,,,,,,,56.67,,,,,,,,,,,,,,,,,,,,,,
L037W06,L037,6,Step1_Model2_EQC_CH1,Step2_Model1_EQA_CH4,Step3_Model1_EQA_CH3,Step4_Model3_EQC_CH1,Step5_Model3_EQB_CH2,Step6_Model3_EQA_CH1,Step7_Model3_EQB_CH4,Step8_Model1_EQC_CH3,Step9_Model1_EQA_CH4,Step10_Model3_EQC_CH4,Step11_Model2_EQC_CH1,Step12_Model3_EQC_CH1,Step13_Model1_EQB_CH4,Step14_Model1_EQC_CH2,Step15_Model2_EQC_CH3,Step16_Model1_EQA_CH2,Step17_Model3_EQB_CH2,Step18_Model1_EQC_CH3,Step19_Model3_EQC_CH1,Step20_Model2_EQC_CH2,Step21_Model3_EQA_CH1,Step22_Model3_EQB_CH3,Step23_Model3_EQB_CH2,Step24_Model3_EQC_CH1,Step25_Model3_EQB_CH1,Step26_Model1_EQB_CH2,Step27_Model1_EQB_CH3,Step28_Model3_EQC_CH4,Step29_Model1_EQA_CH1,Step30_Model2_EQB_CH3,,,,,,,,,62.4,,,,,,,,55.87,,,,,38.41,,,,,37.14,,60.41,,,,,,,74.26,,,,,,,,,,47.71,,,,11,,,,,,,,,,,,,,
L037W07,L037,7,Step1_Model2_EQC_CH2,Step2_Model1_EQA_CH1,Step3_Model1_EQA_CH1,Step4_Model3_EQC_CH1,Step5_Model3_EQB_CH3,Step6_Model3_EQA_CH1,Step7_Model3_EQB_CH1,Step8_Model1_EQC_CH2,Step9_Model1_EQA_CH1,Step10_Model3_EQC_CH3,Step11_Model2_EQC_CH2,Step12_Model3_EQC_CH4,Step13_Model1_EQB_CH2,Step14_Model1_EQC_CH1,Step15_Model2_EQC_CH4,Step16_Model1_EQA_CH2,Step17_Model3_EQB_CH1,Step18_Model1_EQC_CH2,Step19_Model3_EQC_CH3,Step20_Model2_EQC_CH1,Step21_Model3_EQA_CH3,Step22_Model3_EQB_CH1,Step23_Model3_EQB_CH3,Step24_Model3_EQC_CH4,Step25_Model3_EQB_CH3,Step26_Model1_EQB_CH2,Step27_Model1_EQB_CH1,Step28_Model3_EQC_CH2,Step29_Model1_EQA_CH3,Step30_Model2_EQB_CH1,,,,,,,64.38,,,,,,40.36,,,,57.45,,,,,,,,,,,,,42.49,,,,,46.67,,,,,67.07,,,,60.01,,,,,,,,,,,,,,,,,,,,
L037W08,L037,8,Step1_Model2_EQC_CH3,Step2_Model1_EQA_CH4,Step3_Model1_EQA_CH4,Step4_Model3_EQC_CH4,Step5_Model3_EQB_CH3,Step6_Model3_EQA_CH3,Step7_Model3_EQB_CH4,Step8_Model1_EQC_CH3,Step9_Model1_EQA_CH2,Step10_Model3_EQC_CH3,Step11_Model2_EQC_CH2,Step12_Model3_EQC_CH4,Step13_Model1_EQB_CH3,Step14_Model1_EQC_CH4,Step15_Model2_EQC_CH1,Step16_Model1_EQA_CH3,Step17_Model3_EQB_CH3,Step18_Model1_EQC_CH4,Step19_Model3_EQC_CH4,Step20_Model2_EQC_CH4,Step21_Model3_EQA_CH1,Step22_Model3_EQB_CH1,Step23_Model3_EQB_CH4,Step24_Model3_EQC_CH3,Step25_Model3_EQB_CH3,Step26_Model1_EQB_CH4,Step27_Model1_EQB_CH2,Step28_Model3_EQC_CH1,Step29_Model1_EQA_CH1,Step30_Model2_EQB_CH2,,,,44.99,45.89,,,,,,,,,,,,,,,,,,43.98,,,,,,59.2,,,,,,43.65,61.98,53.4,,,,,,,,,,,,,,,,,,,9,,,,,,,,
L037W09,L037,9,Step1_Model2_EQC_CH4,Step2_Model1_EQA_CH3,Step3_Model1_EQA_CH3,Step4_Model3_EQC_CH1,Step5_Model3_EQB_CH2,Step6_Model3_EQA_CH3,Step7_Model3_EQB_CH1,Step8_Model1_EQC_CH3,Step9_Model1_EQA_CH3,Step10_Model3_EQC_CH3,Step11_Model2_EQC_CH1,Step12_Model3_EQC_CH2,Step13_Model1_EQB_CH4,Step14_Model1_EQC_CH2,Step15_Model2_EQC_CH3,Step16_Model1_EQA_CH2,Step17_Model3_EQB_CH3,Step18_Model1_EQC_CH1,Step19_Model3_EQC_CH1,Step20_Model2_EQC_CH1,Step21_Model3_EQA_CH3,Step22_Model3_EQB_CH2,Step23_Model3_EQB_CH4,Step24_Model3_EQC_CH4,Step25_Model3_EQB_CH1,Step26_Model1_EQB_CH4,Step27_Model1_EQB_CH3,Step28_Model3_EQC_CH2,Step29_Model1_EQA_CH4,Step30_Model2_EQB_CH4,,,,,,,,,,,59.1,,,,,,,,45.79,,,,,,,,,,,,,,,45.99,41.78,,,,,,,,,,,51.23,,33.68,,,,,,,,,,8,,,,,,
L037W10,L037,10,Step1_Model2_EQC_CH2,Step2_Model1_EQA_CH4,Step3_Model1_EQA_CH2,Step4_Model3_EQC_CH3,Step5_Model3_EQB_CH3,Step6_Model3_EQA_CH3,Step7_Model3_EQB_CH1,Step8_Model1_EQC_CH3,Step9_Model1_EQA_CH4,Step10_Model3_EQC_CH1,Step11_Model2_EQC_CH1,Step12_Model3_EQC_CH1,Step13_Model1_EQB_CH3,Step14_Model1_EQC_CH1,Step15_Model2_EQC_CH3,Step16_Model1_EQA_CH3,Step17_Model3_EQB_CH1,Step18_Model1_EQC_CH1,Step19_Model3_EQC_CH4,Step20_Model2_EQC_CH1,Step21_Model3_EQA_CH3,Step22_Model3_EQB_CH4,Step23_Model3_EQB_CH4,Step24_Model3_EQC_CH3,Step25_Model3_EQB_CH1,Step26_Model1_EQB_CH1,Step27_Model1_EQB_CH2,Step28_Model3_EQC_CH1,Step29_Model1_EQA_CH2,Step30_Model2_EQB_CH4,,,,,,,59.93,,61.14,71.37,,,,,,,,,,,,,,37.37,,,37.16,,,,61.36,,,,,,,,59.98,,,,,,,,,,,,,,,,,,,,,,,,,
L037W11,L037,11,Step1_Model2_EQC_CH4,Step2_Model1_EQA_CH4,Step3_Model1_EQA_CH2,Step4_Model3_EQC_CH3,Step5_Model3_EQB_CH3,Step6_Model3_EQA_CH4,Step7_Model3_EQB_CH2,Step8_Model1_EQC_CH2,Step9_Model1_EQA_CH4,Step10_Model3_EQC_CH1,Step11_Model2_EQC_CH4,Step12_Model3_EQC_CH2,Step13_Model1_EQB_CH1,Step14_Model1_EQC_CH3,Step15_Model2_EQC_CH1,Step16_Model1_EQA_CH3,Step17_Model3_EQB_CH2,Step18_Model1_EQC_CH4,Step19_Model3_EQC_CH4,Step20_Model2_EQC_CH4,Step21_Model3_EQA_CH4,Step22_Model3_EQB_CH4,Step23_Model3_EQB_CH2,Step24_Model3_EQC_CH2,Step25_Model3_EQB_CH4,Step26_Model1_EQB_CH1,Step27_Model1_EQB_CH4,Step28_Model3_EQC_CH3,Step29_Model1_EQA_CH3,Step30_Model2_EQB_CH3,,,,,,,,,,62.42,48.78,,,,,,,,,,,,,,,,32.46,,,,,45.95,,,,,,,,,,,,,,,,,,,,,,,,,,,,,,,,
L037W12,L037,12,Step1_Model2_EQC_CH3,Step2_Model1_EQA_CH4,Step3_Model1_EQA_CH3,Step4_Model3_EQC_CH1,Step5_Model3_EQB_CH4,Step6_Model3_EQA_CH3,Step7_Model3_EQB_CH4,Step8_Model1_EQC_CH4,Step9_Model1_EQA_CH4,Step10_Model3_EQC_CH2,Step11_Model2_EQC_CH3,Step12_Model3_EQC_CH2,Step13_Model1_EQB_CH1,Step14_Model1_EQC_CH1,Step15_Model2_EQC_CH2,Step16_Model1_EQA_CH3,Step17_Model3_EQB_CH4,Step18_Model1_EQC_CH1,Step19_Model3_EQC_CH1,Step20_Model2_EQC_CH1,Step21_Model3_EQA_CH3,Step22_Model3_EQB_CH2,Step23_Model3_EQB_CH2,Step24_Model3_EQC_CH3,Step25_Model3_EQB_CH1,Step26_Model1_EQB_CH3,Step27_Model1_EQB_CH3,Step28_Model3_EQC_CH2,Step29_Model1_EQA_CH3,Step30_Model2_EQB_CH3,,,,,42.68,,,,,,,,,,,,,,,,,,,,34.17,,,,,,,,,39.93,44.6,,,61.21,,,,,,,,,,39.13,,,,,,,,,,,,,,,,
L037W13,L037,13,Step1_Model2_EQC_CH1,Step2_Model1_EQA_CH4,Step3_Model1_EQA_CH1,Step4_Model3_EQC_CH2,Step5_Model3_EQB_CH4,Step6_Model3_EQA_CH1,Step7_Model3_EQB_CH3,Step8_Model1_EQC_CH3,Step9_Model1_EQA_CH4,Step10_Model3_EQC_CH4,Step11_Model2_EQC_CH3,Step12_Model3_EQC_CH2,Step13_Model1_EQB_CH1,Step14_Model1_EQC_CH3,Step15_Model2_EQC_CH1,Step16_Model1_EQA_CH1,Step17_Model3_EQB_CH1,Step18_Model1_EQC_CH1,Step19_Model3_EQC_CH2,Step20_Model2_EQC_CH2,Step21_Model3_EQA_CH2,Step22_Model3_EQB_CH3,Step23_Model3_EQB_CH3,Step24_Model3_EQC_CH3,Step25_Model3_EQB_CH2,Step26_Model1_EQB_CH1,Step27_Model1_EQB_CH2,Step28_Model3_EQC_CH3,Step29_Model1_EQA_CH4,Step30_Model2_EQB_CH3,,,,,,,,,,,52.67,,,,,,,34.87,,,,41.09,,,,,52.15,,,,,36.43,,,,,,,,,,,,,62.73,,,,,,,8,,,,,11,,,,,,,
L037W14,L037,14,Step1_Model2_EQC_CH1,Step2_Model1_EQA_CH2,Step3_Model1_EQA_CH4,Step4_Model3_EQC_CH4,Step5_Model3_EQB_CH1,Step6_Model3_EQA_CH2,Step7_Model3_EQB_CH4,Step8_Model1_EQC_CH3,Step9_Model1_EQA_CH1,Step10_Model3_EQC_CH4,Step11_Model2_EQC_CH1,Step12_Model3_EQC_CH2,Step13_Model1_EQB_CH2,Step14_Model1_EQC_CH2,Step15_Model2_EQC_CH3,Step16_Model1_EQA_CH4,Step17_Model3_EQB_CH2,Step18_Model1_EQC_CH3,Step19_Model3_EQC_CH2,Step20_Model2_EQC_CH2,Step21_Model3_EQA_CH4,Step22_Model3_EQB_CH3,Step23_Model3_EQB_CH2,Step24_Model3_EQC_CH3,Step25_Model3_EQB_CH3,Step26_Model1_EQB_CH2,Step27_Model1_EQB_CH2,Step28_Model3_EQC_CH1,Step29_Model1_EQA_CH4,Step30_Model2_EQB_CH2,,,,,,,,,,,,,,,,,,39.17,,,37.03,,,,35.91,,,,,,,,,,,,,,,,,,,,,48.96,,,,,,,,,,,,,,,,,,
L037W15,L037,15,Step1_Model2_EQC_CH1,Step2_Model1_EQA_CH4,Step3_Model1_EQA_CH2,Step4_Model3_EQC_CH3,Step5_Model3_EQB_CH4,Step6_Model3_EQA_CH3,Step7_Model3_EQB_CH1,Step8_Model1_EQC_CH2,Step9_Model1_EQA_CH1,Step10_Model3_EQC_CH2,Step11_Model2_EQC_CH2,Step12_Model3_EQC_CH3,Step13_Model1_EQB_CH1,Step14_Model1_EQC_CH3,Step15_Model2_EQC_CH3,Step16_Model1_EQA_CH3,Step17_Model3_EQB_CH1,Step18_Model1_EQC_CH2,Step19_Model3_EQC_CH2,Step20_Model2_EQC_CH1,Step21_Model3_EQA_CH2,Step22_Model3_EQB_CH1,Step23_Model3_EQB_CH1,Step24_Model3_EQC_CH2,Step25_Model3_EQB_CH4,Step26_Model1_EQB_CH3,Step27_Model1_EQB_CH1,Step28_Model3_EQC_CH1,Step29_Model1_EQA_CH4,Step30_Model2_EQB_CH1,,,,,,,68.63,,,,,,,,,,,,,,,,,,,,,,,,53.12,45.7,,,,,,,,,,,,,,45.71,,41.41,,,,,,,,,,,,,,,,
L037W16,L037,16,Step1_Model2_EQC_CH1,Step2_Model1_EQA_CH2,Step3_Model1_EQA_CH2,Step4_Model3_EQC_CH4,Step5_Model3_EQB_CH1,Step6_Model3_EQA_CH3,Step7_Model3_EQB_CH2,Step8_Model1_EQC_CH3,Step9_Model1_EQA_CH3,Step10_Model3_EQC_CH4,Step11_Model2_EQC_CH4,Step12_Model3_EQC_CH1,Step13_Model1_EQB_CH4,Step14_Model1_EQC_CH2,Step15_Model2_EQC_CH1,Step16_Model1_EQA_CH1,Step17_Model3_EQB_CH3,Step18_Model1_EQC_CH3,Step19_Model3_EQC_CH3,Step20_Model2_EQC_CH1,Step21_Model3_EQA_CH4,Step22_Model3_EQB_CH4,Step23_Model3_EQB_CH4,Step24_Model3_EQC_CH1,Step25_Model3_EQB_CH1,Step26_Model1_EQB_CH1,Step27_Model1_EQB_CH1,Step28_Model3_EQC_CH1,Step29_Model1_EQA_CH4,Step30_Model2_EQB_CH1,,,,,,,,58.22,,,,,,,,,61.47,,,,,,43.12,,,,,,,,,,,,,,,,,,,,,,,,49.76,,,,,,,,,,,,,,,,,
L037W17,L037,17,Step1_Model2_EQC_CH4,Step2_Model1_EQA_CH1,Step3_Model1_EQA_CH4,Step4_Model3_EQC_CH2,Step5_Model3_EQB_CH2,Step6_Model3_EQA_CH4,Step7_Model3_EQB_CH2,Step8_Model1_EQC_CH2,Step9_Model1_EQA_CH4,Step10_Model3_EQC_CH1,Step11_Model2_EQC_CH1,Step12_Model3_EQC_CH4,Step13_Model1_EQB_CH3,Step14_Model1_EQC_CH3,Step15_Model2_EQC_CH2,Step16_Model1_EQA_CH3,Step17_Model3_EQB_CH2,Step18_Model1_EQC_CH1,Step19_Model3_EQC_CH4,Step20_Model2_EQC_CH1,Step21_Model3_EQA_CH4,Step22_Model3_EQB_CH3,Step23_Model3_EQB_CH1,Step24_Model3_EQC_CH1,Step25_Model3_EQB_CH2,Step26_Model1_EQB_CH4,Step27_Model1_EQB_CH3,Step28_Model3_EQC_CH1,Step29_Model1_EQA_CH4,Step30_Model2_EQB_CH3,,31.73,,48.73,,,,,,,,,,,,,,,,,,,,,42.17,,35.76,,,,61.68,,,,,,,,63.45,,,,75.08,,,,,,,,,,,,,,,,,,,,,
L037W18,L037,18,Step1_Model2_EQC_CH1,Step2_Model1_EQA_CH4,Step3_Model1_EQA_CH2,Step4_Model3_EQC_CH1,Step5_Model3_EQB_CH4,Step6_Model3_EQA_CH3,Step7_Model3_EQB_CH3,Step8_Model1_EQC_CH2,Step9_Model1_EQA_CH1,Step10_Model3_EQC_CH2,Step11_Model2_EQC_CH4,Step12_Model3_EQC_CH3,Step13_Model1_EQB_CH2,Step14_Model1_EQC_CH1,Step15_Model2_EQC_CH4,Step16_Model1_EQA_CH1,Step17_Model3_EQB_CH2,Step18_Model1_EQC_CH3,Step19_Model3_EQC_CH3,Step20_Model2_EQC_CH2,Step21_Model3_EQA_CH1,Step22_Model3_EQB_CH1,Step23_Model3_EQB_CH1,Step24_Model3_EQC_CH1,Step25_Model3_EQB_CH3,Step26_Model1_EQB_CH1,Step27_Model1_EQB_CH2,Step28_Model3_EQC_CH2,Step29_Model1_EQA_CH2,Step30_Model2_EQB_CH2,,33.63,,,45.91,,,,,61.86,,,,,,,,,,,,40.64,44.29,,,,,,,,,,,,,53.71,,64.27,,,34.18,52.88,,56.88,,,,,,,,,,,,,,,,,,,,
L037W19,L037,19,Step1_Model2_EQC_CH1,Step2_Model1_EQA_CH3,Step3_Model1_EQA_CH4,Step4_Model3_EQC_CH1,Step5_Model3_EQB_CH4,Step6_Model3_EQA_CH3,Step7_Model3_EQB_CH1,Step8_Model1_EQC_CH4,Step9_Model1_EQA_CH3,Step10_Model3_EQC_CH4,Step11_Model2_EQC_CH2,Step12_Model3_EQC_CH2,Step13_Model1_EQB_CH3,Step14_Model1_EQC_CH3,Step15_Model2_EQC_CH4,Step16_Model1_EQA_CH3,Step17_Model3_EQB_CH2,Step18_Model1_EQC_CH2,Step19_Model3_EQC_CH1,Step20_Model2_EQC_CH4,Step21_Model3_EQA_CH3,Step22_Model3_EQB_CH3,Step23_Model3_EQB_CH3,Step24_Model3_EQC_CH4,Step25_Model3_EQB_CH2,Step26_Model1_EQB_CH3,Step27_Model1_EQB_CH3,Step28_Model3_EQC_CH2,Step29_Model1_EQA_CH3,Step30_Model2_EQB_CH1,43.56,,,,,,,,,,,,41.22,,,,,,,,,,,,,,,,,,,,,,,,,,,,,58.64,,,,,,,,6,,,,,,,,,,,,,,
L037W20,L037,20,Step1_Model2_EQC_CH2,Step2_Model1_EQA_CH2,Step3_Model1_EQA_CH2,Step4_Model3_EQC_CH1,Step5_Model3_EQB_CH2,Step6_Model3_EQA_CH4,Step7_Model3_EQB_CH4,Step8_Model1_EQC_CH4,Step9_Model1_EQA_CH2,Step10_Model3_EQC_CH2,Step11_Model2_EQC_CH2,Step12_Model3_EQC_CH1,Step13_Model1_EQB_CH4,Step14_Model1_EQC_CH3,Step15_Model2_EQC_CH3,Step16_Model1_EQA_CH2,Step17_Model3_EQB_CH1,Step18_Model1_EQC_CH2,Step19_Model3_EQC_CH3,Step20_Model2_EQC_CH4,Step21_Model3_EQA_CH3,Step22_Model3_EQB_CH4,Step23_Model3_EQB_CH4,Step24_Model3_EQC_CH1,Step25_Model3_EQB_CH3,Step26_Model1_EQB_CH2,Step27_Model1_EQB_CH1,Step28_Model3_EQC_CH4,Step29_Model1_EQA_CH3,Step30_Model2_EQB_CH2,,,,,,,,,,,,,33.87,,,59.33,,,,,,,,,,55.33,,,,51.44,,47.3,,46.11,,,55.9,,,,,,60.51,,,,,37.2,,,,,,,,,,,,,,,,
L037W21,L037,21,Step1_Model2_EQC_CH1,Step2_Model1_EQA_CH2,Step3_Model1_EQA_CH3,Step4_Model3_EQC_CH2,Step5_Model3_EQB_CH1,Step6_Model3_EQA_CH2,Step7_Model3_EQB_CH3,Step8_Model1_EQC_CH1,Step9_Model1_EQA_CH4,Step10_Model3_EQC_CH1,Step11_Model2_EQC_CH3,Step12_Model3_EQC_CH2,Step13_Model1_EQB_CH4,Step14_Model1_EQC_CH4,Step15_Model2_EQC_CH2,Step16_Model1_EQA_CH3,Step17_Model3_EQB_CH1,Step18_Model1_EQC_CH3,Step19_Model3_EQC_CH4,Step20_Model2_EQC_CH1,Step21_Model3_EQA_CH1,Step22_Model3_EQB_CH2,Step23_Model3_EQB_CH3,Step24_Model3_EQC_CH1,Step25_Model3_EQB_CH2,Step26_Model1_EQB_CH3,Step27_Model1_EQB_CH4,Step28_Model3_EQC_CH4,Step29_Model1_EQA_CH3,Step30_Model2_EQB_CH1,,38.26,,,,,,,58.62,,,,,35.63,,,,,,,,,,,,,,,,,,,,48.54,41.8,,,,,,,,,57.69,,54.1,57.15,,,,,,,,,,,,,,,,,
L037W22,L037,22,Step1_Model2_EQC_CH1,Step2_Model1_EQA_CH4,Step3_Model1_EQA_CH4,Step4_Model3_EQC_CH1,Step5_Model3_EQB_CH3,Step6_Model3_EQA_CH4,Step7_Model3_EQB_CH1,Step8_Model1_EQC_CH3,Step9_Model1_EQA_CH2,Step10_Model3_EQC_CH3,Step11_Model2_EQC_CH1,Step12_Model3_EQC_CH3,Step13_Model1_EQB_CH1,Step14_Model1_EQC_CH4,Step15_Model2_EQC_CH2,Step16_Model1_EQA_CH4,Step17_Model3_EQB_CH4,Step18_Model1_EQC_CH1,Step19_Model3_EQC_CH1,Step20_Model2_EQC_CH1,Step21_Model3_EQA_CH1,Step22_Model3_EQB_CH4,Step23_Model3_EQB_CH1,Step24_Model3_EQC_CH1,Step25_Model3_EQB_CH4,Step26_Model1_EQB_CH2,Step27_Model1_EQB_CH2,Step28_Model3_EQC_CH3,Step29_Model1_EQA_CH4,Step30_Model2_EQB_CH1,,,42.73,,,,,58.45,60.13,,,,,37.25,,53.99,,,,44.63,,,,,,,,,53.38,,,,,44.49,,,63.17,,,,,,68.92,,,,,,,,12,,,,,,,,,,,,,
L037W23,L037,23,Step1_Model2_EQC_CH3,Step2_Model1_EQA_CH2,Step3_Model1_EQA_CH2,Step4_Model3_EQC_CH4,Step5_Model3_EQB_CH1,Step6_Model3_EQA_CH1,Step7_Model3_EQB_CH3,Step8_Model1_EQC_CH2,Step9_Model1_EQA_CH3,Step10_Model3_EQC_CH3,Step11_Model2_EQC_CH3,Step12_Model3_EQC_CH1,Step13_Model1_EQB_CH2,Step14_Model1_EQC_CH3,Step15_Model2_EQC_CH2,Step16_Model1_EQA_CH2,Step17_Model3_EQB_CH3,Step18_Model1_EQC_CH3,Step19_Model3_EQC_CH4,Step20_Model2_EQC_CH1,Step21_Model3_EQA_CH2,Step22_Model3_EQB_CH3,Step23_Model3_EQB_CH3,Step24_Model3_EQC_CH2,Step25_Model3_EQB_CH3,Step26_Model1_EQB_CH4,Step27_Model1_EQB_CH2,Step28_Model3_EQC_CH3,Step29_Model1_EQA_CH2,Step30_Model2_EQB_CH3,,,,,,,,66.54,,,,,,,49.16,,,,,42.33,,,,,,,,,,,,,,,,,,,,61.36,,,,,,,,,,,,,,,,,8,,,,,,,
L037W24,L037,24,Step1_Model2_EQC_CH3,Step2_Model1_EQA_CH1,Step3_Model1_EQA_CH2,Step4_Model3_EQC_CH1,Step5_Model3_EQB_CH3,Step6_Model3_EQA_CH2,Step7_Model3_EQB_CH2,Step8_Model1_EQC_CH4,Step9_Model1_EQA_CH4,Step10_Model3_EQC_CH3,Step11_Model2_EQC_CH3,Step12_Model3_EQC_CH3,Step13_Model1_EQB_CH3,Step14_Model1_EQC_CH4,Step15_Model2_EQC_CH2,Step16_Model1_EQA_CH1,Step17_Model3_EQB_CH2,Step18_Model1_EQC_CH2,Step19_Model3_EQC_CH4,Step20_Model2_EQC_CH2,Step21_Model3_EQA_CH2,Step22_Model3_EQB_CH3,Step23_Model3_EQB_CH1,Step24_Model3_EQC_CH2,Step25_Model3_EQB_CH2,Step26_Model1_EQB_CH1,Step27_Model1_EQB_CH3,Step28_Model3_EQC_CH4,Step29_Model1_EQA_CH4,Step30_Model2_EQB_CH2,,,,,,,,,,,70.45,39.99,,,49.05,,,,,,,42.22,,,,,,,,,,,,,,,,,,,42.17,,,55.77,,52.35,,,,,10,,,,,,,,,,,,,
L037W25,L037,25,Step1_Model2_EQC_CH3,Step2_Model1_EQA_CH4,Step3_Model1_EQA_CH4,Step4_Model3_EQC_CH4,Step5_Model3_EQB_CH4,Step6_Model3_EQA_CH4,Step7_Model3_EQB_CH2,Step8_Model1_EQC_CH4,Step9_Model1_EQA_CH2,Step10_Model3_EQC_CH1,Step11_Model2_EQC_CH1,Step12_Model3_EQC_CH3,Step13_Model1_EQB_CH2,Step14_Model1_EQC_CH3,Step15_Model2_EQC_CH1,Step16_Model1_EQA_CH1,Step17_Model3_EQB_CH1,Step18_Model1_EQC_CH1,Step19_Model3_EQC_CH4,Step20_Model2_EQC_CH1,Step21_Model3_EQA_CH4,Step22_Model3_EQB_CH4,Step23_Model3_EQB_CH3,Step24_Model3_EQC_CH4,Step25_Model3_EQB_CH3,Step26_Model1_EQB_CH4,Step27_Model1_EQB_CH4,Step28_Model3_EQC_CH1,Step29_Model1_EQA_CH2,Step30_Model2_EQB_CH4,,36.87,,,,,,,,57.1,,,,,40.37,62.58,,,,,,,,,,,,,,,,,44.76,,,,,,56.18,,,,60.74,,,52.01,,,,,,13,,,,,,,,,,,,
L038W01,L038,1,Step1_Model2_EQB_CH1,Step2_Model2_EQB_CH3,Step3_Model1_EQC_CH1,Step4_Model1_EQB_CH2,Step5_Model2_EQC_CH2,Step6_Model1_EQC_CH4,Step7_Model2_EQB_CH2,Step8_Model3_EQB_CH3,Step9_Model1_EQB_CH1,Step10_Model2_EQA_CH4,Step11_Model2_EQC_CH4,Step12_Model3_EQB_CH2,Step13_Model1_EQA_CH3,Step14_Model3_EQB_CH4,Step15_Model1_EQA_CH3,Step16_Model3_EQC_CH3,Step17_Model1_EQC_CH1,Step18_Model1_EQB_CH1,Step19_Model3_EQC_CH1,Step20_Model2_EQA_CH3,Step21_Model1_EQC_CH1,Step22_Model1_EQA_CH4,Step23_Model2_EQB_CH4,Step24_Model2_EQC_CH2,Step25_Model2_EQB_CH3,Step26_Model1_EQB_CH1,Step27_Model3_EQB_CH4,Step28_Model3_EQA_CH3,Step29_Model1_EQB_CH3,Step30_Model1_EQB_CH1,,,,,,,,,66.47,,,,,,,,,,,,,,,,,60.24,36.86,,,,,,,,,,,67.99,,,38.45,,,,,,,31.16,,,,,,,,,,,,,,,,
L038W02,L038,2,Step1_Model2_EQB_CH3,Step2_Model2_EQB_CH1,Step3_Model1_EQC_CH1,Step4_Model1_EQB_CH1,Step5_Model2_EQC_CH3,Step6_Model1_EQC_CH3,Step7_Model2_EQB_CH1,Step8_Model3_EQB_CH3,Step9_Model1_EQB_CH1,Step10_Model2_EQA_CH2,Step11_Model2_EQC_CH3,Step12_Model3_EQB_CH3,Step13_Model1_EQA_CH2,Step14_Model3_EQB_CH2,Step15_Model1_EQA_CH2,Step16_Model3_EQC_CH1,Step17_Model1_EQC_CH1,Step18_Model1_EQB_CH4,Step19_Model3_EQC_CH2,Step20_Model2_EQA_CH4,Step21_Model1_EQC_CH1,Step22_Model1_EQA_CH3,Step23_Model2_EQB_CH2,Step24_Model2_EQC_CH3,Step25_Model2_EQB_CH1,Step26_Model1_EQB_CH2,Step27_Model3_EQB_CH4,Step28_Model3_EQA_CH4,Step29_Model1_EQB_CH1,Step30_Model1_EQB_CH3,,,,,,,,,,,,43.46,,,,,64.64,46.9,,,,,,,39.9,,,,59.47,,,,,,40.12,,58.88,,,,,,,,,,,,,,,,,,,,,,,,,,,
L038W03,L038,3,Step1_Model2_EQB_CH1,Step2_Model2_EQB_CH3,Step3_Model1_EQC_CH1,Step4_Model1_EQB_CH4,Step5_Model2_EQC_CH3,Step6_Model1_EQC_CH1,Step7_Model2_EQB_CH2,Step8_Model3_EQB_CH4,Step9_Model1_EQB_CH4,Step10_Model2_EQA_CH2,Step11_Model2_EQC_CH1,Step12_Model3_EQB_CH3,Step13_Model1_EQA_CH4,Step14_Model3_EQB_CH1,Step15_Model1_EQA_CH2,Step16_Model3_EQC_CH3,Step17_Model1_EQC_CH1,Step18_Model1_EQB_CH1,Step19_Model3_EQC_CH4,Step20_Model2_EQA_CH4,Step21_Model1_EQC_CH3,Step22_Model1_EQA_CH1,Step23_Model2_EQB_CH2,Step24_Model2_EQC_CH2,Step25_Model2_EQB_CH3,Step26_Model1_EQB_CH1,Step27_Model3_EQB_CH4,Step28_Model3_EQA_CH1,Step29_Model1_EQB_CH4,Step30_Model1_EQB_CH2,,,,42.21,,,,,,,,,,,,,,,,,,,32.47,,,,32.67,,61.94,,,,,,,,,,,,,,63.73,,,,,,,,,,,7,,,,,,,,,,
L038W04,L038,4,Step1_Model2_EQB_CH3,Step2_Model2_EQB_CH3,Step3_Model1_EQC_CH3,Step4_Model1_EQB_CH4,Step5_Model2_EQC_CH2,Step6_Model1_EQC_CH2,Step7_Model2_EQB_CH3,Step8_Model3_EQB_CH3,Step9_Model1_EQB_CH4,Step10_Model2_EQA_CH4,Step11_Model2_EQC_CH1,Step12_Model3_EQB_CH4,Step13_Model1_EQA_CH1,Step14_Model3_EQB_CH3,Step15_Model1_EQA_CH2,Step16_Model3_EQC_CH4,Step17_Model1_EQC_CH2,Step18_Model1_EQB_CH4,Step19_Model3_EQC_CH4,Step20_Model2_EQA_CH1,Step21_Model1_EQC_CH4,Step22_Model1_EQA_CH3,Step23_Model2_EQB_CH2,Step24_Model2_EQC_CH4,Step25_Model2_EQB_CH2,Step26_Model1_EQB_CH2,Step27_Model3_EQB_CH2,Step28_Model3_EQA_CH4,Step29_Model1_EQB_CH1,Step30_Model1_EQB_CH2,,,,48.56,,,,,,,,,,37.35,,,56.78,,,,,,,,,,,,,46.58,,,,,,,,,,,,57.12,62.89,57.65,62.69,,,,,,,,,,,,,,,,,,,
L038W05,L038,5,Step1_Model2_EQB_CH2,Step2_Model2_EQB_CH4,Step3_Model1_EQC_CH4,Step4_Model1_EQB_CH3,Step5_Model2_EQC_CH3,Step6_Model1_EQC_CH1,Step7_Model2_EQB_CH1,Step8_Model3_EQB_CH1,Step9_Model1_EQB_CH1,Step10_Model2_EQA_CH2,Step11_Model2_EQC_CH4,Step12_Model3_EQB_CH3,Step13_Model1_EQA_CH2,Step14_Model3_EQB_CH4,Step15_Model1_EQA_CH4,Step16_Model3_EQC_CH2,Step17_Model1_EQC_CH2,Step18_Model1_EQB_CH3,Step19_Model3_EQC_CH1,Step20_Model2_EQA_CH1,Step21_Model1_EQC_CH3,Step22_Model1_EQA_CH3,Step23_Model2_EQB_CH1,Step24_Model2_EQC_CH2,Step25_Model2_EQB_CH1,Step26_Model1_EQB_CH4,Step27_Model3_EQB_CH4,Step28_Model3_EQA_CH3,Step29_Model1_EQB_CH1,Step30_Model1_EQB_CH1,44.13,,48.03,,,,,,59.15,,,,,,43.97,61.02,,,,,,,,,42.62,,,,,,,,,,49.01,,,64.37,,,38.92,,,54.67,,,,,,,,,,,,,,,,,,,,
L038W06,L038,6,Step1_Model2_EQB_CH4,Step2_Model2_EQB_CH1,Step3_Model1_EQC_CH3,Step4_Model1_EQB_CH3,Step5_Model2_EQC_CH4,Step6_Model1_EQC_CH1,Step7_Model2_EQB_CH1,Step8_Model3_EQB_CH4,Step9_Model1_EQB_CH2,Step10_Model2_EQA_CH2,Step11_Model2_EQC_CH1,Step12_Model3_EQB_CH3,Step13_Model1_EQA_CH2,Step14_Model3_EQB_CH1,Step15_Model1_EQA_CH2,Step16_Model3_EQC_CH4,Step17_Model1_EQC_CH2,Step18_Model1_EQB_CH2,Step19_Model3_EQC_CH4,Step20_Model2_EQA_CH3,Step21_Model1_EQC_CH1,Step22_Model1_EQA_CH3,Step23_Model2_EQB_CH3,Step24_Model2_EQC_CH2,Step25_Model2_EQB_CH1,Step26_Model1_EQB_CH2,Step27_Model3_EQB_CH4,Step28_Model3_EQA_CH3,Step29_Model1_EQB_CH3,Step30_Model1_EQB_CH4,,,,,,,66.02,66.16,,,,,,,45.4,,,41.95,45.03,,,,,40.96,,,,,,,,43.82,,,,,,,,,,,,,,,49.31,,,,,,,,,,,,,,,,,
L038W07,L038,7,Step1_Model2_EQB_CH1,Step2_Model2_EQB_CH3,Step3_Model1_EQC_CH3,Step4_Model1_EQB_CH1,Step5_Model2_EQC_CH2,Step6_Model1_EQC_CH4,Step7_Model2_EQB_CH1,Step8_Model3_EQB_CH4,Step9_Model1_EQB_CH4,Step10_Model2_EQA_CH3,Step11_Model2_EQC_CH1,Step12_Model3_EQB_CH4,Step13_Model1_EQA_CH2,Step14_Model3_EQB_CH4,Step15_Model1_EQA_CH3,Step16_Model3_EQC_CH2,Step17_Model1_EQC_CH2,Step18_Model1_EQB_CH1,Step19_Model3_EQC_CH2,Step20_Model2_EQA_CH1,Step21_Model1_EQC_CH1,Step22_Model1_EQA_CH2,Step23_Model2_EQB_CH1,Step24_Model2_EQC_CH1,Step25_Model2_EQB_CH2,Step26_Model1_EQB_CH3,Step27_Model3_EQB_CH4,Step28_Model3_EQA_CH1,Step29_Model1_EQB_CH1,Step30_Model1_EQB_CH2,35.72,,,,42.74,48.5,,61.73,61.47,,,,,,,,,,,58.7,,40.05,,,,,,,,,64.62,,,,,,,,,,38.22,,,,,,,,6,,,,,,,12,,,,,,,,
L038W08,L038,8,Step1_Model2_EQB_CH4,Step2_Model2_EQB_CH4,Step3_Model1_EQC_CH1,Step4_Model1_EQB_CH2,Step5_Model2_EQC_CH3,Step6_Model1_EQC_CH4,Step7_Model2_EQB_CH3,Step8_Model3_EQB_CH2,Step9_Model1_EQB_CH3,Step10_Model2_EQA_CH2,Step11_Model2_EQC_CH1,Step12_Model3_EQB_CH3,Step13_Model1_EQA_CH1,Step14_Model3_EQB_CH1,Step15_Model1_EQA_CH2,Step16_Model3_EQC_CH3,Step17_Model1_EQC_CH4,Step18_Model1_EQB_CH3,Step19_Model3_EQC_CH4,Step20_Model2_EQA_CH1,Step21_Model1_EQC_CH1,Step22_Model1_EQA_CH2,Step23_Model2_EQB_CH4,Step24_Model2_EQC_CH3,Step25_Model2_EQB_CH2,Step26_Model1_EQB_CH2,Step27_Model3_EQB_CH2,Step28_Model3_EQA_CH3,Step29_Model1_EQB_CH2,Step30_Model1_EQB_CH3,,,,,,,,,57.38,,,,34.42,,,,,,58.7,,,,,,,,,,,,,,,,,,,,,,,55.46,,55.99,,,,,,6,14,,,,,,,,,,,,,
L038W09,L038,9,Step1_Model2_EQB_CH2,Step2_Model2_EQB_CH4,Step3_Model1_EQC_CH1,Step4_Model1_EQB_CH4,Step5_Model2_EQC_CH4,Step6_Model1_EQC_CH2,Step7_Model2_EQB_CH4,Step8_Model3_EQB_CH4,Step9_Model1_EQB_CH4,Step10_Model2_EQA_CH2,Step11_Model2_EQC_CH3,Step12_Model3_EQB_CH1,Step13_Model1_EQA_CH1,Step14_Model3_EQB_CH3,Step15_Model1_EQA_CH3,Step16_Model3_EQC_CH4,Step17_Model1_EQC_CH1,Step18_Model1_EQB_CH3,Step19_Model3_EQC_CH4,Step20_Model2_EQA_CH1,Step21_Model1_EQC_CH2,Step22_Model1_EQA_CH2,Step23_Model2_EQB_CH1,Step24_Model2_EQC_CH1,Step25_Model2_EQB_CH2,Step26_Model1_EQB_CH2,Step27_Model3_EQB_CH1,Step28_Model3_EQA_CH4,Step29_Model1_EQB_CH3,Step30_Model1_EQB_CH3,,53.4,,,,,,63.12,,,,44.05,,,,,,,,,,,,,,,,,,,,,,,45.44,,,,,,,58.92,,61.12,,54.43,,,,,,,,,,,9,,,,,,,
L038W10,L038,10,Step1_Model2_EQB_CH1,Step2_Model2_EQB_CH3,Step3_Model1_EQC_CH2,Step4_Model1_EQB_CH2,Step5_Model2_EQC_CH3,Step6_Model1_EQC_CH1,Step7_Model2_EQB_CH2,Step8_Model3_EQB_CH4,Step9_Model1_EQB_CH4,Step10_Model2_EQA_CH2,Step11_Model2_EQC_CH2,Step12_Model3_EQB_CH3,Step13_Model1_EQA_CH1,Step14_Model3_EQB_CH3,Step15_Model1_EQA_CH1,Step16_Model3_EQC_CH4,Step17_Model1_EQC_CH4,Step18_Model1_EQB_CH1,Step19_Model3_EQC_CH3,Step20_Model2_EQA_CH2,Step21_Model1_EQC_CH1,Step22_Model1_EQA_CH3,Step23_Model2_EQB_CH4,Step24_Model2_EQC_CH2,Step25_Model2_EQB_CH4,Step26_Model1_EQB_CH1,Step27_Model3_EQB_CH4,Step28_Model3_EQA_CH4,Step29_Model1_EQB_CH1,Step30_Model1_EQB_CH2,,,,,,,,,,,,,,,,,,,46.28,47.29,,,,,36.38,,,,60.55,,62.9,,44.33,57.35,,,,63.46,,,,,,,,,,,,,,,,,,,,,,,,,,
L038W11,L038,11,Step1_Model2_EQB_CH1,Step2_Model2_EQB_CH3,Step3_Model1_EQC_CH1,Step4_Model1_EQB_CH1,Step5_Model2_EQC_CH2,Step6_Model1_EQC_CH3,Step7_Model2_EQB_CH4,Step8_Model3_EQB_CH4,Step9_Model1_EQB_CH4,Step10_Model2_EQA_CH4,Step11_Model2_EQC_CH2,Step12_Model3_EQB_CH3,Step13_Model1_EQA_CH2,Step14_Model3_EQB_CH1,Step15_Model1_EQA_CH3,Step16_Model3_EQC_CH3,Step17_Model1_EQC_CH4,Step18_Model1_EQB_CH4,Step19_Model3_EQC_CH4,Step20_Model2_EQA_CH4,Step21_Model1_EQC_CH1,Step22_Model1_EQA_CH4,Step23_Model2_EQB_CH2,Step24_Model2_EQC_CH3,Step25_Model2_EQB_CH1,Step26_Model1_EQB_CH1,Step27_Model3_EQB_CH3,Step28_Model3_EQA_CH3,Step29_Model1_EQB_CH3,Step30_Model1_EQB_CH1,,,,,,,67.23,,,,,,39.82,,,,,,,,,,35.05,,,,,,,41.26,,,,,,,,61.26,,,,,,,,,,,,10,,,,,,,,,,,,,,
L038W12,L038,12,Step1_Model2_EQB_CH2,Step2_Model2_EQB_CH2,Step3_Model1_EQC_CH3,Step4_Model1_EQB_CH1,Step5_Model2_EQC_CH4,Step6_Model1_EQC_CH1,Step7_Model2_EQB_CH3,Step8_Model3_EQB_CH1,Step9_Model1_EQB_CH1,Step10_Model2_EQA_CH1,Step11_Model2_EQC_CH4,Step12_Model3_EQB_CH3,Step13_Model1_EQA_CH3,Step14_Model3_EQB_CH3,Step15_Model1_EQA_CH2,Step16_Model3_EQC_CH2,Step17_Model1_EQC_CH3,Step18_Model1_EQB_CH1,Step19_Model3_EQC_CH1,Step20_Model2_EQA_CH3,Step21_Model1_EQC_CH4,Step22_Model1_EQA_CH4,Step23_Model2_EQB_CH1,Step24_Model2_EQC_CH1,Step25_Model2_EQB_CH2,Step26_Model1_EQB_CH4,Step27_Model3_EQB_CH1,Step28_Model3_EQA_CH1,Step29_Model1_EQB_CH3,Step30_Model1_EQB_CH2,,,,,,,,,,,,,,,,,,,,,,,,,,,,54.25,57.1,,59.96,47.3,,,,,,,,,38.29,,,63.87,,,52.99,,,,,,,,,,,,,,,,,
L038W13,L038,13,Step1_Model2_EQB_CH4,Step2_Model2_EQB_CH4,Step3_Model1_EQC_CH2,Step4_Model1_EQB_CH1,Step5_Model2_EQC_CH4,Step6_Model1_EQC_CH4,Step7_Model2_EQB_CH4,Step8_Model3_EQB_CH3,Step9_Model1_EQB_CH2,Step10_Model2_EQA_CH4,Step11_Model2_EQC_CH2,Step12_Model3_EQB_CH1,Step13_Model1_EQA_CH2,Step14_Model3_EQB_CH3,Step15_Model1_EQA_CH3,Step16_Model3_EQC_CH2,Step17_Model1_EQC_CH3,Step18_Model1_EQB_CH4,Step19_Model3_EQC_CH3,Step20_Model2_EQA_CH1,Step21_Model1_EQC_CH2,Step22_Model1_EQA_CH2,Step23_Model2_EQB_CH1,Step24_Model2_EQC_CH1,Step25_Model2_EQB_CH1,Step26_Model1_EQB_CH1,Step27_Model3_EQB_CH4,Step28_Model3_EQA_CH3,Step29_Model1_EQB_CH3,Step30_Model1_EQB_CH4,,,,,,,62.49,,,,56.82,,35.2,,60.35,,,,40.11,,,,,19.35,,,,,58.15,,62,,,,,,,,,,,,,,,,,,,,,,,,,,,,,,,,,
L038W14,L038,14,Step1_Model2_EQB_CH1,Step2_Model2_EQB_CH2,Step3_Model1_EQC_CH2,Step4_Model1_EQB_CH2,Step5_Model2_EQC_CH1,Step6_Model1_EQC_CH4,Step7_Model2_EQB_CH4,Step8_Model3_EQB_CH4,Step9_Model1_EQB_CH3,Step10_Model2_EQA_CH3,Step11_Model2_EQC_CH3,Step12_Model3_EQB_CH3,Step13_Model1_EQA_CH2,Step14_Model3_EQB_CH2,Step15_Model1_EQA_CH4,Step16_Model3_EQC_CH3,Step17_Model1_EQC_CH4,Step18_Model1_EQB_CH1,Step19_Model3_EQC_CH3,Step20_Model2_EQA_CH3,Step21_Model1_EQC_CH4,Step22_Model1_EQA_CH4,Step23_Model2_EQB_CH1,Step24_Model2_EQC_CH4,Step25_Model2_EQB_CH3,Step26_Model1_EQB_CH2,Step27_Model3_EQB_CH1,Step28_Model3_EQA_CH1,Step29_Model1_EQB_CH3,Step30_Model1_EQB_CH2,,,,,,,,,,,,,,,,,,,42.79,58.7,,,,,,45.58,39.15,,,,,,,,,61.77,,,,,,60.09,63.27,,,,,,,,,,,,,,,,,,,,,
L038W15,L038,15,Step1_Model2_EQB_CH4,Step2_Model2_EQB_CH4,Step3_Model1_EQC_CH2,Step4_Model1_EQB_CH2,Step5_Model2_EQC_CH3,Step6_Model1_EQC_CH4,Step7_Model2_EQB_CH3,Step8_Model3_EQB_CH4,Step9_Model1_EQB_CH4,Step10_Model2_EQA_CH2,Step11_Model2_EQC_CH3,Step12_Model3_EQB_CH2,Step13_Model1_EQA_CH3,Step14_Model3_EQB_CH4,Step15_Model1_EQA_CH1,Step16_Model3_EQC_CH1,Step17_Model1_EQC_CH3,Step18_Model1_EQB_CH3,Step19_Model3_EQC_CH2,Step20_Model2_EQA_CH4,Step21_Model1_EQC_CH1,Step22_Model1_EQA_CH2,Step23_Model2_EQB_CH3,Step24_Model2_EQC_CH4,Step25_Model2_EQB_CH2,Step26_Model1_EQB_CH2,Step27_Model3_EQB_CH3,Step28_Model3_EQA_CH4,Step29_Model1_EQB_CH1,Step30_Model1_EQB_CH2,33.24,,,,,,65.25,,,,,,,,,59.39,,,,,37.54,,,36.93,,,,,,,,,,,,51,,65.2,,,,,,,,56.28,,,,,,,,,,,,,,,,,,
L038W16,L038,16,Step1_Model2_EQB_CH3,Step2_Model2_EQB_CH2,Step3_Model1_EQC_CH3,Step4_Model1_EQB_CH3,Step5_Model2_EQC_CH3,Step6_Model1_EQC_CH4,Step7_Model2_EQB_CH1,Step8_Model3_EQB_CH4,Step9_Model1_EQB_CH1,Step10_Model2_EQA_CH3,Step11_Model2_EQC_CH1,Step12_Model3_EQB_CH4,Step13_Model1_EQA_CH2,Step14_Model3_EQB_CH4,Step15_Model1_EQA_CH4,Step16_Model3_EQC_CH4,Step17_Model1_EQC_CH4,Step18_Model1_EQB_CH4,Step19_Model3_EQC_CH1,Step20_Model2_EQA_CH1,Step21_Model1_EQC_CH2,Step22_Model1_EQA_CH4,Step23_Model2_EQB_CH4,Step24_Model2_EQC_CH2,Step25_Model2_EQB_CH2,Step26_Model1_EQB_CH3,Step27_Model3_EQB_CH2,Step28_Model3_EQA_CH2,Step29_Model1_EQB_CH2,Step30_Model1_EQB_CH3,,,,,,,,,66.82,,,,,,45.83,,58.6,,58.7,,,,,38.41,,,,,,,,,,,44.87,67.17,56.55,,,,,,,,,,,,,,,,,,,,,,,,,,,
L038W17,L038,17,Step1_Model2_EQB_CH1,Step2_Model2_EQB_CH3,Step3_Model1_EQC_CH1,Step4_Model1_EQB_CH2,Step5_Model2_EQC_CH3,Step6_Model1_EQC_CH3,Step7_Model2_EQB_CH1,Step8_Model3_EQB_CH3,Step9_Model1_EQB_CH3,Step10_Model2_EQA_CH4,Step11_Model2_EQC_CH1,Step12_Model3_EQB_CH3,Step13_Model1_EQA_CH3,Step14_Model3_EQB_CH2,Step15_Model1_EQA_CH4,Step16_Model3_EQC_CH4,Step17_Model1_EQC_CH2,Step18_Model1_EQB_CH2,Step19_Model3_EQC_CH2,Step20_Model2_EQA_CH2,Step21_Model1_EQC_CH4,Step22_Model1_EQA_CH3,Step23_Model2_EQB_CH3,Step24_Model2_EQC_CH2,Step25_Model2_EQB_CH1,Step26_Model1_EQB_CH2,Step27_Model3_EQB_CH3,Step28_Model3_EQA_CH1,Step29_Model1_EQB_CH2,Step30_Model1_EQB_CH1,,,,,,,63.7,,,,,,,,,,,44.69,,,,,,,,,,,,,,,,,,,64.06,,,,,,,,58.04,49.45,,,,,,,,,,,,,,,,,,
L038W18,L038,18,Step1_Model2_EQB_CH2,Step2_Model2_EQB_CH4,Step3_Model1_EQC_CH3,Step4_Model1_EQB_CH2,Step5_Model2_EQC_CH1,Step6_Model1_EQC_CH3,Step7_Model2_EQB_CH2,Step8_Model3_EQB_CH2,Step9_Model1_EQB_CH2,Step10_Model2_EQA_CH2,Step11_Model2_EQC_CH4,Step12_Model3_EQB_CH3,Step13_Model1_EQA_CH4,Step14_Model3_EQB_CH3,Step15_Model1_EQA_CH2,Step16_Model3_EQC_CH3,Step17_Model1_EQC_CH1,Step18_Model1_EQB_CH3,Step19_Model3_EQC_CH1,Step20_Model2_EQA_CH1,Step21_Model1_EQC_CH4,Step22_Model1_EQA_CH3,Step23_Model2_EQB_CH2,Step24_Model2_EQC_CH3,Step25_Model2_EQB_CH4,Step26_Model1_EQB_CH1,Step27_Model3_EQB_CH1,Step28_Model3_EQA_CH4,Step29_Model1_EQB_CH4,Step30_Model1_EQB_CH3,,,,,,,65.17,,,,52.31,,45.93,,,62.67,,39.48,,,,,,31.75,,,,,,,,,,47.56,48.79,,56.38,,,,,,,,,,,,,,,,,,,,,,,,,,,
L038W19,L038,19,Step1_Model2_EQB_CH1,Step2_Model2_EQB_CH4,Step3_Model1_EQC_CH3,Step4_Model1_EQB_CH3,Step5_Model2_EQC_CH2,Step6_Model1_EQC_CH1,Step7_Model2_EQB_CH3,Step8_Model3_EQB_CH4,Step9_Model1_EQB_CH1,Step10_Model2_EQA_CH4,Step11_Model2_EQC_CH4,Step12_Model3_EQB_CH3,Step13_Model1_EQA_CH3,Step14_Model3_EQB_CH2,Step15_Model1_EQA_CH4,Step16_Model3_EQC_CH3,Step17_Model1_EQC_CH2,Step18_Model1_EQB_CH1,Step19_Model3_EQC_CH2,Step20_Model2_EQA_CH2,Step21_Model1_EQC_CH4,Step22_Model1_EQA_CH1,Step23_Model2_EQB_CH4,Step24_Model2_EQC_CH4,Step25_Model2_EQB_CH2,Step26_Model1_EQB_CH2,Step27_Model3_EQB_CH3,Step28_Model3_EQA_CH2,Step29_Model1_EQB_CH3,Step30_Model1_EQB_CH4,45.82,,,,,,,,,,,43.49,,,,58.79,,,47.76,,,,38.86,,,,,,,,,,,44.26,,,,,,,,,44.48,,,,,38.8,,,,,,,,,,,,,,,,
L038W20,L038,20,Step1_Model2_EQB_CH2,Step2_Model2_EQB_CH1,Step3_Model1_EQC_CH1,Step4_Model1_EQB_CH4,Step5_Model2_EQC_CH4,Step6_Model1_EQC_CH2,Step7_Model2_EQB_CH3,Step8_Model3_EQB_CH2,Step9_Model1_EQB_CH3,Step10_Model2_EQA_CH2,Step11_Model2_EQC_CH1,Step12_Model3_EQB_CH1,Step13_Model1_EQA_CH3,Step14_Model3_EQB_CH2,Step15_Model1_EQA_CH4,Step16_Model3_EQC_CH3,Step17_Model1_EQC_CH1,Step18_Model1_EQB_CH3,Step19_Model3_EQC_CH2,Step20_Model2_EQA_CH4,Step21_Model1_EQC_CH4,Step22_Model1_EQA_CH3,Step23_Model2_EQB_CH2,Step24_Model2_EQC_CH2,Step25_Model2_EQB_CH4,Step26_Model1_EQB_CH1,Step27_Model3_EQB_CH2,Step28_Model3_EQA_CH4,Step29_Model1_EQB_CH4,Step30_Model1_EQB_CH2,,,,,44.08,52.91,,,,,,,,,,,59.72,,42.95,,,,,,,,,,60.81,47.33,,44.68,,,,,,62.05,,,,,60.42,53.4,61.78,50.02,,,,,6,,,,,,,,,,,,,
L038W21,L038,21,Step1_Model2_EQB_CH2,Step2_Model2_EQB_CH3,Step3_Model1_EQC_CH1,Step4_Model1_EQB_CH3,Step5_Model2_EQC_CH3,Step6_Model1_EQC_CH4,Step7_Model2_EQB_CH4,Step8_Model3_EQB_CH1,Step9_Model1_EQB_CH3,Step10_Model2_EQA_CH3,Step11_Model2_EQC_CH4,Step12_Model3_EQB_CH4,Step13_Model1_EQA_CH2,Step14_Model3_EQB_CH3,Step15_Model1_EQA_CH1,Step16_Model3_EQC_CH3,Step17_Model1_EQC_CH4,Step18_Model1_EQB_CH2,Step19_Model3_EQC_CH3,Step20_Model2_EQA_CH1,Step21_Model1_EQC_CH4,Step22_Model1_EQA_CH2,Step23_Model2_EQB_CH3,Step24_Model2_EQC_CH1,Step25_Model2_EQB_CH4,Step26_Model1_EQB_CH1,Step27_Model3_EQB_CH3,Step28_Model3_EQA_CH4,Step29_Model1_EQB_CH3,Step30_Model1_EQB_CH2,,,,,,,,,,,,,,,,,,,,,,,,,,,,,,,,,,,,63.91,,,,,,,,,,,,,,,,,11,,,,,,,,,,,
L038W22,L038,22,Step1_Model2_EQB_CH3,Step2_Model2_EQB_CH2,Step3_Model1_EQC_CH3,Step4_Model1_EQB_CH1,Step5_Model2_EQC_CH1,Step6_Model1_EQC_CH4,Step7_Model2_EQB_CH1,Step8_Model3_EQB_CH1,Step9_Model1_EQB_CH2,Step10_Model2_EQA_CH1,Step11_Model2_EQC_CH2,Step12_Model3_EQB_CH2,Step13_Model1_EQA_CH2,Step14_Model3_EQB_CH3,Step15_Model1_EQA_CH2,Step16_Model3_EQC_CH3,Step17_Model1_EQC_CH2,Step18_Model1_EQB_CH3,Step19_Model3_EQC_CH4,Step20_Model2_EQA_CH4,Step21_Model1_EQC_CH3,Step22_Model1_EQA_CH4,Step23_Model2_EQB_CH1,Step24_Model2_EQC_CH2,Step25_Model2_EQB_CH3,Step26_Model1_EQB_CH4,Step27_Model3_EQB_CH4,Step28_Model3_EQA_CH1,Step29_Model1_EQB_CH2,Step30_Model1_EQB_CH1,,,,,48.12,,71.27,,,,,,,38.2,,,,,,,,,,39.02,37.26,,,,,,,,,,50.29,,,,,,,,,,,,,,9,,,,,,,,,,,,,,,
L038W23,L038,23,Step1_Model2_EQB_CH3,Step2_Model2_EQB_CH4,Step3_Model1_EQC_CH4,Step4_Model1_EQB_CH4,Step5_Model2_EQC_CH1,Step6_Model1_EQC_CH1,Step7_Model2_EQB_CH2,Step8_Model3_EQB_CH3,Step9_Model1_EQB_CH2,Step10_Model2_EQA_CH2,Step11_Model2_EQC_CH4,Step12_Model3_EQB_CH1,Step13_Model1_EQA_CH3,Step14_Model3_EQB_CH2,Step15_Model1_EQA_CH3,Step16_Model3_EQC_CH4,Step17_Model1_EQC_CH2,Step18_Model1_EQB_CH1,Step19_Model3_EQC_CH2,Step20_Model2_EQA_CH4,Step21_Model1_EQC_CH2,Step22_Model1_EQA_CH4,Step23_Model2_EQB_CH2,Step24_Model2_EQC_CH3,Step25_Model2_EQB_CH1,Step26_Model1_EQB_CH4,Step27_Model3_EQB_CH3,Step28_Model3_EQA_CH4,Step29_Model1_EQB_CH2,Step30_Model1_EQB_CH4,,,,,42.7,,,,,,,,,,,,,37.4,,,,,,33.47,,,,,,,,,,44.26,,,42.71,,,,,59.96,,58.98,,53.59,,,,,,,,,11,,,,,,,,,
L038W24,L038,24,Step1_Model2_EQB_CH4,Step2_Model2_EQB_CH1,Step3_Model1_EQC_CH3,Step4_Model1_EQB_CH2,Step5_Model2_EQC_CH1,Step6_Model1_EQC_CH4,Step7_Model2_EQB_CH1,Step8_Model3_EQB_CH4,Step9_Model1_EQB_CH2,Step10_Model2_EQA_CH4,Step11_Model2_EQC_CH1,Step12_Model3_EQB_CH1,Step13_Model1_EQA_CH4,Step14_Model3_EQB_CH3,Step15_Model1_EQA_CH1,Step16_Model3_EQC_CH3,Step17_Model1_EQC_CH3,Step18_Model1_EQB_CH3,Step19_Model3_EQC_CH3,Step20_Model2_EQA_CH1,Step21_Model1_EQC_CH1,Step22_Model1_EQA_CH3,Step23_Model2_EQB_CH1,Step24_Model2_EQC_CH3,Step25_Model2_EQB_CH3,Step26_Model1_EQB_CH3,Step27_Model3_EQB_CH4,Step28_Model3_EQA_CH2,Step29_Model1_EQB_CH1,Step30_Model1_EQB_CH1,,38.51,38.56,,46.59,,,67.93,,65.28,54.56,,,,47.7,,,,,,,,,,,54.15,,56,57.35,,,,,,,62.72,,57.31,,,,57.36,,,,,56.21,,,,,,,,,,,,,,,,,
L038W25,L038,25,Step1_Model2_EQB_CH3,Step2_Model2_EQB_CH4,Step3_Model1_EQC_CH4,Step4_Model1_EQB_CH1,Step5_Model2_EQC_CH3,Step6_Model1_EQC_CH1,Step7_Model2_EQB_CH3,Step8_Model3_EQB_CH3,Step9_Model1_EQB_CH2,Step10_Model2_EQA_CH3,Step11_Model2_EQC_CH2,Step12_Model3_EQB_CH1,Step13_Model1_EQA_CH1,Step14_Model3_EQB_CH4,Step15_Model1_EQA_CH2,Step16_Model3_EQC_CH1,Step17_Model1_EQC_CH2,Step18_Model1_EQB_CH1,Step19_Model3_EQC_CH2,Step20_Model2_EQA_CH2,Step21_Model1_EQC_CH3,Step22_Model1_EQA_CH1,Step23_Model2_EQB_CH4,Step24_Model2_EQC_CH3,Step25_Model2_EQB_CH4,Step26_Model1_EQB_CH2,Step27_Model3_EQB_CH3,Step28_Model3_EQA_CH2,Step29_Model1_EQB_CH1,Step30_Model1_EQB_CH1,43.85,,,,,,,,60.13,,48.26,,,,,,,,,,,,,,,,,,,,,,,,,,,57.09,,,,,,,,,,,,,,,,,,,,,,,,,,
L039W01,L039,1,Step1_Model1_EQB_CH4,Step2_Model3_EQA_CH4,Step3_Model2_EQC_CH4,Step4_Model2_EQB_CH1,Step5_Model1_EQB_CH3,Step6_Model2_EQC_CH4,Step7_Model1_EQB_CH2,Step8_Model2_EQC_CH2,Step9_Model2_EQB_CH2,Step10_Model2_EQB_CH4,Step11_Model2_EQC_CH4,Step12_Model2_EQB_CH2,Step13_Model2_EQB_CH4,Step14_Model1_EQA_CH2,Step15_Model1_EQA_CH1,Step16_Model3_EQA_CH4,Step17_Model3_EQA_CH1,Step18_Model3_EQA_CH1,Step19_Model2_EQA_CH4,Step20_Model1_EQA_CH2,Step21_Model2_EQC_CH3,Step22_Model3_EQB_CH1,Step23_Model1_EQA_CH4,Step24_Model1_EQC_CH1,Step25_Model3_EQB_CH2,Step26_Model2_EQC_CH4,Step27_Model1_EQA_CH3,Step28_Model1_EQA_CH4,Step29_Model2_EQB_CH1,Step30_Model3_EQB_CH4,42.96,39.16,41.92,,46.58,,,,,,41.34,,,,,,,,,,,,,,35.67,,,,58.53,,,,,,,,,,63.2,,,,,,,,,,,,,,,,,,,,,,,,,
L039W02,L039,2,Step1_Model1_EQB_CH4,Step2_Model3_EQA_CH1,Step3_Model2_EQC_CH3,Step4_Model2_EQB_CH2,Step5_Model1_EQB_CH4,Step6_Model2_EQC_CH3,Step7_Model1_EQB_CH2,Step8_Model2_EQC_CH1,Step9_Model2_EQB_CH3,Step10_Model2_EQB_CH3,Step11_Model2_EQC_CH4,Step12_Model2_EQB_CH1,Step13_Model2_EQB_CH4,Step14_Model1_EQA_CH1,Step15_Model1_EQA_CH2,Step16_Model3_EQA_CH4,Step17_Model3_EQA_CH1,Step18_Model3_EQA_CH1,Step19_Model2_EQA_CH3,Step20_Model1_EQA_CH4,Step21_Model2_EQC_CH4,Step22_Model3_EQB_CH2,Step23_Model1_EQA_CH1,Step24_Model1_EQC_CH3,Step25_Model3_EQB_CH1,Step26_Model2_EQC_CH1,Step27_Model1_EQA_CH1,Step28_Model1_EQA_CH4,Step29_Model2_EQB_CH1,Step30_Model3_EQB_CH2,,,,42.37,,,,,,,55.03,,39.89,,,,,,,,,,42.13,,,,,,57.5,45.77,62.42,,,,,,,,,,,,,,,,,,,,,5,,,,,,,,,,,,
L039W03,L039,3,Step1_Model1_EQB_CH3,Step2_Model3_EQA_CH3,Step3_Model2_EQC_CH1,Step4_Model2_EQB_CH3,Step5_Model1_EQB_CH1,Step6_Model2_EQC_CH4,Step7_Model1_EQB_CH3,Step8_Model2_EQC_CH4,Step9_Model2_EQB_CH4,Step10_Model2_EQB_CH2,Step11_Model2_EQC_CH2,Step12_Model2_EQB_CH3,Step13_Model2_EQB_CH1,Step14_Model1_EQA_CH1,Step15_Model1_EQA_CH1,Step16_Model3_EQA_CH1,Step17_Model3_EQA_CH2,Step18_Model3_EQA_CH1,Step19_Model2_EQA_CH1,Step20_Model1_EQA_CH4,Step21_Model2_EQC_CH1,Step22_Model3_EQB_CH1,Step23_Model1_EQA_CH2,Step24_Model1_EQC_CH3,Step25_Model3_EQB_CH4,Step26_Model2_EQC_CH4,Step27_Model1_EQA_CH3,Step28_Model1_EQA_CH4,Step29_Model2_EQB_CH1,Step30_Model3_EQB_CH1,42.44,,,,,,,,,,56.52,,37.27,,,,,,,,,,38.37,,37.6,,,,,,,,,42.89,,,,,,,,,,,,,,,,,,,,,,,,,,,,,,
L039W04,L039,4,Step1_Model1_EQB_CH3,Step2_Model3_EQA_CH2,Step3_Model2_EQC_CH2,Step4_Model2_EQB_CH4,Step5_Model1_EQB_CH2,Step6_Model2_EQC_CH2,Step7_Model1_EQB_CH2,Step8_Model2_EQC_CH2,Step9_Model2_EQB_CH2,Step10_Model2_EQB_CH2,Step11_Model2_EQC_CH2,Step12_Model2_EQB_CH4,Step13_Model2_EQB_CH1,Step14_Model1_EQA_CH2,Step15_Model1_EQA_CH1,Step16_Model3_EQA_CH3,Step17_Model3_EQA_CH1,Step18_Model3_EQA_CH3,Step19_Model2_EQA_CH4,Step20_Model1_EQA_CH1,Step21_Model2_EQC_CH3,Step22_Model3_EQB_CH1,Step23_Model1_EQA_CH4,Step24_Model1_EQC_CH1,Step25_Model3_EQB_CH3,Step26_Model2_EQC_CH2,Step27_Model1_EQA_CH2,Step28_Model1_EQA_CH2,Step29_Model2_EQB_CH4,Step30_Model3_EQB_CH2,,39.13,42.81,,,,,,,57,,,,,,,,,,,,,,,,,,,,,,,,,,,,62.39,63.13,,40.15,,,,,48.51,,,,,,,,,,,,,,,,,,
L039W05,L039,5,Step1_Model1_EQB_CH4,Step2_Model3_EQA_CH2,Step3_Model2_EQC_CH4,Step4_Model2_EQB_CH4,Step5_Model1_EQB_CH1,Step6_Model2_EQC_CH2,Step7_Model1_EQB_CH1,Step8_Model2_EQC_CH3,Step9_Model2_EQB_CH2,Step10_Model2_EQB_CH2,Step11_Model2_EQC_CH2,Step12_Model2_EQB_CH2,Step13_Model2_EQB_CH1,Step14_Model1_EQA_CH1,Step15_Model1_EQA_CH4,Step16_Model3_EQA_CH1,Step17_Model3_EQA_CH4,Step18_Model3_EQA_CH3,Step19_Model2_EQA_CH1,Step20_Model1_EQA_CH4,Step21_Model2_EQC_CH2,Step22_Model3_EQB_CH3,Step23_Model1_EQA_CH4,Step24_Model1_EQC_CH3,Step25_Model3_EQB_CH2,Step26_Model2_EQC_CH2,Step27_Model1_EQA_CH4,Step28_Model1_EQA_CH4,Step29_Model2_EQB_CH2,Step30_Model3_EQB_CH4,,,43.04,,,,,,62.24,,54.74,,,,50.56,,,,,,,,,41.04,,,,,,,59.65,,,,,,65.27,,,,,,,,,,,,11,,,,,,7,,,,,,,,,
L039W06,L039,6,Step1_Model1_EQB_CH2,Step2_Model3_EQA_CH1,Step3_Model2_EQC_CH4,Step4_Model2_EQB_CH3,Step5_Model1_EQB_CH2,Step6_Model2_EQC_CH1,Step7_Model1_EQB_CH4,Step8_Model2_EQC_CH2,Step9_Model2_EQB_CH1,Step10_Model2_EQB_CH4,Step11_Model2_EQC_CH2,Step12_Model2_EQB_CH2,Step13_Model2_EQB_CH2,Step14_Model1_EQA_CH4,Step15_Model1_EQA_CH1,Step16_Model3_EQA_CH2,Step17_Model3_EQA_CH1,Step18_Model3_EQA_CH1,Step19_Model2_EQA_CH3,Step20_Model1_EQA_CH1,Step21_Model2_EQC_CH1,Step22_Model3_EQB_CH1,Step23_Model1_EQA_CH1,Step24_Model1_EQC_CH1,Step25_Model3_EQB_CH4,Step26_Model2_EQC_CH3,Step27_Model1_EQA_CH2,Step28_Model1_EQA_CH3,Step29_Model2_EQB_CH3,Step30_Model3_EQB_CH2,,,,,42.89,,,61.17,,,,,45.58,,,,,,,,22.4,,,,36.94,,,,,,,,47.84,,,,55.53,67.54,,,,,,,,,,,,,,,,,,,,,,,,,,
L039W07,L039,7,Step1_Model1_EQB_CH1,Step2_Model3_EQA_CH2,Step3_Model2_EQC_CH1,Step4_Model2_EQB_CH2,Step5_Model1_EQB_CH4,Step6_Model2_EQC_CH3,Step7_Model1_EQB_CH1,Step8_Model2_EQC_CH3,Step9_Model2_EQB_CH1,Step10_Model2_EQB_CH2,Step11_Model2_EQC_CH2,Step12_Model2_EQB_CH2,Step13_Model2_EQB_CH4,Step14_Model1_EQA_CH2,Step15_Model1_EQA_CH2,Step16_Model3_EQA_CH4,Step17_Model3_EQA_CH3,Step18_Model3_EQA_CH3,Step19_Model2_EQA_CH1,Step20_Model1_EQA_CH3,Step21_Model2_EQC_CH1,Step22_Model3_EQB_CH1,Step23_Model1_EQA_CH3,Step24_Model1_EQC_CH3,Step25_Model3_EQB_CH4,Step26_Model2_EQC_CH1,Step27_Model1_EQA_CH3,Step28_Model1_EQA_CH3,Step29_Model2_EQB_CH4,Step30_Model3_EQB_CH3,,,39.94,,,51.32,,,,,,,,23.28,,,,,38.66,42.34,,,,,,,,57.03,70.55,,,,,,,59.64,60.85,,,58.51,,,,,53.48,,,,,,,,,,,,,,,,,,,
L039W08,L039,8,Step1_Model1_EQB_CH2,Step2_Model3_EQA_CH2,Step3_Model2_EQC_CH1,Step4_Model2_EQB_CH4,Step5_Model1_EQB_CH3,Step6_Model2_EQC_CH1,Step7_Model1_EQB_CH3,Step8_Model2_EQC_CH2,Step9_Model2_EQB_CH3,Step10_Model2_EQB_CH3,Step11_Model2_EQC_CH3,Step12_Model2_EQB_CH2,Step13_Model2_EQB_CH2,Step14_Model1_EQA_CH4,Step15_Model1_EQA_CH2,Step16_Model3_EQA_CH1,Step17_Model3_EQA_CH3,Step18_Model3_EQA_CH2,Step19_Model2_EQA_CH1,Step20_Model1_EQA_CH2,Step21_Model2_EQC_CH3,Step22_Model3_EQB_CH1,Step23_Model1_EQA_CH2,Step24_Model1_EQC_CH2,Step25_Model3_EQB_CH1,Step26_Model2_EQC_CH4,Step27_Model1_EQA_CH1,Step28_Model1_EQA_CH1,Step29_Model2_EQB_CH1,Step30_Model3_EQB_CH1,,,26.75,,,,,,,52.46,,,,39.65,47.35,,,,,,37.54,,,,35.96,,,,,,,,,,42,,,,,,,,,,,,,,,,,,,,,,,,,,,,,
L039W09,L039,9,Step1_Model1_EQB_CH2,Step2_Model3_EQA_CH1,Step3_Model2_EQC_CH1,Step4_Model2_EQB_CH3,Step5_Model1_EQB_CH2,Step6_Model2_EQC_CH3,Step7_Model1_EQB_CH2,Step8_Model2_EQC_CH4,Step9_Model2_EQB_CH4,Step10_Model2_EQB_CH2,Step11_Model2_EQC_CH4,Step12_Model2_EQB_CH4,Step13_Model2_EQB_CH2,Step14_Model1_EQA_CH1,Step15_Model1_EQA_CH3,Step16_Model3_EQA_CH2,Step17_Model3_EQA_CH2,Step18_Model3_EQA_CH2,Step19_Model2_EQA_CH3,Step20_Model1_EQA_CH2,Step21_Model2_EQC_CH3,Step22_Model3_EQB_CH3,Step23_Model1_EQA_CH4,Step24_Model1_EQC_CH1,Step25_Model3_EQB_CH4,Step26_Model2_EQC_CH2,Step27_Model1_EQA_CH2,Step28_Model1_EQA_CH3,Step29_Model2_EQB_CH4,Step30_Model3_EQB_CH3,,,,,,,,,,,,,,,,,,,,,,,42.5,,,,,54.97,,44.98,,,,,,56.8,,,,,,,,,,,49.86,,,,,,,,,,,,,,,,,
L039W10,L039,10,Step1_Model1_EQB_CH4,Step2_Model3_EQA_CH4,Step3_Model2_EQC_CH4,Step4_Model2_EQB_CH4,Step5_Model1_EQB_CH4,Step6_Model2_EQC_CH1,Step7_Model1_EQB_CH2,Step8_Model2_EQC_CH4,Step9_Model2_EQB_CH4,Step10_Model2_EQB_CH3,Step11_Model2_EQC_CH2,Step12_Model2_EQB_CH2,Step13_Model2_EQB_CH2,Step14_Model1_EQA_CH4,Step15_Model1_EQA_CH3,Step16_Model3_EQA_CH2,Step17_Model3_EQA_CH3,Step18_Model3_EQA_CH1,Step19_Model2_EQA_CH1,Step20_Model1_EQA_CH3,Step21_Model2_EQC_CH4,Step22_Model3_EQB_CH2,Step23_Model1_EQA_CH1,Step24_Model1_EQC_CH1,Step25_Model3_EQB_CH3,Step26_Model2_EQC_CH4,Step27_Model1_EQA_CH3,Step28_Model1_EQA_CH3,Step29_Model2_EQB_CH3,Step30_Model3_EQB_CH3,,39.87,,,50.2,,,61.35,,,,39.5,37.91,,,,,,32.58,,,,,,,61.89,,62.47,,,,,,,,,61.22,,57.61,,,,,,60.44,,,,,,,,,,,,,,,,,,,
L039W11,L039,11,Step1_Model1_EQB_CH3,Step2_Model3_EQA_CH4,Step3_Model2_EQC_CH3,Step4_Model2_EQB_CH4,Step5_Model1_EQB_CH2,Step6_Model2_EQC_CH2,Step7_Model1_EQB_CH2,Step8_Model2_EQC_CH2,Step9_Model2_EQB_CH1,Step10_Model2_EQB_CH4,Step11_Model2_EQC_CH2,Step12_Model2_EQB_CH1,Step13_Model2_EQB_CH4,Step14_Model1_EQA_CH1,Step15_Model1_EQA_CH1,Step16_Model3_EQA_CH3,Step17_Model3_EQA_CH1,Step18_Model3_EQA_CH1,Step19_Model2_EQA_CH4,Step20_Model1_EQA_CH1,Step21_Model2_EQC_CH3,Step22_Model3_EQB_CH2,Step23_Model1_EQA_CH2,Step24_Model1_EQC_CH4,Step25_Model3_EQB_CH4,Step26_Model2_EQC_CH1,Step27_Model1_EQA_CH4,Step28_Model1_EQA_CH1,Step29_Model2_EQB_CH4,Step30_Model3_EQB_CH2,,26.66,44.61,,,,,,,,,,37.83,,33.05,,,,,,,,,,30.52,,,,,,,,,,,,,67.83,,,,,,,,,,23.2,,,,,,,,,,,,,,,,
L039W12,L039,12,Step1_Model1_EQB_CH2,Step2_Model3_EQA_CH2,Step3_Model2_EQC_CH2,Step4_Model2_EQB_CH1,Step5_Model1_EQB_CH1,Step6_Model2_EQC_CH1,Step7_Model1_EQB_CH2,Step8_Model2_EQC_CH3,Step9_Model2_EQB_CH2,Step10_Model2_EQB_CH2,Step11_Model2_EQC_CH3,Step12_Model2_EQB_CH3,Step13_Model2_EQB_CH4,Step14_Model1_EQA_CH2,Step15_Model1_EQA_CH3,Step16_Model3_EQA_CH4,Step17_Model3_EQA_CH3,Step18_Model3_EQA_CH3,Step19_Model2_EQA_CH4,Step20_Model1_EQA_CH2,Step21_Model2_EQC_CH4,Step22_Model3_EQB_CH2,Step23_Model1_EQA_CH3,Step24_Model1_EQC_CH4,Step25_Model3_EQB_CH1,Step26_Model2_EQC_CH3,Step27_Model1_EQA_CH4,Step28_Model1_EQA_CH3,Step29_Model2_EQB_CH4,Step30_Model3_EQB_CH2,,,,,,,68.24,,56.01,,,,,,,60.04,58.84,40.03,,,39.74,45.85,,,37.62,,,,,,,,,44.19,,,,,61.05,58.92,,,,,,,,33.54,,,,,,,,,,,,,,,,
L039W13,L039,13,Step1_Model1_EQB_CH1,Step2_Model3_EQA_CH3,Step3_Model2_EQC_CH1,Step4_Model2_EQB_CH2,Step5_Model1_EQB_CH4,Step6_Model2_EQC_CH1,Step7_Model1_EQB_CH4,Step8_Model2_EQC_CH2,Step9_Model2_EQB_CH3,Step10_Model2_EQB_CH2,Step11_Model2_EQC_CH1,Step12_Model2_EQB_CH1,Step13_Model2_EQB_CH1,Step14_Model1_EQA_CH4,Step15_Model1_EQA_CH3,Step16_Model3_EQA_CH1,Step17_Model3_EQA_CH1,Step18_Model3_EQA_CH1,Step19_Model2_EQA_CH2,Step20_Model1_EQA_CH1,Step21_Model2_EQC_CH2,Step22_Model3_EQB_CH1,Step23_Model1_EQA_CH2,Step24_Model1_EQC_CH4,Step25_Model3_EQB_CH4,Step26_Model2_EQC_CH2,Step27_Model1_EQA_CH3,Step28_Model1_EQA_CH3,Step29_Model2_EQB_CH2,Step30_Model3_EQB_CH4,,,,44.3,,,,,,64.14,,,,,,,,,,,,,,,,65.07,,,,,,,,,,60.28,,,63.57,,35.91,,,,,51.29,52.31,,,,,,,,,,,,,,,,,
L039W14,L039,14,Step1_Model1_EQB_CH2,Step2_Model3_EQA_CH3,Step3_Model2_EQC_CH2,Step4_Model2_EQB_CH4,Step5_Model1_EQB_CH3,Step6_Model2_EQC_CH3,Step7_Model1_EQB_CH1,Step8_Model2_EQC_CH1,Step9_Model2_EQB_CH3,Step10_Model2_EQB_CH3,Step11_Model2_EQC_CH2,Step12_Model2_EQB_CH4,Step13_Model2_EQB_CH3,Step14_Model1_EQA_CH4,Step15_Model1_EQA_CH3,Step16_Model3_EQA_CH4,Step17_Model3_EQA_CH1,Step18_Model3_EQA_CH3,Step19_Model2_EQA_CH2,Step20_Model1_EQA_CH4,Step21_Model2_EQC_CH3,Step22_Model3_EQB_CH1,Step23_Model1_EQA_CH1,Step24_Model1_EQC_CH1,Step25_Model3_EQB_CH1,Step26_Model2_EQC_CH3,Step27_Model1_EQA_CH2,Step28_Model1_EQA_CH4,Step29_Model2_EQB_CH2,Step30_Model3_EQB_CH4,,,,47.35,,,,,,,,,,34.91,,,,,,,,,34.04,,,,,57.39,,,45.15,,,,,,57.97,,,,,,,,64.19,,,,,,,,,,,,,,,,,,,
L039W15,L039,15,Step1_Model1_EQB_CH2,Step2_Model3_EQA_CH3,Step3_Model2_EQC_CH3,Step4_Model2_EQB_CH4,Step5_Model1_EQB_CH3,Step6_Model2_EQC_CH4,Step7_Model1_EQB_CH2,Step8_Model2_EQC_CH3,Step9_Model2_EQB_CH3,Step10_Model2_EQB_CH4,Step11_Model2_EQC_CH4,Step12_Model2_EQB_CH4,Step13_Model2_EQB_CH4,Step14_Model1_EQA_CH1,Step15_Model1_EQA_CH4,Step16_Model3_EQA_CH1,Step17_Model3_EQA_CH2,Step18_Model3_EQA_CH4,Step19_Model2_EQA_CH1,Step20_Model1_EQA_CH1,Step21_Model2_EQC_CH1,Step22_Model3_EQB_CH3,Step23_Model1_EQA_CH1,Step24_Model1_EQC_CH4,Step25_Model3_EQB_CH4,Step26_Model2_EQC_CH4,Step27_Model1_EQA_CH1,Step28_Model1_EQA_CH1,Step29_Model2_EQB_CH3,Step30_Model3_EQB_CH2,,,41.17,,,,,,,55.88,,,,,,,53.79,43.01,36.27,,,,48.3,,,,,,,43.73,,,,,,,,,62.42,,,,59.82,,,,,,,9,,11,,,,,,,,,,,,
L039W16,L039,16,Step1_Model1_EQB_CH3,Step2_Model3_EQA_CH4,Step3_Model2_EQC_CH4,Step4_Model2_EQB_CH4,Step5_Model1_EQB_CH3,Step6_Model2_EQC_CH4,Step7_Model1_EQB_CH4,Step8_Model2_EQC_CH4,Step9_Model2_EQB_CH1,Step10_Model2_EQB_CH2,Step11_Model2_EQC_CH1,Step12_Model2_EQB_CH1,Step13_Model2_EQB_CH2,Step14_Model1_EQA_CH2,Step15_Model1_EQA_CH3,Step16_Model3_EQA_CH2,Step17_Model3_EQA_CH3,Step18_Model3_EQA_CH3,Step19_Model2_EQA_CH1,Step20_Model1_EQA_CH4,Step21_Model2_EQC_CH1,Step22_Model3_EQB_CH1,Step23_Model1_EQA_CH2,Step24_Model1_EQC_CH2,Step25_Model3_EQB_CH3,Step26_Model2_EQC_CH3,Step27_Model1_EQA_CH3,Step28_Model1_EQA_CH2,Step29_Model2_EQB_CH3,Step30_Model3_EQB_CH3,,,,,,50.52,69.66,,,,,39.72,,,,,,45.38,,,,,,,,,,,57.02,42.7,,,,,,,,,,,,,,,,,,40.46,,,,,,,,,,,,,,,,
L039W17,L039,17,Step1_Model1_EQB_CH2,Step2_Model3_EQA_CH4,Step3_Model2_EQC_CH1,Step4_Model2_EQB_CH2,Step5_Model1_EQB_CH3,Step6_Model2_EQC_CH1,Step7_Model1_EQB_CH2,Step8_Model2_EQC_CH1,Step9_Model2_EQB_CH1,Step10_Model2_EQB_CH4,Step11_Model2_EQC_CH3,Step12_Model2_EQB_CH2,Step13_Model2_EQB_CH3,Step14_Model1_EQA_CH4,Step15_Model1_EQA_CH4,Step16_Model3_EQA_CH2,Step17_Model3_EQA_CH2,Step18_Model3_EQA_CH4,Step19_Model2_EQA_CH2,Step20_Model1_EQA_CH1,Step21_Model2_EQC_CH1,Step22_Model3_EQB_CH4,Step23_Model1_EQA_CH3,Step24_Model1_EQC_CH2,Step25_Model3_EQB_CH2,Step26_Model2_EQC_CH1,Step27_Model1_EQA_CH2,Step28_Model1_EQA_CH3,Step29_Model2_EQB_CH2,Step30_Model3_EQB_CH2,,32.21,,,,,,57.9,,,,,,,,,,49.62,,,,,,,,,,,,,,,42.43,,,,,,,,,55.56,55.7,,,,,,,,,,,,,,,,,,,,,
L039W18,L039,18,Step1_Model1_EQB_CH1,Step2_Model3_EQA_CH2,Step3_Model2_EQC_CH4,Step4_Model2_EQB_CH4,Step5_Model1_EQB_CH3,Step6_Model2_EQC_CH3,Step7_Model1_EQB_CH3,Step8_Model2_EQC_CH3,Step9_Model2_EQB_CH1,Step10_Model2_EQB_CH2,Step11_Model2_EQC_CH1,Step12_Model2_EQB_CH3,Step13_Model2_EQB_CH2,Step14_Model1_EQA_CH4,Step15_Model1_EQA_CH1,Step16_Model3_EQA_CH2,Step17_Model3_EQA_CH4,Step18_Model3_EQA_CH4,Step19_Model2_EQA_CH3,Step20_Model1_EQA_CH4,Step21_Model2_EQC_CH4,Step22_Model3_EQB_CH3,Step23_Model1_EQA_CH2,Step24_Model1_EQC_CH2,Step25_Model3_EQB_CH3,Step26_Model2_EQC_CH1,Step27_Model1_EQA_CH3,Step28_Model1_EQA_CH2,Step29_Model2_EQB_CH1,Step30_Model3_EQB_CH3,,,,,,,,,,61.11,53.54,41.26,,,,,,,,,,,,,,,,,,43.01,,,,,,63.33,58.62,,,,22.25,53.9,,,,,,,,,,,,,,,,,,,,,,
L039W19,L039,19,Step1_Model1_EQB_CH2,Step2_Model3_EQA_CH2,Step3_Model2_EQC_CH2,Step4_Model2_EQB_CH4,Step5_Model1_EQB_CH4,Step6_Model2_EQC_CH1,Step7_Model1_EQB_CH1,Step8_Model2_EQC_CH1,Step9_Model2_EQB_CH4,Step10_Model2_EQB_CH1,Step11_Model2_EQC_CH2,Step12_Model2_EQB_CH2,Step13_Model2_EQB_CH1,Step14_Model1_EQA_CH1,Step15_Model1_EQA_CH4,Step16_Model3_EQA_CH2,Step17_Model3_EQA_CH3,Step18_Model3_EQA_CH3,Step19_Model2_EQA_CH4,Step20_Model1_EQA_CH4,Step21_Model2_EQC_CH4,Step22_Model3_EQB_CH2,Step23_Model1_EQA_CH1,Step24_Model1_EQC_CH1,Step25_Model3_EQB_CH4,Step26_Model2_EQC_CH2,Step27_Model1_EQA_CH3,Step28_Model1_EQA_CH4,Step29_Model2_EQB_CH2,Step30_Model3_EQB_CH4,,,,,44.42,49.74,,,,,,,,,,,,,44.44,,,,,47.96,,,,50.57,,,,,,,40.76,,58.56,,,,45.66,,,,,,,,,,,8,,,,,,,,,,,,
L039W20,L039,20,Step1_Model1_EQB_CH2,Step2_Model3_EQA_CH2,Step3_Model2_EQC_CH4,Step4_Model2_EQB_CH1,Step5_Model1_EQB_CH4,Step6_Model2_EQC_CH1,Step7_Model1_EQB_CH1,Step8_Model2_EQC_CH3,Step9_Model2_EQB_CH2,Step10_Model2_EQB_CH4,Step11_Model2_EQC_CH2,Step12_Model2_EQB_CH3,Step13_Model2_EQB_CH1,Step14_Model1_EQA_CH4,Step15_Model1_EQA_CH2,Step16_Model3_EQA_CH3,Step17_Model3_EQA_CH1,Step18_Model3_EQA_CH1,Step19_Model2_EQA_CH2,Step20_Model1_EQA_CH1,Step21_Model2_EQC_CH3,Step22_Model3_EQB_CH1,Step23_Model1_EQA_CH4,Step24_Model1_EQC_CH4,Step25_Model3_EQB_CH2,Step26_Model2_EQC_CH3,Step27_Model1_EQA_CH1,Step28_Model1_EQA_CH1,Step29_Model2_EQB_CH1,Step30_Model3_EQB_CH4,,53.4,,,39.71,,,,,,,,,35.91,,62.54,68.7,,,43.27,,,,,,,,,63.75,,,,44.04,43.16,40.69,,,,64.28,65.53,,,,,,,,36.61,,,,,,,,,,,,,,,,
L039W21,L039,21,Step1_Model1_EQB_CH3,Step2_Model3_EQA_CH1,Step3_Model2_EQC_CH2,Step4_Model2_EQB_CH3,Step5_Model1_EQB_CH3,Step6_Model2_EQC_CH1,Step7_Model1_EQB_CH4,Step8_Model2_EQC_CH3,Step9_Model2_EQB_CH2,Step10_Model2_EQB_CH3,Step11_Model2_EQC_CH4,Step12_Model2_EQB_CH2,Step13_Model2_EQB_CH4,Step14_Model1_EQA_CH1,Step15_Model1_EQA_CH3,Step16_Model3_EQA_CH2,Step17_Model3_EQA_CH4,Step18_Model3_EQA_CH1,Step19_Model2_EQA_CH2,Step20_Model1_EQA_CH3,Step21_Model2_EQC_CH3,Step22_Model3_EQB_CH4,Step23_Model1_EQA_CH2,Step24_Model1_EQC_CH1,Step25_Model3_EQB_CH1,Step26_Model2_EQC_CH1,Step27_Model1_EQA_CH4,Step28_Model1_EQA_CH1,Step29_Model2_EQB_CH2,Step30_Model3_EQB_CH4,,,,45.44,,51.6,,,,,,,51.89,,,,,,,,,39.84,,,43.17,,,,,,65.23,44.99,,,,,,,,61.59,,,,,,,47.78,,,,,,,,,,,,,,,,,
L039W22,L039,22,Step1_Model1_EQB_CH3,Step2_Model3_EQA_CH4,Step3_Model2_EQC_CH4,Step4_Model2_EQB_CH4,Step5_Model1_EQB_CH2,Step6_Model2_EQC_CH3,Step7_Model1_EQB_CH3,Step8_Model2_EQC_CH4,Step9_Model2_EQB_CH4,Step10_Model2_EQB_CH4,Step11_Model2_EQC_CH2,Step12_Model2_EQB_CH2,Step13_Model2_EQB_CH1,Step14_Model1_EQA_CH3,Step15_Model1_EQA_CH1,Step16_Model3_EQA_CH1,Step17_Model3_EQA_CH4,Step18_Model3_EQA_CH2,Step19_Model2_EQA_CH1,Step20_Model1_EQA_CH1,Step21_Model2_EQC_CH1,Step22_Model3_EQB_CH4,Step23_Model1_EQA_CH4,Step24_Model1_EQC_CH2,Step25_Model3_EQB_CH1,Step26_Model2_EQC_CH1,Step27_Model1_EQA_CH2,Step28_Model1_EQA_CH2,Step29_Model2_EQB_CH2,Step30_Model3_EQB_CH3,,,,,45.58,,,,,59.67,,,,,,,,,,,,,33.88,,40.65,,,,,,64.12,,39.78,,,,,65.83,,,,48.8,,,62.02,,,,,,,,,,,,,,,,,,,
L039W23,L039,23,Step1_Model1_EQB_CH2,Step2_Model3_EQA_CH4,Step3_Model2_EQC_CH3,Step4_Model2_EQB_CH2,Step5_Model1_EQB_CH4,Step6_Model2_EQC_CH2,Step7_Model1_EQB_CH2,Step8_Model2_EQC_CH3,Step9_Model2_EQB_CH4,Step10_Model2_EQB_CH1,Step11_Model2_EQC_CH2,Step12_Model2_EQB_CH3,Step13_Model2_EQB_CH4,Step14_Model1_EQA_CH2,Step15_Model1_EQA_CH1,Step16_Model3_EQA_CH4,Step17_Model3_EQA_CH4,Step18_Model3_EQA_CH3,Step19_Model2_EQA_CH2,Step20_Model1_EQA_CH2,Step21_Model2_EQC_CH4,Step22_Model3_EQB_CH2,Step23_Model1_EQA_CH4,Step24_Model1_EQC_CH1,Step25_Model3_EQB_CH3,Step26_Model2_EQC_CH2,Step27_Model1_EQA_CH2,Step28_Model1_EQA_CH3,Step29_Model2_EQB_CH1,Step30_Model3_EQB_CH1,43.62,,47.75,,,64.45,,,,,51.13,,44.3,41.4,,,,,,,,,,,,,,,52.46,,,,,,,,,,,,,,59.51,,,58.18,52.6,,,,,,,,,,,,,,,,,
L039W24,L039,24,Step1_Model1_EQB_CH1,Step2_Model3_EQA_CH1,Step3_Model2_EQC_CH1,Step4_Model2_EQB_CH4,Step5_Model1_EQB_CH2,Step6_Model2_EQC_CH2,Step7_Model1_EQB_CH2,Step8_Model2_EQC_CH4,Step9_Model2_EQB_CH3,Step10_Model2_EQB_CH1,Step11_Model2_EQC_CH3,Step12_Model2_EQB_CH1,Step13_Model2_EQB_CH1,Step14_Model1_EQA_CH3,Step15_Model1_EQA_CH2,Step16_Model3_EQA_CH4,Step17_Model3_EQA_CH3,Step18_Model3_EQA_CH2,Step19_Model2_EQA_CH1,Step20_Model1_EQA_CH2,Step21_Model2_EQC_CH1,Step22_Model3_EQB_CH1,Step23_Model1_EQA_CH2,Step24_Model1_EQC_CH1,Step25_Model3_EQB_CH4,Step26_Model2_EQC_CH2,Step27_Model1_EQA_CH3,Step28_Model1_EQA_CH1,Step29_Model2_EQB_CH1,Step30_Model3_EQB_CH4,,,,,,,,,,62.95,,,42.16,,,,,44.93,,,38.13,,,,,,,,,42.42,,44.83,,41.26,,,59.61,,,,,,,,,,,,,,,,,,,,,,,,,,,
L039W25,L039,25,Step1_Model1_EQB_CH4,Step2_Model3_EQA_CH3,Step3_Model2_EQC_CH1,Step4_Model2_EQB_CH3,Step5_Model1_EQB_CH3,Step6_Model2_EQC_CH1,Step7_Model1_EQB_CH3,Step8_Model2_EQC_CH3,Step9_Model2_EQB_CH4,Step10_Model2_EQB_CH4,Step11_Model2_EQC_CH3,Step12_Model2_EQB_CH1,Step13_Model2_EQB_CH4,Step14_Model1_EQA_CH3,Step15_Model1_EQA_CH2,Step16_Model3_EQA_CH2,Step17_Model3_EQA_CH3,Step18_Model3_EQA_CH2,Step19_Model2_EQA_CH4,Step20_Model1_EQA_CH1,Step21_Model2_EQC_CH3,Step22_Model3_EQB_CH4,Step23_Model1_EQA_CH1,Step24_Model1_EQC_CH2,Step25_Model3_EQB_CH2,Step26_Model2_EQC_CH2,Step27_Model1_EQA_CH2,Step28_Model1_EQA_CH4,Step29_Model2_EQB_CH4,Step30_Model3_EQB_CH1,,,,,,,,72.13,,59.5,,,,,,57.3,64.26,,,,,,,,,,,,,,,,,,,,,,,60.9,,,,,51.09,,,,,,,,,,,,,,,,,,,
L040W01,L040,1,Step1_Model3_EQA_CH3,Step2_Model3_EQB_CH4,Step3_Model2_EQB_CH4,Step4_Model2_EQA_CH2,Step5_Model3_EQC_CH3,Step6_Model2_EQA_CH1,Step7_Model2_EQC_CH4,Step8_Model3_EQA_CH2,Step9_Model3_EQA_CH2,Step10_Model2_EQB_CH1,Step11_Model1_EQB_CH4,Step12_Model1_EQB_CH1,Step13_Model2_EQC_CH2,Step14_Model3_EQA_CH3,Step15_Model2_EQB_CH1,Step16_Model2_EQC_CH2,Step17_Model1_EQA_CH3,Step18_Model1_EQB_CH3,Step19_Model1_EQC_CH4,Step20_Model3_EQA_CH4,Step21_Model2_EQC_CH2,Step22_Model3_EQB_CH1,Step23_Model2_EQA_CH3,Step24_Model3_EQC_CH4,Step25_Model1_EQA_CH4,Step26_Model3_EQC_CH1,Step27_Model2_EQB_CH4,Step28_Model3_EQC_CH2,Step29_Model2_EQA_CH1,Step30_Model1_EQC_CH3,,,,45.42,47.11,,67.02,,,,45.16,,,,,,60.24,,,,,,,,,,,,,,,,,47.43,,54.31,,,,,,53.08,,57.37,,,,,,,,,,,8,,,,,,,,,
L040W02,L040,2,Step1_Model3_EQA_CH2,Step2_Model3_EQB_CH3,Step3_Model2_EQB_CH3,Step4_Model2_EQA_CH4,Step5_Model3_EQC_CH2,Step6_Model2_EQA_CH2,Step7_Model2_EQC_CH1,Step8_Model3_EQA_CH2,Step9_Model3_EQA_CH1,Step10_Model2_EQB_CH2,Step11_Model1_EQB_CH3,Step12_Model1_EQB_CH1,Step13_Model2_EQC_CH2,Step14_Model3_EQA_CH1,Step15_Model2_EQB_CH4,Step16_Model2_EQC_CH4,Step17_Model1_EQA_CH1,Step18_Model1_EQB_CH1,Step19_Model1_EQC_CH3,Step20_Model3_EQA_CH2,Step21_Model2_EQC_CH4,Step22_Model3_EQB_CH4,Step23_Model2_EQA_CH2,Step24_Model3_EQC_CH4,Step25_Model1_EQA_CH4,Step26_Model3_EQC_CH1,Step27_Model2_EQB_CH4,Step28_Model3_EQC_CH4,Step29_Model2_EQA_CH4,Step30_Model1_EQC_CH2,,,,,,48.95,,,,,,,,41.34,,,65.28,,,37.48,,,,,,58.82,,,,,,48.41,,,43.39,,,,,,40.83,52.34,60.69,,,,,,9,,,,,,,,,,,,,,,
L040W03,L040,3,Step1_Model3_EQA_CH3,Step2_Model3_EQB_CH1,Step3_Model2_EQB_CH3,Step4_Model2_EQA_CH4,Step5_Model3_EQC_CH4,Step6_Model2_EQA_CH4,Step7_Model2_EQC_CH3,Step8_Model3_EQA_CH2,Step9_Model3_EQA_CH2,Step10_Model2_EQB_CH1,Step11_Model1_EQB_CH3,Step12_Model1_EQB_CH2,Step13_Model2_EQC_CH1,Step14_Model3_EQA_CH4,Step15_Model2_EQB_CH4,Step16_Model2_EQC_CH1,Step17_Model1_EQA_CH2,Step18_Model1_EQB_CH3,Step19_Model1_EQC_CH1,Step20_Model3_EQA_CH2,Step21_Model2_EQC_CH1,Step22_Model3_EQB_CH2,Step23_Model2_EQA_CH4,Step24_Model3_EQC_CH1,Step25_Model1_EQA_CH3,Step26_Model3_EQC_CH1,Step27_Model2_EQB_CH4,Step28_Model3_EQC_CH4,Step29_Model2_EQA_CH2,Step30_Model1_EQC_CH4,42.33,,,,,,,,,,,,35.47,,,,61.96,,,,,,33.3,,,,,53.78,,,,,,,43.73,,,,,,,,,62.78,62.62,,,,,,,,11,,8,,,,,,,,,
L040W04,L040,4,Step1_Model3_EQA_CH2,Step2_Model3_EQB_CH4,Step3_Model2_EQB_CH2,Step4_Model2_EQA_CH3,Step5_Model3_EQC_CH2,Step6_Model2_EQA_CH2,Step7_Model2_EQC_CH3,Step8_Model3_EQA_CH2,Step9_Model3_EQA_CH2,Step10_Model2_EQB_CH3,Step11_Model1_EQB_CH4,Step12_Model1_EQB_CH1,Step13_Model2_EQC_CH2,Step14_Model3_EQA_CH4,Step15_Model2_EQB_CH1,Step16_Model2_EQC_CH3,Step17_Model1_EQA_CH2,Step18_Model1_EQB_CH2,Step19_Model1_EQC_CH3,Step20_Model3_EQA_CH2,Step21_Model2_EQC_CH1,Step22_Model3_EQB_CH1,Step23_Model2_EQA_CH3,Step24_Model3_EQC_CH2,Step25_Model1_EQA_CH4,Step26_Model3_EQC_CH2,Step27_Model2_EQB_CH3,Step28_Model3_EQC_CH4,Step29_Model2_EQA_CH1,Step30_Model1_EQC_CH1,,38.45,,,,,,68.65,,,,,,,,,,,38.74,,,,,,37.79,,,,,,,,46.67,43.39,,,,65.56,62.07,,,,,,,,,,,10,,,,,,,,,,,,,,
L040W05,L040,5,Step1_Model3_EQA_CH4,Step2_Model3_EQB_CH4,Step3_Model2_EQB_CH3,Step4_Model2_EQA_CH2,Step5_Model3_EQC_CH1,Step6_Model2_EQA_CH2,Step7_Model2_EQC_CH1,Step8_Model3_EQA_CH2,Step9_Model3_EQA_CH1,Step10_Model2_EQB_CH2,Step11_Model1_EQB_CH3,Step12_Model1_EQB_CH1,Step13_Model2_EQC_CH3,Step14_Model3_EQA_CH1,Step15_Model2_EQB_CH1,Step16_Model2_EQC_CH1,Step17_Model1_EQA_CH2,Step18_Model1_EQB_CH1,Step19_Model1_EQC_CH3,Step20_Model3_EQA_CH2,Step21_Model2_EQC_CH2,Step22_Model3_EQB_CH1,Step23_Model2_EQA_CH4,Step24_Model3_EQC_CH2,Step25_Model1_EQA_CH1,Step26_Model3_EQC_CH3,Step27_Model2_EQB_CH4,Step28_Model3_EQC_CH2,Step29_Model2_EQA_CH4,Step30_Model1_EQC_CH2,39.25,,,,,46.72,,,,,,,,,,57.76,,,,,,,41.94,,,58.48,,,,,,,,,,,,,,,,53.81,60.9,,,,,,,,,,9,,,,11,,,,,,,
L040W06,L040,6,Step1_Model3_EQA_CH4,Step2_Model3_EQB_CH4,Step3_Model2_EQB_CH3,Step4_Model2_EQA_CH4,Step5_Model3_EQC_CH3,Step6_Model2_EQA_CH1,Step7_Model2_EQC_CH2,Step8_Model3_EQA_CH3,Step9_Model3_EQA_CH2,Step10_Model2_EQB_CH3,Step11_Model1_EQB_CH2,Step12_Model1_EQB_CH3,Step13_Model2_EQC_CH2,Step14_Model3_EQA_CH1,Step15_Model2_EQB_CH2,Step16_Model2_EQC_CH1,Step17_Model1_EQA_CH1,Step18_Model1_EQB_CH1,Step19_Model1_EQC_CH4,Step20_Model3_EQA_CH2,Step21_Model2_EQC_CH4,Step22_Model3_EQB_CH4,Step23_Model2_EQA_CH2,Step24_Model3_EQC_CH1,Step25_Model1_EQA_CH4,Step26_Model3_EQC_CH4,Step27_Model2_EQB_CH3,Step28_Model3_EQC_CH2,Step29_Model2_EQA_CH4,Step30_Model1_EQC_CH2,,,37.79,,,,,,,,,,,,,,,,,,,,46.61,55.05,,,,,,,,,,,48.51,,,59.02,,,,,,,,,,,,,,,,,,,,,,,,,,
L040W07,L040,7,Step1_Model3_EQA_CH2,Step2_Model3_EQB_CH4,Step3_Model2_EQB_CH2,Step4_Model2_EQA_CH1,Step5_Model3_EQC_CH4,Step6_Model2_EQA_CH4,Step7_Model2_EQC_CH4,Step8_Model3_EQA_CH3,Step9_Model3_EQA_CH3,Step10_Model2_EQB_CH3,Step11_Model1_EQB_CH3,Step12_Model1_EQB_CH4,Step13_Model2_EQC_CH1,Step14_Model3_EQA_CH2,Step15_Model2_EQB_CH2,Step16_Model2_EQC_CH4,Step17_Model1_EQA_CH1,Step18_Model1_EQB_CH2,Step19_Model1_EQC_CH1,Step20_Model3_EQA_CH4,Step21_Model2_EQC_CH3,Step22_Model3_EQB_CH1,Step23_Model2_EQA_CH2,Step24_Model3_EQC_CH2,Step25_Model1_EQA_CH2,Step26_Model3_EQC_CH3,Step27_Model2_EQB_CH1,Step28_Model3_EQC_CH1,Step29_Model2_EQA_CH2,Step30_Model1_EQC_CH1,,,,,,,62.27,,,,58.62,38.35,,37.68,,,,,,,34,,,,34.87,,,,,48.14,,,47.92,,,,60.8,,,,35.92,,,,,,,,,,,,,,,,,,,,,,,
L040W08,L040,8,Step1_Model3_EQA_CH2,Step2_Model3_EQB_CH1,Step3_Model2_EQB_CH3,Step4_Model2_EQA_CH3,Step5_Model3_EQC_CH4,Step6_Model2_EQA_CH4,Step7_Model2_EQC_CH4,Step8_Model3_EQA_CH1,Step9_Model3_EQA_CH3,Step10_Model2_EQB_CH3,Step11_Model1_EQB_CH3,Step12_Model1_EQB_CH2,Step13_Model2_EQC_CH1,Step14_Model3_EQA_CH1,Step15_Model2_EQB_CH4,Step16_Model2_EQC_CH2,Step17_Model1_EQA_CH2,Step18_Model1_EQB_CH3,Step19_Model1_EQC_CH4,Step20_Model3_EQA_CH1,Step21_Model2_EQC_CH2,Step22_Model3_EQB_CH3,Step23_Model2_EQA_CH1,Step24_Model3_EQC_CH3,Step25_Model1_EQA_CH1,Step26_Model3_EQC_CH3,Step27_Model2_EQB_CH1,Step28_Model3_EQC_CH4,Step29_Model2_EQA_CH1,Step30_Model1_EQC_CH1,,,,44.14,,,,,,,,,38.15,,,,,,,41.04,,,,,,,,,,,,,,,,,57.54,,,,,,60.69,60.12,,,,,,,,,,,,,,,,,,,,
L040W09,L040,9,Step1_Model3_EQA_CH1,Step2_Model3_EQB_CH3,Step3_Model2_EQB_CH2,Step4_Model2_EQA_CH1,Step5_Model3_EQC_CH1,Step6_Model2_EQA_CH4,Step7_Model2_EQC_CH1,Step8_Model3_EQA_CH4,Step9_Model3_EQA_CH1,Step10_Model2_EQB_CH3,Step11_Model1_EQB_CH2,Step12_Model1_EQB_CH2,Step13_Model2_EQC_CH2,Step14_Model3_EQA_CH3,Step15_Model2_EQB_CH4,Step16_Model2_EQC_CH2,Step17_Model1_EQA_CH3,Step18_Model1_EQB_CH3,Step19_Model1_EQC_CH1,Step20_Model3_EQA_CH4,Step21_Model2_EQC_CH3,Step22_Model3_EQB_CH4,Step23_Model2_EQA_CH2,Step24_Model3_EQC_CH2,Step25_Model1_EQA_CH2,Step26_Model3_EQC_CH1,Step27_Model2_EQB_CH1,Step28_Model3_EQC_CH4,Step29_Model2_EQA_CH4,Step30_Model1_EQC_CH1,,,,,,,,,,,55.79,,37.5,,43.38,,,,,,40.2,,,,,,28.6,,,,,,,,,61.75,,,,,,,,,60.48,,,,,,,,,,,,,,,,,,,
L040W10,L040,10,Step1_Model3_EQA_CH3,Step2_Model3_EQB_CH4,Step3_Model2_EQB_CH4,Step4_Model2_EQA_CH2,Step5_Model3_EQC_CH4,Step6_Model2_EQA_CH4,Step7_Model2_EQC_CH3,Step8_Model3_EQA_CH4,Step9_Model3_EQA_CH3,Step10_Model2_EQB_CH2,Step11_Model1_EQB_CH1,Step12_Model1_EQB_CH2,Step13_Model2_EQC_CH3,Step14_Model3_EQA_CH3,Step15_Model2_EQB_CH4,Step16_Model2_EQC_CH4,Step17_Model1_EQA_CH1,Step18_Model1_EQB_CH3,Step19_Model1_EQC_CH3,Step20_Model3_EQA_CH2,Step21_Model2_EQC_CH1,Step22_Model3_EQB_CH2,Step23_Model2_EQA_CH4,Step24_Model3_EQC_CH4,Step25_Model1_EQA_CH2,Step26_Model3_EQC_CH4,Step27_Model2_EQB_CH2,Step28_Model3_EQC_CH3,Step29_Model2_EQA_CH3,Step30_Model1_EQC_CH4,,,,39,,,,,,67.13,,43.95,,,,64.24,,,,,,,,,28.06,,,,,,,,,,,55.94,,,,,,57.58,,,,,,,,,,,,,,,,,,,,,,
L040W11,L040,11,Step1_Model3_EQA_CH1,Step2_Model3_EQB_CH3,Step3_Model2_EQB_CH4,Step4_Model2_EQA_CH1,Step5_Model3_EQC_CH4,Step6_Model2_EQA_CH2,Step7_Model2_EQC_CH4,Step8_Model3_EQA_CH2,Step9_Model3_EQA_CH3,Step10_Model2_EQB_CH3,Step11_Model1_EQB_CH4,Step12_Model1_EQB_CH1,Step13_Model2_EQC_CH4,Step14_Model3_EQA_CH4,Step15_Model2_EQB_CH3,Step16_Model2_EQC_CH3,Step17_Model1_EQA_CH4,Step18_Model1_EQB_CH3,Step19_Model1_EQC_CH2,Step20_Model3_EQA_CH4,Step21_Model2_EQC_CH3,Step22_Model3_EQB_CH4,Step23_Model2_EQA_CH3,Step24_Model3_EQC_CH2,Step25_Model1_EQA_CH2,Step26_Model3_EQC_CH4,Step27_Model2_EQB_CH2,Step28_Model3_EQC_CH2,Step29_Model2_EQA_CH3,Step30_Model1_EQC_CH4,,,,,,48.63,,,66.77,,,,45.09,,,,,,,50.07,,,38.52,,,,,,,,,,,,,,,,,60.46,38.89,,,,,,,38.23,,,,,,,,,,,,,,,,
L040W12,L040,12,Step1_Model3_EQA_CH3,Step2_Model3_EQB_CH3,Step3_Model2_EQB_CH1,Step4_Model2_EQA_CH2,Step5_Model3_EQC_CH3,Step6_Model2_EQA_CH3,Step7_Model2_EQC_CH3,Step8_Model3_EQA_CH2,Step9_Model3_EQA_CH2,Step10_Model2_EQB_CH2,Step11_Model1_EQB_CH4,Step12_Model1_EQB_CH3,Step13_Model2_EQC_CH2,Step14_Model3_EQA_CH3,Step15_Model2_EQB_CH4,Step16_Model2_EQC_CH1,Step17_Model1_EQA_CH4,Step18_Model1_EQB_CH2,Step19_Model1_EQC_CH2,Step20_Model3_EQA_CH4,Step21_Model2_EQC_CH3,Step22_Model3_EQB_CH2,Step23_Model2_EQA_CH2,Step24_Model3_EQC_CH4,Step25_Model1_EQA_CH3,Step26_Model3_EQC_CH4,Step27_Model2_EQB_CH4,Step28_Model3_EQC_CH3,Step29_Model2_EQA_CH3,Step30_Model1_EQC_CH1,,,,,,,,,,67.72,49.19,,,,,,,,,49.59,37.87,,,,,,,,,,57.5,,,,,,62.25,,,46.75,36.42,,,,65.4,,,,,,6,,,,,,,,,,,,,
L040W13,L040,13,Step1_Model3_EQA_CH4,Step2_Model3_EQB_CH3,Step3_Model2_EQB_CH2,Step4_Model2_EQA_CH1,Step5_Model3_EQC_CH4,Step6_Model2_EQA_CH3,Step7_Model2_EQC_CH1,Step8_Model3_EQA_CH1,Step9_Model3_EQA_CH2,Step10_Model2_EQB_CH1,Step11_Model1_EQB_CH4,Step12_Model1_EQB_CH3,Step13_Model2_EQC_CH1,Step14_Model3_EQA_CH1,Step15_Model2_EQB_CH4,Step16_Model2_EQC_CH2,Step17_Model1_EQA_CH2,Step18_Model1_EQB_CH3,Step19_Model1_EQC_CH4,Step20_Model3_EQA_CH2,Step21_Model2_EQC_CH3,Step22_Model3_EQB_CH3,Step23_Model2_EQA_CH2,Step24_Model3_EQC_CH4,Step25_Model1_EQA_CH1,Step26_Model3_EQC_CH2,Step27_Model2_EQB_CH1,Step28_Model3_EQC_CH1,Step29_Model2_EQA_CH4,Step30_Model1_EQC_CH4,,,42.41,46.11,,,,,,,,,,35.25,,,,,,,,37.32,,,,,,,51.45,,,,,,,,55.53,,,,,,,,,52.71,46.5,31.95,,,,,,,6,,7,,,,,,,
L040W14,L040,14,Step1_Model3_EQA_CH3,Step2_Model3_EQB_CH4,Step3_Model2_EQB_CH3,Step4_Model2_EQA_CH2,Step5_Model3_EQC_CH1,Step6_Model2_EQA_CH4,Step7_Model2_EQC_CH2,Step8_Model3_EQA_CH3,Step9_Model3_EQA_CH4,Step10_Model2_EQB_CH1,Step11_Model1_EQB_CH2,Step12_Model1_EQB_CH4,Step13_Model2_EQC_CH4,Step14_Model3_EQA_CH2,Step15_Model2_EQB_CH3,Step16_Model2_EQC_CH3,Step17_Model1_EQA_CH4,Step18_Model1_EQB_CH3,Step19_Model1_EQC_CH3,Step20_Model3_EQA_CH2,Step21_Model2_EQC_CH3,Step22_Model3_EQB_CH3,Step23_Model2_EQA_CH2,Step24_Model3_EQC_CH4,Step25_Model1_EQA_CH4,Step26_Model3_EQC_CH2,Step27_Model2_EQB_CH1,Step28_Model3_EQC_CH2,Step29_Model2_EQA_CH1,Step30_Model1_EQC_CH3,29.86,,,,,,,,68.57,,,,34.89,,,,61.63,,,,,,,,,,31.3,,,,,,,48.12,,,,,,55.12,,57.39,,,,,,,,15,,,,,,,,,,,,,,
L040W15,L040,15,Step1_Model3_EQA_CH4,Step2_Model3_EQB_CH1,Step3_Model2_EQB_CH1,Step4_Model2_EQA_CH3,Step5_Model3_EQC_CH4,Step6_Model2_EQA_CH3,Step7_Model2_EQC_CH4,Step8_Model3_EQA_CH4,Step9_Model3_EQA_CH3,Step10_Model2_EQB_CH1,Step11_Model1_EQB_CH2,Step12_Model1_EQB_CH4,Step13_Model2_EQC_CH4,Step14_Model3_EQA_CH2,Step15_Model2_EQB_CH2,Step16_Model2_EQC_CH3,Step17_Model1_EQA_CH4,Step18_Model1_EQB_CH3,Step19_Model1_EQC_CH2,Step20_Model3_EQA_CH3,Step21_Model2_EQC_CH4,Step22_Model3_EQB_CH1,Step23_Model2_EQA_CH1,Step24_Model3_EQC_CH4,Step25_Model1_EQA_CH3,Step26_Model3_EQC_CH2,Step27_Model2_EQB_CH2,Step28_Model3_EQC_CH1,Step29_Model2_EQA_CH3,Step30_Model1_EQC_CH2,,,42.3,45.19,,,,,,,,,,,,,,,,,34.87,,,,,,,,,,,,,,,,,62.29,,,22.25,,,56.42,,,,,,,,,,,,,,,,,,,,
L040W16,L040,16,Step1_Model3_EQA_CH2,Step2_Model3_EQB_CH4,Step3_Model2_EQB_CH3,Step4_Model2_EQA_CH3,Step5_Model3_EQC_CH2,Step6_Model2_EQA_CH3,Step7_Model2_EQC_CH3,Step8_Model3_EQA_CH3,Step9_Model3_EQA_CH4,Step10_Model2_EQB_CH2,Step11_Model1_EQB_CH1,Step12_Model1_EQB_CH3,Step13_Model2_EQC_CH2,Step14_Model3_EQA_CH1,Step15_Model2_EQB_CH4,Step16_Model2_EQC_CH2,Step17_Model1_EQA_CH4,Step18_Model1_EQB_CH2,Step19_Model1_EQC_CH4,Step20_Model3_EQA_CH2,Step21_Model2_EQC_CH4,Step22_Model3_EQB_CH1,Step23_Model2_EQA_CH2,Step24_Model3_EQC_CH1,Step25_Model1_EQA_CH3,Step26_Model3_EQC_CH1,Step27_Model2_EQB_CH2,Step28_Model3_EQC_CH1,Step29_Model2_EQA_CH2,Step30_Model1_EQC_CH4,,32.28,,,,,,,,62.51,55.35,,,,,,,,,40.91,,,,,,,,,,,,,,46.8,,,,,,60.11,,,,,62.66,,,,,,,,,,,,,,,,,,,
L040W17,L040,17,Step1_Model3_EQA_CH3,Step2_Model3_EQB_CH1,Step3_Model2_EQB_CH3,Step4_Model2_EQA_CH1,Step5_Model3_EQC_CH2,Step6_Model2_EQA_CH1,Step7_Model2_EQC_CH3,Step8_Model3_EQA_CH1,Step9_Model3_EQA_CH3,Step10_Model2_EQB_CH3,Step11_Model1_EQB_CH2,Step12_Model1_EQB_CH4,Step13_Model2_EQC_CH4,Step14_Model3_EQA_CH1,Step15_Model2_EQB_CH3,Step16_Model2_EQC_CH2,Step17_Model1_EQA_CH4,Step18_Model1_EQB_CH2,Step19_Model1_EQC_CH2,Step20_Model3_EQA_CH3,Step21_Model2_EQC_CH1,Step22_Model3_EQB_CH3,Step23_Model2_EQA_CH4,Step24_Model3_EQC_CH4,Step25_Model1_EQA_CH2,Step26_Model3_EQC_CH3,Step27_Model2_EQB_CH3,Step28_Model3_EQC_CH2,Step29_Model2_EQA_CH1,Step30_Model1_EQC_CH2,,,,,,,,,,,,,,,,,,,,,,,,,,,36.35,,60.89,,,,45.1,,,,,,64.81,,,,,,,,55.75,,,,,,,,,,,,,,,,,
L040W18,L040,18,Step1_Model3_EQA_CH2,Step2_Model3_EQB_CH4,Step3_Model2_EQB_CH3,Step4_Model2_EQA_CH4,Step5_Model3_EQC_CH2,Step6_Model2_EQA_CH3,Step7_Model2_EQC_CH2,Step8_Model3_EQA_CH2,Step9_Model3_EQA_CH1,Step10_Model2_EQB_CH4,Step11_Model1_EQB_CH4,Step12_Model1_EQB_CH2,Step13_Model2_EQC_CH1,Step14_Model3_EQA_CH2,Step15_Model2_EQB_CH2,Step16_Model2_EQC_CH2,Step17_Model1_EQA_CH1,Step18_Model1_EQB_CH3,Step19_Model1_EQC_CH1,Step20_Model3_EQA_CH2,Step21_Model2_EQC_CH3,Step22_Model3_EQB_CH2,Step23_Model2_EQA_CH1,Step24_Model3_EQC_CH1,Step25_Model1_EQA_CH3,Step26_Model3_EQC_CH1,Step27_Model2_EQB_CH2,Step28_Model3_EQC_CH3,Step29_Model2_EQA_CH4,Step30_Model1_EQC_CH2,,,,,,,,,,,,,,,,60.8,,,,,,,,,,,,,,,,,,,,,,,,,,,,,,,,,,,,,,,,,,,,,,,,
L040W19,L040,19,Step1_Model3_EQA_CH4,Step2_Model3_EQB_CH3,Step3_Model2_EQB_CH3,Step4_Model2_EQA_CH2,Step5_Model3_EQC_CH1,Step6_Model2_EQA_CH2,Step7_Model2_EQC_CH1,Step8_Model3_EQA_CH1,Step9_Model3_EQA_CH2,Step10_Model2_EQB_CH3,Step11_Model1_EQB_CH2,Step12_Model1_EQB_CH4,Step13_Model2_EQC_CH3,Step14_Model3_EQA_CH1,Step15_Model2_EQB_CH3,Step16_Model2_EQC_CH2,Step17_Model1_EQA_CH3,Step18_Model1_EQB_CH1,Step19_Model1_EQC_CH1,Step20_Model3_EQA_CH3,Step21_Model2_EQC_CH4,Step22_Model3_EQB_CH1,Step23_Model2_EQA_CH4,Step24_Model3_EQC_CH1,Step25_Model1_EQA_CH3,Step26_Model3_EQC_CH1,Step27_Model2_EQB_CH4,Step28_Model3_EQC_CH4,Step29_Model2_EQA_CH3,Step30_Model1_EQC_CH4,,,,,,,,,61,,63.54,40.08,,,47.75,,,,,,,,36.68,,,57.48,,,,43.25,,41.86,,,,59.75,,,,,,,,,60.07,,,,,,,,,,,,,,,,,,,
L040W20,L040,20,Step1_Model3_EQA_CH4,Step2_Model3_EQB_CH3,Step3_Model2_EQB_CH1,Step4_Model2_EQA_CH3,Step5_Model3_EQC_CH1,Step6_Model2_EQA_CH1,Step7_Model2_EQC_CH1,Step8_Model3_EQA_CH2,Step9_Model3_EQA_CH1,Step10_Model2_EQB_CH3,Step11_Model1_EQB_CH3,Step12_Model1_EQB_CH3,Step13_Model2_EQC_CH2,Step14_Model3_EQA_CH4,Step15_Model2_EQB_CH2,Step16_Model2_EQC_CH3,Step17_Model1_EQA_CH3,Step18_Model1_EQB_CH4,Step19_Model1_EQC_CH2,Step20_Model3_EQA_CH3,Step21_Model2_EQC_CH1,Step22_Model3_EQB_CH1,Step23_Model2_EQA_CH3,Step24_Model3_EQC_CH1,Step25_Model1_EQA_CH4,Step26_Model3_EQC_CH3,Step27_Model2_EQB_CH2,Step28_Model3_EQC_CH3,Step29_Model2_EQA_CH4,Step30_Model1_EQC_CH2,,,42.87,,,53.46,61.11,,,,53.84,,,,,62.63,,,,,,,,,38.1,,,,,42.7,,,,,,,,,,,,53.3,,,,,,,,,,,,,,,,,,,,,,
L040W21,L040,21,Step1_Model3_EQA_CH4,Step2_Model3_EQB_CH1,Step3_Model2_EQB_CH1,Step4_Model2_EQA_CH1,Step5_Model3_EQC_CH4,Step6_Model2_EQA_CH4,Step7_Model2_EQC_CH3,Step8_Model3_EQA_CH2,Step9_Model3_EQA_CH2,Step10_Model2_EQB_CH4,Step11_Model1_EQB_CH4,Step12_Model1_EQB_CH1,Step13_Model2_EQC_CH4,Step14_Model3_EQA_CH1,Step15_Model2_EQB_CH4,Step16_Model2_EQC_CH2,Step17_Model1_EQA_CH3,Step18_Model1_EQB_CH4,Step19_Model1_EQC_CH1,Step20_Model3_EQA_CH3,Step21_Model2_EQC_CH1,Step22_Model3_EQB_CH1,Step23_Model2_EQA_CH3,Step24_Model3_EQC_CH3,Step25_Model1_EQA_CH3,Step26_Model3_EQC_CH4,Step27_Model2_EQB_CH3,Step28_Model3_EQC_CH4,Step29_Model2_EQA_CH2,Step30_Model1_EQC_CH2,,,,,40.13,,,,,,48.91,,,,,,64.41,,,,34.71,44.1,,,,,44.26,,,,56.45,,,,,,,,,,,,,,,,,,,,,,,,,,,,,,,,,
L040W22,L040,22,Step1_Model3_EQA_CH1,Step2_Model3_EQB_CH1,Step3_Model2_EQB_CH4,Step4_Model2_EQA_CH1,Step5_Model3_EQC_CH2,Step6_Model2_EQA_CH4,Step7_Model2_EQC_CH4,Step8_Model3_EQA_CH3,Step9_Model3_EQA_CH4,Step10_Model2_EQB_CH1,Step11_Model1_EQB_CH2,Step12_Model1_EQB_CH1,Step13_Model2_EQC_CH2,Step14_Model3_EQA_CH3,Step15_Model2_EQB_CH2,Step16_Model2_EQC_CH3,Step17_Model1_EQA_CH1,Step18_Model1_EQB_CH3,Step19_Model1_EQC_CH4,Step20_Model3_EQA_CH4,Step21_Model2_EQC_CH2,Step22_Model3_EQB_CH1,Step23_Model2_EQA_CH1,Step24_Model3_EQC_CH2,Step25_Model1_EQA_CH4,Step26_Model3_EQC_CH3,Step27_Model2_EQB_CH2,Step28_Model3_EQC_CH3,Step29_Model2_EQA_CH3,Step30_Model1_EQC_CH1,,,,,,,,,58.2,,,,,,,,,28.1,,,,,,,,59.22,,65.15,,,,,,,43.71,,,60.01,,,,65.35,,,,,,,,,,,,,,,,,,,,,,
L040W23,L040,23,Step1_Model3_EQA_CH4,Step2_Model3_EQB_CH3,Step3_Model2_EQB_CH4,Step4_Model2_EQA_CH1,Step5_Model3_EQC_CH2,Step6_Model2_EQA_CH2,Step7_Model2_EQC_CH1,Step8_Model3_EQA_CH1,Step9_Model3_EQA_CH3,Step10_Model2_EQB_CH1,Step11_Model1_EQB_CH2,Step12_Model1_EQB_CH4,Step13_Model2_EQC_CH4,Step14_Model3_EQA_CH4,Step15_Model2_EQB_CH4,Step16_Model2_EQC_CH1,Step17_Model1_EQA_CH1,Step18_Model1_EQB_CH4,Step19_Model1_EQC_CH1,Step20_Model3_EQA_CH3,Step21_Model2_EQC_CH1,Step22_Model3_EQB_CH3,Step23_Model2_EQA_CH3,Step24_Model3_EQC_CH1,Step25_Model1_EQA_CH4,Step26_Model3_EQC_CH3,Step27_Model2_EQB_CH1,Step28_Model3_EQC_CH2,Step29_Model2_EQA_CH4,Step30_Model1_EQC_CH2,,,,,,,,,,,,,,,,,,,,,,,,,,,,,,,,,46.27,,,,,,,,,,,,,,,,,,,,,,,,,,,,,,,
L040W24,L040,24,Step1_Model3_EQA_CH3,Step2_Model3_EQB_CH2,Step3_Model2_EQB_CH1,Step4_Model2_EQA_CH4,Step5_Model3_EQC_CH3,Step6_Model2_EQA_CH1,Step7_Model2_EQC_CH4,Step8_Model3_EQA_CH3,Step9_Model3_EQA_CH3,Step10_Model2_EQB_CH3,Step11_Model1_EQB_CH3,Step12_Model1_EQB_CH2,Step13_Model2_EQC_CH2,Step14_Model3_EQA_CH2,Step15_Model2_EQB_CH3,Step16_Model2_EQC_CH2,Step17_Model1_EQA_CH4,Step18_Model1_EQB_CH3,Step19_Model1_EQC_CH4,Step20_Model3_EQA_CH4,Step21_Model2_EQC_CH2,Step22_Model3_EQB_CH3,Step23_Model2_EQA_CH2,Step24_Model3_EQC_CH2,Step25_Model1_EQA_CH2,Step26_Model3_EQC_CH3,Step27_Model2_EQB_CH3,Step28_Model3_EQC_CH2,Step29_Model2_EQA_CH4,Step30_Model1_EQC_CH4,,,43.94,,,,,,,,,,40.61,44.35,,59.83,65.83,,,,,38.25,,,31.41,56.76,,,,,,,,,,63.02,,58.4,61.95,,44.04,,,,,,,,,,,,,,,,,,,,,,,
