Lot_Wafer_ID,Lot_ID,Wafer_Slot,Step1_Config,Step2_Config,Step3_Config,Step4_Config,Step5_Config,Step6_Config,Step7_Config,Step8_Config,Step9_Config,Step10_Config,Step11_Config,Step12_Config,Step13_Config,Step14_Config,Step15_Config,Step16_Config,Step17_Config,Step18_Config,Step19_Config,Step20_Config,Step21_Config,Step22_Config,Step23_Config,Step24_Config,Step25_Config,Step26_Config,Step27_Config,Step28_Config,Step29_Config,Step30_Config,Step1_R1,Step2_R1,Step3_R1,Step4_R1,Step4_R2,Step5_R1,Step6_R1,Step6_R2,Step7_R1,Step7_R2,Step8_R1,Step9_R1,Step9_R2,Step10_R1,Step11_R1,Step12_R1,Step12_R2,Step13_R1,Step13_R2,Step13_R3,Step14_R1,Step14_R2,Step14_R3,Step15_R1,Step15_R2,Step16_R1,Step17_R1,Step18_R1,Step19_R1,Step20_R1,Step21_R1,Step22_R1,Step22_R2,Step22_R3,Step23_R1,Step24_R1,Step24_R2,Step25_R1,Step25_R2,Step25_R3,Step26_R1,Step27_R1,Step28_R1,Step28_R2,Step28_R3,Step29_R1,Step29_R2,Step30_R1,Step1_D1,Step6_D1,Step8_D1,Step11_D1,Step13_D1,Step14_D1,Step21_D1,Step22_D1,Step27_D1,Step30_D1,Y,Y1,Y2,Y3,Y4,Y5
T001_W01,T001,1,Step1_Model1_EQC_CH1,Step2_Model2_EQB_CH1,Step3_Model1_EQC_CH1,Step4_Model1_EQB_CH3,Step5_Model1_EQB_CH4,Step6_Model1_EQC_CH4,Step7_Model1_EQA_CH3,Step8_Model2_EQB_CH1,Step9_Model1_EQA_CH1,Step10_Model3_EQA_CH4,Step11_Model1_EQB_CH4,Step12_Model2_EQC_CH4,Step13_Model2_EQC_CH4,Step14_Model1_EQB_CH3,Step15_Model1_EQC_CH3,Step16_Model1_EQB_CH3,Step17_Model2_EQC_CH3,Step18_Model1_EQC_CH1,Step19_Model1_EQB_CH1,Step20_Model1_EQC_CH1,Step21_Model1_EQC_CH3,Step22_Model3_EQA_CH2,Step23_Model2_EQC_CH4,Step24_Model1_EQB_CH4,Step25_Model1_EQA_CH2,Step26_Model1_EQB_CH4,Step27_Model2_EQC_CH2,Step28_Model1_EQA_CH4,Step29_Model1_EQC_CH1,Step30_Model1_EQA_CH1,,,,51.60573741204902,,,,,,,,,,,,,,,,,,,,,46.033077036312875,,46.288762662246484,52.30847370365895,46.304046710519366,,,,,,43.30796671864387,61.62392520061521,,42.42145164,,,,,,,,,,,,9,,16,,,,,,,,,,,,
T001_W02,T001,2,Step1_Model1_EQC_CH3,Step2_Model2_EQB_CH1,Step3_Model1_EQC_CH1,Step4_Model1_EQB_CH3,Step5_Model1_EQB_CH4,Step6_Model1_EQC_CH1,Step7_Model1_EQA_CH2,Step8_Model2_EQB_CH3,Step9_Model1_EQA_CH3,Step10_Model3_EQA_CH4,Step11_Model1_EQB_CH4,Step12_Model2_EQC_CH3,Step13_Model2_EQC_CH3,Step14_Model1_EQB_CH3,Step15_Model1_EQC_CH2,Step16_Model1_EQB_CH1,Step17_Model2_EQC_CH1,Step18_Model1_EQC_CH1,Step19_Model1_EQB_CH2,Step20_Model1_EQC_CH3,Step21_Model1_EQC_CH3,Step22_Model3_EQA_CH3,Step23_Model2_EQC_CH4,Step24_Model1_EQB_CH1,Step25_Model1_EQA_CH1,Step26_Model1_EQB_CH3,Step27_Model2_EQC_CH2,Step28_Model1_EQA_CH3,Step29_Model1_EQC_CH1,Step30_Model1_EQA_CH4,,36.34904119578008,,40.542033367760034,,,,,,,,,,,,,43.78400425,,,,,,,,,,,,,,,41.52877169797006,,,,62.484306356945396,,,,,,,,,,,,,,,,,,,,,,,,,,,,
T001_W03,T001,3,Step1_Model1_EQC_CH3,Step2_Model2_EQB_CH3,Step3_Model1_EQC_CH3,Step4_Model1_EQB_CH2,Step5_Model1_EQB_CH1,Step6_Model1_EQC_CH1,Step7_Model1_EQA_CH4,Step8_Model2_EQB_CH2,Step9_Model1_EQA_CH2,Step10_Model3_EQA_CH2,Step11_Model1_EQB_CH2,Step12_Model2_EQC_CH3,Step13_Model2_EQC_CH2,Step14_Model1_EQB_CH2,Step15_Model1_EQC_CH2,Step16_Model1_EQB_CH3,Step17_Model2_EQC_CH4,Step18_Model1_EQC_CH1,Step19_Model1_EQB_CH3,Step20_Model1_EQC_CH2,Step21_Model1_EQC_CH2,Step22_Model3_EQA_CH4,Step23_Model2_EQC_CH4,Step24_Model1_EQB_CH2,Step25_Model1_EQA_CH3,Step26_Model1_EQB_CH3,Step27_Model2_EQC_CH4,Step28_Model1_EQA_CH3,Step29_Model1_EQC_CH2,Step30_Model1_EQA_CH3,,,,,,63.60292510310944,,,,,,,,61.818837582463416,,,53.56206316972102,37.37998726549421,,,43.130466893724105,,,,,,,62.117522486749344,,,,48.30283381683397,,,,,,,,,,,,,,,,,,,,,,,,,,,,,,,,
T001_W04,T001,4,Step1_Model1_EQC_CH4,Step2_Model2_EQB_CH3,Step3_Model1_EQC_CH4,Step4_Model1_EQB_CH4,Step5_Model1_EQB_CH1,Step6_Model1_EQC_CH2,Step7_Model1_EQA_CH2,Step8_Model2_EQB_CH3,Step9_Model1_EQA_CH1,Step10_Model3_EQA_CH1,Step11_Model1_EQB_CH2,Step12_Model2_EQC_CH4,Step13_Model2_EQC_CH1,Step14_Model1_EQB_CH3,Step15_Model1_EQC_CH4,Step16_Model1_EQB_CH4,Step17_Model2_EQC_CH4,Step18_Model1_EQC_CH2,Step19_Model1_EQB_CH2,Step20_Model1_EQC_CH1,Step21_Model1_EQC_CH4,Step22_Model3_EQA_CH4,Step23_Model2_EQC_CH1,Step24_Model1_EQB_CH1,Step25_Model1_EQA_CH1,Step26_Model1_EQB_CH3,Step27_Model2_EQC_CH2,Step28_Model1_EQA_CH3,Step29_Model1_EQC_CH1,Step30_Model1_EQA_CH3,,,,,,,,,,,,,,62.12361096929071,,,,,,,,41.021459966552946,63.59277222215535,,,,,,,,48.34460847921168,,,,,,,,,40.97340616077297,,,52.67277172877426,,,,,,,,,,,,,,,,,,,,,
T001_W05,T001,5,Step1_Model1_EQC_CH1,Step2_Model2_EQB_CH4,Step3_Model1_EQC_CH2,Step4_Model1_EQB_CH3,Step5_Model1_EQB_CH4,Step6_Model1_EQC_CH4,Step7_Model1_EQA_CH2,Step8_Model2_EQB_CH1,Step9_Model1_EQA_CH1,Step10_Model3_EQA_CH1,Step11_Model1_EQB_CH4,Step12_Model2_EQC_CH2,Step13_Model2_EQC_CH3,Step14_Model1_EQB_CH4,Step15_Model1_EQC_CH1,Step16_Model1_EQB_CH4,Step17_Model2_EQC_CH1,Step18_Model1_EQC_CH2,Step19_Model1_EQB_CH3,Step20_Model1_EQC_CH4,Step21_Model1_EQC_CH1,Step22_Model3_EQA_CH2,Step23_Model2_EQC_CH4,Step24_Model1_EQB_CH1,Step25_Model1_EQA_CH3,Step26_Model1_EQB_CH4,Step27_Model2_EQC_CH4,Step28_Model1_EQA_CH2,Step29_Model1_EQC_CH3,Step30_Model1_EQA_CH1,43.31310814795461,,,,,,,,,,30.84668153371868,,,56.084845136838815,,,,,,,41.73324286579456,,57.872202121951936,,,,,54.03372056316104,,,45.47917436285753,,49.97270172,,53.63094600885876,,,,47.03710597222184,,,,55.632209039008345,,,38.514242681936906,64.11220962,,,,,,,,,,,,,,,,,
T001_W06,T001,6,Step1_Model1_EQC_CH3,Step2_Model2_EQB_CH2,Step3_Model1_EQC_CH2,Step4_Model1_EQB_CH3,Step5_Model1_EQB_CH4,Step6_Model1_EQC_CH2,Step7_Model1_EQA_CH2,Step8_Model2_EQB_CH3,Step9_Model1_EQA_CH2,Step10_Model3_EQA_CH4,Step11_Model1_EQB_CH4,Step12_Model2_EQC_CH4,Step13_Model2_EQC_CH1,Step14_Model1_EQB_CH2,Step15_Model1_EQC_CH3,Step16_Model1_EQB_CH4,Step17_Model2_EQC_CH4,Step18_Model1_EQC_CH3,Step19_Model1_EQB_CH3,Step20_Model1_EQC_CH3,Step21_Model1_EQC_CH1,Step22_Model3_EQA_CH2,Step23_Model2_EQC_CH4,Step24_Model1_EQB_CH2,Step25_Model1_EQA_CH2,Step26_Model1_EQB_CH1,Step27_Model2_EQC_CH4,Step28_Model1_EQA_CH2,Step29_Model1_EQC_CH2,Step30_Model1_EQA_CH1,,,,,,,,,,,,,40.49613563249521,,,,,,54.98853618308318,,,28.140698087555982,,48.368102701760414,,,,,,,,,,,,,,,,,,,,33.08455814,,,,,,,,,12,,,,,9,,,,,,
T001_W07,T001,7,Step1_Model1_EQC_CH1,Step2_Model2_EQB_CH3,Step3_Model1_EQC_CH4,Step4_Model1_EQB_CH4,Step5_Model1_EQB_CH1,Step6_Model1_EQC_CH3,Step7_Model1_EQA_CH2,Step8_Model2_EQB_CH4,Step9_Model1_EQA_CH3,Step10_Model3_EQA_CH2,Step11_Model1_EQB_CH2,Step12_Model2_EQC_CH3,Step13_Model2_EQC_CH4,Step14_Model1_EQB_CH4,Step15_Model1_EQC_CH4,Step16_Model1_EQB_CH3,Step17_Model2_EQC_CH3,Step18_Model1_EQC_CH2,Step19_Model1_EQB_CH4,Step20_Model1_EQC_CH4,Step21_Model1_EQC_CH3,Step22_Model3_EQA_CH4,Step23_Model2_EQC_CH1,Step24_Model1_EQB_CH4,Step25_Model1_EQA_CH1,Step26_Model1_EQB_CH4,Step27_Model2_EQC_CH1,Step28_Model1_EQA_CH1,Step29_Model1_EQC_CH1,Step30_Model1_EQA_CH1,,,,48.26074008821663,,68.76822566,,,,,,,,,,,,,,,,43.93810445904774,,,,,,,,,,,55.69411606448029,,,,,,,,,,,,,,,45.177611440588876,,,,,,,,,,,,,,,,
T001_W08,T001,8,Step1_Model1_EQC_CH2,Step2_Model2_EQB_CH1,Step3_Model1_EQC_CH4,Step4_Model1_EQB_CH4,Step5_Model1_EQB_CH2,Step6_Model1_EQC_CH2,Step7_Model1_EQA_CH4,Step8_Model2_EQB_CH4,Step9_Model1_EQA_CH3,Step10_Model3_EQA_CH3,Step11_Model1_EQB_CH1,Step12_Model2_EQC_CH1,Step13_Model2_EQC_CH1,Step14_Model1_EQB_CH2,Step15_Model1_EQC_CH3,Step16_Model1_EQB_CH4,Step17_Model2_EQC_CH1,Step18_Model1_EQC_CH3,Step19_Model1_EQB_CH2,Step20_Model1_EQC_CH3,Step21_Model1_EQC_CH4,Step22_Model3_EQA_CH4,Step23_Model2_EQC_CH1,Step24_Model1_EQB_CH1,Step25_Model1_EQA_CH1,Step26_Model1_EQB_CH2,Step27_Model2_EQC_CH2,Step28_Model1_EQA_CH2,Step29_Model1_EQC_CH1,Step30_Model1_EQA_CH4,,,,46.46836601317606,,,47.298909421133935,,,,,,,,,67.00815168172751,,,,,,,,,,,,,,,,,,,,,,,,,,,,,,,,,,,,,,,,,,,,,,,,
T001_W09,T001,9,Step1_Model1_EQC_CH1,Step2_Model2_EQB_CH3,Step3_Model1_EQC_CH3,Step4_Model1_EQB_CH1,Step5_Model1_EQB_CH3,Step6_Model1_EQC_CH3,Step7_Model1_EQA_CH1,Step8_Model2_EQB_CH2,Step9_Model1_EQA_CH3,Step10_Model3_EQA_CH3,Step11_Model1_EQB_CH4,Step12_Model2_EQC_CH2,Step13_Model2_EQC_CH1,Step14_Model1_EQB_CH3,Step15_Model1_EQC_CH2,Step16_Model1_EQB_CH4,Step17_Model2_EQC_CH3,Step18_Model1_EQC_CH2,Step19_Model1_EQB_CH2,Step20_Model1_EQC_CH4,Step21_Model1_EQC_CH1,Step22_Model3_EQA_CH1,Step23_Model2_EQC_CH1,Step24_Model1_EQB_CH2,Step25_Model1_EQA_CH4,Step26_Model1_EQB_CH1,Step27_Model2_EQC_CH2,Step28_Model1_EQA_CH2,Step29_Model1_EQC_CH3,Step30_Model1_EQA_CH1,,,,,,,,,,,,46.78378110223649,,,,,,,,39.556585196103235,36.706352373675344,,,,,,51.99554090171618,54.72564341378223,,,,,,,,49.62447424933174,,,,,,,,,,39.68752962161005,,,,8,,,,,,,,,,,,,,
T001_W10,T001,10,Step1_Model1_EQC_CH2,Step2_Model2_EQB_CH3,Step3_Model1_EQC_CH3,Step4_Model1_EQB_CH2,Step5_Model1_EQB_CH2,Step6_Model1_EQC_CH2,Step7_Model1_EQA_CH4,Step8_Model2_EQB_CH2,Step9_Model1_EQA_CH2,Step10_Model3_EQA_CH2,Step11_Model1_EQB_CH2,Step12_Model2_EQC_CH4,Step13_Model2_EQC_CH4,Step14_Model1_EQB_CH3,Step15_Model1_EQC_CH2,Step16_Model1_EQB_CH4,Step17_Model2_EQC_CH4,Step18_Model1_EQC_CH1,Step19_Model1_EQB_CH2,Step20_Model1_EQC_CH4,Step21_Model1_EQC_CH3,Step22_Model3_EQA_CH1,Step23_Model2_EQC_CH1,Step24_Model1_EQB_CH1,Step25_Model1_EQA_CH1,Step26_Model1_EQB_CH3,Step27_Model2_EQC_CH3,Step28_Model1_EQA_CH1,Step29_Model1_EQC_CH1,Step30_Model1_EQA_CH4,,,41.98627839379024,,,61.65992154232555,,,,60.03723814616494,,,,,,,,,64.68006295170623,,,,,,,,,,,,,,,,,,,,,,,,,,,,,,,,,,,,,,,,,,,,,
T001_W11,T001,11,Step1_Model1_EQC_CH2,Step2_Model2_EQB_CH3,Step3_Model1_EQC_CH2,Step4_Model1_EQB_CH2,Step5_Model1_EQB_CH4,Step6_Model1_EQC_CH1,Step7_Model1_EQA_CH4,Step8_Model2_EQB_CH1,Step9_Model1_EQA_CH3,Step10_Model3_EQA_CH3,Step11_Model1_EQB_CH1,Step12_Model2_EQC_CH3,Step13_Model2_EQC_CH4,Step14_Model1_EQB_CH4,Step15_Model1_EQC_CH4,Step16_Model1_EQB_CH1,Step17_Model2_EQC_CH1,Step18_Model1_EQC_CH1,Step19_Model1_EQB_CH3,Step20_Model1_EQC_CH2,Step21_Model1_EQC_CH1,Step22_Model3_EQA_CH4,Step23_Model2_EQC_CH2,Step24_Model1_EQB_CH2,Step25_Model1_EQA_CH2,Step26_Model1_EQB_CH1,Step27_Model2_EQC_CH4,Step28_Model1_EQA_CH2,Step29_Model1_EQC_CH3,Step30_Model1_EQA_CH3,,,,,,,,,,58.5314595,,,,,,,,,,,,,60.02379364294656,,38.428567114768356,,,,,,48.72496158992397,40.23016587158667,,,,,,32.65919321866939,39.15641783663533,,,,,,,,,,,,,,,,,,,,,,,,,
T001_W12,T001,12,Step1_Model1_EQC_CH3,Step2_Model2_EQB_CH4,Step3_Model1_EQC_CH2,Step4_Model1_EQB_CH4,Step5_Model1_EQB_CH4,Step6_Model1_EQC_CH3,Step7_Model1_EQA_CH2,Step8_Model2_EQB_CH2,Step9_Model1_EQA_CH1,Step10_Model3_EQA_CH1,Step11_Model1_EQB_CH1,Step12_Model2_EQC_CH3,Step13_Model2_EQC_CH4,Step14_Model1_EQB_CH2,Step15_Model1_EQC_CH1,Step16_Model1_EQB_CH3,Step17_Model2_EQC_CH1,Step18_Model1_EQC_CH1,Step19_Model1_EQB_CH2,Step20_Model1_EQC_CH2,Step21_Model1_EQC_CH3,Step22_Model3_EQA_CH3,Step23_Model2_EQC_CH4,Step24_Model1_EQB_CH1,Step25_Model1_EQA_CH1,Step26_Model1_EQB_CH4,Step27_Model2_EQC_CH1,Step28_Model1_EQA_CH4,Step29_Model1_EQC_CH1,Step30_Model1_EQA_CH1,,36.196816534702315,,,,67.18277150663755,,,,50.050731571738204,34.68096125893917,36.28964335611113,,,,,,,,,,,,,,58.85646595163632,,,,37.48269272320293,,,,,,,,,,38.779448918983604,,,,,,,,,,,14,,,,,,,,,,,,,
T001_W13,T001,13,Step1_Model1_EQC_CH4,Step2_Model2_EQB_CH4,Step3_Model1_EQC_CH4,Step4_Model1_EQB_CH1,Step5_Model1_EQB_CH3,Step6_Model1_EQC_CH2,Step7_Model1_EQA_CH3,Step8_Model2_EQB_CH1,Step9_Model1_EQA_CH1,Step10_Model3_EQA_CH4,Step11_Model1_EQB_CH1,Step12_Model2_EQC_CH4,Step13_Model2_EQC_CH4,Step14_Model1_EQB_CH4,Step15_Model1_EQC_CH1,Step16_Model1_EQB_CH1,Step17_Model2_EQC_CH1,Step18_Model1_EQC_CH1,Step19_Model1_EQB_CH3,Step20_Model1_EQC_CH3,Step21_Model1_EQC_CH3,Step22_Model3_EQA_CH3,Step23_Model2_EQC_CH4,Step24_Model1_EQB_CH3,Step25_Model1_EQA_CH1,Step26_Model1_EQB_CH4,Step27_Model2_EQC_CH3,Step28_Model1_EQA_CH2,Step29_Model1_EQC_CH2,Step30_Model1_EQA_CH2,,,,,,65.64849424862638,,,,,,,,,,,,,,,41.61628226016945,,,,47.30326258,,,,,,,,,,,,,,,,,,,,,,,,,,,,12,8,8,,,,,,,,,
T001_W14,T001,14,Step1_Model1_EQC_CH4,Step2_Model2_EQB_CH4,Step3_Model1_EQC_CH2,Step4_Model1_EQB_CH4,Step5_Model1_EQB_CH1,Step6_Model1_EQC_CH2,Step7_Model1_EQA_CH2,Step8_Model2_EQB_CH3,Step9_Model1_EQA_CH1,Step10_Model3_EQA_CH1,Step11_Model1_EQB_CH3,Step12_Model2_EQC_CH1,Step13_Model2_EQC_CH2,Step14_Model1_EQB_CH1,Step15_Model1_EQC_CH4,Step16_Model1_EQB_CH3,Step17_Model2_EQC_CH2,Step18_Model1_EQC_CH1,Step19_Model1_EQB_CH2,Step20_Model1_EQC_CH4,Step21_Model1_EQC_CH3,Step22_Model3_EQA_CH4,Step23_Model2_EQC_CH2,Step24_Model1_EQB_CH1,Step25_Model1_EQA_CH1,Step26_Model1_EQB_CH3,Step27_Model2_EQC_CH2,Step28_Model1_EQA_CH2,Step29_Model1_EQC_CH2,Step30_Model1_EQA_CH4,,,37.383994951924564,,,,,,,,,,,,,,46.71962560410825,,,,,,,51.62296089477389,,,,,,,,,,,,,,,,,,,,,,,59.025671590138174,,,,7,,,,,,,,,,,,,
T001_W15,T001,15,Step1_Model1_EQC_CH3,Step2_Model2_EQB_CH4,Step3_Model1_EQC_CH3,Step4_Model1_EQB_CH3,Step5_Model1_EQB_CH3,Step6_Model1_EQC_CH3,Step7_Model1_EQA_CH4,Step8_Model2_EQB_CH1,Step9_Model1_EQA_CH1,Step10_Model3_EQA_CH1,Step11_Model1_EQB_CH1,Step12_Model2_EQC_CH4,Step13_Model2_EQC_CH3,Step14_Model1_EQB_CH1,Step15_Model1_EQC_CH2,Step16_Model1_EQB_CH2,Step17_Model2_EQC_CH3,Step18_Model1_EQC_CH1,Step19_Model1_EQB_CH2,Step20_Model1_EQC_CH1,Step21_Model1_EQC_CH1,Step22_Model3_EQA_CH2,Step23_Model2_EQC_CH3,Step24_Model1_EQB_CH2,Step25_Model1_EQA_CH1,Step26_Model1_EQB_CH1,Step27_Model2_EQC_CH4,Step28_Model1_EQA_CH4,Step29_Model1_EQC_CH4,Step30_Model1_EQA_CH4,,,,,,,,,,,38.137964842260345,,,62.381481411343806,,,,,,,,,,,,,,,,34.75758953222808,,37.60901732801235,,,,,51.62223082758743,,,,,,,,,,,,,,,,,,,,8,,,,,,,
T001_W16,T001,16,Step1_Model1_EQC_CH1,Step2_Model2_EQB_CH2,Step3_Model1_EQC_CH4,Step4_Model1_EQB_CH4,Step5_Model1_EQB_CH1,Step6_Model1_EQC_CH3,Step7_Model1_EQA_CH3,Step8_Model2_EQB_CH4,Step9_Model1_EQA_CH3,Step10_Model3_EQA_CH2,Step11_Model1_EQB_CH1,Step12_Model2_EQC_CH4,Step13_Model2_EQC_CH2,Step14_Model1_EQB_CH2,Step15_Model1_EQC_CH1,Step16_Model1_EQB_CH1,Step17_Model2_EQC_CH1,Step18_Model1_EQC_CH2,Step19_Model1_EQB_CH2,Step20_Model1_EQC_CH2,Step21_Model1_EQC_CH4,Step22_Model3_EQA_CH1,Step23_Model2_EQC_CH1,Step24_Model1_EQB_CH4,Step25_Model1_EQA_CH1,Step26_Model1_EQB_CH1,Step27_Model2_EQC_CH1,Step28_Model1_EQA_CH2,Step29_Model1_EQC_CH3,Step30_Model1_EQA_CH3,37.806349428635116,,,,,,,,,,,,,,,,,,,,,,,,,,,,,,,,,,,,60.41850362,,41.49940697929218,,,,,31.60292940027243,,,55.936658187360884,,,,,,,,,,,,,,,,,
T001_W17,T001,17,Step1_Model1_EQC_CH1,Step2_Model2_EQB_CH4,Step3_Model1_EQC_CH4,Step4_Model1_EQB_CH1,Step5_Model1_EQB_CH4,Step6_Model1_EQC_CH3,Step7_Model1_EQA_CH4,Step8_Model2_EQB_CH1,Step9_Model1_EQA_CH1,Step10_Model3_EQA_CH3,Step11_Model1_EQB_CH3,Step12_Model2_EQC_CH4,Step13_Model2_EQC_CH2,Step14_Model1_EQB_CH4,Step15_Model1_EQC_CH4,Step16_Model1_EQB_CH4,Step17_Model2_EQC_CH3,Step18_Model1_EQC_CH4,Step19_Model1_EQB_CH4,Step20_Model1_EQC_CH3,Step21_Model1_EQC_CH1,Step22_Model3_EQA_CH3,Step23_Model2_EQC_CH1,Step24_Model1_EQB_CH2,Step25_Model1_EQA_CH2,Step26_Model1_EQB_CH1,Step27_Model2_EQC_CH3,Step28_Model1_EQA_CH2,Step29_Model1_EQC_CH1,Step30_Model1_EQA_CH3,,35.39992785919988,31.214004774796543,46.00221165026393,,,,,,,,,,,37.946325191448054,,,32.03983815015078,,32.119968931674705,,,,,,,,,,30.204857081894794,,,,,,,55.63117145918302,,,,,48.448698499434755,,36.318205916416964,,38.816857358861505,,,,,,,,,,,,,,,,,,
T001_W18,T001,18,Step1_Model1_EQC_CH4,Step2_Model2_EQB_CH4,Step3_Model1_EQC_CH2,Step4_Model1_EQB_CH3,Step5_Model1_EQB_CH2,Step6_Model1_EQC_CH4,Step7_Model1_EQA_CH1,Step8_Model2_EQB_CH2,Step9_Model1_EQA_CH4,Step10_Model3_EQA_CH1,Step11_Model1_EQB_CH2,Step12_Model2_EQC_CH3,Step13_Model2_EQC_CH4,Step14_Model1_EQB_CH4,Step15_Model1_EQC_CH4,Step16_Model1_EQB_CH1,Step17_Model2_EQC_CH1,Step18_Model1_EQC_CH2,Step19_Model1_EQB_CH2,Step20_Model1_EQC_CH4,Step21_Model1_EQC_CH2,Step22_Model3_EQA_CH3,Step23_Model2_EQC_CH1,Step24_Model1_EQB_CH2,Step25_Model1_EQA_CH2,Step26_Model1_EQB_CH1,Step27_Model2_EQC_CH2,Step28_Model1_EQA_CH2,Step29_Model1_EQC_CH1,Step30_Model1_EQA_CH2,37.73897193295049,39.98320112291693,43.767930702715155,40.993652460031925,,,,,,,26.10538693462858,40.563824115701095,,,,,,,,,,,,,,,,,,,,,57.42192539876242,,,62.56720431127561,,,,,,,,,,,63.715546486220276,,,,,,,,,,,,,,,,,
T001_W19,T001,19,Step1_Model1_EQC_CH4,Step2_Model2_EQB_CH1,Step3_Model1_EQC_CH3,Step4_Model1_EQB_CH2,Step5_Model1_EQB_CH2,Step6_Model1_EQC_CH4,Step7_Model1_EQA_CH3,Step8_Model2_EQB_CH2,Step9_Model1_EQA_CH3,Step10_Model3_EQA_CH3,Step11_Model1_EQB_CH2,Step12_Model2_EQC_CH4,Step13_Model2_EQC_CH1,Step14_Model1_EQB_CH3,Step15_Model1_EQC_CH2,Step16_Model1_EQB_CH2,Step17_Model2_EQC_CH2,Step18_Model1_EQC_CH3,Step19_Model1_EQB_CH2,Step20_Model1_EQC_CH3,Step21_Model1_EQC_CH4,Step22_Model3_EQA_CH2,Step23_Model2_EQC_CH3,Step24_Model1_EQB_CH2,Step25_Model1_EQA_CH4,Step26_Model1_EQB_CH4,Step27_Model2_EQC_CH3,Step28_Model1_EQA_CH1,Step29_Model1_EQC_CH1,Step30_Model1_EQA_CH4,,,,,,,,,,,,,,59.71776594857491,,,,,,,,,,51.38334253588714,,,52.80523795407056,,44.27426876109616,40.57624857135181,,,,,,59.65227718,,,,38.336587731211914,,,,,,,,,10,,,,,,,10,,,,,,,,
T001_W20,T001,20,Step1_Model1_EQC_CH4,Step2_Model2_EQB_CH1,Step3_Model1_EQC_CH2,Step4_Model1_EQB_CH4,Step5_Model1_EQB_CH1,Step6_Model1_EQC_CH1,Step7_Model1_EQA_CH4,Step8_Model2_EQB_CH2,Step9_Model1_EQA_CH3,Step10_Model3_EQA_CH1,Step11_Model1_EQB_CH4,Step12_Model2_EQC_CH1,Step13_Model2_EQC_CH3,Step14_Model1_EQB_CH1,Step15_Model1_EQC_CH2,Step16_Model1_EQB_CH2,Step17_Model2_EQC_CH4,Step18_Model1_EQC_CH2,Step19_Model1_EQB_CH4,Step20_Model1_EQC_CH2,Step21_Model1_EQC_CH1,Step22_Model3_EQA_CH4,Step23_Model2_EQC_CH2,Step24_Model1_EQB_CH3,Step25_Model1_EQA_CH2,Step26_Model1_EQB_CH2,Step27_Model2_EQC_CH2,Step28_Model1_EQA_CH2,Step29_Model1_EQC_CH1,Step30_Model1_EQA_CH3,,,,,,,,,,,,,,,30.039724748046137,,,,,35.20891124540163,,,,,,,,,,,,,,59.697167762960085,,,50.56827590311773,,46.452336795388106,39.10128089791105,,56.23201340457804,,27.5798187,,,64.43609046878704,,,,,14,15,,,,,,,,,,,
T001_W21,T001,21,Step1_Model1_EQC_CH3,Step2_Model2_EQB_CH1,Step3_Model1_EQC_CH3,Step4_Model1_EQB_CH2,Step5_Model1_EQB_CH2,Step6_Model1_EQC_CH1,Step7_Model1_EQA_CH1,Step8_Model2_EQB_CH2,Step9_Model1_EQA_CH4,Step10_Model3_EQA_CH2,Step11_Model1_EQB_CH4,Step12_Model2_EQC_CH1,Step13_Model2_EQC_CH3,Step14_Model1_EQB_CH2,Step15_Model1_EQC_CH4,Step16_Model1_EQB_CH2,Step17_Model2_EQC_CH1,Step18_Model1_EQC_CH2,Step19_Model1_EQB_CH2,Step20_Model1_EQC_CH3,Step21_Model1_EQC_CH3,Step22_Model3_EQA_CH1,Step23_Model2_EQC_CH2,Step24_Model1_EQB_CH3,Step25_Model1_EQA_CH2,Step26_Model1_EQB_CH3,Step27_Model2_EQC_CH3,Step28_Model1_EQA_CH3,Step29_Model1_EQC_CH2,Step30_Model1_EQA_CH4,,38.427428902390524,28.395946680972518,,,,,,,,,,,,,,,,,,,31.792607730365862,,,,56.934267588524186,,,,,,,,,,,,,,,48.41877237202573,,,,,,,,,,,,,,,,,,,,,,,
T001_W22,T001,22,Step1_Model1_EQC_CH4,Step2_Model2_EQB_CH4,Step3_Model1_EQC_CH2,Step4_Model1_EQB_CH3,Step5_Model1_EQB_CH4,Step6_Model1_EQC_CH3,Step7_Model1_EQA_CH4,Step8_Model2_EQB_CH1,Step9_Model1_EQA_CH1,Step10_Model3_EQA_CH1,Step11_Model1_EQB_CH2,Step12_Model2_EQC_CH1,Step13_Model2_EQC_CH2,Step14_Model1_EQB_CH1,Step15_Model1_EQC_CH4,Step16_Model1_EQB_CH4,Step17_Model2_EQC_CH4,Step18_Model1_EQC_CH3,Step19_Model1_EQB_CH4,Step20_Model1_EQC_CH4,Step21_Model1_EQC_CH4,Step22_Model3_EQA_CH1,Step23_Model2_EQC_CH2,Step24_Model1_EQB_CH1,Step25_Model1_EQA_CH4,Step26_Model1_EQB_CH3,Step27_Model2_EQC_CH3,Step28_Model1_EQA_CH1,Step29_Model1_EQC_CH3,Step30_Model1_EQA_CH2,42.37273145540688,29.79232836892778,,,,,,,,,,39.80805013718072,,,,,,,,,,,64.48862026082577,,,,,54.99798894206807,,,,,,,,,46.85202834430098,,44.49067510952815,,,,,36.82653072038934,,,,,,,,,,,,,,,,,,,,
T001_W23,T001,23,Step1_Model1_EQC_CH4,Step2_Model2_EQB_CH4,Step3_Model1_EQC_CH3,Step4_Model1_EQB_CH1,Step5_Model1_EQB_CH4,Step6_Model1_EQC_CH4,Step7_Model1_EQA_CH2,Step8_Model2_EQB_CH1,Step9_Model1_EQA_CH2,Step10_Model3_EQA_CH3,Step11_Model1_EQB_CH4,Step12_Model2_EQC_CH3,Step13_Model2_EQC_CH2,Step14_Model1_EQB_CH1,Step15_Model1_EQC_CH1,Step16_Model1_EQB_CH1,Step17_Model2_EQC_CH1,Step18_Model1_EQC_CH2,Step19_Model1_EQB_CH4,Step20_Model1_EQC_CH2,Step21_Model1_EQC_CH4,Step22_Model3_EQA_CH2,Step23_Model2_EQC_CH2,Step24_Model1_EQB_CH1,Step25_Model1_EQA_CH3,Step26_Model1_EQB_CH4,Step27_Model2_EQC_CH2,Step28_Model1_EQA_CH4,Step29_Model1_EQC_CH4,Step30_Model1_EQA_CH4,,,,,,64.59011596703553,,,,50.96676422,33.939673467648845,47.02228775863017,45.24543568263031,58.40453482150622,,,,,,,45.53397794434418,25.191159466649857,,,,,,,44.85147826392667,,,42.340358810730734,,,52.63963899590639,,,,,,,57.38629962472796,,,,,,,,,,,,,,,,,,,,,,
T001_W24,T001,24,Step1_Model1_EQC_CH2,Step2_Model2_EQB_CH4,Step3_Model1_EQC_CH4,Step4_Model1_EQB_CH4,Step5_Model1_EQB_CH2,Step6_Model1_EQC_CH2,Step7_Model1_EQA_CH1,Step8_Model2_EQB_CH2,Step9_Model1_EQA_CH3,Step10_Model3_EQA_CH3,Step11_Model1_EQB_CH2,Step12_Model2_EQC_CH2,Step13_Model2_EQC_CH3,Step14_Model1_EQB_CH4,Step15_Model1_EQC_CH2,Step16_Model1_EQB_CH4,Step17_Model2_EQC_CH2,Step18_Model1_EQC_CH4,Step19_Model1_EQB_CH1,Step20_Model1_EQC_CH4,Step21_Model1_EQC_CH4,Step22_Model3_EQA_CH3,Step23_Model2_EQC_CH3,Step24_Model1_EQB_CH2,Step25_Model1_EQA_CH4,Step26_Model1_EQB_CH4,Step27_Model2_EQC_CH4,Step28_Model1_EQA_CH2,Step29_Model1_EQC_CH1,Step30_Model1_EQA_CH1,,31.383695081303657,,,,,,41.43862138465206,,,,,,,,55.309463772053064,,,,,,31.215319684934542,62.42862616559658,49.311869477206926,,,,,45.55826843356458,30.60841688734158,,,53.71284479464579,,,,,,,,,,,,,,61.26339377903914,,,,,,,,,,,,,,,,,
T001_W25,T001,25,Step1_Model1_EQC_CH1,Step2_Model2_EQB_CH4,Step3_Model1_EQC_CH1,Step4_Model1_EQB_CH2,Step5_Model1_EQB_CH2,Step6_Model1_EQC_CH1,Step7_Model1_EQA_CH4,Step8_Model2_EQB_CH4,Step9_Model1_EQA_CH1,Step10_Model3_EQA_CH4,Step11_Model1_EQB_CH1,Step12_Model2_EQC_CH2,Step13_Model2_EQC_CH3,Step14_Model1_EQB_CH1,Step15_Model1_EQC_CH3,Step16_Model1_EQB_CH2,Step17_Model2_EQC_CH3,Step18_Model1_EQC_CH3,Step19_Model1_EQB_CH3,Step20_Model1_EQC_CH4,Step21_Model1_EQC_CH4,Step22_Model3_EQA_CH1,Step23_Model2_EQC_CH1,Step24_Model1_EQB_CH1,Step25_Model1_EQA_CH4,Step26_Model1_EQB_CH2,Step27_Model2_EQC_CH4,Step28_Model1_EQA_CH3,Step29_Model1_EQC_CH2,Step30_Model1_EQA_CH2,32.769286567004734,,,,,,,,54.991283021145044,,,,44.08413447396529,,,66.90964354,,,,,,,,48.41637942,,,,,,,,,51.68544978682168,,,,,,,,52.65359414128417,,,,,,56.179167728113676,51.68452282481942,,,,,,,,,,,,,,,,
T002_W01,T002,1,Step1_Model2_EQA_CH1,Step2_Model1_EQB_CH1,Step3_Model1_EQA_CH2,Step4_Model2_EQC_CH4,Step5_Model2_EQC_CH1,Step6_Model1_EQB_CH4,Step7_Model1_EQB_CH1,Step8_Model3_EQA_CH1,Step9_Model2_EQA_CH4,Step10_Model3_EQA_CH4,Step11_Model1_EQB_CH4,Step12_Model2_EQB_CH2,Step13_Model3_EQC_CH2,Step14_Model1_EQA_CH2,Step15_Model1_EQB_CH2,Step16_Model1_EQC_CH3,Step17_Model3_EQC_CH4,Step18_Model3_EQC_CH3,Step19_Model3_EQC_CH1,Step20_Model3_EQC_CH4,Step21_Model3_EQB_CH2,Step22_Model1_EQA_CH2,Step23_Model2_EQA_CH4,Step24_Model1_EQB_CH1,Step25_Model1_EQC_CH3,Step26_Model2_EQA_CH4,Step27_Model1_EQA_CH4,Step28_Model2_EQC_CH1,Step29_Model3_EQA_CH3,Step30_Model3_EQB_CH2,,,,,,,,,,,,,44.32415245334273,,44.066786423062986,,,,,37.635812426383694,38.898839650784836,,,,,,,,,,,47.59784253427737,,,,,,,,,,,,,,,,,,,,,,,,,13,,,,,,,
T002_W02,T002,2,Step1_Model2_EQA_CH4,Step2_Model1_EQB_CH1,Step3_Model1_EQA_CH3,Step4_Model2_EQC_CH3,Step5_Model2_EQC_CH2,Step6_Model1_EQB_CH4,Step7_Model1_EQB_CH3,Step8_Model3_EQA_CH4,Step9_Model2_EQA_CH4,Step10_Model3_EQA_CH3,Step11_Model1_EQB_CH1,Step12_Model2_EQB_CH1,Step13_Model3_EQC_CH3,Step14_Model1_EQA_CH3,Step15_Model1_EQB_CH1,Step16_Model1_EQC_CH4,Step17_Model3_EQC_CH4,Step18_Model3_EQC_CH3,Step19_Model3_EQC_CH4,Step20_Model3_EQC_CH2,Step21_Model3_EQB_CH1,Step22_Model1_EQA_CH4,Step23_Model2_EQA_CH2,Step24_Model1_EQB_CH1,Step25_Model1_EQC_CH4,Step26_Model2_EQA_CH2,Step27_Model1_EQA_CH3,Step28_Model2_EQC_CH3,Step29_Model3_EQA_CH4,Step30_Model3_EQB_CH1,,,,44.50203977424656,,,,,53.27449347,,,,,,,,,,,,,,,,45.934383525177466,,,,,,,,,,,,,,,,,55.75265905815392,,,,,,52.95888642288428,,,,9,8,,,,,,,,,,,
T002_W03,T002,3,Step1_Model2_EQA_CH1,Step2_Model1_EQB_CH1,Step3_Model1_EQA_CH1,Step4_Model2_EQC_CH3,Step5_Model2_EQC_CH1,Step6_Model1_EQB_CH3,Step7_Model1_EQB_CH4,Step8_Model3_EQA_CH1,Step9_Model2_EQA_CH2,Step10_Model3_EQA_CH3,Step11_Model1_EQB_CH2,Step12_Model2_EQB_CH4,Step13_Model3_EQC_CH4,Step14_Model1_EQA_CH4,Step15_Model1_EQB_CH3,Step16_Model1_EQC_CH4,Step17_Model3_EQC_CH2,Step18_Model3_EQC_CH1,Step19_Model3_EQC_CH1,Step20_Model3_EQC_CH2,Step21_Model3_EQB_CH1,Step22_Model1_EQA_CH4,Step23_Model2_EQA_CH3,Step24_Model1_EQB_CH1,Step25_Model1_EQC_CH3,Step26_Model2_EQA_CH2,Step27_Model1_EQA_CH3,Step28_Model2_EQC_CH4,Step29_Model3_EQA_CH4,Step30_Model3_EQB_CH4,40.92269133862256,,,,,,,,,,,,,,,,,,,,,,,45.03361007801581,,,,,,,35.994128583541475,,,,,67.59467681917232,,39.32139274,,,,,,28.554290269981944,,,,,,,,,,,,,,,,,,,,
T002_W04,T002,4,Step1_Model2_EQA_CH2,Step2_Model1_EQB_CH2,Step3_Model1_EQA_CH1,Step4_Model2_EQC_CH4,Step5_Model2_EQC_CH4,Step6_Model1_EQB_CH4,Step7_Model1_EQB_CH4,Step8_Model3_EQA_CH1,Step9_Model2_EQA_CH2,Step10_Model3_EQA_CH3,Step11_Model1_EQB_CH4,Step12_Model2_EQB_CH1,Step13_Model3_EQC_CH3,Step14_Model1_EQA_CH4,Step15_Model1_EQB_CH4,Step16_Model1_EQC_CH2,Step17_Model3_EQC_CH4,Step18_Model3_EQC_CH3,Step19_Model3_EQC_CH4,Step20_Model3_EQC_CH2,Step21_Model3_EQB_CH3,Step22_Model1_EQA_CH4,Step23_Model2_EQA_CH1,Step24_Model1_EQB_CH4,Step25_Model1_EQC_CH3,Step26_Model2_EQA_CH2,Step27_Model1_EQA_CH3,Step28_Model2_EQC_CH3,Step29_Model3_EQA_CH2,Step30_Model3_EQB_CH3,,,,,,58.10159005682332,45.637288943113425,,,,,,,,,,,,,,,,,,44.80086774736106,,,,,,,,,59.84936101324801,,,,,,,,,,,,31.807841911623928,,,,,,,,,,,,,,,,,,
T002_W05,T002,5,Step1_Model2_EQA_CH4,Step2_Model1_EQB_CH4,Step3_Model1_EQA_CH3,Step4_Model2_EQC_CH2,Step5_Model2_EQC_CH3,Step6_Model1_EQB_CH2,Step7_Model1_EQB_CH1,Step8_Model3_EQA_CH3,Step9_Model2_EQA_CH2,Step10_Model3_EQA_CH3,Step11_Model1_EQB_CH1,Step12_Model2_EQB_CH2,Step13_Model3_EQC_CH4,Step14_Model1_EQA_CH2,Step15_Model1_EQB_CH4,Step16_Model1_EQC_CH3,Step17_Model3_EQC_CH4,Step18_Model3_EQC_CH1,Step19_Model3_EQC_CH2,Step20_Model3_EQC_CH3,Step21_Model3_EQB_CH1,Step22_Model1_EQA_CH2,Step23_Model2_EQA_CH4,Step24_Model1_EQB_CH4,Step25_Model1_EQC_CH2,Step26_Model2_EQA_CH2,Step27_Model1_EQA_CH2,Step28_Model2_EQC_CH1,Step29_Model3_EQA_CH2,Step30_Model3_EQB_CH1,,,,,,,,,,,,,,,,72.09332522,,,61.72004301834525,,,,,,,,,,,,,45.117314006756494,61.595838919654035,,46.42172294,,53.80577100264352,33.69062173913725,,39.349197762032425,,,,32.36516925136414,,,,,,,,,,,,,,8,,,,,,
T002_W06,T002,6,Step1_Model2_EQA_CH2,Step2_Model1_EQB_CH4,Step3_Model1_EQA_CH4,Step4_Model2_EQC_CH2,Step5_Model2_EQC_CH2,Step6_Model1_EQB_CH4,Step7_Model1_EQB_CH4,Step8_Model3_EQA_CH4,Step9_Model2_EQA_CH4,Step10_Model3_EQA_CH1,Step11_Model1_EQB_CH3,Step12_Model2_EQB_CH1,Step13_Model3_EQC_CH1,Step14_Model1_EQA_CH3,Step15_Model1_EQB_CH4,Step16_Model1_EQC_CH4,Step17_Model3_EQC_CH3,Step18_Model3_EQC_CH4,Step19_Model3_EQC_CH3,Step20_Model3_EQC_CH2,Step21_Model3_EQB_CH1,Step22_Model1_EQA_CH2,Step23_Model2_EQA_CH1,Step24_Model1_EQB_CH2,Step25_Model1_EQC_CH3,Step26_Model2_EQA_CH1,Step27_Model1_EQA_CH3,Step28_Model2_EQC_CH1,Step29_Model3_EQA_CH4,Step30_Model3_EQB_CH4,,,,,,,,,,,,,,,,,,,,34.32216427350252,,,,45.47140067002849,,,,,,,,,,67.56926251538489,,,,46.13855249414303,,,42.22810395920946,,,,,,,,,,,,,,,,,,,,,,,
T002_W07,T002,7,Step1_Model2_EQA_CH2,Step2_Model1_EQB_CH1,Step3_Model1_EQA_CH4,Step4_Model2_EQC_CH2,Step5_Model2_EQC_CH1,Step6_Model1_EQB_CH2,Step7_Model1_EQB_CH4,Step8_Model3_EQA_CH2,Step9_Model2_EQA_CH2,Step10_Model3_EQA_CH3,Step11_Model1_EQB_CH4,Step12_Model2_EQB_CH1,Step13_Model3_EQC_CH4,Step14_Model1_EQA_CH4,Step15_Model1_EQB_CH3,Step16_Model1_EQC_CH2,Step17_Model3_EQC_CH4,Step18_Model3_EQC_CH4,Step19_Model3_EQC_CH3,Step20_Model3_EQC_CH3,Step21_Model3_EQB_CH3,Step22_Model1_EQA_CH3,Step23_Model2_EQA_CH4,Step24_Model1_EQB_CH3,Step25_Model1_EQC_CH1,Step26_Model2_EQA_CH1,Step27_Model1_EQA_CH4,Step28_Model2_EQC_CH1,Step29_Model3_EQA_CH4,Step30_Model3_EQB_CH3,,,,,,,,,,,,,,53.64747585107314,,,,,,,40.84244793236875,,,,,,,,,44.20800667702464,,,,,51.359757132736654,56.49947143314956,,40.11005951725538,,,,,,,,,,,,,,,,,,,,,,,,,,
T002_W08,T002,8,Step1_Model2_EQA_CH4,Step2_Model1_EQB_CH3,Step3_Model1_EQA_CH3,Step4_Model2_EQC_CH1,Step5_Model2_EQC_CH4,Step6_Model1_EQB_CH3,Step7_Model1_EQB_CH3,Step8_Model3_EQA_CH3,Step9_Model2_EQA_CH1,Step10_Model3_EQA_CH1,Step11_Model1_EQB_CH2,Step12_Model2_EQB_CH3,Step13_Model3_EQC_CH1,Step14_Model1_EQA_CH1,Step15_Model1_EQB_CH3,Step16_Model1_EQC_CH3,Step17_Model3_EQC_CH2,Step18_Model3_EQC_CH2,Step19_Model3_EQC_CH3,Step20_Model3_EQC_CH1,Step21_Model3_EQB_CH4,Step22_Model1_EQA_CH4,Step23_Model2_EQA_CH4,Step24_Model1_EQB_CH4,Step25_Model1_EQC_CH4,Step26_Model2_EQA_CH3,Step27_Model1_EQA_CH4,Step28_Model2_EQC_CH2,Step29_Model3_EQA_CH2,Step30_Model3_EQB_CH1,,37.19981678947633,,,,,,,,,,,,,34.80344961460176,,,,,,,,57.286642258747506,44.592931950573494,,,,,,,,,,,,,,,38.97387265451132,,,,,,,,,,,,,,,,,,,,,,,,,
T002_W09,T002,9,Step1_Model2_EQA_CH3,Step2_Model1_EQB_CH2,Step3_Model1_EQA_CH1,Step4_Model2_EQC_CH3,Step5_Model2_EQC_CH1,Step6_Model1_EQB_CH3,Step7_Model1_EQB_CH2,Step8_Model3_EQA_CH4,Step9_Model2_EQA_CH2,Step10_Model3_EQA_CH2,Step11_Model1_EQB_CH2,Step12_Model2_EQB_CH4,Step13_Model3_EQC_CH4,Step14_Model1_EQA_CH2,Step15_Model1_EQB_CH2,Step16_Model1_EQC_CH3,Step17_Model3_EQC_CH3,Step18_Model3_EQC_CH1,Step19_Model3_EQC_CH4,Step20_Model3_EQC_CH1,Step21_Model3_EQB_CH1,Step22_Model1_EQA_CH2,Step23_Model2_EQA_CH2,Step24_Model1_EQB_CH1,Step25_Model1_EQC_CH2,Step26_Model2_EQA_CH4,Step27_Model1_EQA_CH1,Step28_Model2_EQC_CH3,Step29_Model3_EQA_CH1,Step30_Model3_EQB_CH3,,32.89637007170967,,53.179395997083276,,,,,,,32.20701197897762,,,,,60.76292088149552,,,,,,,,,,,,66.69351762145692,,,,,,,48.37911638396148,,,,,37.587349751521884,,,,,47.927235758234794,41.47503305671909,,,9,,,,,,,,,,,,,,,
T002_W10,T002,10,Step1_Model2_EQA_CH3,Step2_Model1_EQB_CH1,Step3_Model1_EQA_CH2,Step4_Model2_EQC_CH3,Step5_Model2_EQC_CH1,Step6_Model1_EQB_CH3,Step7_Model1_EQB_CH3,Step8_Model3_EQA_CH2,Step9_Model2_EQA_CH2,Step10_Model3_EQA_CH4,Step11_Model1_EQB_CH2,Step12_Model2_EQB_CH1,Step13_Model3_EQC_CH3,Step14_Model1_EQA_CH1,Step15_Model1_EQB_CH4,Step16_Model1_EQC_CH4,Step17_Model3_EQC_CH3,Step18_Model3_EQC_CH1,Step19_Model3_EQC_CH2,Step20_Model3_EQC_CH4,Step21_Model3_EQB_CH3,Step22_Model1_EQA_CH3,Step23_Model2_EQA_CH3,Step24_Model1_EQB_CH1,Step25_Model1_EQC_CH2,Step26_Model2_EQA_CH3,Step27_Model1_EQA_CH4,Step28_Model2_EQC_CH4,Step29_Model3_EQA_CH4,Step30_Model3_EQB_CH1,,33.80396243523305,,,,,,,,,,41.99164899469831,38.36645641705353,,,60.87687027134112,,,,,,,,,,,,,49.07550868507951,,,,,,,,,,,,,,,32.702137090538244,55.44467321651366,,,,,,,,,,,,10,,,,,,,
T002_W11,T002,11,Step1_Model2_EQA_CH1,Step2_Model1_EQB_CH2,Step3_Model1_EQA_CH3,Step4_Model2_EQC_CH2,Step5_Model2_EQC_CH4,Step6_Model1_EQB_CH1,Step7_Model1_EQB_CH4,Step8_Model3_EQA_CH3,Step9_Model2_EQA_CH2,Step10_Model3_EQA_CH1,Step11_Model1_EQB_CH1,Step12_Model2_EQB_CH1,Step13_Model3_EQC_CH3,Step14_Model1_EQA_CH2,Step15_Model1_EQB_CH1,Step16_Model1_EQC_CH4,Step17_Model3_EQC_CH4,Step18_Model3_EQC_CH4,Step19_Model3_EQC_CH2,Step20_Model3_EQC_CH2,Step21_Model3_EQB_CH3,Step22_Model1_EQA_CH1,Step23_Model2_EQA_CH2,Step24_Model1_EQB_CH4,Step25_Model1_EQC_CH4,Step26_Model2_EQA_CH4,Step27_Model1_EQA_CH4,Step28_Model2_EQC_CH2,Step29_Model3_EQA_CH1,Step30_Model3_EQB_CH2,37.732482226798844,,,,,,,,,51.23736487071891,,,,,,71.56548699188525,,,58.184006671534654,38.030159306830384,,,60.15115584628218,,,,,,,,48.23201581141697,,,,,,,,,,57.11764393934275,65.59908697617955,,33.874369886562555,,34.60016539307561,,,,,,,,,,,,,,,,,,
T002_W12,T002,12,Step1_Model2_EQA_CH4,Step2_Model1_EQB_CH4,Step3_Model1_EQA_CH1,Step4_Model2_EQC_CH1,Step5_Model2_EQC_CH3,Step6_Model1_EQB_CH4,Step7_Model1_EQB_CH1,Step8_Model3_EQA_CH4,Step9_Model2_EQA_CH1,Step10_Model3_EQA_CH3,Step11_Model1_EQB_CH4,Step12_Model2_EQB_CH1,Step13_Model3_EQC_CH1,Step14_Model1_EQA_CH3,Step15_Model1_EQB_CH3,Step16_Model1_EQC_CH2,Step17_Model3_EQC_CH2,Step18_Model3_EQC_CH3,Step19_Model3_EQC_CH2,Step20_Model3_EQC_CH2,Step21_Model3_EQB_CH2,Step22_Model1_EQA_CH4,Step23_Model2_EQA_CH4,Step24_Model1_EQB_CH2,Step25_Model1_EQC_CH4,Step26_Model2_EQA_CH4,Step27_Model1_EQA_CH3,Step28_Model2_EQC_CH2,Step29_Model3_EQA_CH4,Step30_Model3_EQB_CH1,,,,,,,41.24078985846106,,,,,,,,,56.91573349903238,,,,,,,,,,63.98605522990763,,,,,,41.51587833066548,,,,,,,48.67047319109769,,,,,,,,,,,,,,,,,,,,,,,,,
T002_W13,T002,13,Step1_Model2_EQA_CH2,Step2_Model1_EQB_CH3,Step3_Model1_EQA_CH3,Step4_Model2_EQC_CH3,Step5_Model2_EQC_CH3,Step6_Model1_EQB_CH4,Step7_Model1_EQB_CH3,Step8_Model3_EQA_CH3,Step9_Model2_EQA_CH3,Step10_Model3_EQA_CH4,Step11_Model1_EQB_CH1,Step12_Model2_EQB_CH2,Step13_Model3_EQC_CH4,Step14_Model1_EQA_CH4,Step15_Model1_EQB_CH1,Step16_Model1_EQC_CH1,Step17_Model3_EQC_CH1,Step18_Model3_EQC_CH3,Step19_Model3_EQC_CH1,Step20_Model3_EQC_CH3,Step21_Model3_EQB_CH4,Step22_Model1_EQA_CH1,Step23_Model2_EQA_CH4,Step24_Model1_EQB_CH1,Step25_Model1_EQC_CH2,Step26_Model2_EQA_CH1,Step27_Model1_EQA_CH1,Step28_Model2_EQC_CH4,Step29_Model3_EQA_CH3,Step30_Model3_EQB_CH4,,,,,,,,,,,,,,,,,,,,,,,60.37777904381492,,,,46.954254209016696,,,33.918057550245265,,,53.836912778066285,54.477110180603404,,,,,,,,,60.809828227976126,,,,58.425505242232106,52.64253888376757,,,,,,,,,,,,,,,,
T002_W14,T002,14,Step1_Model2_EQA_CH1,Step2_Model1_EQB_CH1,Step3_Model1_EQA_CH4,Step4_Model2_EQC_CH3,Step5_Model2_EQC_CH1,Step6_Model1_EQB_CH1,Step7_Model1_EQB_CH1,Step8_Model3_EQA_CH3,Step9_Model2_EQA_CH2,Step10_Model3_EQA_CH1,Step11_Model1_EQB_CH1,Step12_Model2_EQB_CH2,Step13_Model3_EQC_CH3,Step14_Model1_EQA_CH3,Step15_Model1_EQB_CH1,Step16_Model1_EQC_CH2,Step17_Model3_EQC_CH3,Step18_Model3_EQC_CH1,Step19_Model3_EQC_CH3,Step20_Model3_EQC_CH2,Step21_Model3_EQB_CH2,Step22_Model1_EQA_CH4,Step23_Model2_EQA_CH4,Step24_Model1_EQB_CH3,Step25_Model1_EQC_CH3,Step26_Model2_EQA_CH4,Step27_Model1_EQA_CH3,Step28_Model2_EQC_CH3,Step29_Model3_EQA_CH3,Step30_Model3_EQB_CH2,,,,,,,51.739015366770474,32.727695439136426,63.57042412431086,56.31154952206055,,,,,,,,,61.99279421,,,,,,48.68582863141559,,,,,,,,,,,,,,,,,,,39.62375671715134,,,,,,,,,,,,,,,,,,,,
T002_W15,T002,15,Step1_Model2_EQA_CH1,Step2_Model1_EQB_CH2,Step3_Model1_EQA_CH4,Step4_Model2_EQC_CH4,Step5_Model2_EQC_CH4,Step6_Model1_EQB_CH3,Step7_Model1_EQB_CH3,Step8_Model3_EQA_CH3,Step9_Model2_EQA_CH2,Step10_Model3_EQA_CH4,Step11_Model1_EQB_CH4,Step12_Model2_EQB_CH4,Step13_Model3_EQC_CH3,Step14_Model1_EQA_CH3,Step15_Model1_EQB_CH4,Step16_Model1_EQC_CH4,Step17_Model3_EQC_CH2,Step18_Model3_EQC_CH2,Step19_Model3_EQC_CH3,Step20_Model3_EQC_CH3,Step21_Model3_EQB_CH1,Step22_Model1_EQA_CH3,Step23_Model2_EQA_CH1,Step24_Model1_EQB_CH4,Step25_Model1_EQC_CH3,Step26_Model2_EQA_CH2,Step27_Model1_EQA_CH4,Step28_Model2_EQC_CH2,Step29_Model3_EQA_CH2,Step30_Model3_EQB_CH3,,,,40.019641413583706,,,,,,,,,,,,,,31.828756008294306,,,,,61.66324611498071,,,,47.46998241,,,33.79807049363575,,,,64.11675332326644,52.49145668524818,,,37.77457842895428,,,,,,,,,,,,,,7,,,,,,,,,,,,
T002_W16,T002,16,Step1_Model2_EQA_CH4,Step2_Model1_EQB_CH2,Step3_Model1_EQA_CH3,Step4_Model2_EQC_CH2,Step5_Model2_EQC_CH3,Step6_Model1_EQB_CH3,Step7_Model1_EQB_CH3,Step8_Model3_EQA_CH1,Step9_Model2_EQA_CH1,Step10_Model3_EQA_CH2,Step11_Model1_EQB_CH3,Step12_Model2_EQB_CH3,Step13_Model3_EQC_CH3,Step14_Model1_EQA_CH4,Step15_Model1_EQB_CH3,Step16_Model1_EQC_CH4,Step17_Model3_EQC_CH4,Step18_Model3_EQC_CH4,Step19_Model3_EQC_CH1,Step20_Model3_EQC_CH4,Step21_Model3_EQB_CH1,Step22_Model1_EQA_CH3,Step23_Model2_EQA_CH1,Step24_Model1_EQB_CH2,Step25_Model1_EQC_CH1,Step26_Model2_EQA_CH2,Step27_Model1_EQA_CH3,Step28_Model2_EQC_CH4,Step29_Model3_EQA_CH2,Step30_Model3_EQB_CH3,39.078395532427955,,,,,,,,,,,,,,,,,,,,,,,,,,49.615693679691795,58.203868512780346,,,,,,63.53294788209807,,,51.871131993580285,,,51.690502143776904,,55.37863965613959,,,,,,,14,,,14,,,,,,,,,,,,
T002_W17,T002,17,Step1_Model2_EQA_CH2,Step2_Model1_EQB_CH4,Step3_Model1_EQA_CH4,Step4_Model2_EQC_CH1,Step5_Model2_EQC_CH1,Step6_Model1_EQB_CH3,Step7_Model1_EQB_CH1,Step8_Model3_EQA_CH2,Step9_Model2_EQA_CH4,Step10_Model3_EQA_CH4,Step11_Model1_EQB_CH3,Step12_Model2_EQB_CH1,Step13_Model3_EQC_CH2,Step14_Model1_EQA_CH2,Step15_Model1_EQB_CH1,Step16_Model1_EQC_CH3,Step17_Model3_EQC_CH1,Step18_Model3_EQC_CH2,Step19_Model3_EQC_CH2,Step20_Model3_EQC_CH4,Step21_Model3_EQB_CH3,Step22_Model1_EQA_CH4,Step23_Model2_EQA_CH4,Step24_Model1_EQB_CH2,Step25_Model1_EQC_CH1,Step26_Model2_EQA_CH2,Step27_Model1_EQA_CH4,Step28_Model2_EQC_CH3,Step29_Model3_EQA_CH4,Step30_Model3_EQB_CH3,,,,,,,40.29343145749987,,,58.79198765180913,,,,,,,,,,,,,,,,58.91417277337712,,,,,,,,,,,,37.25347509767585,44.67718617077713,,,,,,,,61.05300856877378,55.66437629142422,,,,,,,,,,,,,,,,
T002_W18,T002,18,Step1_Model2_EQA_CH3,Step2_Model1_EQB_CH3,Step3_Model1_EQA_CH1,Step4_Model2_EQC_CH4,Step5_Model2_EQC_CH4,Step6_Model1_EQB_CH3,Step7_Model1_EQB_CH3,Step8_Model3_EQA_CH4,Step9_Model2_EQA_CH3,Step10_Model3_EQA_CH3,Step11_Model1_EQB_CH4,Step12_Model2_EQB_CH4,Step13_Model3_EQC_CH4,Step14_Model1_EQA_CH4,Step15_Model1_EQB_CH2,Step16_Model1_EQC_CH1,Step17_Model3_EQC_CH1,Step18_Model3_EQC_CH3,Step19_Model3_EQC_CH4,Step20_Model3_EQC_CH3,Step21_Model3_EQB_CH3,Step22_Model1_EQA_CH2,Step23_Model2_EQA_CH2,Step24_Model1_EQB_CH2,Step25_Model1_EQC_CH1,Step26_Model2_EQA_CH4,Step27_Model1_EQA_CH1,Step28_Model2_EQC_CH2,Step29_Model3_EQA_CH4,Step30_Model3_EQB_CH4,,,,,,61.57819652020362,,,,50.378296003886504,,,,,,,,,,,,,63.49568531583126,,,,,,,,,,,65.25824574,,,,,42.44549713467005,,,,,,,,,,,,,,,,,,,,,,,,,
T002_W19,T002,19,Step1_Model2_EQA_CH3,Step2_Model1_EQB_CH1,Step3_Model1_EQA_CH1,Step4_Model2_EQC_CH3,Step5_Model2_EQC_CH4,Step6_Model1_EQB_CH1,Step7_Model1_EQB_CH3,Step8_Model3_EQA_CH2,Step9_Model2_EQA_CH1,Step10_Model3_EQA_CH4,Step11_Model1_EQB_CH4,Step12_Model2_EQB_CH2,Step13_Model3_EQC_CH3,Step14_Model1_EQA_CH2,Step15_Model1_EQB_CH1,Step16_Model1_EQC_CH4,Step17_Model3_EQC_CH4,Step18_Model3_EQC_CH3,Step19_Model3_EQC_CH1,Step20_Model3_EQC_CH3,Step21_Model3_EQB_CH2,Step22_Model1_EQA_CH1,Step23_Model2_EQA_CH3,Step24_Model1_EQB_CH2,Step25_Model1_EQC_CH3,Step26_Model2_EQA_CH2,Step27_Model1_EQA_CH1,Step28_Model2_EQC_CH3,Step29_Model3_EQA_CH1,Step30_Model3_EQB_CH1,,,41.950948489856614,,,58.32177410712694,,,,,,,,,,65.47257032800022,,,,,,,,,,,,,,,,,,,,,,,,,,,,,,,,,,,,,,,,,,10,,,,,,
T002_W20,T002,20,Step1_Model2_EQA_CH2,Step2_Model1_EQB_CH1,Step3_Model1_EQA_CH4,Step4_Model2_EQC_CH1,Step5_Model2_EQC_CH1,Step6_Model1_EQB_CH1,Step7_Model1_EQB_CH3,Step8_Model3_EQA_CH1,Step9_Model2_EQA_CH3,Step10_Model3_EQA_CH1,Step11_Model1_EQB_CH4,Step12_Model2_EQB_CH1,Step13_Model3_EQC_CH3,Step14_Model1_EQA_CH2,Step15_Model1_EQB_CH3,Step16_Model1_EQC_CH4,Step17_Model3_EQC_CH1,Step18_Model3_EQC_CH1,Step19_Model3_EQC_CH3,Step20_Model3_EQC_CH4,Step21_Model3_EQB_CH3,Step22_Model1_EQA_CH1,Step23_Model2_EQA_CH2,Step24_Model1_EQB_CH1,Step25_Model1_EQC_CH4,Step26_Model2_EQA_CH1,Step27_Model1_EQA_CH4,Step28_Model2_EQC_CH3,Step29_Model3_EQA_CH1,Step30_Model3_EQB_CH1,,39.85974750525151,,,,69.13315341,,,,,,,,,,,,,,,,32.16624365971187,59.88504523962653,,,,44.69554411424596,,,,,,,,,,,,,,,52.735821694645935,,,,,,,,,,,,,,,,,,,,,,
T002_W21,T002,21,Step1_Model2_EQA_CH3,Step2_Model1_EQB_CH2,Step3_Model1_EQA_CH4,Step4_Model2_EQC_CH4,Step5_Model2_EQC_CH4,Step6_Model1_EQB_CH2,Step7_Model1_EQB_CH1,Step8_Model3_EQA_CH4,Step9_Model2_EQA_CH3,Step10_Model3_EQA_CH1,Step11_Model1_EQB_CH4,Step12_Model2_EQB_CH2,Step13_Model3_EQC_CH4,Step14_Model1_EQA_CH1,Step15_Model1_EQB_CH1,Step16_Model1_EQC_CH3,Step17_Model3_EQC_CH2,Step18_Model3_EQC_CH2,Step19_Model3_EQC_CH2,Step20_Model3_EQC_CH3,Step21_Model3_EQB_CH2,Step22_Model1_EQA_CH3,Step23_Model2_EQA_CH3,Step24_Model1_EQB_CH2,Step25_Model1_EQC_CH3,Step26_Model2_EQA_CH1,Step27_Model1_EQA_CH1,Step28_Model2_EQC_CH3,Step29_Model3_EQA_CH2,Step30_Model3_EQB_CH2,41.46825420385376,,,54.235821145515516,,59.50794587873695,,,,,,,,,48.08101062670108,,,,,,38.98577897642417,29.714485321021495,,,,,,,,,,,,,,,,,,,,58.89615495198538,,,,,,,,,,,,9,,,,,,,,,,
T002_W22,T002,22,Step1_Model2_EQA_CH3,Step2_Model1_EQB_CH3,Step3_Model1_EQA_CH1,Step4_Model2_EQC_CH4,Step5_Model2_EQC_CH2,Step6_Model1_EQB_CH2,Step7_Model1_EQB_CH3,Step8_Model3_EQA_CH4,Step9_Model2_EQA_CH4,Step10_Model3_EQA_CH3,Step11_Model1_EQB_CH1,Step12_Model2_EQB_CH2,Step13_Model3_EQC_CH2,Step14_Model1_EQA_CH4,Step15_Model1_EQB_CH2,Step16_Model1_EQC_CH4,Step17_Model3_EQC_CH3,Step18_Model3_EQC_CH2,Step19_Model3_EQC_CH3,Step20_Model3_EQC_CH2,Step21_Model3_EQB_CH1,Step22_Model1_EQA_CH2,Step23_Model2_EQA_CH2,Step24_Model1_EQB_CH4,Step25_Model1_EQC_CH1,Step26_Model2_EQA_CH4,Step27_Model1_EQA_CH4,Step28_Model2_EQC_CH2,Step29_Model3_EQA_CH1,Step30_Model3_EQB_CH4,,36.83200681256537,,,,,44.29336885249433,,,,36.69837652,40.75756764020389,,,,52.66140602489557,,,,42.309214098134305,,,,,,,43.855409483324905,,,,44.751463525669735,,,65.92681704720856,,,,,,48.86234042241206,,,,,,,,,,,,,,,,,,,,,,,,
T002_W23,T002,23,Step1_Model2_EQA_CH1,Step2_Model1_EQB_CH4,Step3_Model1_EQA_CH1,Step4_Model2_EQC_CH4,Step5_Model2_EQC_CH1,Step6_Model1_EQB_CH4,Step7_Model1_EQB_CH3,Step8_Model3_EQA_CH3,Step9_Model2_EQA_CH4,Step10_Model3_EQA_CH2,Step11_Model1_EQB_CH1,Step12_Model2_EQB_CH4,Step13_Model3_EQC_CH3,Step14_Model1_EQA_CH2,Step15_Model1_EQB_CH4,Step16_Model1_EQC_CH2,Step17_Model3_EQC_CH2,Step18_Model3_EQC_CH1,Step19_Model3_EQC_CH2,Step20_Model3_EQC_CH3,Step21_Model3_EQB_CH4,Step22_Model1_EQA_CH3,Step23_Model2_EQA_CH4,Step24_Model1_EQB_CH4,Step25_Model1_EQC_CH1,Step26_Model2_EQA_CH3,Step27_Model1_EQA_CH1,Step28_Model2_EQC_CH3,Step29_Model3_EQA_CH4,Step30_Model3_EQB_CH1,47.054339495022454,,,,,,,,,,,,,,,,,,,,,,,,47.837282090671074,63.46291792882002,,,,,,47.68794498622979,,,,,,,,,,,,38.90764973737471,,38.86063525,,,,,,,,,,,,,,,,,,
T002_W24,T002,24,Step1_Model2_EQA_CH3,Step2_Model1_EQB_CH3,Step3_Model1_EQA_CH3,Step4_Model2_EQC_CH4,Step5_Model2_EQC_CH4,Step6_Model1_EQB_CH3,Step7_Model1_EQB_CH1,Step8_Model3_EQA_CH3,Step9_Model2_EQA_CH1,Step10_Model3_EQA_CH1,Step11_Model1_EQB_CH3,Step12_Model2_EQB_CH1,Step13_Model3_EQC_CH1,Step14_Model1_EQA_CH2,Step15_Model1_EQB_CH2,Step16_Model1_EQC_CH1,Step17_Model3_EQC_CH4,Step18_Model3_EQC_CH4,Step19_Model3_EQC_CH2,Step20_Model3_EQC_CH2,Step21_Model3_EQB_CH2,Step22_Model1_EQA_CH2,Step23_Model2_EQA_CH4,Step24_Model1_EQB_CH2,Step25_Model1_EQC_CH2,Step26_Model2_EQA_CH2,Step27_Model1_EQA_CH3,Step28_Model2_EQC_CH3,Step29_Model3_EQA_CH4,Step30_Model3_EQB_CH2,,,,,,,,,,53.87215182810164,,,,58.10831179493018,,,,,59.26117385446215,,44.128477325592904,,,,,,,,,,,,,,,,59.23153278654303,,,,,,,,,38.51349993677433,,,,,,,,,,,,,,,,,,
T002_W25,T002,25,Step1_Model2_EQA_CH1,Step2_Model1_EQB_CH4,Step3_Model1_EQA_CH3,Step4_Model2_EQC_CH3,Step5_Model2_EQC_CH2,Step6_Model1_EQB_CH1,Step7_Model1_EQB_CH4,Step8_Model3_EQA_CH4,Step9_Model2_EQA_CH2,Step10_Model3_EQA_CH1,Step11_Model1_EQB_CH1,Step12_Model2_EQB_CH4,Step13_Model3_EQC_CH3,Step14_Model1_EQA_CH2,Step15_Model1_EQB_CH3,Step16_Model1_EQC_CH1,Step17_Model3_EQC_CH4,Step18_Model3_EQC_CH1,Step19_Model3_EQC_CH3,Step20_Model3_EQC_CH3,Step21_Model3_EQB_CH4,Step22_Model1_EQA_CH1,Step23_Model2_EQA_CH1,Step24_Model1_EQB_CH4,Step25_Model1_EQC_CH2,Step26_Model2_EQA_CH1,Step27_Model1_EQA_CH2,Step28_Model2_EQC_CH2,Step29_Model3_EQA_CH2,Step30_Model3_EQB_CH1,,,,,,,,,,,35.38450014325571,,,,41.212179450075446,,,,,,,32.87407613,60.721493939992136,,47.99815036395975,,51.74643124849794,,46.86691445519607,,,36.581415784500976,,,,,,,50.04747652368268,,,,,,,,,,,,,,,,,,,,,,,,,
T003_W01,T003,1,Step1_Model2_EQC_CH1,Step2_Model1_EQC_CH3,Step3_Model3_EQB_CH1,Step4_Model2_EQB_CH3,Step5_Model1_EQB_CH4,Step6_Model3_EQA_CH3,Step7_Model2_EQB_CH1,Step8_Model1_EQB_CH1,Step9_Model1_EQB_CH2,Step10_Model1_EQB_CH2,Step11_Model3_EQC_CH1,Step12_Model3_EQA_CH3,Step13_Model3_EQA_CH3,Step14_Model1_EQC_CH1,Step15_Model1_EQC_CH4,Step16_Model2_EQB_CH3,Step17_Model3_EQB_CH3,Step18_Model3_EQA_CH1,Step19_Model1_EQA_CH3,Step20_Model1_EQB_CH4,Step21_Model3_EQC_CH1,Step22_Model1_EQC_CH4,Step23_Model2_EQB_CH1,Step24_Model2_EQA_CH4,Step25_Model2_EQB_CH2,Step26_Model3_EQC_CH3,Step27_Model3_EQB_CH4,Step28_Model1_EQB_CH1,Step29_Model3_EQB_CH1,Step30_Model2_EQA_CH3,,32.81186895526671,,,67.08838131,70.20509943148902,,,,52.060201139979846,30.699907521712234,38.40473921927125,,,,,,,,,,36.46707767058049,,,,59.072629989665174,,,,,,44.31770529240482,,,,,,,,,,,,,,,61.14517442101524,,,,,,,,,,,,,,,,,
T003_W02,T003,2,Step1_Model2_EQC_CH1,Step2_Model1_EQC_CH1,Step3_Model3_EQB_CH3,Step4_Model2_EQB_CH2,Step5_Model1_EQB_CH2,Step6_Model3_EQA_CH1,Step7_Model2_EQB_CH2,Step8_Model1_EQB_CH3,Step9_Model1_EQB_CH3,Step10_Model1_EQB_CH3,Step11_Model3_EQC_CH3,Step12_Model3_EQA_CH4,Step13_Model3_EQA_CH3,Step14_Model1_EQC_CH2,Step15_Model1_EQC_CH1,Step16_Model2_EQB_CH2,Step17_Model3_EQB_CH1,Step18_Model3_EQA_CH3,Step19_Model1_EQA_CH3,Step20_Model1_EQB_CH2,Step21_Model3_EQC_CH2,Step22_Model1_EQC_CH4,Step23_Model2_EQB_CH4,Step24_Model2_EQA_CH4,Step25_Model2_EQB_CH4,Step26_Model3_EQC_CH2,Step27_Model3_EQB_CH4,Step28_Model1_EQB_CH3,Step29_Model3_EQB_CH1,Step30_Model2_EQA_CH2,,,,,63.05969345058917,,41.61068178,,,,,,,,,59.383623012781825,,,,,,,,,,58.41543767893478,49.300143609762735,,42.56977370708466,36.02701678033862,37.89389830884788,,,,52.81836294805476,,55.29927379,,,,,,,35.79663363953946,,,,38.10689365950282,,,,,,,,,,,,,,,,
T003_W03,T003,3,Step1_Model2_EQC_CH3,Step2_Model1_EQC_CH2,Step3_Model3_EQB_CH4,Step4_Model2_EQB_CH1,Step5_Model1_EQB_CH3,Step6_Model3_EQA_CH3,Step7_Model2_EQB_CH2,Step8_Model1_EQB_CH2,Step9_Model1_EQB_CH2,Step10_Model1_EQB_CH4,Step11_Model3_EQC_CH3,Step12_Model3_EQA_CH3,Step13_Model3_EQA_CH2,Step14_Model1_EQC_CH2,Step15_Model1_EQC_CH3,Step16_Model2_EQB_CH1,Step17_Model3_EQB_CH4,Step18_Model3_EQA_CH3,Step19_Model1_EQA_CH2,Step20_Model1_EQB_CH4,Step21_Model3_EQC_CH4,Step22_Model1_EQC_CH4,Step23_Model2_EQB_CH4,Step24_Model2_EQA_CH1,Step25_Model2_EQB_CH1,Step26_Model3_EQC_CH1,Step27_Model3_EQB_CH4,Step28_Model1_EQB_CH4,Step29_Model3_EQB_CH4,Step30_Model2_EQA_CH3,,,,,,,,,,51.926971659895464,,,,,41.776082426239675,,,36.81050137760421,,,39.61246141506877,36.98176621874733,,,43.73498628706721,,,,,,,,,,,,,,,,,,,31.161236104372346,49.82627915279816,,,,,,,,12,,13,,,,,,,,,
T003_W04,T003,4,Step1_Model2_EQC_CH2,Step2_Model1_EQC_CH1,Step3_Model3_EQB_CH1,Step4_Model2_EQB_CH1,Step5_Model1_EQB_CH4,Step6_Model3_EQA_CH2,Step7_Model2_EQB_CH2,Step8_Model1_EQB_CH3,Step9_Model1_EQB_CH3,Step10_Model1_EQB_CH1,Step11_Model3_EQC_CH3,Step12_Model3_EQA_CH4,Step13_Model3_EQA_CH3,Step14_Model1_EQC_CH2,Step15_Model1_EQC_CH3,Step16_Model2_EQB_CH1,Step17_Model3_EQB_CH3,Step18_Model3_EQA_CH1,Step19_Model1_EQA_CH4,Step20_Model1_EQB_CH2,Step21_Model3_EQC_CH2,Step22_Model1_EQC_CH2,Step23_Model2_EQB_CH4,Step24_Model2_EQA_CH1,Step25_Model2_EQB_CH4,Step26_Model3_EQC_CH4,Step27_Model3_EQB_CH2,Step28_Model1_EQB_CH4,Step29_Model3_EQB_CH4,Step30_Model2_EQA_CH4,,,,,,,,,,,,,,,30.942984263290757,,53.14573497,,,,,34.364959735531414,54.68782311696161,,,,,,,,45.57150249907859,,,,,,,,,,,,,,,,,,,,,,,,,,,,,,,,,
T003_W05,T003,5,Step1_Model2_EQC_CH3,Step2_Model1_EQC_CH3,Step3_Model3_EQB_CH1,Step4_Model2_EQB_CH3,Step5_Model1_EQB_CH3,Step6_Model3_EQA_CH4,Step7_Model2_EQB_CH3,Step8_Model1_EQB_CH3,Step9_Model1_EQB_CH1,Step10_Model1_EQB_CH2,Step11_Model3_EQC_CH3,Step12_Model3_EQA_CH3,Step13_Model3_EQA_CH2,Step14_Model1_EQC_CH1,Step15_Model1_EQC_CH3,Step16_Model2_EQB_CH1,Step17_Model3_EQB_CH3,Step18_Model3_EQA_CH3,Step19_Model1_EQA_CH3,Step20_Model1_EQB_CH3,Step21_Model3_EQC_CH2,Step22_Model1_EQC_CH2,Step23_Model2_EQB_CH3,Step24_Model2_EQA_CH1,Step25_Model2_EQB_CH1,Step26_Model3_EQC_CH1,Step27_Model3_EQB_CH4,Step28_Model1_EQB_CH3,Step29_Model3_EQB_CH4,Step30_Model2_EQA_CH4,,,,,,,,,,,,,,,,,,,,,,,,,,,,63.848030035303225,,34.19640595,,,,,,,,,,,,,,,,,,,,,,,,14,,,,,,,,,,
T003_W06,T003,6,Step1_Model2_EQC_CH1,Step2_Model1_EQC_CH1,Step3_Model3_EQB_CH3,Step4_Model2_EQB_CH3,Step5_Model1_EQB_CH3,Step6_Model3_EQA_CH2,Step7_Model2_EQB_CH1,Step8_Model1_EQB_CH1,Step9_Model1_EQB_CH3,Step10_Model1_EQB_CH1,Step11_Model3_EQC_CH4,Step12_Model3_EQA_CH4,Step13_Model3_EQA_CH1,Step14_Model1_EQC_CH4,Step15_Model1_EQC_CH4,Step16_Model2_EQB_CH4,Step17_Model3_EQB_CH2,Step18_Model3_EQA_CH4,Step19_Model1_EQA_CH4,Step20_Model1_EQB_CH3,Step21_Model3_EQC_CH4,Step22_Model1_EQC_CH4,Step23_Model2_EQB_CH1,Step24_Model2_EQA_CH2,Step25_Model2_EQB_CH1,Step26_Model3_EQC_CH3,Step27_Model3_EQB_CH4,Step28_Model1_EQB_CH1,Step29_Model3_EQB_CH3,Step30_Model2_EQA_CH1,,,,50.276125071966725,,,,,,,34.09930001767472,,43.16925429942637,,,,,,60.796821936711325,,32.23135406665151,,,,,,,60.917958694783266,,,,,,,,,,48.77003426797476,,,,,,27.556834088620462,,,,,13,,,,,,,,,,,,,,,
T003_W07,T003,7,Step1_Model2_EQC_CH3,Step2_Model1_EQC_CH4,Step3_Model3_EQB_CH1,Step4_Model2_EQB_CH1,Step5_Model1_EQB_CH3,Step6_Model3_EQA_CH4,Step7_Model2_EQB_CH3,Step8_Model1_EQB_CH1,Step9_Model1_EQB_CH4,Step10_Model1_EQB_CH2,Step11_Model3_EQC_CH2,Step12_Model3_EQA_CH1,Step13_Model3_EQA_CH3,Step14_Model1_EQC_CH1,Step15_Model1_EQC_CH1,Step16_Model2_EQB_CH1,Step17_Model3_EQB_CH1,Step18_Model3_EQA_CH4,Step19_Model1_EQA_CH1,Step20_Model1_EQB_CH2,Step21_Model3_EQC_CH2,Step22_Model1_EQC_CH3,Step23_Model2_EQB_CH3,Step24_Model2_EQA_CH1,Step25_Model2_EQB_CH4,Step26_Model3_EQC_CH4,Step27_Model3_EQB_CH3,Step28_Model1_EQB_CH4,Step29_Model3_EQB_CH2,Step30_Model2_EQA_CH1,,,,,58.64415414256008,,,,55.737951076865976,,,,,,,,,,52.83905494622678,,34.033415778201245,,,45.741193064783104,,,49.905901356698024,,,,45.206257416060595,,,75.42323973778909,,,,,,,,,,,49.807805561093176,,,,,9,,,10,,,,,,,,,,,
T003_W08,T003,8,Step1_Model2_EQC_CH1,Step2_Model1_EQC_CH3,Step3_Model3_EQB_CH1,Step4_Model2_EQB_CH3,Step5_Model1_EQB_CH1,Step6_Model3_EQA_CH3,Step7_Model2_EQB_CH2,Step8_Model1_EQB_CH4,Step9_Model1_EQB_CH3,Step10_Model1_EQB_CH2,Step11_Model3_EQC_CH2,Step12_Model3_EQA_CH4,Step13_Model3_EQA_CH2,Step14_Model1_EQC_CH3,Step15_Model1_EQC_CH2,Step16_Model2_EQB_CH3,Step17_Model3_EQB_CH2,Step18_Model3_EQA_CH4,Step19_Model1_EQA_CH2,Step20_Model1_EQB_CH2,Step21_Model3_EQC_CH3,Step22_Model1_EQC_CH4,Step23_Model2_EQB_CH4,Step24_Model2_EQA_CH1,Step25_Model2_EQB_CH4,Step26_Model3_EQC_CH2,Step27_Model3_EQB_CH4,Step28_Model1_EQB_CH2,Step29_Model3_EQB_CH2,Step30_Model2_EQA_CH3,,,,,,,,,,,,,,,,,,,,,,,,,,,,,,,,,,52.26410153796395,,,,,40.017954237856806,,,,,,,34.192738017835396,,,,,10,,,,,,,11,,,,,,
T003_W09,T003,9,Step1_Model2_EQC_CH1,Step2_Model1_EQC_CH4,Step3_Model3_EQB_CH4,Step4_Model2_EQB_CH3,Step5_Model1_EQB_CH2,Step6_Model3_EQA_CH1,Step7_Model2_EQB_CH3,Step8_Model1_EQB_CH4,Step9_Model1_EQB_CH4,Step10_Model1_EQB_CH1,Step11_Model3_EQC_CH4,Step12_Model3_EQA_CH1,Step13_Model3_EQA_CH2,Step14_Model1_EQC_CH4,Step15_Model1_EQC_CH4,Step16_Model2_EQB_CH3,Step17_Model3_EQB_CH4,Step18_Model3_EQA_CH4,Step19_Model1_EQA_CH4,Step20_Model1_EQB_CH2,Step21_Model3_EQC_CH3,Step22_Model1_EQC_CH4,Step23_Model2_EQB_CH1,Step24_Model2_EQA_CH4,Step25_Model2_EQB_CH4,Step26_Model3_EQC_CH2,Step27_Model3_EQB_CH3,Step28_Model1_EQB_CH3,Step29_Model3_EQB_CH1,Step30_Model2_EQA_CH4,,,,47.30827904,60.35945688879368,,,,,64.64223078,,,,,,,47.668642639311386,,62.597980517550525,,45.851957952047776,,62.007018531742744,44.461141356075046,43.42448833,51.76709410958787,,,,,,,,,,,,44.50621343146099,40.60729091197711,,,,,,,,65.96451060190236,,,,,,,,,9,11,,,,,,,
T003_W10,T003,10,Step1_Model2_EQC_CH2,Step2_Model1_EQC_CH4,Step3_Model3_EQB_CH4,Step4_Model2_EQB_CH3,Step5_Model1_EQB_CH3,Step6_Model3_EQA_CH2,Step7_Model2_EQB_CH2,Step8_Model1_EQB_CH3,Step9_Model1_EQB_CH3,Step10_Model1_EQB_CH3,Step11_Model3_EQC_CH4,Step12_Model3_EQA_CH3,Step13_Model3_EQA_CH3,Step14_Model1_EQC_CH2,Step15_Model1_EQC_CH1,Step16_Model2_EQB_CH4,Step17_Model3_EQB_CH4,Step18_Model3_EQA_CH1,Step19_Model1_EQA_CH3,Step20_Model1_EQB_CH2,Step21_Model3_EQC_CH3,Step22_Model1_EQC_CH4,Step23_Model2_EQB_CH2,Step24_Model2_EQA_CH1,Step25_Model2_EQB_CH1,Step26_Model3_EQC_CH4,Step27_Model3_EQB_CH4,Step28_Model1_EQB_CH2,Step29_Model3_EQB_CH4,Step30_Model2_EQA_CH1,,,,,,60.57874023064615,,,,,,,,,,,38.08166162798817,,,,,,,,,,,,,,,,,,54.50702194842411,,,,,,,56.90295725,56.39747340033488,,,,,,,,,,,,,,,,,,,,,
T003_W11,T003,11,Step1_Model2_EQC_CH1,Step2_Model1_EQC_CH4,Step3_Model3_EQB_CH4,Step4_Model2_EQB_CH1,Step5_Model1_EQB_CH3,Step6_Model3_EQA_CH1,Step7_Model2_EQB_CH1,Step8_Model1_EQB_CH2,Step9_Model1_EQB_CH4,Step10_Model1_EQB_CH1,Step11_Model3_EQC_CH1,Step12_Model3_EQA_CH3,Step13_Model3_EQA_CH3,Step14_Model1_EQC_CH2,Step15_Model1_EQC_CH2,Step16_Model2_EQB_CH2,Step17_Model3_EQB_CH2,Step18_Model3_EQA_CH3,Step19_Model1_EQA_CH3,Step20_Model1_EQB_CH2,Step21_Model3_EQC_CH4,Step22_Model1_EQC_CH4,Step23_Model2_EQB_CH1,Step24_Model2_EQA_CH1,Step25_Model2_EQB_CH2,Step26_Model3_EQC_CH1,Step27_Model3_EQB_CH3,Step28_Model1_EQB_CH3,Step29_Model3_EQB_CH3,Step30_Model2_EQA_CH3,,,,,,,,,,55.07979936164528,,46.632324150152066,,,,,,,,,,,,,,57.73777330222717,,,,,,,,,,,,,,,,,,,,34.02114809545193,,,,,,,,,12,,,,,,,,,
T003_W12,T003,12,Step1_Model2_EQC_CH2,Step2_Model1_EQC_CH1,Step3_Model3_EQB_CH1,Step4_Model2_EQB_CH4,Step5_Model1_EQB_CH3,Step6_Model3_EQA_CH3,Step7_Model2_EQB_CH2,Step8_Model1_EQB_CH1,Step9_Model1_EQB_CH2,Step10_Model1_EQB_CH4,Step11_Model3_EQC_CH4,Step12_Model3_EQA_CH2,Step13_Model3_EQA_CH4,Step14_Model1_EQC_CH4,Step15_Model1_EQC_CH2,Step16_Model2_EQB_CH4,Step17_Model3_EQB_CH1,Step18_Model3_EQA_CH3,Step19_Model1_EQA_CH2,Step20_Model1_EQB_CH3,Step21_Model3_EQC_CH4,Step22_Model1_EQC_CH3,Step23_Model2_EQB_CH3,Step24_Model2_EQA_CH4,Step25_Model2_EQB_CH2,Step26_Model3_EQC_CH4,Step27_Model3_EQB_CH4,Step28_Model1_EQB_CH1,Step29_Model3_EQB_CH2,Step30_Model2_EQA_CH1,,,,,,,,,,,34.90121164801875,45.46402170397466,,,,63.96810673260042,,,,,,,,,,,,,,,,43.63811979,,56.71027157618591,,,,,46.74934254181367,,,,,,,,,,,,,,,,,,,,,,,,,
T003_W13,T003,13,Step1_Model2_EQC_CH1,Step2_Model1_EQC_CH2,Step3_Model3_EQB_CH1,Step4_Model2_EQB_CH3,Step5_Model1_EQB_CH1,Step6_Model3_EQA_CH1,Step7_Model2_EQB_CH2,Step8_Model1_EQB_CH4,Step9_Model1_EQB_CH1,Step10_Model1_EQB_CH4,Step11_Model3_EQC_CH1,Step12_Model3_EQA_CH2,Step13_Model3_EQA_CH3,Step14_Model1_EQC_CH2,Step15_Model1_EQC_CH1,Step16_Model2_EQB_CH3,Step17_Model3_EQB_CH4,Step18_Model3_EQA_CH4,Step19_Model1_EQA_CH3,Step20_Model1_EQB_CH1,Step21_Model3_EQC_CH1,Step22_Model1_EQC_CH4,Step23_Model2_EQB_CH4,Step24_Model2_EQA_CH4,Step25_Model2_EQB_CH2,Step26_Model3_EQC_CH2,Step27_Model3_EQB_CH4,Step28_Model1_EQB_CH4,Step29_Model3_EQB_CH1,Step30_Model2_EQA_CH3,,37.45358573577379,,,,,,35.4811987,,,,,,,,,56.84517578700813,,,,,,,45.21476166,,,,,39.585660958780345,,,,,,,,,,,,51.17540569887014,,,,,,,,,,,,,,,,,,,,,,,
T003_W14,T003,14,Step1_Model2_EQC_CH2,Step2_Model1_EQC_CH3,Step3_Model3_EQB_CH1,Step4_Model2_EQB_CH4,Step5_Model1_EQB_CH4,Step6_Model3_EQA_CH1,Step7_Model2_EQB_CH4,Step8_Model1_EQB_CH4,Step9_Model1_EQB_CH3,Step10_Model1_EQB_CH4,Step11_Model3_EQC_CH4,Step12_Model3_EQA_CH3,Step13_Model3_EQA_CH1,Step14_Model1_EQC_CH3,Step15_Model1_EQC_CH3,Step16_Model2_EQB_CH1,Step17_Model3_EQB_CH2,Step18_Model3_EQA_CH1,Step19_Model1_EQA_CH2,Step20_Model1_EQB_CH2,Step21_Model3_EQC_CH2,Step22_Model1_EQC_CH4,Step23_Model2_EQB_CH2,Step24_Model2_EQA_CH1,Step25_Model2_EQB_CH2,Step26_Model3_EQC_CH1,Step27_Model3_EQB_CH4,Step28_Model1_EQB_CH2,Step29_Model3_EQB_CH4,Step30_Model2_EQA_CH1,,38.541308571445285,,,,54.139964209280514,,,,,,,,,,,,,,,,,,,,,,,,,,,,,,,,,,,,60.78735925291925,,,,,,,,,,,,,,,,,,,,,,
T003_W15,T003,15,Step1_Model2_EQC_CH1,Step2_Model1_EQC_CH1,Step3_Model3_EQB_CH3,Step4_Model2_EQB_CH4,Step5_Model1_EQB_CH2,Step6_Model3_EQA_CH3,Step7_Model2_EQB_CH3,Step8_Model1_EQB_CH4,Step9_Model1_EQB_CH4,Step10_Model1_EQB_CH1,Step11_Model3_EQC_CH1,Step12_Model3_EQA_CH2,Step13_Model3_EQA_CH3,Step14_Model1_EQC_CH3,Step15_Model1_EQC_CH1,Step16_Model2_EQB_CH1,Step17_Model3_EQB_CH1,Step18_Model3_EQA_CH1,Step19_Model1_EQA_CH3,Step20_Model1_EQB_CH2,Step21_Model3_EQC_CH2,Step22_Model1_EQC_CH4,Step23_Model2_EQB_CH4,Step24_Model2_EQA_CH2,Step25_Model2_EQB_CH3,Step26_Model3_EQC_CH4,Step27_Model3_EQB_CH1,Step28_Model1_EQB_CH3,Step29_Model3_EQB_CH3,Step30_Model2_EQA_CH2,,,,36.44911283579579,63.478380345276854,,,,,57.54064818617953,,,,,43.472591979821765,,,,,,,,,,,,,60.08081372792968,,,34.96484599144067,,,,,,,38.21272365187765,,,,,,,,,,53.50901785441333,,,,,,,,,11,,,,,,,
T003_W16,T003,16,Step1_Model2_EQC_CH4,Step2_Model1_EQC_CH3,Step3_Model3_EQB_CH4,Step4_Model2_EQB_CH4,Step5_Model1_EQB_CH1,Step6_Model3_EQA_CH4,Step7_Model2_EQB_CH1,Step8_Model1_EQB_CH4,Step9_Model1_EQB_CH4,Step10_Model1_EQB_CH2,Step11_Model3_EQC_CH4,Step12_Model3_EQA_CH3,Step13_Model3_EQA_CH3,Step14_Model1_EQC_CH2,Step15_Model1_EQC_CH2,Step16_Model2_EQB_CH1,Step17_Model3_EQB_CH2,Step18_Model3_EQA_CH3,Step19_Model1_EQA_CH3,Step20_Model1_EQB_CH1,Step21_Model3_EQC_CH4,Step22_Model1_EQC_CH4,Step23_Model2_EQB_CH1,Step24_Model2_EQA_CH2,Step25_Model2_EQB_CH1,Step26_Model3_EQC_CH2,Step27_Model3_EQB_CH4,Step28_Model1_EQB_CH4,Step29_Model3_EQB_CH2,Step30_Model2_EQA_CH2,,,,56.65362911318104,,68.33956037048873,43.744193885547084,40.95972583,,63.47775949917593,,,46.28654286853492,61.087328083307526,,,,,63.557470689257315,,,,,,,,,,,35.548705793523965,,,,,,,,,,,,,,,,,,,,,,,14,,,,,,,,,,,
T003_W17,T003,17,Step1_Model2_EQC_CH3,Step2_Model1_EQC_CH2,Step3_Model3_EQB_CH3,Step4_Model2_EQB_CH4,Step5_Model1_EQB_CH4,Step6_Model3_EQA_CH2,Step7_Model2_EQB_CH1,Step8_Model1_EQB_CH2,Step9_Model1_EQB_CH3,Step10_Model1_EQB_CH2,Step11_Model3_EQC_CH4,Step12_Model3_EQA_CH1,Step13_Model3_EQA_CH3,Step14_Model1_EQC_CH3,Step15_Model1_EQC_CH4,Step16_Model2_EQB_CH2,Step17_Model3_EQB_CH4,Step18_Model3_EQA_CH4,Step19_Model1_EQA_CH4,Step20_Model1_EQB_CH2,Step21_Model3_EQC_CH1,Step22_Model1_EQC_CH1,Step23_Model2_EQB_CH1,Step24_Model2_EQA_CH1,Step25_Model2_EQB_CH4,Step26_Model3_EQC_CH2,Step27_Model3_EQB_CH1,Step28_Model1_EQB_CH2,Step29_Model3_EQB_CH3,Step30_Model2_EQA_CH1,,,,,,,,32.89635406661343,,,,,,,,59.274755552784754,,,,,,,,,,59.22695113527705,,,,,,,,,,,55.14857125520359,,,,,,,,,,62.87057630038489,,,16,,,,,,,,,,,,,,
T003_W18,T003,18,Step1_Model2_EQC_CH2,Step2_Model1_EQC_CH2,Step3_Model3_EQB_CH2,Step4_Model2_EQB_CH4,Step5_Model1_EQB_CH4,Step6_Model3_EQA_CH2,Step7_Model2_EQB_CH3,Step8_Model1_EQB_CH2,Step9_Model1_EQB_CH4,Step10_Model1_EQB_CH2,Step11_Model3_EQC_CH1,Step12_Model3_EQA_CH3,Step13_Model3_EQA_CH4,Step14_Model1_EQC_CH2,Step15_Model1_EQC_CH4,Step16_Model2_EQB_CH2,Step17_Model3_EQB_CH2,Step18_Model3_EQA_CH3,Step19_Model1_EQA_CH4,Step20_Model1_EQB_CH4,Step21_Model3_EQC_CH4,Step22_Model1_EQC_CH3,Step23_Model2_EQB_CH3,Step24_Model2_EQA_CH4,Step25_Model2_EQB_CH2,Step26_Model3_EQC_CH3,Step27_Model3_EQB_CH2,Step28_Model1_EQB_CH3,Step29_Model3_EQB_CH3,Step30_Model2_EQA_CH1,37.98167285,,,48.46961990129999,,,,,,,,,,,,62.575800225124375,,34.41720699850972,,45.94894694324785,,,,,48.25024626057983,,,,,,,,,69.06944487712323,,,,,,47.36863374717731,52.52605158775505,,,38.45078152239372,,,,,,,,10,,,,,,,,,,,,
T003_W19,T003,19,Step1_Model2_EQC_CH2,Step2_Model1_EQC_CH2,Step3_Model3_EQB_CH2,Step4_Model2_EQB_CH4,Step5_Model1_EQB_CH2,Step6_Model3_EQA_CH2,Step7_Model2_EQB_CH2,Step8_Model1_EQB_CH2,Step9_Model1_EQB_CH4,Step10_Model1_EQB_CH1,Step11_Model3_EQC_CH1,Step12_Model3_EQA_CH3,Step13_Model3_EQA_CH2,Step14_Model1_EQC_CH4,Step15_Model1_EQC_CH1,Step16_Model2_EQB_CH1,Step17_Model3_EQB_CH4,Step18_Model3_EQA_CH3,Step19_Model1_EQA_CH1,Step20_Model1_EQB_CH4,Step21_Model3_EQC_CH2,Step22_Model1_EQC_CH1,Step23_Model2_EQB_CH4,Step24_Model2_EQA_CH2,Step25_Model2_EQB_CH3,Step26_Model3_EQC_CH2,Step27_Model3_EQB_CH2,Step28_Model1_EQB_CH3,Step29_Model3_EQB_CH1,Step30_Model2_EQA_CH3,,,,,,,,,,,,,,,49.344598812400235,,,,,,,,,,,,,,,,45.03040188439335,47.05473110686681,63.86161399956173,,,,,,,37.972463794797385,,,,,,,,45.85663315,,,,,,,,9,,14,,,,,,
T003_W20,T003,20,Step1_Model2_EQC_CH1,Step2_Model1_EQC_CH3,Step3_Model3_EQB_CH2,Step4_Model2_EQB_CH1,Step5_Model1_EQB_CH4,Step6_Model3_EQA_CH2,Step7_Model2_EQB_CH1,Step8_Model1_EQB_CH3,Step9_Model1_EQB_CH4,Step10_Model1_EQB_CH2,Step11_Model3_EQC_CH1,Step12_Model3_EQA_CH4,Step13_Model3_EQA_CH4,Step14_Model1_EQC_CH3,Step15_Model1_EQC_CH3,Step16_Model2_EQB_CH4,Step17_Model3_EQB_CH1,Step18_Model3_EQA_CH1,Step19_Model1_EQA_CH4,Step20_Model1_EQB_CH1,Step21_Model3_EQC_CH1,Step22_Model1_EQC_CH1,Step23_Model2_EQB_CH1,Step24_Model2_EQA_CH2,Step25_Model2_EQB_CH1,Step26_Model3_EQC_CH1,Step27_Model3_EQB_CH2,Step28_Model1_EQB_CH4,Step29_Model3_EQB_CH4,Step30_Model2_EQA_CH2,,,30.49825880432464,,,,,,79.10138908889499,,,,,,,72.41388975471953,,36.832609952333755,,,,,,,,,,,,,,,64.46306581010582,,,,,,,,,,,41.96398953178462,,,,,,,,,,,,,,,,,,,,
T003_W21,T003,21,Step1_Model2_EQC_CH3,Step2_Model1_EQC_CH2,Step3_Model3_EQB_CH4,Step4_Model2_EQB_CH2,Step5_Model1_EQB_CH4,Step6_Model3_EQA_CH3,Step7_Model2_EQB_CH4,Step8_Model1_EQB_CH4,Step9_Model1_EQB_CH4,Step10_Model1_EQB_CH3,Step11_Model3_EQC_CH4,Step12_Model3_EQA_CH2,Step13_Model3_EQA_CH3,Step14_Model1_EQC_CH4,Step15_Model1_EQC_CH4,Step16_Model2_EQB_CH4,Step17_Model3_EQB_CH3,Step18_Model3_EQA_CH2,Step19_Model1_EQA_CH1,Step20_Model1_EQB_CH1,Step21_Model3_EQC_CH3,Step22_Model1_EQC_CH1,Step23_Model2_EQB_CH2,Step24_Model2_EQA_CH4,Step25_Model2_EQB_CH2,Step26_Model3_EQC_CH3,Step27_Model3_EQB_CH4,Step28_Model1_EQB_CH4,Step29_Model3_EQB_CH3,Step30_Model2_EQA_CH4,,,,,,,48.88383111581731,,48.09492171369273,,,,,,,,,,,30.23154906712201,,,70.59793654359615,,,,,,,,,,,66.63252177268875,,,,,,,,,,,,,,,,,,,,,,,,,,,,,,
T003_W22,T003,22,Step1_Model2_EQC_CH1,Step2_Model1_EQC_CH3,Step3_Model3_EQB_CH4,Step4_Model2_EQB_CH3,Step5_Model1_EQB_CH2,Step6_Model3_EQA_CH4,Step7_Model2_EQB_CH1,Step8_Model1_EQB_CH3,Step9_Model1_EQB_CH4,Step10_Model1_EQB_CH1,Step11_Model3_EQC_CH3,Step12_Model3_EQA_CH3,Step13_Model3_EQA_CH4,Step14_Model1_EQC_CH4,Step15_Model1_EQC_CH2,Step16_Model2_EQB_CH3,Step17_Model3_EQB_CH2,Step18_Model3_EQA_CH4,Step19_Model1_EQA_CH3,Step20_Model1_EQB_CH4,Step21_Model3_EQC_CH4,Step22_Model1_EQC_CH3,Step23_Model2_EQB_CH4,Step24_Model2_EQA_CH3,Step25_Model2_EQB_CH3,Step26_Model3_EQC_CH3,Step27_Model3_EQB_CH4,Step28_Model1_EQB_CH4,Step29_Model3_EQB_CH4,Step30_Model2_EQA_CH3,,,,,,,,,,,,,41.27113824680453,,,56.98094553182789,,,,,36.541070837387736,,,44.19408496342158,,,,,45.72371706576615,,,,,,,,53.136289560303055,,,,,65.76704134910078,,,,,,,,,,,11,,14,14,,,,,,,,
T003_W23,T003,23,Step1_Model2_EQC_CH1,Step2_Model1_EQC_CH2,Step3_Model3_EQB_CH2,Step4_Model2_EQB_CH3,Step5_Model1_EQB_CH3,Step6_Model3_EQA_CH4,Step7_Model2_EQB_CH3,Step8_Model1_EQB_CH2,Step9_Model1_EQB_CH2,Step10_Model1_EQB_CH1,Step11_Model3_EQC_CH1,Step12_Model3_EQA_CH4,Step13_Model3_EQA_CH4,Step14_Model1_EQC_CH1,Step15_Model1_EQC_CH4,Step16_Model2_EQB_CH2,Step17_Model3_EQB_CH1,Step18_Model3_EQA_CH4,Step19_Model1_EQA_CH1,Step20_Model1_EQB_CH2,Step21_Model3_EQC_CH3,Step22_Model1_EQC_CH3,Step23_Model2_EQB_CH2,Step24_Model2_EQA_CH4,Step25_Model2_EQB_CH4,Step26_Model3_EQC_CH4,Step27_Model3_EQB_CH1,Step28_Model1_EQB_CH3,Step29_Model3_EQB_CH1,Step30_Model2_EQA_CH1,,,,,,,,,,,,,,,,,,,,,42.29061802434758,,,,,,,57.46522470747727,,,,,,,46.36849712286734,,,,37.77546604929141,,,,,,,,,,,,,,,,,,,,,,,,,
T003_W24,T003,24,Step1_Model2_EQC_CH1,Step2_Model1_EQC_CH2,Step3_Model3_EQB_CH4,Step4_Model2_EQB_CH4,Step5_Model1_EQB_CH1,Step6_Model3_EQA_CH3,Step7_Model2_EQB_CH3,Step8_Model1_EQB_CH1,Step9_Model1_EQB_CH1,Step10_Model1_EQB_CH2,Step11_Model3_EQC_CH2,Step12_Model3_EQA_CH3,Step13_Model3_EQA_CH1,Step14_Model1_EQC_CH1,Step15_Model1_EQC_CH3,Step16_Model2_EQB_CH3,Step17_Model3_EQB_CH3,Step18_Model3_EQA_CH2,Step19_Model1_EQA_CH1,Step20_Model1_EQB_CH2,Step21_Model3_EQC_CH4,Step22_Model1_EQC_CH3,Step23_Model2_EQB_CH1,Step24_Model2_EQA_CH3,Step25_Model2_EQB_CH3,Step26_Model3_EQC_CH2,Step27_Model3_EQB_CH2,Step28_Model1_EQB_CH1,Step29_Model3_EQB_CH3,Step30_Model2_EQA_CH3,,33.55659478072854,,,,,,,,,,,,,,,,,,,,,,51.078562147687066,,,,,,46.53278396869235,,,,67.62154121444851,,,,,,42.08877439197431,,,,37.239035710232585,,38.754078805129836,,,,,,,,,,,,,,,,,,
T003_W25,T003,25,Step1_Model2_EQC_CH2,Step2_Model1_EQC_CH1,Step3_Model3_EQB_CH2,Step4_Model2_EQB_CH2,Step5_Model1_EQB_CH4,Step6_Model3_EQA_CH3,Step7_Model2_EQB_CH1,Step8_Model1_EQB_CH1,Step9_Model1_EQB_CH3,Step10_Model1_EQB_CH4,Step11_Model3_EQC_CH1,Step12_Model3_EQA_CH3,Step13_Model3_EQA_CH4,Step14_Model1_EQC_CH3,Step15_Model1_EQC_CH1,Step16_Model2_EQB_CH4,Step17_Model3_EQB_CH3,Step18_Model3_EQA_CH4,Step19_Model1_EQA_CH1,Step20_Model1_EQB_CH2,Step21_Model3_EQC_CH3,Step22_Model1_EQC_CH2,Step23_Model2_EQB_CH2,Step24_Model2_EQA_CH2,Step25_Model2_EQB_CH3,Step26_Model3_EQC_CH4,Step27_Model3_EQB_CH2,Step28_Model1_EQB_CH2,Step29_Model3_EQB_CH3,Step30_Model2_EQA_CH1,,,,45.250398884458235,,,,,,,,,47.12929834494778,,,58.89210708278282,,,,,52.16289875121635,,,,,,,57.29913349359786,,39.37794075430164,,,,,,,,,,,,56.37355571015967,,,,,,,,,,,,,13,,,,,,,,,
T004_W01,T004,1,Step1_Model2_EQC_CH2,Step2_Model1_EQB_CH1,Step3_Model1_EQA_CH4,Step4_Model2_EQB_CH4,Step5_Model1_EQC_CH1,Step6_Model1_EQC_CH4,Step7_Model3_EQB_CH1,Step8_Model1_EQB_CH1,Step9_Model3_EQC_CH3,Step10_Model3_EQC_CH1,Step11_Model2_EQB_CH4,Step12_Model2_EQC_CH3,Step13_Model2_EQB_CH4,Step14_Model1_EQA_CH3,Step15_Model2_EQA_CH2,Step16_Model1_EQA_CH1,Step17_Model2_EQA_CH3,Step18_Model1_EQB_CH1,Step19_Model1_EQB_CH1,Step20_Model1_EQB_CH3,Step21_Model3_EQB_CH4,Step22_Model3_EQB_CH4,Step23_Model2_EQB_CH1,Step24_Model2_EQB_CH2,Step25_Model2_EQA_CH4,Step26_Model1_EQB_CH3,Step27_Model2_EQB_CH1,Step28_Model1_EQA_CH1,Step29_Model1_EQC_CH4,Step30_Model3_EQA_CH1,,31.79283010136956,,,,,43.267789613384565,,,,,43.90362832608322,,63.32821408087042,,,,,56.77800183619572,37.70285886978731,,,60.29370371197814,,,61.67756188544271,,54.375401024652305,,,,45.41425815136286,,,,55.75281942423449,,,,,,,,,,,,,,,,3,,,,,,,,,,,,
T004_W02,T004,2,Step1_Model2_EQC_CH3,Step2_Model1_EQB_CH1,Step3_Model1_EQA_CH1,Step4_Model2_EQB_CH4,Step5_Model1_EQC_CH2,Step6_Model1_EQC_CH4,Step7_Model3_EQB_CH2,Step8_Model1_EQB_CH3,Step9_Model3_EQC_CH2,Step10_Model3_EQC_CH2,Step11_Model2_EQB_CH3,Step12_Model2_EQC_CH4,Step13_Model2_EQB_CH2,Step14_Model1_EQA_CH4,Step15_Model2_EQA_CH1,Step16_Model1_EQA_CH3,Step17_Model2_EQA_CH3,Step18_Model1_EQB_CH1,Step19_Model1_EQB_CH3,Step20_Model1_EQB_CH2,Step21_Model3_EQB_CH1,Step22_Model3_EQB_CH3,Step23_Model2_EQB_CH1,Step24_Model2_EQB_CH4,Step25_Model2_EQA_CH1,Step26_Model1_EQB_CH3,Step27_Model2_EQB_CH2,Step28_Model1_EQA_CH2,Step29_Model1_EQC_CH4,Step30_Model3_EQA_CH3,,,,,,,,,,,,,,62.43020642919998,,64.45837064509054,,,,,,,,56.11291274453293,,,,,,,41.930168534092914,,,,,,,,,,,,,,47.83693418867375,,,43.047358690803115,,,,,,,,,,,,,,,,
T004_W03,T004,3,Step1_Model2_EQC_CH2,Step2_Model1_EQB_CH3,Step3_Model1_EQA_CH4,Step4_Model2_EQB_CH4,Step5_Model1_EQC_CH1,Step6_Model1_EQC_CH4,Step7_Model3_EQB_CH2,Step8_Model1_EQB_CH4,Step9_Model3_EQC_CH3,Step10_Model3_EQC_CH4,Step11_Model2_EQB_CH2,Step12_Model2_EQC_CH2,Step13_Model2_EQB_CH2,Step14_Model1_EQA_CH1,Step15_Model2_EQA_CH1,Step16_Model1_EQA_CH3,Step17_Model2_EQA_CH2,Step18_Model1_EQB_CH1,Step19_Model1_EQB_CH4,Step20_Model1_EQB_CH4,Step21_Model3_EQB_CH1,Step22_Model3_EQB_CH3,Step23_Model2_EQB_CH4,Step24_Model2_EQB_CH2,Step25_Model2_EQA_CH3,Step26_Model1_EQB_CH4,Step27_Model2_EQB_CH3,Step28_Model1_EQA_CH2,Step29_Model1_EQC_CH1,Step30_Model3_EQA_CH3,,,45.56544031680126,,,,,,,,,,,61.675782913813805,,,,29.426696478751026,56.49150871,40.54192483,,,,,,,,,,,,,,,,,,,,,,53.61184796,64.10418994845257,,,,,,,,,,,,,,,,,,,,,
T004_W04,T004,4,Step1_Model2_EQC_CH2,Step2_Model1_EQB_CH2,Step3_Model1_EQA_CH1,Step4_Model2_EQB_CH1,Step5_Model1_EQC_CH2,Step6_Model1_EQC_CH1,Step7_Model3_EQB_CH1,Step8_Model1_EQB_CH1,Step9_Model3_EQC_CH1,Step10_Model3_EQC_CH1,Step11_Model2_EQB_CH3,Step12_Model2_EQC_CH4,Step13_Model2_EQB_CH3,Step14_Model1_EQA_CH2,Step15_Model2_EQA_CH3,Step16_Model1_EQA_CH2,Step17_Model2_EQA_CH2,Step18_Model1_EQB_CH3,Step19_Model1_EQB_CH3,Step20_Model1_EQB_CH3,Step21_Model3_EQB_CH3,Step22_Model3_EQB_CH1,Step23_Model2_EQB_CH2,Step24_Model2_EQB_CH4,Step25_Model2_EQA_CH1,Step26_Model1_EQB_CH2,Step27_Model2_EQB_CH1,Step28_Model1_EQA_CH1,Step29_Model1_EQC_CH3,Step30_Model3_EQA_CH1,,,,,,,,,,,,,,,,,,,,,,,61.38968411176026,,36.96712873565583,,,53.58395282392219,,,,,,,,61.97484501756475,55.316289212651746,,,,,,,,,,,,,,,,,,,,,,,,,,,
T004_W05,T004,5,Step1_Model2_EQC_CH1,Step2_Model1_EQB_CH4,Step3_Model1_EQA_CH4,Step4_Model2_EQB_CH1,Step5_Model1_EQC_CH1,Step6_Model1_EQC_CH1,Step7_Model3_EQB_CH3,Step8_Model1_EQB_CH3,Step9_Model3_EQC_CH1,Step10_Model3_EQC_CH1,Step11_Model2_EQB_CH4,Step12_Model2_EQC_CH1,Step13_Model2_EQB_CH3,Step14_Model1_EQA_CH1,Step15_Model2_EQA_CH2,Step16_Model1_EQA_CH3,Step17_Model2_EQA_CH2,Step18_Model1_EQB_CH3,Step19_Model1_EQB_CH2,Step20_Model1_EQB_CH2,Step21_Model3_EQB_CH2,Step22_Model3_EQB_CH2,Step23_Model2_EQB_CH1,Step24_Model2_EQB_CH3,Step25_Model2_EQA_CH3,Step26_Model1_EQB_CH3,Step27_Model2_EQB_CH1,Step28_Model1_EQA_CH1,Step29_Model1_EQC_CH1,Step30_Model3_EQA_CH2,37.66313618107301,,34.09584709687459,,63.24062491560149,,,41.45270577612596,,,,,40.05074952693838,,,,,,,41.205107960263966,,,,,,,44.789876296986726,,,,,39.97719606707895,,,49.91690193663915,,,,,,48.60945494108459,53.801787955030306,,,,,,,,,,,,,,,,,,,,,,
T004_W06,T004,6,Step1_Model2_EQC_CH4,Step2_Model1_EQB_CH3,Step3_Model1_EQA_CH4,Step4_Model2_EQB_CH3,Step5_Model1_EQC_CH2,Step6_Model1_EQC_CH2,Step7_Model3_EQB_CH3,Step8_Model1_EQB_CH1,Step9_Model3_EQC_CH2,Step10_Model3_EQC_CH1,Step11_Model2_EQB_CH1,Step12_Model2_EQC_CH2,Step13_Model2_EQB_CH2,Step14_Model1_EQA_CH3,Step15_Model2_EQA_CH3,Step16_Model1_EQA_CH3,Step17_Model2_EQA_CH2,Step18_Model1_EQB_CH3,Step19_Model1_EQB_CH4,Step20_Model1_EQB_CH3,Step21_Model3_EQB_CH1,Step22_Model3_EQB_CH3,Step23_Model2_EQB_CH3,Step24_Model2_EQB_CH1,Step25_Model2_EQA_CH1,Step26_Model1_EQB_CH3,Step27_Model2_EQB_CH3,Step28_Model1_EQA_CH2,Step29_Model1_EQC_CH4,Step30_Model3_EQA_CH2,,,,,,,41.75276118338902,,,55.47305313096032,,,,,,,,44.818635564441045,,,40.15934206642834,,,,,,,,,,,,,,,,,,,45.62572578549141,59.05359477794396,,,32.772483420814915,,,,,,,,,,,,,,,,,,,,
T004_W07,T004,7,Step1_Model2_EQC_CH1,Step2_Model1_EQB_CH4,Step3_Model1_EQA_CH4,Step4_Model2_EQB_CH1,Step5_Model1_EQC_CH2,Step6_Model1_EQC_CH2,Step7_Model3_EQB_CH4,Step8_Model1_EQB_CH2,Step9_Model3_EQC_CH2,Step10_Model3_EQC_CH3,Step11_Model2_EQB_CH1,Step12_Model2_EQC_CH3,Step13_Model2_EQB_CH3,Step14_Model1_EQA_CH4,Step15_Model2_EQA_CH2,Step16_Model1_EQA_CH2,Step17_Model2_EQA_CH4,Step18_Model1_EQB_CH1,Step19_Model1_EQB_CH3,Step20_Model1_EQB_CH1,Step21_Model3_EQB_CH1,Step22_Model3_EQB_CH3,Step23_Model2_EQB_CH2,Step24_Model2_EQB_CH1,Step25_Model2_EQA_CH3,Step26_Model1_EQB_CH2,Step27_Model2_EQB_CH1,Step28_Model1_EQA_CH2,Step29_Model1_EQC_CH3,Step30_Model3_EQA_CH3,,,,,,49.43695470730521,,,,,,43.83227738672473,,65.72181898881334,,,43.10492548668082,,,,,33.40109083934413,,,,,,,,,,,,,,64.24681384299524,,,,,,,,,,,,57.73441979007202,,,,,,,,,,,,,,,,
T004_W08,T004,8,Step1_Model2_EQC_CH3,Step2_Model1_EQB_CH2,Step3_Model1_EQA_CH4,Step4_Model2_EQB_CH2,Step5_Model1_EQC_CH1,Step6_Model1_EQC_CH2,Step7_Model3_EQB_CH3,Step8_Model1_EQB_CH3,Step9_Model3_EQC_CH1,Step10_Model3_EQC_CH4,Step11_Model2_EQB_CH2,Step12_Model2_EQC_CH4,Step13_Model2_EQB_CH1,Step14_Model1_EQA_CH3,Step15_Model2_EQA_CH3,Step16_Model1_EQA_CH1,Step17_Model2_EQA_CH2,Step18_Model1_EQB_CH2,Step19_Model1_EQB_CH4,Step20_Model1_EQB_CH2,Step21_Model3_EQB_CH4,Step22_Model3_EQB_CH1,Step23_Model2_EQB_CH1,Step24_Model2_EQB_CH3,Step25_Model2_EQA_CH2,Step26_Model1_EQB_CH3,Step27_Model2_EQB_CH2,Step28_Model1_EQA_CH1,Step29_Model1_EQC_CH2,Step30_Model3_EQA_CH4,,38.105446718858175,,,,59.68041377321667,53.311100775231466,,,,,48.413022714686704,45.84099673402152,,,,50.470135826904176,,56.24889465569105,,46.9338138,,,,,54.10510823268404,,,,,,,,,50.80116499749927,58.330283875772736,,37.28309336605858,39.047153951607065,,,56.51519257,65.11798919683507,,48.421641078592955,,,,,,,,,,,,,,,,,,,
T004_W09,T004,9,Step1_Model2_EQC_CH4,Step2_Model1_EQB_CH2,Step3_Model1_EQA_CH3,Step4_Model2_EQB_CH1,Step5_Model1_EQC_CH4,Step6_Model1_EQC_CH4,Step7_Model3_EQB_CH2,Step8_Model1_EQB_CH4,Step9_Model3_EQC_CH3,Step10_Model3_EQC_CH4,Step11_Model2_EQB_CH2,Step12_Model2_EQC_CH3,Step13_Model2_EQB_CH4,Step14_Model1_EQA_CH4,Step15_Model2_EQA_CH2,Step16_Model1_EQA_CH3,Step17_Model2_EQA_CH2,Step18_Model1_EQB_CH1,Step19_Model1_EQB_CH3,Step20_Model1_EQB_CH4,Step21_Model3_EQB_CH1,Step22_Model3_EQB_CH2,Step23_Model2_EQB_CH3,Step24_Model2_EQB_CH2,Step25_Model2_EQA_CH1,Step26_Model1_EQB_CH2,Step27_Model2_EQB_CH2,Step28_Model1_EQA_CH3,Step29_Model1_EQC_CH2,Step30_Model3_EQA_CH1,43.47049987359666,,,,,,,,,,29.925947177551016,,,,44.25663606783398,,43.64669420880047,,,,,,,,,64.77116,,58.26597558883327,,,,,,,,55.81270623687672,,,42.290716264166484,,51.712634511356434,57.04975265,,,,,,,,,,,,,,,,,,,,,,
T004_W10,T004,10,Step1_Model2_EQC_CH4,Step2_Model1_EQB_CH4,Step3_Model1_EQA_CH4,Step4_Model2_EQB_CH4,Step5_Model1_EQC_CH2,Step6_Model1_EQC_CH1,Step7_Model3_EQB_CH3,Step8_Model1_EQB_CH3,Step9_Model3_EQC_CH3,Step10_Model3_EQC_CH4,Step11_Model2_EQB_CH4,Step12_Model2_EQC_CH4,Step13_Model2_EQB_CH2,Step14_Model1_EQA_CH4,Step15_Model2_EQA_CH2,Step16_Model1_EQA_CH3,Step17_Model2_EQA_CH2,Step18_Model1_EQB_CH4,Step19_Model1_EQB_CH1,Step20_Model1_EQB_CH2,Step21_Model3_EQB_CH4,Step22_Model3_EQB_CH2,Step23_Model2_EQB_CH3,Step24_Model2_EQB_CH2,Step25_Model2_EQA_CH1,Step26_Model1_EQB_CH2,Step27_Model2_EQB_CH1,Step28_Model1_EQA_CH2,Step29_Model1_EQC_CH1,Step30_Model3_EQA_CH3,31.60092943798219,,,45.72769922,,,,,53.71254466971298,,,42.61178445874747,,55.39317507,,,46.869975015604155,,,,,,,,,,,,,,,,,,,,,,,,,,,,,,,51.231892951648746,,,,,,,,,,,,,,,,
T004_W11,T004,11,Step1_Model2_EQC_CH4,Step2_Model1_EQB_CH4,Step3_Model1_EQA_CH1,Step4_Model2_EQB_CH2,Step5_Model1_EQC_CH2,Step6_Model1_EQC_CH4,Step7_Model3_EQB_CH4,Step8_Model1_EQB_CH4,Step9_Model3_EQC_CH3,Step10_Model3_EQC_CH1,Step11_Model2_EQB_CH4,Step12_Model2_EQC_CH2,Step13_Model2_EQB_CH3,Step14_Model1_EQA_CH4,Step15_Model2_EQA_CH1,Step16_Model1_EQA_CH3,Step17_Model2_EQA_CH3,Step18_Model1_EQB_CH1,Step19_Model1_EQB_CH1,Step20_Model1_EQB_CH2,Step21_Model3_EQB_CH1,Step22_Model3_EQB_CH3,Step23_Model2_EQB_CH4,Step24_Model2_EQB_CH3,Step25_Model2_EQA_CH1,Step26_Model1_EQB_CH1,Step27_Model2_EQB_CH4,Step28_Model1_EQA_CH4,Step29_Model1_EQC_CH2,Step30_Model3_EQA_CH2,,,,,,,,38.17028312022066,,,,,,,,,,36.98090934,62.54108253641788,,,,,,40.37892098940521,,,58.56072384500513,48.041195852219325,,,,,,,,,,,,50.88822502548497,,,26.86474470771485,,,,54.82584860640081,,,,,,,,,,,,,,,,
T004_W12,T004,12,Step1_Model2_EQC_CH1,Step2_Model1_EQB_CH1,Step3_Model1_EQA_CH4,Step4_Model2_EQB_CH1,Step5_Model1_EQC_CH3,Step6_Model1_EQC_CH2,Step7_Model3_EQB_CH4,Step8_Model1_EQB_CH4,Step9_Model3_EQC_CH1,Step10_Model3_EQC_CH3,Step11_Model2_EQB_CH2,Step12_Model2_EQC_CH1,Step13_Model2_EQB_CH2,Step14_Model1_EQA_CH1,Step15_Model2_EQA_CH4,Step16_Model1_EQA_CH3,Step17_Model2_EQA_CH3,Step18_Model1_EQB_CH1,Step19_Model1_EQB_CH3,Step20_Model1_EQB_CH1,Step21_Model3_EQB_CH4,Step22_Model3_EQB_CH4,Step23_Model2_EQB_CH2,Step24_Model2_EQB_CH1,Step25_Model2_EQA_CH1,Step26_Model1_EQB_CH2,Step27_Model2_EQB_CH4,Step28_Model1_EQA_CH1,Step29_Model1_EQC_CH2,Step30_Model3_EQA_CH4,,,34.31767867136305,,59.06599543929307,,,,,,,,,55.59794211927593,,56.07244894256906,,,,,,,60.51565196683278,,,,,,,,,,60.33223902520552,,,,,,,,48.03756789619891,,62.28246198257875,,,,,,11,,,,11,,,,,,,,,,,
T004_W13,T004,13,Step1_Model2_EQC_CH2,Step2_Model1_EQB_CH4,Step3_Model1_EQA_CH1,Step4_Model2_EQB_CH3,Step5_Model1_EQC_CH4,Step6_Model1_EQC_CH2,Step7_Model3_EQB_CH3,Step8_Model1_EQB_CH2,Step9_Model3_EQC_CH1,Step10_Model3_EQC_CH3,Step11_Model2_EQB_CH4,Step12_Model2_EQC_CH2,Step13_Model2_EQB_CH2,Step14_Model1_EQA_CH4,Step15_Model2_EQA_CH3,Step16_Model1_EQA_CH2,Step17_Model2_EQA_CH2,Step18_Model1_EQB_CH1,Step19_Model1_EQB_CH3,Step20_Model1_EQB_CH2,Step21_Model3_EQB_CH2,Step22_Model3_EQB_CH2,Step23_Model2_EQB_CH2,Step24_Model2_EQB_CH4,Step25_Model2_EQA_CH4,Step26_Model1_EQB_CH3,Step27_Model2_EQB_CH3,Step28_Model1_EQA_CH4,Step29_Model1_EQC_CH2,Step30_Model3_EQA_CH4,,,,51.79424931775819,,,,,,,,,,,,,,,,,42.122794592897165,32.57027585525021,,,,,,,,,,,,,,,,,,,,,,,,,60.99775782955295,51.80441170264602,,,,,,,,,,,,,,,,
T004_W14,T004,14,Step1_Model2_EQC_CH2,Step2_Model1_EQB_CH4,Step3_Model1_EQA_CH2,Step4_Model2_EQB_CH1,Step5_Model1_EQC_CH3,Step6_Model1_EQC_CH2,Step7_Model3_EQB_CH2,Step8_Model1_EQB_CH2,Step9_Model3_EQC_CH1,Step10_Model3_EQC_CH1,Step11_Model2_EQB_CH4,Step12_Model2_EQC_CH1,Step13_Model2_EQB_CH4,Step14_Model1_EQA_CH4,Step15_Model2_EQA_CH3,Step16_Model1_EQA_CH1,Step17_Model2_EQA_CH1,Step18_Model1_EQB_CH1,Step19_Model1_EQB_CH3,Step20_Model1_EQB_CH2,Step21_Model3_EQB_CH1,Step22_Model3_EQB_CH4,Step23_Model2_EQB_CH4,Step24_Model2_EQB_CH1,Step25_Model2_EQA_CH2,Step26_Model1_EQB_CH3,Step27_Model2_EQB_CH3,Step28_Model1_EQA_CH3,Step29_Model1_EQC_CH1,Step30_Model3_EQA_CH4,,,42.57608675698376,,52.344590997332844,,,,,,,,,,40.42997763457996,,,,,,,,,46.70279453,,,50.486522198313374,,,,,,,,,,,,,,,,64.23467838,,,,,,,,,,,,,9,,,,,,,,
T004_W15,T004,15,Step1_Model2_EQC_CH2,Step2_Model1_EQB_CH1,Step3_Model1_EQA_CH2,Step4_Model2_EQB_CH2,Step5_Model1_EQC_CH3,Step6_Model1_EQC_CH4,Step7_Model3_EQB_CH4,Step8_Model1_EQB_CH1,Step9_Model3_EQC_CH1,Step10_Model3_EQC_CH3,Step11_Model2_EQB_CH2,Step12_Model2_EQC_CH1,Step13_Model2_EQB_CH2,Step14_Model1_EQA_CH4,Step15_Model2_EQA_CH1,Step16_Model1_EQA_CH4,Step17_Model2_EQA_CH3,Step18_Model1_EQB_CH3,Step19_Model1_EQB_CH4,Step20_Model1_EQB_CH1,Step21_Model3_EQB_CH3,Step22_Model3_EQB_CH2,Step23_Model2_EQB_CH3,Step24_Model2_EQB_CH3,Step25_Model2_EQA_CH3,Step26_Model1_EQB_CH1,Step27_Model2_EQB_CH2,Step28_Model1_EQA_CH4,Step29_Model1_EQC_CH1,Step30_Model3_EQA_CH1,41.000077702670055,35.313097600595846,,,,,,28.627445835072706,,,36.21096591679589,,49.74150248763956,,,,,,56.22183840456972,,,,64.39513066867796,47.624390330072174,,,,,,,38.28397721176735,,,,,,,,,,,64.72907054496203,,,,,,,14,,,,,,,,,,,,,,,
T004_W16,T004,16,Step1_Model2_EQC_CH3,Step2_Model1_EQB_CH2,Step3_Model1_EQA_CH1,Step4_Model2_EQB_CH1,Step5_Model1_EQC_CH3,Step6_Model1_EQC_CH4,Step7_Model3_EQB_CH1,Step8_Model1_EQB_CH2,Step9_Model3_EQC_CH3,Step10_Model3_EQC_CH1,Step11_Model2_EQB_CH3,Step12_Model2_EQC_CH1,Step13_Model2_EQB_CH2,Step14_Model1_EQA_CH1,Step15_Model2_EQA_CH3,Step16_Model1_EQA_CH1,Step17_Model2_EQA_CH3,Step18_Model1_EQB_CH2,Step19_Model1_EQB_CH4,Step20_Model1_EQB_CH1,Step21_Model3_EQB_CH1,Step22_Model3_EQB_CH3,Step23_Model2_EQB_CH2,Step24_Model2_EQB_CH2,Step25_Model2_EQA_CH4,Step26_Model1_EQB_CH3,Step27_Model2_EQB_CH1,Step28_Model1_EQA_CH2,Step29_Model1_EQC_CH2,Step30_Model3_EQA_CH4,,46.13568002,,,,64.64381762659357,,,,,,,,55.46958144,,,,,,,,,,48.87218098917197,,,,58.26468072502074,,,,,,,,,50.76711715417339,,,,,,,,,,,56.97907898474881,9,,,,,,,,11,,,,,,,
T004_W17,T004,17,Step1_Model2_EQC_CH4,Step2_Model1_EQB_CH4,Step3_Model1_EQA_CH3,Step4_Model2_EQB_CH2,Step5_Model1_EQC_CH2,Step6_Model1_EQC_CH2,Step7_Model3_EQB_CH2,Step8_Model1_EQB_CH1,Step9_Model3_EQC_CH3,Step10_Model3_EQC_CH3,Step11_Model2_EQB_CH3,Step12_Model2_EQC_CH2,Step13_Model2_EQB_CH4,Step14_Model1_EQA_CH1,Step15_Model2_EQA_CH3,Step16_Model1_EQA_CH1,Step17_Model2_EQA_CH2,Step18_Model1_EQB_CH2,Step19_Model1_EQB_CH3,Step20_Model1_EQB_CH4,Step21_Model3_EQB_CH2,Step22_Model3_EQB_CH3,Step23_Model2_EQB_CH1,Step24_Model2_EQB_CH2,Step25_Model2_EQA_CH3,Step26_Model1_EQB_CH1,Step27_Model2_EQB_CH3,Step28_Model1_EQA_CH3,Step29_Model1_EQC_CH4,Step30_Model3_EQA_CH2,,,,,,,,,,,,40.37977313868536,,,35.419940316996296,,,,,,,,,55.09328047958715,48.60375261964133,,,,,30.413885495009232,,,,,49.30452534388252,,,,,,,53.88783169261084,,,,,,,,,,,,,,,,,,,,,,
T004_W18,T004,18,Step1_Model2_EQC_CH2,Step2_Model1_EQB_CH3,Step3_Model1_EQA_CH3,Step4_Model2_EQB_CH3,Step5_Model1_EQC_CH3,Step6_Model1_EQC_CH2,Step7_Model3_EQB_CH2,Step8_Model1_EQB_CH1,Step9_Model3_EQC_CH1,Step10_Model3_EQC_CH4,Step11_Model2_EQB_CH2,Step12_Model2_EQC_CH4,Step13_Model2_EQB_CH1,Step14_Model1_EQA_CH3,Step15_Model2_EQA_CH1,Step16_Model1_EQA_CH3,Step17_Model2_EQA_CH2,Step18_Model1_EQB_CH1,Step19_Model1_EQB_CH1,Step20_Model1_EQB_CH2,Step21_Model3_EQB_CH3,Step22_Model3_EQB_CH1,Step23_Model2_EQB_CH4,Step24_Model2_EQB_CH2,Step25_Model2_EQA_CH2,Step26_Model1_EQB_CH3,Step27_Model2_EQB_CH1,Step28_Model1_EQA_CH4,Step29_Model1_EQC_CH4,Step30_Model3_EQA_CH4,,,41.39974262645574,,,65.58538542584463,,,,,,,,,39.28999281414559,,,,,,,24.849142518649266,,,38.02561658025446,,,,,,,,,,,64.04416342926227,55.27083621448726,,,,,,,,44.981245355337954,35.12442424284318,,61.40877942450002,,,,,,,,,,,,,,,,
T004_W19,T004,19,Step1_Model2_EQC_CH2,Step2_Model1_EQB_CH1,Step3_Model1_EQA_CH1,Step4_Model2_EQB_CH1,Step5_Model1_EQC_CH1,Step6_Model1_EQC_CH1,Step7_Model3_EQB_CH2,Step8_Model1_EQB_CH2,Step9_Model3_EQC_CH3,Step10_Model3_EQC_CH4,Step11_Model2_EQB_CH3,Step12_Model2_EQC_CH2,Step13_Model2_EQB_CH2,Step14_Model1_EQA_CH2,Step15_Model2_EQA_CH1,Step16_Model1_EQA_CH1,Step17_Model2_EQA_CH3,Step18_Model1_EQB_CH3,Step19_Model1_EQB_CH3,Step20_Model1_EQB_CH3,Step21_Model3_EQB_CH2,Step22_Model3_EQB_CH3,Step23_Model2_EQB_CH4,Step24_Model2_EQB_CH2,Step25_Model2_EQA_CH2,Step26_Model1_EQB_CH1,Step27_Model2_EQB_CH3,Step28_Model1_EQA_CH1,Step29_Model1_EQC_CH1,Step30_Model3_EQA_CH3,,,35.77597917140979,,,,,,,,,51.04858344818028,,,,,,,,,40.80258049811557,,,,,,,44.035267363660914,,,,,,,,,,,,41.78181958073385,,,,,,43.04051134183138,,,,,,,,,,,,,,,,,,
T004_W20,T004,20,Step1_Model2_EQC_CH4,Step2_Model1_EQB_CH2,Step3_Model1_EQA_CH2,Step4_Model2_EQB_CH1,Step5_Model1_EQC_CH2,Step6_Model1_EQC_CH1,Step7_Model3_EQB_CH4,Step8_Model1_EQB_CH4,Step9_Model3_EQC_CH4,Step10_Model3_EQC_CH3,Step11_Model2_EQB_CH2,Step12_Model2_EQC_CH1,Step13_Model2_EQB_CH2,Step14_Model1_EQA_CH4,Step15_Model2_EQA_CH4,Step16_Model1_EQA_CH4,Step17_Model2_EQA_CH3,Step18_Model1_EQB_CH1,Step19_Model1_EQB_CH2,Step20_Model1_EQB_CH1,Step21_Model3_EQB_CH1,Step22_Model3_EQB_CH2,Step23_Model2_EQB_CH3,Step24_Model2_EQB_CH3,Step25_Model2_EQA_CH4,Step26_Model1_EQB_CH2,Step27_Model2_EQB_CH1,Step28_Model1_EQA_CH1,Step29_Model1_EQC_CH2,Step30_Model3_EQA_CH2,,,,,,,,,,,,,,,,62.47175182185845,,34.461117487380335,,,,,,,,,,,49.70151742443563,,,48.51040870101861,,,,,55.016757188364394,,,,,,,,,,,,,,,,,,,,,,,,,,,
T004_W21,T004,21,Step1_Model2_EQC_CH3,Step2_Model1_EQB_CH2,Step3_Model1_EQA_CH4,Step4_Model2_EQB_CH4,Step5_Model1_EQC_CH1,Step6_Model1_EQC_CH1,Step7_Model3_EQB_CH2,Step8_Model1_EQB_CH4,Step9_Model3_EQC_CH2,Step10_Model3_EQC_CH2,Step11_Model2_EQB_CH2,Step12_Model2_EQC_CH4,Step13_Model2_EQB_CH1,Step14_Model1_EQA_CH1,Step15_Model2_EQA_CH2,Step16_Model1_EQA_CH1,Step17_Model2_EQA_CH1,Step18_Model1_EQB_CH4,Step19_Model1_EQB_CH2,Step20_Model1_EQB_CH3,Step21_Model3_EQB_CH4,Step22_Model3_EQB_CH4,Step23_Model2_EQB_CH4,Step24_Model2_EQB_CH1,Step25_Model2_EQA_CH2,Step26_Model1_EQB_CH1,Step27_Model2_EQB_CH1,Step28_Model1_EQA_CH1,Step29_Model1_EQC_CH4,Step30_Model3_EQA_CH1,,,,,,,40.12655382025553,,,,,,,,,,,,,,,,,,37.64883250952937,,,,,,40.81241315279261,,,,,,,,,,,,65.22126625,,,,57.78744452223456,,,,,,,,,,,,,,,,,
T004_W22,T004,22,Step1_Model2_EQC_CH1,Step2_Model1_EQB_CH1,Step3_Model1_EQA_CH1,Step4_Model2_EQB_CH3,Step5_Model1_EQC_CH3,Step6_Model1_EQC_CH1,Step7_Model3_EQB_CH3,Step8_Model1_EQB_CH3,Step9_Model3_EQC_CH1,Step10_Model3_EQC_CH3,Step11_Model2_EQB_CH3,Step12_Model2_EQC_CH3,Step13_Model2_EQB_CH1,Step14_Model1_EQA_CH2,Step15_Model2_EQA_CH2,Step16_Model1_EQA_CH4,Step17_Model2_EQA_CH1,Step18_Model1_EQB_CH2,Step19_Model1_EQB_CH3,Step20_Model1_EQB_CH1,Step21_Model3_EQB_CH4,Step22_Model3_EQB_CH1,Step23_Model2_EQB_CH4,Step24_Model2_EQB_CH1,Step25_Model2_EQA_CH2,Step26_Model1_EQB_CH2,Step27_Model2_EQB_CH1,Step28_Model1_EQA_CH1,Step29_Model1_EQC_CH3,Step30_Model3_EQA_CH1,,,,,,,,40.80821517,,48.508434153127965,36.75984527527624,,41.61596398308549,,,,,,,,,,,,,,,,,,,,,,,,,,,,,,,,,,51.44844587687659,,,,,,,,,,,,,,,,,
T004_W23,T004,23,Step1_Model2_EQC_CH3,Step2_Model1_EQB_CH4,Step3_Model1_EQA_CH4,Step4_Model2_EQB_CH1,Step5_Model1_EQC_CH4,Step6_Model1_EQC_CH2,Step7_Model3_EQB_CH2,Step8_Model1_EQB_CH4,Step9_Model3_EQC_CH2,Step10_Model3_EQC_CH4,Step11_Model2_EQB_CH2,Step12_Model2_EQC_CH1,Step13_Model2_EQB_CH2,Step14_Model1_EQA_CH2,Step15_Model2_EQA_CH4,Step16_Model1_EQA_CH1,Step17_Model2_EQA_CH3,Step18_Model1_EQB_CH1,Step19_Model1_EQB_CH4,Step20_Model1_EQB_CH3,Step21_Model3_EQB_CH1,Step22_Model3_EQB_CH4,Step23_Model2_EQB_CH3,Step24_Model2_EQB_CH1,Step25_Model2_EQA_CH4,Step26_Model1_EQB_CH3,Step27_Model2_EQB_CH1,Step28_Model1_EQA_CH2,Step29_Model1_EQC_CH1,Step30_Model3_EQA_CH2,,,,,,,,,,,,,,,,,,,,,43.55680803846547,,,,,,46.35896792787647,,,,,,,,,,,,51.632514075946844,,,56.852375377325195,,,,,,,,,,,,,,,,,,,,,,
T004_W24,T004,24,Step1_Model2_EQC_CH3,Step2_Model1_EQB_CH1,Step3_Model1_EQA_CH1,Step4_Model2_EQB_CH2,Step5_Model1_EQC_CH1,Step6_Model1_EQC_CH1,Step7_Model3_EQB_CH4,Step8_Model1_EQB_CH4,Step9_Model3_EQC_CH2,Step10_Model3_EQC_CH3,Step11_Model2_EQB_CH2,Step12_Model2_EQC_CH3,Step13_Model2_EQB_CH3,Step14_Model1_EQA_CH1,Step15_Model2_EQA_CH2,Step16_Model1_EQA_CH1,Step17_Model2_EQA_CH3,Step18_Model1_EQB_CH3,Step19_Model1_EQB_CH1,Step20_Model1_EQB_CH1,Step21_Model3_EQB_CH1,Step22_Model3_EQB_CH4,Step23_Model2_EQB_CH2,Step24_Model2_EQB_CH2,Step25_Model2_EQA_CH3,Step26_Model1_EQB_CH4,Step27_Model2_EQB_CH4,Step28_Model1_EQA_CH2,Step29_Model1_EQC_CH1,Step30_Model3_EQA_CH3,,,,,,,,37.59660252409915,,,,,44.834699594205524,,,,,,,,,,,,,61.52705445820956,,,,,,,,,,,46.81373788477722,,,,,,,,,,,,,,,,,,,,,,,,,,,
T004_W25,T004,25,Step1_Model2_EQC_CH1,Step2_Model1_EQB_CH1,Step3_Model1_EQA_CH4,Step4_Model2_EQB_CH3,Step5_Model1_EQC_CH2,Step6_Model1_EQC_CH2,Step7_Model3_EQB_CH4,Step8_Model1_EQB_CH1,Step9_Model3_EQC_CH3,Step10_Model3_EQC_CH4,Step11_Model2_EQB_CH1,Step12_Model2_EQC_CH2,Step13_Model2_EQB_CH3,Step14_Model1_EQA_CH1,Step15_Model2_EQA_CH3,Step16_Model1_EQA_CH1,Step17_Model2_EQA_CH3,Step18_Model1_EQB_CH1,Step19_Model1_EQB_CH2,Step20_Model1_EQB_CH4,Step21_Model3_EQB_CH3,Step22_Model3_EQB_CH2,Step23_Model2_EQB_CH4,Step24_Model2_EQB_CH2,Step25_Model2_EQA_CH2,Step26_Model1_EQB_CH2,Step27_Model2_EQB_CH2,Step28_Model1_EQA_CH1,Step29_Model1_EQC_CH1,Step30_Model3_EQA_CH1,43.61964179580291,,,,,,,,,,,,,,,,43.002817618838506,36.53198647175158,,,,,,,,,,,,,,,,,,,,,,,,59.471536479552654,,,,,,,,,,,,,,,,,,,,,,
T005_W01,T005,1,Step1_Model3_EQA_CH2,Step2_Model1_EQB_CH1,Step3_Model1_EQA_CH1,Step4_Model1_EQC_CH3,Step5_Model1_EQA_CH3,Step6_Model1_EQC_CH4,Step7_Model1_EQB_CH2,Step8_Model3_EQB_CH4,Step9_Model2_EQB_CH1,Step10_Model3_EQB_CH4,Step11_Model1_EQB_CH1,Step12_Model1_EQC_CH2,Step13_Model2_EQB_CH4,Step14_Model3_EQA_CH4,Step15_Model1_EQC_CH2,Step16_Model3_EQA_CH2,Step17_Model3_EQB_CH1,Step18_Model2_EQA_CH1,Step19_Model3_EQC_CH2,Step20_Model2_EQA_CH2,Step21_Model2_EQA_CH4,Step22_Model3_EQA_CH1,Step23_Model3_EQC_CH3,Step24_Model3_EQB_CH1,Step25_Model1_EQB_CH1,Step26_Model3_EQA_CH1,Step27_Model1_EQB_CH3,Step28_Model3_EQC_CH4,Step29_Model1_EQB_CH2,Step30_Model3_EQB_CH2,,33.56536841653954,,,,,,,,,38.055581080461415,,,,,,,,,,,34.714870427357546,,,45.717083556774874,,,,,,44.448758364182154,46.38785776,,,55.889862722444164,,,,,,,,,,,,,,,,,,,,,,,,,,,,,
T005_W02,T005,2,Step1_Model3_EQA_CH1,Step2_Model1_EQB_CH3,Step3_Model1_EQA_CH1,Step4_Model1_EQC_CH3,Step5_Model1_EQA_CH1,Step6_Model1_EQC_CH2,Step7_Model1_EQB_CH3,Step8_Model3_EQB_CH3,Step9_Model2_EQB_CH2,Step10_Model3_EQB_CH3,Step11_Model1_EQB_CH4,Step12_Model1_EQC_CH2,Step13_Model2_EQB_CH2,Step14_Model3_EQA_CH2,Step15_Model1_EQC_CH3,Step16_Model3_EQA_CH2,Step17_Model3_EQB_CH3,Step18_Model2_EQA_CH4,Step19_Model3_EQC_CH1,Step20_Model2_EQA_CH3,Step21_Model2_EQA_CH2,Step22_Model3_EQA_CH2,Step23_Model3_EQC_CH3,Step24_Model3_EQB_CH3,Step25_Model1_EQB_CH1,Step26_Model3_EQA_CH2,Step27_Model1_EQB_CH4,Step28_Model3_EQC_CH4,Step29_Model1_EQB_CH1,Step30_Model3_EQB_CH3,,,,,,,,,,,,,,,,,,,,,,,,,,,,,,39.99226012052082,,,,,50.36476790401109,,,,,,,,,,,,,,,,,,10,,,,,,,,,,,
T005_W03,T005,3,Step1_Model3_EQA_CH3,Step2_Model1_EQB_CH1,Step3_Model1_EQA_CH2,Step4_Model1_EQC_CH2,Step5_Model1_EQA_CH1,Step6_Model1_EQC_CH3,Step7_Model1_EQB_CH4,Step8_Model3_EQB_CH3,Step9_Model2_EQB_CH2,Step10_Model3_EQB_CH1,Step11_Model1_EQB_CH4,Step12_Model1_EQC_CH3,Step13_Model2_EQB_CH3,Step14_Model3_EQA_CH2,Step15_Model1_EQC_CH2,Step16_Model3_EQA_CH3,Step17_Model3_EQB_CH2,Step18_Model2_EQA_CH2,Step19_Model3_EQC_CH2,Step20_Model2_EQA_CH1,Step21_Model2_EQA_CH4,Step22_Model3_EQA_CH4,Step23_Model3_EQC_CH4,Step24_Model3_EQB_CH3,Step25_Model1_EQB_CH2,Step26_Model3_EQA_CH3,Step27_Model1_EQB_CH2,Step28_Model3_EQC_CH1,Step29_Model1_EQB_CH1,Step30_Model3_EQB_CH2,,36.93401373252968,35.42287841809393,,,,,,,49.51982925860516,,,,,,66.27789306073493,,,,,,,,,,56.73322229075702,,,,33.512369864762455,38.54568478755761,,,,,,,,,,,,,35.54021750703888,,,,,,,,,,,,,,,,,,,,
T005_W04,T005,4,Step1_Model3_EQA_CH4,Step2_Model1_EQB_CH4,Step3_Model1_EQA_CH2,Step4_Model1_EQC_CH1,Step5_Model1_EQA_CH4,Step6_Model1_EQC_CH1,Step7_Model1_EQB_CH1,Step8_Model3_EQB_CH3,Step9_Model2_EQB_CH4,Step10_Model3_EQB_CH1,Step11_Model1_EQB_CH1,Step12_Model1_EQC_CH4,Step13_Model2_EQB_CH1,Step14_Model3_EQA_CH2,Step15_Model1_EQC_CH3,Step16_Model3_EQA_CH2,Step17_Model3_EQB_CH1,Step18_Model2_EQA_CH2,Step19_Model3_EQC_CH2,Step20_Model2_EQA_CH1,Step21_Model2_EQA_CH1,Step22_Model3_EQA_CH2,Step23_Model3_EQC_CH3,Step24_Model3_EQB_CH1,Step25_Model1_EQB_CH1,Step26_Model3_EQA_CH1,Step27_Model1_EQB_CH1,Step28_Model3_EQC_CH1,Step29_Model1_EQB_CH2,Step30_Model3_EQB_CH2,,,31.355313379059243,,,,,,,,,,,,,,,,,,,,,,,,53.17114701,,,,,,,,,,,,43.35159156103653,,,,,,50.50075814,,,,,,,,,,,,,,,,,,,
T005_W05,T005,5,Step1_Model3_EQA_CH4,Step2_Model1_EQB_CH1,Step3_Model1_EQA_CH4,Step4_Model1_EQC_CH2,Step5_Model1_EQA_CH3,Step6_Model1_EQC_CH3,Step7_Model1_EQB_CH4,Step8_Model3_EQB_CH1,Step9_Model2_EQB_CH2,Step10_Model3_EQB_CH3,Step11_Model1_EQB_CH3,Step12_Model1_EQC_CH3,Step13_Model2_EQB_CH4,Step14_Model3_EQA_CH3,Step15_Model1_EQC_CH4,Step16_Model3_EQA_CH4,Step17_Model3_EQB_CH4,Step18_Model2_EQA_CH3,Step19_Model3_EQC_CH3,Step20_Model2_EQA_CH3,Step21_Model2_EQA_CH1,Step22_Model3_EQA_CH3,Step23_Model3_EQC_CH2,Step24_Model3_EQB_CH4,Step25_Model1_EQB_CH3,Step26_Model3_EQA_CH4,Step27_Model1_EQB_CH2,Step28_Model3_EQC_CH1,Step29_Model1_EQB_CH1,Step30_Model3_EQB_CH3,,,,,,67.08776939459428,,,,,,,,,36.55815404815475,,,,,,,,,,,,,,,,,,,61.670973010898585,,,,,,41.385367544967785,,,,,,,,,,,,,,,,,,,,,,,,
T005_W06,T005,6,Step1_Model3_EQA_CH1,Step2_Model1_EQB_CH4,Step3_Model1_EQA_CH1,Step4_Model1_EQC_CH1,Step5_Model1_EQA_CH2,Step6_Model1_EQC_CH1,Step7_Model1_EQB_CH2,Step8_Model3_EQB_CH2,Step9_Model2_EQB_CH4,Step10_Model3_EQB_CH1,Step11_Model1_EQB_CH3,Step12_Model1_EQC_CH2,Step13_Model2_EQB_CH4,Step14_Model3_EQA_CH3,Step15_Model1_EQC_CH1,Step16_Model3_EQA_CH4,Step17_Model3_EQB_CH4,Step18_Model2_EQA_CH2,Step19_Model3_EQC_CH1,Step20_Model2_EQA_CH3,Step21_Model2_EQA_CH1,Step22_Model3_EQA_CH1,Step23_Model3_EQC_CH3,Step24_Model3_EQB_CH4,Step25_Model1_EQB_CH3,Step26_Model3_EQA_CH2,Step27_Model1_EQB_CH3,Step28_Model3_EQC_CH1,Step29_Model1_EQB_CH1,Step30_Model3_EQB_CH2,,41.629127935192365,,,,,,,,,,,,,,,,,,,42.115324606918136,,,,,,,,,,,,,,,51.67529856875552,,,,,,,,,,,,52.338682603538544,,,,,,,,,,,,,,,,
T005_W07,T005,7,Step1_Model3_EQA_CH4,Step2_Model1_EQB_CH3,Step3_Model1_EQA_CH1,Step4_Model1_EQC_CH1,Step5_Model1_EQA_CH2,Step6_Model1_EQC_CH4,Step7_Model1_EQB_CH1,Step8_Model3_EQB_CH1,Step9_Model2_EQB_CH4,Step10_Model3_EQB_CH2,Step11_Model1_EQB_CH1,Step12_Model1_EQC_CH3,Step13_Model2_EQB_CH1,Step14_Model3_EQA_CH3,Step15_Model1_EQC_CH4,Step16_Model3_EQA_CH2,Step17_Model3_EQB_CH3,Step18_Model2_EQA_CH2,Step19_Model3_EQC_CH4,Step20_Model2_EQA_CH1,Step21_Model2_EQA_CH2,Step22_Model3_EQA_CH1,Step23_Model3_EQC_CH2,Step24_Model3_EQB_CH2,Step25_Model1_EQB_CH3,Step26_Model3_EQA_CH1,Step27_Model1_EQB_CH4,Step28_Model3_EQC_CH2,Step29_Model1_EQB_CH4,Step30_Model3_EQB_CH4,,42.45543279262313,,,,,38.49623404178332,41.84816359358027,,,36.801816826233534,,,,,,,,,,,,,,,62.484131880749466,,,,26.368606181225637,,,,,,,,,,,,58.44264006950921,,,,,,,,,,,,,,,,,,,,,,
T005_W08,T005,8,Step1_Model3_EQA_CH2,Step2_Model1_EQB_CH4,Step3_Model1_EQA_CH3,Step4_Model1_EQC_CH2,Step5_Model1_EQA_CH3,Step6_Model1_EQC_CH2,Step7_Model1_EQB_CH1,Step8_Model3_EQB_CH3,Step9_Model2_EQB_CH1,Step10_Model3_EQB_CH2,Step11_Model1_EQB_CH4,Step12_Model1_EQC_CH2,Step13_Model2_EQB_CH4,Step14_Model3_EQA_CH2,Step15_Model1_EQC_CH4,Step16_Model3_EQA_CH1,Step17_Model3_EQB_CH2,Step18_Model2_EQA_CH2,Step19_Model3_EQC_CH1,Step20_Model2_EQA_CH4,Step21_Model2_EQA_CH3,Step22_Model3_EQA_CH4,Step23_Model3_EQC_CH2,Step24_Model3_EQB_CH1,Step25_Model1_EQB_CH4,Step26_Model3_EQA_CH3,Step27_Model1_EQB_CH1,Step28_Model3_EQC_CH1,Step29_Model1_EQB_CH1,Step30_Model3_EQB_CH3,,31.005448935623605,,,,,,,,,30.633515495041372,38.66589035581638,,,,,,,54.09419650064026,,,,,,,61.626832902341455,40.02210176122242,,,,,,52.79807045685271,,,,,,39.00575681056522,41.807956836532206,50.32290958634981,62.938225292199355,,33.24016514,,,,,,,,,,,,,,,,,,,,
T005_W09,T005,9,Step1_Model3_EQA_CH1,Step2_Model1_EQB_CH2,Step3_Model1_EQA_CH2,Step4_Model1_EQC_CH1,Step5_Model1_EQA_CH3,Step6_Model1_EQC_CH4,Step7_Model1_EQB_CH4,Step8_Model3_EQB_CH2,Step9_Model2_EQB_CH4,Step10_Model3_EQB_CH2,Step11_Model1_EQB_CH3,Step12_Model1_EQC_CH1,Step13_Model2_EQB_CH2,Step14_Model3_EQA_CH3,Step15_Model1_EQC_CH1,Step16_Model3_EQA_CH3,Step17_Model3_EQB_CH4,Step18_Model2_EQA_CH1,Step19_Model3_EQC_CH1,Step20_Model2_EQA_CH1,Step21_Model2_EQA_CH2,Step22_Model3_EQA_CH4,Step23_Model3_EQC_CH3,Step24_Model3_EQB_CH1,Step25_Model1_EQB_CH1,Step26_Model3_EQA_CH1,Step27_Model1_EQB_CH4,Step28_Model3_EQC_CH3,Step29_Model1_EQB_CH2,Step30_Model3_EQB_CH3,35.26282912874191,,33.00910087017565,52.25517960567987,,,,,53.75494626643651,,,,,54.72908657738463,,,43.52675398579939,,,,,,,,,,,,,,33.16147343237642,,,66.34501301946197,,,,,,,,,,40.738273131099106,,35.147665524210915,,,5,8,,,,,,,,,,,,,,
T005_W10,T005,10,Step1_Model3_EQA_CH1,Step2_Model1_EQB_CH3,Step3_Model1_EQA_CH1,Step4_Model1_EQC_CH2,Step5_Model1_EQA_CH2,Step6_Model1_EQC_CH2,Step7_Model1_EQB_CH4,Step8_Model3_EQB_CH1,Step9_Model2_EQB_CH3,Step10_Model3_EQB_CH3,Step11_Model1_EQB_CH3,Step12_Model1_EQC_CH1,Step13_Model2_EQB_CH3,Step14_Model3_EQA_CH2,Step15_Model1_EQC_CH1,Step16_Model3_EQA_CH2,Step17_Model3_EQB_CH2,Step18_Model2_EQA_CH4,Step19_Model3_EQC_CH3,Step20_Model2_EQA_CH3,Step21_Model2_EQA_CH3,Step22_Model3_EQA_CH4,Step23_Model3_EQC_CH2,Step24_Model3_EQB_CH4,Step25_Model1_EQB_CH4,Step26_Model3_EQA_CH4,Step27_Model1_EQB_CH4,Step28_Model3_EQC_CH3,Step29_Model1_EQB_CH3,Step30_Model3_EQB_CH4,,,,,,,44.46890596406167,,,,,,43.31294916803016,,,,,43.05513402289256,,,,,,41.12165229611692,,,,54.961922617754894,,,,,,,,,58.21397603618668,,,,56.64362753701694,,,,,,,,,,,,,,,,,,,,,,,
T005_W11,T005,11,Step1_Model3_EQA_CH3,Step2_Model1_EQB_CH3,Step3_Model1_EQA_CH2,Step4_Model1_EQC_CH1,Step5_Model1_EQA_CH1,Step6_Model1_EQC_CH4,Step7_Model1_EQB_CH4,Step8_Model3_EQB_CH1,Step9_Model2_EQB_CH3,Step10_Model3_EQB_CH4,Step11_Model1_EQB_CH2,Step12_Model1_EQC_CH2,Step13_Model2_EQB_CH2,Step14_Model3_EQA_CH4,Step15_Model1_EQC_CH4,Step16_Model3_EQA_CH2,Step17_Model3_EQB_CH3,Step18_Model2_EQA_CH4,Step19_Model3_EQC_CH4,Step20_Model2_EQA_CH3,Step21_Model2_EQA_CH3,Step22_Model3_EQA_CH4,Step23_Model3_EQC_CH3,Step24_Model3_EQB_CH2,Step25_Model1_EQB_CH3,Step26_Model3_EQA_CH4,Step27_Model1_EQB_CH3,Step28_Model3_EQC_CH3,Step29_Model1_EQB_CH1,Step30_Model3_EQB_CH1,,,,,,67.57106773580468,,,,,36.23527906069994,,,,,,,,,,,,63.20238711366755,,,,,,,,,,,,,,,,,,,,,,,,,,,,,,,,,,,,,,,,,
T005_W12,T005,12,Step1_Model3_EQA_CH2,Step2_Model1_EQB_CH3,Step3_Model1_EQA_CH4,Step4_Model1_EQC_CH4,Step5_Model1_EQA_CH4,Step6_Model1_EQC_CH4,Step7_Model1_EQB_CH1,Step8_Model3_EQB_CH1,Step9_Model2_EQB_CH2,Step10_Model3_EQB_CH1,Step11_Model1_EQB_CH1,Step12_Model1_EQC_CH2,Step13_Model2_EQB_CH1,Step14_Model3_EQA_CH4,Step15_Model1_EQC_CH2,Step16_Model3_EQA_CH1,Step17_Model3_EQB_CH2,Step18_Model2_EQA_CH4,Step19_Model3_EQC_CH2,Step20_Model2_EQA_CH3,Step21_Model2_EQA_CH1,Step22_Model3_EQA_CH1,Step23_Model3_EQC_CH2,Step24_Model3_EQB_CH1,Step25_Model1_EQB_CH3,Step26_Model3_EQA_CH3,Step27_Model1_EQB_CH1,Step28_Model3_EQC_CH4,Step29_Model1_EQB_CH2,Step30_Model3_EQB_CH3,37.18654014822265,,,,61.022286046784906,,,33.53894897813851,,,,,,,40.99648091358942,59.86959546413811,,,62.68639665960111,,,,,,,,,,,,,,,,,,,,42.318855836345136,,48.74245090071592,,,,,,,,,,,,6,,,,,,,,,,,
T005_W13,T005,13,Step1_Model3_EQA_CH4,Step2_Model1_EQB_CH4,Step3_Model1_EQA_CH3,Step4_Model1_EQC_CH2,Step5_Model1_EQA_CH2,Step6_Model1_EQC_CH2,Step7_Model1_EQB_CH4,Step8_Model3_EQB_CH4,Step9_Model2_EQB_CH4,Step10_Model3_EQB_CH2,Step11_Model1_EQB_CH3,Step12_Model1_EQC_CH1,Step13_Model2_EQB_CH3,Step14_Model3_EQA_CH2,Step15_Model1_EQC_CH3,Step16_Model3_EQA_CH4,Step17_Model3_EQB_CH1,Step18_Model2_EQA_CH1,Step19_Model3_EQC_CH3,Step20_Model2_EQA_CH1,Step21_Model2_EQA_CH1,Step22_Model3_EQA_CH4,Step23_Model3_EQC_CH2,Step24_Model3_EQB_CH1,Step25_Model1_EQB_CH1,Step26_Model3_EQA_CH2,Step27_Model1_EQB_CH4,Step28_Model3_EQC_CH3,Step29_Model1_EQB_CH1,Step30_Model3_EQB_CH2,,,,,,,42.38287840805754,,,51.693635034900424,,,,,,,,,,30.93821563965919,,,,,43.997705903581775,,,,,,,,,,50.98005893990618,,,,,,,,57.35264148835502,,,,,,,,,,,,,,,,,,,,,
T005_W14,T005,14,Step1_Model3_EQA_CH1,Step2_Model1_EQB_CH3,Step3_Model1_EQA_CH4,Step4_Model1_EQC_CH4,Step5_Model1_EQA_CH2,Step6_Model1_EQC_CH4,Step7_Model1_EQB_CH1,Step8_Model3_EQB_CH2,Step9_Model2_EQB_CH1,Step10_Model3_EQB_CH2,Step11_Model1_EQB_CH4,Step12_Model1_EQC_CH4,Step13_Model2_EQB_CH4,Step14_Model3_EQA_CH4,Step15_Model1_EQC_CH3,Step16_Model3_EQA_CH2,Step17_Model3_EQB_CH4,Step18_Model2_EQA_CH4,Step19_Model3_EQC_CH2,Step20_Model2_EQA_CH3,Step21_Model2_EQA_CH1,Step22_Model3_EQA_CH3,Step23_Model3_EQC_CH3,Step24_Model3_EQB_CH1,Step25_Model1_EQB_CH1,Step26_Model3_EQA_CH3,Step27_Model1_EQB_CH2,Step28_Model3_EQC_CH2,Step29_Model1_EQB_CH2,Step30_Model3_EQB_CH1,,,,47.96138431691826,,,,42.76405419528138,,,31.876876976169413,,,,,,,,,,40.82222404799329,,56.33916710912238,,,54.72293400440261,,,,,,,,68.39387987688154,,,,,,,,,,,47.36239531490491,,,,,,,,,,,,,,,,,,,
T005_W15,T005,15,Step1_Model3_EQA_CH2,Step2_Model1_EQB_CH1,Step3_Model1_EQA_CH4,Step4_Model1_EQC_CH3,Step5_Model1_EQA_CH3,Step6_Model1_EQC_CH1,Step7_Model1_EQB_CH2,Step8_Model3_EQB_CH4,Step9_Model2_EQB_CH4,Step10_Model3_EQB_CH1,Step11_Model1_EQB_CH2,Step12_Model1_EQC_CH3,Step13_Model2_EQB_CH4,Step14_Model3_EQA_CH2,Step15_Model1_EQC_CH1,Step16_Model3_EQA_CH1,Step17_Model3_EQB_CH1,Step18_Model2_EQA_CH2,Step19_Model3_EQC_CH1,Step20_Model2_EQA_CH3,Step21_Model2_EQA_CH2,Step22_Model3_EQA_CH2,Step23_Model3_EQC_CH3,Step24_Model3_EQB_CH3,Step25_Model1_EQB_CH4,Step26_Model3_EQA_CH2,Step27_Model1_EQB_CH2,Step28_Model3_EQC_CH2,Step29_Model1_EQB_CH4,Step30_Model3_EQB_CH3,,34.917733806872256,,,,,,,68.44706464,48.696984780820394,,,48.24688606066837,,,,,,55.03505424525728,,,,,,,,,54.474171904996545,49.07128710363904,,,,59.94813364379831,,,56.70677217800337,,,,,,49.908826691358556,,,,37.44844311997755,,,,,,,,,,,,,,,,,,
T005_W16,T005,16,Step1_Model3_EQA_CH2,Step2_Model1_EQB_CH2,Step3_Model1_EQA_CH2,Step4_Model1_EQC_CH1,Step5_Model1_EQA_CH3,Step6_Model1_EQC_CH3,Step7_Model1_EQB_CH3,Step8_Model3_EQB_CH3,Step9_Model2_EQB_CH1,Step10_Model3_EQB_CH3,Step11_Model1_EQB_CH4,Step12_Model1_EQC_CH1,Step13_Model2_EQB_CH1,Step14_Model3_EQA_CH2,Step15_Model1_EQC_CH3,Step16_Model3_EQA_CH1,Step17_Model3_EQB_CH4,Step18_Model2_EQA_CH3,Step19_Model3_EQC_CH3,Step20_Model2_EQA_CH1,Step21_Model2_EQA_CH1,Step22_Model3_EQA_CH4,Step23_Model3_EQC_CH2,Step24_Model3_EQB_CH3,Step25_Model1_EQB_CH2,Step26_Model3_EQA_CH2,Step27_Model1_EQB_CH2,Step28_Model3_EQC_CH2,Step29_Model1_EQB_CH4,Step30_Model3_EQB_CH1,,34.19268416604934,,,,,,,60.98771618119031,,,,,,,,,32.97108059041285,50.761427092763824,37.19998409707385,,,,,,,,,,,,,59.37984569750773,,45.186616919839764,,,,,,46.06493961,,68.24337795285285,,,,,,,,,,,,,,,,,,,,,
T005_W17,T005,17,Step1_Model3_EQA_CH1,Step2_Model1_EQB_CH1,Step3_Model1_EQA_CH1,Step4_Model1_EQC_CH1,Step5_Model1_EQA_CH4,Step6_Model1_EQC_CH4,Step7_Model1_EQB_CH2,Step8_Model3_EQB_CH4,Step9_Model2_EQB_CH4,Step10_Model3_EQB_CH1,Step11_Model1_EQB_CH3,Step12_Model1_EQC_CH3,Step13_Model2_EQB_CH4,Step14_Model3_EQA_CH2,Step15_Model1_EQC_CH2,Step16_Model3_EQA_CH4,Step17_Model3_EQB_CH4,Step18_Model2_EQA_CH3,Step19_Model3_EQC_CH4,Step20_Model2_EQA_CH3,Step21_Model2_EQA_CH1,Step22_Model3_EQA_CH2,Step23_Model3_EQC_CH2,Step24_Model3_EQB_CH1,Step25_Model1_EQB_CH4,Step26_Model3_EQA_CH1,Step27_Model1_EQB_CH2,Step28_Model3_EQC_CH4,Step29_Model1_EQB_CH3,Step30_Model3_EQB_CH2,,,,,,,,41.04988372712494,,,30.835657575676297,,,58.283568129499535,,,,,,41.97688124541408,,,,,42.47664178,,,60.018656593846686,47.37179039307438,,,,,,,,,37.72673881242666,,,,,,,,,56.78873803752945,,,,,,,,,,,,,,,,,
T005_W18,T005,18,Step1_Model3_EQA_CH4,Step2_Model1_EQB_CH4,Step3_Model1_EQA_CH2,Step4_Model1_EQC_CH4,Step5_Model1_EQA_CH3,Step6_Model1_EQC_CH1,Step7_Model1_EQB_CH2,Step8_Model3_EQB_CH3,Step9_Model2_EQB_CH3,Step10_Model3_EQB_CH4,Step11_Model1_EQB_CH4,Step12_Model1_EQC_CH4,Step13_Model2_EQB_CH2,Step14_Model3_EQA_CH1,Step15_Model1_EQC_CH1,Step16_Model3_EQA_CH4,Step17_Model3_EQB_CH1,Step18_Model2_EQA_CH1,Step19_Model3_EQC_CH3,Step20_Model2_EQA_CH4,Step21_Model2_EQA_CH2,Step22_Model3_EQA_CH3,Step23_Model3_EQC_CH1,Step24_Model3_EQB_CH1,Step25_Model1_EQB_CH3,Step26_Model3_EQA_CH2,Step27_Model1_EQB_CH4,Step28_Model3_EQC_CH2,Step29_Model1_EQB_CH4,Step30_Model3_EQB_CH4,37.68868992418564,,,58.874762376891795,,,,,,,33.36668783652805,,,,,,,,57.21188444274941,,,,,,,,,,,,41.838123400100876,,,,,,52.84083451,,,,,,,41.47223974715718,,,,59.074221375937455,,11,,,,,,,,,,,,,,
T005_W19,T005,19,Step1_Model3_EQA_CH4,Step2_Model1_EQB_CH4,Step3_Model1_EQA_CH2,Step4_Model1_EQC_CH2,Step5_Model1_EQA_CH4,Step6_Model1_EQC_CH3,Step7_Model1_EQB_CH3,Step8_Model3_EQB_CH3,Step9_Model2_EQB_CH1,Step10_Model3_EQB_CH4,Step11_Model1_EQB_CH1,Step12_Model1_EQC_CH2,Step13_Model2_EQB_CH4,Step14_Model3_EQA_CH2,Step15_Model1_EQC_CH1,Step16_Model3_EQA_CH2,Step17_Model3_EQB_CH4,Step18_Model2_EQA_CH2,Step19_Model3_EQC_CH2,Step20_Model2_EQA_CH2,Step21_Model2_EQA_CH2,Step22_Model3_EQA_CH3,Step23_Model3_EQC_CH3,Step24_Model3_EQB_CH3,Step25_Model1_EQB_CH3,Step26_Model3_EQA_CH4,Step27_Model1_EQB_CH2,Step28_Model3_EQC_CH2,Step29_Model1_EQB_CH4,Step30_Model3_EQB_CH3,,,,,,,48.32778565045176,,59.778291901423366,,,,45.426852055201074,,,,,,,,,34.78140322503048,,46.04892570171572,,,,57.09087096681182,44.93315850696359,,49.5735111,,,,,,,38.26411256284935,,,,,,,47.81359713165153,,,,,,,,,,10,,,,,,,,,
T005_W20,T005,20,Step1_Model3_EQA_CH2,Step2_Model1_EQB_CH1,Step3_Model1_EQA_CH2,Step4_Model1_EQC_CH1,Step5_Model1_EQA_CH1,Step6_Model1_EQC_CH3,Step7_Model1_EQB_CH4,Step8_Model3_EQB_CH2,Step9_Model2_EQB_CH2,Step10_Model3_EQB_CH2,Step11_Model1_EQB_CH2,Step12_Model1_EQC_CH4,Step13_Model2_EQB_CH1,Step14_Model3_EQA_CH3,Step15_Model1_EQC_CH2,Step16_Model3_EQA_CH4,Step17_Model3_EQB_CH4,Step18_Model2_EQA_CH3,Step19_Model3_EQC_CH3,Step20_Model2_EQA_CH3,Step21_Model2_EQA_CH3,Step22_Model3_EQA_CH2,Step23_Model3_EQC_CH2,Step24_Model3_EQB_CH4,Step25_Model1_EQB_CH2,Step26_Model3_EQA_CH2,Step27_Model1_EQB_CH1,Step28_Model3_EQC_CH2,Step29_Model1_EQB_CH2,Step30_Model3_EQB_CH1,,,,39.922254289517966,,,,,,,,,,55.168544090165355,,,,,,,,,62.46088686059242,,47.434592273415504,,,,,25.281192655993696,36.41430876212747,,52.82054078753186,,52.962476715461094,,,,,,45.59448358955209,,,,,,,,,,14,,,,,,,,,,,,,
T005_W21,T005,21,Step1_Model3_EQA_CH3,Step2_Model1_EQB_CH2,Step3_Model1_EQA_CH3,Step4_Model1_EQC_CH4,Step5_Model1_EQA_CH4,Step6_Model1_EQC_CH1,Step7_Model1_EQB_CH1,Step8_Model3_EQB_CH3,Step9_Model2_EQB_CH3,Step10_Model3_EQB_CH2,Step11_Model1_EQB_CH4,Step12_Model1_EQC_CH3,Step13_Model2_EQB_CH4,Step14_Model3_EQA_CH1,Step15_Model1_EQC_CH1,Step16_Model3_EQA_CH2,Step17_Model3_EQB_CH1,Step18_Model2_EQA_CH3,Step19_Model3_EQC_CH2,Step20_Model2_EQA_CH3,Step21_Model2_EQA_CH2,Step22_Model3_EQA_CH4,Step23_Model3_EQC_CH3,Step24_Model3_EQB_CH1,Step25_Model1_EQB_CH4,Step26_Model3_EQA_CH4,Step27_Model1_EQB_CH3,Step28_Model3_EQC_CH3,Step29_Model1_EQB_CH2,Step30_Model3_EQB_CH3,,,,45.49556894031286,,,,,,53.16960767224497,,,,,,,,,,,,,,47.84927180739289,,,,,,,,47.43250667969373,,,,,,,,,54.64668728800898,,,38.94160433,,,,,,6,,,,,,,,,,,,,,
T005_W22,T005,22,Step1_Model3_EQA_CH4,Step2_Model1_EQB_CH1,Step3_Model1_EQA_CH3,Step4_Model1_EQC_CH3,Step5_Model1_EQA_CH4,Step6_Model1_EQC_CH1,Step7_Model1_EQB_CH1,Step8_Model3_EQB_CH2,Step9_Model2_EQB_CH4,Step10_Model3_EQB_CH2,Step11_Model1_EQB_CH1,Step12_Model1_EQC_CH3,Step13_Model2_EQB_CH4,Step14_Model3_EQA_CH4,Step15_Model1_EQC_CH1,Step16_Model3_EQA_CH1,Step17_Model3_EQB_CH2,Step18_Model2_EQA_CH4,Step19_Model3_EQC_CH4,Step20_Model2_EQA_CH4,Step21_Model2_EQA_CH4,Step22_Model3_EQA_CH4,Step23_Model3_EQC_CH4,Step24_Model3_EQB_CH3,Step25_Model1_EQB_CH2,Step26_Model3_EQA_CH3,Step27_Model1_EQB_CH2,Step28_Model3_EQC_CH2,Step29_Model1_EQB_CH1,Step30_Model3_EQB_CH3,,35.19324634317902,,,55.173444711768894,,,,,,35.701207886504754,,,,34.36165683975437,70.42112454519578,,,,36.327105700391506,,,,48.36546668129461,46.53602459395327,,,,,,,,,,,59.41890801875807,,,,,,,,30.502656921242732,,,,,,,,,,,,,,,,,,,,
T005_W23,T005,23,Step1_Model3_EQA_CH1,Step2_Model1_EQB_CH1,Step3_Model1_EQA_CH2,Step4_Model1_EQC_CH1,Step5_Model1_EQA_CH1,Step6_Model1_EQC_CH1,Step7_Model1_EQB_CH3,Step8_Model3_EQB_CH2,Step9_Model2_EQB_CH3,Step10_Model3_EQB_CH4,Step11_Model1_EQB_CH2,Step12_Model1_EQC_CH3,Step13_Model2_EQB_CH2,Step14_Model3_EQA_CH1,Step15_Model1_EQC_CH3,Step16_Model3_EQA_CH2,Step17_Model3_EQB_CH2,Step18_Model2_EQA_CH2,Step19_Model3_EQC_CH3,Step20_Model2_EQA_CH3,Step21_Model2_EQA_CH1,Step22_Model3_EQA_CH2,Step23_Model3_EQC_CH1,Step24_Model3_EQB_CH2,Step25_Model1_EQB_CH1,Step26_Model3_EQA_CH3,Step27_Model1_EQB_CH1,Step28_Model3_EQC_CH3,Step29_Model1_EQB_CH4,Step30_Model3_EQB_CH2,,37.32504419143251,,,,,,43.03480197470083,,,,41.57571105614345,,,,,,,,,,,,,,,,,,,28.88160251735721,,,,,,,44.161173293839326,,,,,,,,,,,,,,,,,,,,,,,,,,
T005_W24,T005,24,Step1_Model3_EQA_CH4,Step2_Model1_EQB_CH1,Step3_Model1_EQA_CH3,Step4_Model1_EQC_CH3,Step5_Model1_EQA_CH4,Step6_Model1_EQC_CH4,Step7_Model1_EQB_CH4,Step8_Model3_EQB_CH2,Step9_Model2_EQB_CH3,Step10_Model3_EQB_CH4,Step11_Model1_EQB_CH4,Step12_Model1_EQC_CH2,Step13_Model2_EQB_CH1,Step14_Model3_EQA_CH3,Step15_Model1_EQC_CH1,Step16_Model3_EQA_CH4,Step17_Model3_EQB_CH2,Step18_Model2_EQA_CH1,Step19_Model3_EQC_CH1,Step20_Model2_EQA_CH4,Step21_Model2_EQA_CH3,Step22_Model3_EQA_CH4,Step23_Model3_EQC_CH3,Step24_Model3_EQB_CH1,Step25_Model1_EQB_CH3,Step26_Model3_EQA_CH3,Step27_Model1_EQB_CH4,Step28_Model3_EQC_CH4,Step29_Model1_EQB_CH2,Step30_Model3_EQB_CH4,,,,,58.34133865,65.40872501,,,,,,,,,,,,,60.925354660911346,,,,,,39.05791423429422,54.61070206857124,,,,,,,,,,,,,,39.405257584940976,,,,,,44.676790128615174,,,,,,,12,,,,,,,,,,,
T005_W25,T005,25,Step1_Model3_EQA_CH1,Step2_Model1_EQB_CH1,Step3_Model1_EQA_CH1,Step4_Model1_EQC_CH3,Step5_Model1_EQA_CH2,Step6_Model1_EQC_CH3,Step7_Model1_EQB_CH3,Step8_Model3_EQB_CH3,Step9_Model2_EQB_CH2,Step10_Model3_EQB_CH1,Step11_Model1_EQB_CH2,Step12_Model1_EQC_CH2,Step13_Model2_EQB_CH2,Step14_Model3_EQA_CH4,Step15_Model1_EQC_CH4,Step16_Model3_EQA_CH2,Step17_Model3_EQB_CH3,Step18_Model2_EQA_CH2,Step19_Model3_EQC_CH4,Step20_Model2_EQA_CH4,Step21_Model2_EQA_CH2,Step22_Model3_EQA_CH3,Step23_Model3_EQC_CH1,Step24_Model3_EQB_CH2,Step25_Model1_EQB_CH3,Step26_Model3_EQA_CH1,Step27_Model1_EQB_CH1,Step28_Model3_EQC_CH1,Step29_Model1_EQB_CH2,Step30_Model3_EQB_CH3,38.35197737370931,,38.74093245661035,,,,,,,,,,,,,,42.42360620015061,,,,,,,,,64.73336784695304,,,,,,,,,,,,,44.61047460325211,46.20975180840115,,,,,,,50.75895624311989,,,,,,,,,,,,,,,,,
T006_W01,T006,1,Step1_Model2_EQC_CH4,Step2_Model3_EQA_CH4,Step3_Model3_EQC_CH1,Step4_Model1_EQA_CH2,Step5_Model2_EQB_CH1,Step6_Model1_EQC_CH2,Step7_Model2_EQC_CH1,Step8_Model3_EQB_CH2,Step9_Model1_EQA_CH3,Step10_Model3_EQB_CH1,Step11_Model2_EQA_CH2,Step12_Model3_EQB_CH1,Step13_Model3_EQA_CH4,Step14_Model1_EQA_CH3,Step15_Model3_EQC_CH2,Step16_Model2_EQC_CH2,Step17_Model3_EQC_CH4,Step18_Model2_EQB_CH1,Step19_Model3_EQA_CH2,Step20_Model1_EQA_CH4,Step21_Model1_EQA_CH3,Step22_Model3_EQA_CH2,Step23_Model3_EQC_CH2,Step24_Model1_EQA_CH4,Step25_Model1_EQB_CH1,Step26_Model3_EQA_CH1,Step27_Model3_EQB_CH3,Step28_Model3_EQC_CH3,Step29_Model2_EQA_CH2,Step30_Model2_EQC_CH3,44.018085695256204,,,,,,,,,,,44.188325715648794,,,37.13958559463162,76.03539469062252,43.14665033269203,,64.97465826355949,,,,,,,,45.64875912934079,,,,,,,,,,,,,,48.84242940066021,,,35.48182971119995,47.86700555109867,,,,,,,,12,,,,,,,,,,,
T006_W02,T006,2,Step1_Model2_EQC_CH4,Step2_Model3_EQA_CH4,Step3_Model3_EQC_CH4,Step4_Model1_EQA_CH1,Step5_Model2_EQB_CH3,Step6_Model1_EQC_CH3,Step7_Model2_EQC_CH1,Step8_Model3_EQB_CH1,Step9_Model1_EQA_CH2,Step10_Model3_EQB_CH1,Step11_Model2_EQA_CH4,Step12_Model3_EQB_CH2,Step13_Model3_EQA_CH1,Step14_Model1_EQA_CH2,Step15_Model3_EQC_CH4,Step16_Model2_EQC_CH2,Step17_Model3_EQC_CH1,Step18_Model2_EQB_CH2,Step19_Model3_EQA_CH4,Step20_Model1_EQA_CH4,Step21_Model1_EQA_CH3,Step22_Model3_EQA_CH3,Step23_Model3_EQC_CH4,Step24_Model1_EQA_CH3,Step25_Model1_EQB_CH2,Step26_Model3_EQA_CH3,Step27_Model3_EQB_CH2,Step28_Model3_EQC_CH2,Step29_Model2_EQA_CH1,Step30_Model2_EQC_CH3,,39.97638116925872,38.19969366880341,49.67030985023915,,,,40.72646888,,,33.155978728598036,,,,,,,,,,,,,,,62.843646,,,,,,,,,,,,,48.547780606039794,30.66767957642351,,,,,,,53.498197442117664,,,,,,,,,,,,,,,,,
T006_W03,T006,3,Step1_Model2_EQC_CH2,Step2_Model3_EQA_CH2,Step3_Model3_EQC_CH1,Step4_Model1_EQA_CH4,Step5_Model2_EQB_CH2,Step6_Model1_EQC_CH1,Step7_Model2_EQC_CH4,Step8_Model3_EQB_CH1,Step9_Model1_EQA_CH2,Step10_Model3_EQB_CH1,Step11_Model2_EQA_CH4,Step12_Model3_EQB_CH3,Step13_Model3_EQA_CH4,Step14_Model1_EQA_CH3,Step15_Model3_EQC_CH4,Step16_Model2_EQC_CH3,Step17_Model3_EQC_CH3,Step18_Model2_EQB_CH4,Step19_Model3_EQA_CH4,Step20_Model1_EQA_CH3,Step21_Model1_EQA_CH3,Step22_Model3_EQA_CH4,Step23_Model3_EQC_CH1,Step24_Model1_EQA_CH1,Step25_Model1_EQB_CH3,Step26_Model3_EQA_CH1,Step27_Model3_EQB_CH3,Step28_Model3_EQC_CH1,Step29_Model2_EQA_CH4,Step30_Model2_EQC_CH4,,,,,,,,,,52.76506324485587,,,,,,,,,,,,,,,,,,58.02461674,,,,,,,,,,,,,,,,,,36.056096383209194,,,,,,,7,,10,,,,,,,,,
T006_W04,T006,4,Step1_Model2_EQC_CH4,Step2_Model3_EQA_CH1,Step3_Model3_EQC_CH1,Step4_Model1_EQA_CH2,Step5_Model2_EQB_CH1,Step6_Model1_EQC_CH3,Step7_Model2_EQC_CH2,Step8_Model3_EQB_CH3,Step9_Model1_EQA_CH2,Step10_Model3_EQB_CH3,Step11_Model2_EQA_CH3,Step12_Model3_EQB_CH2,Step13_Model3_EQA_CH4,Step14_Model1_EQA_CH1,Step15_Model3_EQC_CH2,Step16_Model2_EQC_CH3,Step17_Model3_EQC_CH4,Step18_Model2_EQB_CH3,Step19_Model3_EQA_CH2,Step20_Model1_EQA_CH2,Step21_Model1_EQA_CH1,Step22_Model3_EQA_CH3,Step23_Model3_EQC_CH1,Step24_Model1_EQA_CH2,Step25_Model1_EQB_CH3,Step26_Model3_EQA_CH4,Step27_Model3_EQB_CH1,Step28_Model3_EQC_CH1,Step29_Model2_EQA_CH4,Step30_Model2_EQC_CH4,,,41.74552665516499,,,60.1131371,,,,,,,,,,,,,,,,41.896751987574106,,,44.48176543241687,,,,,,,,,,,,,,,,,,,,,24.176742148009687,,47.656036377406345,,,,,,,,,,,,,,,,
T006_W05,T006,5,Step1_Model2_EQC_CH1,Step2_Model3_EQA_CH4,Step3_Model3_EQC_CH4,Step4_Model1_EQA_CH3,Step5_Model2_EQB_CH4,Step6_Model1_EQC_CH4,Step7_Model2_EQC_CH1,Step8_Model3_EQB_CH1,Step9_Model1_EQA_CH3,Step10_Model3_EQB_CH4,Step11_Model2_EQA_CH2,Step12_Model3_EQB_CH4,Step13_Model3_EQA_CH3,Step14_Model1_EQA_CH1,Step15_Model3_EQC_CH2,Step16_Model2_EQC_CH3,Step17_Model3_EQC_CH2,Step18_Model2_EQB_CH3,Step19_Model3_EQA_CH4,Step20_Model1_EQA_CH2,Step21_Model1_EQA_CH2,Step22_Model3_EQA_CH3,Step23_Model3_EQC_CH1,Step24_Model1_EQA_CH3,Step25_Model1_EQB_CH2,Step26_Model3_EQA_CH2,Step27_Model3_EQB_CH4,Step28_Model3_EQC_CH1,Step29_Model2_EQA_CH4,Step30_Model2_EQC_CH3,,,,56.72771047231009,,,,,,,,,,67.22596108979636,,,,40.01885406499857,,,,,,,,,,,,,,,,,,,,36.358634368157425,38.10878072317275,,46.89897272307465,,,,,,,,,,,,,,,,,,,,,,,
T006_W06,T006,6,Step1_Model2_EQC_CH2,Step2_Model3_EQA_CH1,Step3_Model3_EQC_CH4,Step4_Model1_EQA_CH2,Step5_Model2_EQB_CH1,Step6_Model1_EQC_CH2,Step7_Model2_EQC_CH2,Step8_Model3_EQB_CH3,Step9_Model1_EQA_CH3,Step10_Model3_EQB_CH2,Step11_Model2_EQA_CH2,Step12_Model3_EQB_CH1,Step13_Model3_EQA_CH2,Step14_Model1_EQA_CH1,Step15_Model3_EQC_CH3,Step16_Model2_EQC_CH1,Step17_Model3_EQC_CH4,Step18_Model2_EQB_CH2,Step19_Model3_EQA_CH2,Step20_Model1_EQA_CH3,Step21_Model1_EQA_CH1,Step22_Model3_EQA_CH2,Step23_Model3_EQC_CH1,Step24_Model1_EQA_CH4,Step25_Model1_EQB_CH3,Step26_Model3_EQA_CH1,Step27_Model3_EQB_CH1,Step28_Model3_EQC_CH3,Step29_Model2_EQA_CH1,Step30_Model2_EQC_CH3,48.01005088617345,,,,,61.70711636454804,,,,,,,,,,,47.827210902620706,,,,,,,,,,,,,26.71935555097409,,,55.9150407,,,,,,,,,,,34.12822458035023,,,,,,,,,,,,,,,,,,,,
T006_W07,T006,7,Step1_Model2_EQC_CH3,Step2_Model3_EQA_CH3,Step3_Model3_EQC_CH1,Step4_Model1_EQA_CH3,Step5_Model2_EQB_CH4,Step6_Model1_EQC_CH3,Step7_Model2_EQC_CH3,Step8_Model3_EQB_CH1,Step9_Model1_EQA_CH4,Step10_Model3_EQB_CH4,Step11_Model2_EQA_CH2,Step12_Model3_EQB_CH1,Step13_Model3_EQA_CH2,Step14_Model1_EQA_CH2,Step15_Model3_EQC_CH4,Step16_Model2_EQC_CH2,Step17_Model3_EQC_CH4,Step18_Model2_EQB_CH3,Step19_Model3_EQA_CH1,Step20_Model1_EQA_CH1,Step21_Model1_EQA_CH1,Step22_Model3_EQA_CH1,Step23_Model3_EQC_CH1,Step24_Model1_EQA_CH3,Step25_Model1_EQB_CH3,Step26_Model3_EQA_CH4,Step27_Model3_EQB_CH1,Step28_Model3_EQC_CH1,Step29_Model2_EQA_CH2,Step30_Model2_EQC_CH3,37.437735130489436,,,,,,,43.264770607850835,,,,,,,,,,36.569188381728225,,,,,59.56261812,,44.30314772527827,,,65.12721234,,,36.77142802117197,,,,,,,,,,,,,,,,60.73237011944853,,,,,,,,,,,,,,,,,
T006_W08,T006,8,Step1_Model2_EQC_CH2,Step2_Model3_EQA_CH1,Step3_Model3_EQC_CH1,Step4_Model1_EQA_CH2,Step5_Model2_EQB_CH2,Step6_Model1_EQC_CH1,Step7_Model2_EQC_CH2,Step8_Model3_EQB_CH3,Step9_Model1_EQA_CH2,Step10_Model3_EQB_CH1,Step11_Model2_EQA_CH2,Step12_Model3_EQB_CH4,Step13_Model3_EQA_CH2,Step14_Model1_EQA_CH1,Step15_Model3_EQC_CH1,Step16_Model2_EQC_CH1,Step17_Model3_EQC_CH3,Step18_Model2_EQB_CH1,Step19_Model3_EQA_CH1,Step20_Model1_EQA_CH2,Step21_Model1_EQA_CH4,Step22_Model3_EQA_CH1,Step23_Model3_EQC_CH1,Step24_Model1_EQA_CH1,Step25_Model1_EQB_CH4,Step26_Model3_EQA_CH3,Step27_Model3_EQB_CH3,Step28_Model3_EQC_CH4,Step29_Model2_EQA_CH1,Step30_Model2_EQC_CH2,,,45.537541248567116,,,,,,,,,,,,,,36.34095645110244,,,,36.20401213369805,,,,,,,58.82219055593901,45.96669754166071,,,,,68.34986085,,,53.67432989711925,,,,,,,,47.85458234569292,,,,,,,,,,,,,,,,,,,
T006_W09,T006,9,Step1_Model2_EQC_CH2,Step2_Model3_EQA_CH3,Step3_Model3_EQC_CH1,Step4_Model1_EQA_CH1,Step5_Model2_EQB_CH3,Step6_Model1_EQC_CH2,Step7_Model2_EQC_CH3,Step8_Model3_EQB_CH1,Step9_Model1_EQA_CH3,Step10_Model3_EQB_CH4,Step11_Model2_EQA_CH1,Step12_Model3_EQB_CH2,Step13_Model3_EQA_CH2,Step14_Model1_EQA_CH4,Step15_Model3_EQC_CH2,Step16_Model2_EQC_CH4,Step17_Model3_EQC_CH1,Step18_Model2_EQB_CH2,Step19_Model3_EQA_CH1,Step20_Model1_EQA_CH1,Step21_Model1_EQA_CH1,Step22_Model3_EQA_CH1,Step23_Model3_EQC_CH3,Step24_Model1_EQA_CH1,Step25_Model1_EQB_CH3,Step26_Model3_EQA_CH1,Step27_Model3_EQB_CH4,Step28_Model3_EQC_CH3,Step29_Model2_EQA_CH4,Step30_Model2_EQC_CH4,39.35684462871577,,,,,,,,,,,,,,,,,,,37.42124514440613,,,,,,58.23078638,,,,,,44.76799455050056,,,,70.27691571572828,,40.05809211677623,,,,,,40.03276459645714,,,,,,,13,,,,,,,,,,,,,
T006_W10,T006,10,Step1_Model2_EQC_CH1,Step2_Model3_EQA_CH2,Step3_Model3_EQC_CH3,Step4_Model1_EQA_CH1,Step5_Model2_EQB_CH2,Step6_Model1_EQC_CH4,Step7_Model2_EQC_CH3,Step8_Model3_EQB_CH3,Step9_Model1_EQA_CH3,Step10_Model3_EQB_CH4,Step11_Model2_EQA_CH2,Step12_Model3_EQB_CH4,Step13_Model3_EQA_CH1,Step14_Model1_EQA_CH1,Step15_Model3_EQC_CH2,Step16_Model2_EQC_CH3,Step17_Model3_EQC_CH1,Step18_Model2_EQB_CH1,Step19_Model3_EQA_CH1,Step20_Model1_EQA_CH2,Step21_Model1_EQA_CH3,Step22_Model3_EQA_CH4,Step23_Model3_EQC_CH3,Step24_Model1_EQA_CH2,Step25_Model1_EQB_CH1,Step26_Model3_EQA_CH3,Step27_Model3_EQB_CH1,Step28_Model3_EQC_CH2,Step29_Model2_EQA_CH3,Step30_Model2_EQC_CH4,,,,,,60.481172578470904,49.50025672865799,,56.730025499516564,,,,,,,,,,,31.96040144292246,,,,,,59.59569572474736,,,,,,,,,,,,,,,,,65.40319203645421,,,,,,,,,,,,,,,,,,,,,
T006_W11,T006,11,Step1_Model2_EQC_CH3,Step2_Model3_EQA_CH2,Step3_Model3_EQC_CH4,Step4_Model1_EQA_CH4,Step5_Model2_EQB_CH1,Step6_Model1_EQC_CH4,Step7_Model2_EQC_CH3,Step8_Model3_EQB_CH1,Step9_Model1_EQA_CH4,Step10_Model3_EQB_CH2,Step11_Model2_EQA_CH4,Step12_Model3_EQB_CH3,Step13_Model3_EQA_CH4,Step14_Model1_EQA_CH2,Step15_Model3_EQC_CH2,Step16_Model2_EQC_CH2,Step17_Model3_EQC_CH1,Step18_Model2_EQB_CH3,Step19_Model3_EQA_CH1,Step20_Model1_EQA_CH3,Step21_Model1_EQA_CH2,Step22_Model3_EQA_CH1,Step23_Model3_EQC_CH1,Step24_Model1_EQA_CH2,Step25_Model1_EQB_CH4,Step26_Model3_EQA_CH4,Step27_Model3_EQB_CH4,Step28_Model3_EQC_CH4,Step29_Model2_EQA_CH3,Step30_Model2_EQC_CH3,,,,,,,,,,,,,41.21433161116068,,,,,,,,,,,,,,,,53.51577048279725,,,,,,,,,,,36.67668317026579,,61.68571355850346,,26.90603199536386,,,55.823470982396685,49.79001503224347,,,,,,,,9,,,,,,,,
T006_W12,T006,12,Step1_Model2_EQC_CH3,Step2_Model3_EQA_CH1,Step3_Model3_EQC_CH1,Step4_Model1_EQA_CH1,Step5_Model2_EQB_CH2,Step6_Model1_EQC_CH1,Step7_Model2_EQC_CH4,Step8_Model3_EQB_CH1,Step9_Model1_EQA_CH2,Step10_Model3_EQB_CH4,Step11_Model2_EQA_CH3,Step12_Model3_EQB_CH4,Step13_Model3_EQA_CH1,Step14_Model1_EQA_CH3,Step15_Model3_EQC_CH1,Step16_Model2_EQC_CH3,Step17_Model3_EQC_CH3,Step18_Model2_EQB_CH2,Step19_Model3_EQA_CH4,Step20_Model1_EQA_CH3,Step21_Model1_EQA_CH4,Step22_Model3_EQA_CH4,Step23_Model3_EQC_CH2,Step24_Model1_EQA_CH1,Step25_Model1_EQB_CH3,Step26_Model3_EQA_CH1,Step27_Model3_EQB_CH2,Step28_Model3_EQC_CH3,Step29_Model2_EQA_CH4,Step30_Model2_EQC_CH2,,,,,,,,,,52.331922494035965,,,,,,,,,,35.419826584078436,41.82311023,41.340875893970924,59.08632610138681,,39.316085025788276,,,,,,,,,,,,54.31971281908847,,,,,,,,,,,,,,,,,,,,,,,,,,,
T006_W13,T006,13,Step1_Model2_EQC_CH2,Step2_Model3_EQA_CH4,Step3_Model3_EQC_CH3,Step4_Model1_EQA_CH3,Step5_Model2_EQB_CH1,Step6_Model1_EQC_CH2,Step7_Model2_EQC_CH4,Step8_Model3_EQB_CH2,Step9_Model1_EQA_CH4,Step10_Model3_EQB_CH3,Step11_Model2_EQA_CH2,Step12_Model3_EQB_CH2,Step13_Model3_EQA_CH4,Step14_Model1_EQA_CH2,Step15_Model3_EQC_CH2,Step16_Model2_EQC_CH4,Step17_Model3_EQC_CH4,Step18_Model2_EQB_CH1,Step19_Model3_EQA_CH3,Step20_Model1_EQA_CH1,Step21_Model1_EQA_CH3,Step22_Model3_EQA_CH4,Step23_Model3_EQC_CH3,Step24_Model1_EQA_CH1,Step25_Model1_EQB_CH1,Step26_Model3_EQA_CH4,Step27_Model3_EQB_CH4,Step28_Model3_EQC_CH2,Step29_Model2_EQA_CH2,Step30_Model2_EQC_CH3,,,,40.90688888402019,,,38.118032314774155,,,,,44.220947878224386,45.231033777265125,,,,,,59.44013255965092,,,,,,,,53.25975906725848,,,,,,,63.183888221341135,,,,,,47.76863245299942,,,,,,,,,,,,,,7,12,,,,,,,,,
T006_W14,T006,14,Step1_Model2_EQC_CH4,Step2_Model3_EQA_CH3,Step3_Model3_EQC_CH2,Step4_Model1_EQA_CH1,Step5_Model2_EQB_CH1,Step6_Model1_EQC_CH3,Step7_Model2_EQC_CH3,Step8_Model3_EQB_CH1,Step9_Model1_EQA_CH1,Step10_Model3_EQB_CH1,Step11_Model2_EQA_CH3,Step12_Model3_EQB_CH2,Step13_Model3_EQA_CH3,Step14_Model1_EQA_CH1,Step15_Model3_EQC_CH4,Step16_Model2_EQC_CH3,Step17_Model3_EQC_CH1,Step18_Model2_EQB_CH4,Step19_Model3_EQA_CH2,Step20_Model1_EQA_CH1,Step21_Model1_EQA_CH1,Step22_Model3_EQA_CH1,Step23_Model3_EQC_CH2,Step24_Model1_EQA_CH2,Step25_Model1_EQB_CH4,Step26_Model3_EQA_CH4,Step27_Model3_EQB_CH1,Step28_Model3_EQC_CH2,Step29_Model2_EQA_CH3,Step30_Model2_EQC_CH1,,,,,,,,,,,42.344339104231985,,47.24789733024905,67.79199436690558,,,,,,,,,,,44.65266588748167,,,,,,,,58.24922573440284,,,57.045847522896366,55.36065986933628,,40.97743057020001,,,,,39.52696643220435,,,,,,,,,,,,,,,,,,,,
T006_W15,T006,15,Step1_Model2_EQC_CH3,Step2_Model3_EQA_CH3,Step3_Model3_EQC_CH3,Step4_Model1_EQA_CH1,Step5_Model2_EQB_CH1,Step6_Model1_EQC_CH4,Step7_Model2_EQC_CH4,Step8_Model3_EQB_CH3,Step9_Model1_EQA_CH2,Step10_Model3_EQB_CH3,Step11_Model2_EQA_CH1,Step12_Model3_EQB_CH2,Step13_Model3_EQA_CH2,Step14_Model1_EQA_CH2,Step15_Model3_EQC_CH2,Step16_Model2_EQC_CH4,Step17_Model3_EQC_CH2,Step18_Model2_EQB_CH4,Step19_Model3_EQA_CH4,Step20_Model1_EQA_CH4,Step21_Model1_EQA_CH3,Step22_Model3_EQA_CH2,Step23_Model3_EQC_CH4,Step24_Model1_EQA_CH2,Step25_Model1_EQB_CH3,Step26_Model3_EQA_CH2,Step27_Model3_EQB_CH1,Step28_Model3_EQC_CH1,Step29_Model2_EQA_CH4,Step30_Model2_EQC_CH1,,,,,,62.96406192539679,,,,,,,,64.92798553470199,,,,,63.36128167026057,,,37.47573759307475,,,,,,,,,,,,,,,,,,,,,,33.56152873449444,,,,,,,,,,,,,,,,,,,,
T006_W16,T006,16,Step1_Model2_EQC_CH2,Step2_Model3_EQA_CH3,Step3_Model3_EQC_CH1,Step4_Model1_EQA_CH2,Step5_Model2_EQB_CH1,Step6_Model1_EQC_CH3,Step7_Model2_EQC_CH1,Step8_Model3_EQB_CH2,Step9_Model1_EQA_CH2,Step10_Model3_EQB_CH4,Step11_Model2_EQA_CH4,Step12_Model3_EQB_CH1,Step13_Model3_EQA_CH4,Step14_Model1_EQA_CH1,Step15_Model3_EQC_CH1,Step16_Model2_EQC_CH2,Step17_Model3_EQC_CH3,Step18_Model2_EQB_CH4,Step19_Model3_EQA_CH3,Step20_Model1_EQA_CH4,Step21_Model1_EQA_CH4,Step22_Model3_EQA_CH1,Step23_Model3_EQC_CH1,Step24_Model1_EQA_CH2,Step25_Model1_EQB_CH1,Step26_Model3_EQA_CH4,Step27_Model3_EQB_CH2,Step28_Model3_EQC_CH3,Step29_Model2_EQA_CH2,Step30_Model2_EQC_CH3,,,,,,,48.08825193,,,,,,,,,67.81960734,,,,,34.78099939845778,,,,,60.49951627947757,,57.23931203694284,,,,,,,,,,,,,46.52266044079023,,,,,,,,,,,,,,,,,,,,,,,
T006_W17,T006,17,Step1_Model2_EQC_CH4,Step2_Model3_EQA_CH2,Step3_Model3_EQC_CH2,Step4_Model1_EQA_CH2,Step5_Model2_EQB_CH1,Step6_Model1_EQC_CH3,Step7_Model2_EQC_CH3,Step8_Model3_EQB_CH4,Step9_Model1_EQA_CH4,Step10_Model3_EQB_CH1,Step11_Model2_EQA_CH1,Step12_Model3_EQB_CH1,Step13_Model3_EQA_CH1,Step14_Model1_EQA_CH2,Step15_Model3_EQC_CH4,Step16_Model2_EQC_CH3,Step17_Model3_EQC_CH4,Step18_Model2_EQB_CH4,Step19_Model3_EQA_CH1,Step20_Model1_EQA_CH3,Step21_Model1_EQA_CH3,Step22_Model3_EQA_CH1,Step23_Model3_EQC_CH1,Step24_Model1_EQA_CH3,Step25_Model1_EQB_CH4,Step26_Model3_EQA_CH2,Step27_Model3_EQB_CH1,Step28_Model3_EQC_CH3,Step29_Model2_EQA_CH1,Step30_Model2_EQC_CH4,,,,49.527593121855475,57.45307570478802,,,,,,,,,60.54353708694093,,,,,,,33.64699109590387,,,,,,49.56535538,,51.065948517666634,,,41.69783961371011,53.98916159,,,60.765555454673155,,33.040349898173396,,,,,,,,,60.541911123684535,,,,,,,,,,,,,,,,,
T006_W18,T006,18,Step1_Model2_EQC_CH1,Step2_Model3_EQA_CH3,Step3_Model3_EQC_CH3,Step4_Model1_EQA_CH4,Step5_Model2_EQB_CH2,Step6_Model1_EQC_CH2,Step7_Model2_EQC_CH4,Step8_Model3_EQB_CH2,Step9_Model1_EQA_CH3,Step10_Model3_EQB_CH3,Step11_Model2_EQA_CH3,Step12_Model3_EQB_CH4,Step13_Model3_EQA_CH4,Step14_Model1_EQA_CH4,Step15_Model3_EQC_CH2,Step16_Model2_EQC_CH1,Step17_Model3_EQC_CH1,Step18_Model2_EQB_CH1,Step19_Model3_EQA_CH1,Step20_Model1_EQA_CH1,Step21_Model1_EQA_CH1,Step22_Model3_EQA_CH1,Step23_Model3_EQC_CH3,Step24_Model1_EQA_CH3,Step25_Model1_EQB_CH3,Step26_Model3_EQA_CH4,Step27_Model3_EQB_CH4,Step28_Model3_EQC_CH1,Step29_Model2_EQA_CH1,Step30_Model2_EQC_CH3,,,,,,,45.000168506287785,,,,,,,,38.79234388073994,64.22525404255022,,,,,44.43074306170989,,,,,60.95143996459463,,,,,,,,,,,,,,,,,,31.838834410919272,,,63.57612807115159,,,,,,,,,,8,,,,,,,
T006_W19,T006,19,Step1_Model2_EQC_CH4,Step2_Model3_EQA_CH1,Step3_Model3_EQC_CH3,Step4_Model1_EQA_CH3,Step5_Model2_EQB_CH3,Step6_Model1_EQC_CH4,Step7_Model2_EQC_CH2,Step8_Model3_EQB_CH1,Step9_Model1_EQA_CH1,Step10_Model3_EQB_CH3,Step11_Model2_EQA_CH3,Step12_Model3_EQB_CH3,Step13_Model3_EQA_CH4,Step14_Model1_EQA_CH3,Step15_Model3_EQC_CH4,Step16_Model2_EQC_CH4,Step17_Model3_EQC_CH1,Step18_Model2_EQB_CH3,Step19_Model3_EQA_CH3,Step20_Model1_EQA_CH2,Step21_Model1_EQA_CH4,Step22_Model3_EQA_CH2,Step23_Model3_EQC_CH1,Step24_Model1_EQA_CH1,Step25_Model1_EQB_CH1,Step26_Model3_EQA_CH2,Step27_Model3_EQB_CH3,Step28_Model3_EQC_CH4,Step29_Model2_EQA_CH3,Step30_Model2_EQC_CH3,48.60791783402097,33.93302235960049,,,,,,,,,35.796266542110196,,,,,,,,,,,,67.47402960650703,,,,,,,,,,62.84677071782095,,,,,,,,,,,27.896918979273458,50.71676636733313,35.52898700381893,,,10,,,,,,,,,,,,,,,
T006_W20,T006,20,Step1_Model2_EQC_CH4,Step2_Model3_EQA_CH1,Step3_Model3_EQC_CH4,Step4_Model1_EQA_CH3,Step5_Model2_EQB_CH4,Step6_Model1_EQC_CH3,Step7_Model2_EQC_CH3,Step8_Model3_EQB_CH4,Step9_Model1_EQA_CH1,Step10_Model3_EQB_CH3,Step11_Model2_EQA_CH3,Step12_Model3_EQB_CH3,Step13_Model3_EQA_CH4,Step14_Model1_EQA_CH1,Step15_Model3_EQC_CH1,Step16_Model2_EQC_CH3,Step17_Model3_EQC_CH1,Step18_Model2_EQB_CH4,Step19_Model3_EQA_CH1,Step20_Model1_EQA_CH2,Step21_Model1_EQA_CH4,Step22_Model3_EQA_CH1,Step23_Model3_EQC_CH2,Step24_Model1_EQA_CH3,Step25_Model1_EQB_CH2,Step26_Model3_EQA_CH4,Step27_Model3_EQB_CH4,Step28_Model3_EQC_CH3,Step29_Model2_EQA_CH4,Step30_Model2_EQC_CH2,,45.78742766742686,,,,,,,,,26.229003918717307,46.77607204553118,,,,,,,,,,,,,,,,,,,41.161807420510925,,62.446076422723706,,,,56.90757298495128,,39.92236423271749,,,,,,,,61.83942202329157,,12,,,,,,,,,,,,,,,
T006_W21,T006,21,Step1_Model2_EQC_CH2,Step2_Model3_EQA_CH4,Step3_Model3_EQC_CH1,Step4_Model1_EQA_CH4,Step5_Model2_EQB_CH2,Step6_Model1_EQC_CH3,Step7_Model2_EQC_CH2,Step8_Model3_EQB_CH1,Step9_Model1_EQA_CH1,Step10_Model3_EQB_CH2,Step11_Model2_EQA_CH3,Step12_Model3_EQB_CH2,Step13_Model3_EQA_CH4,Step14_Model1_EQA_CH4,Step15_Model3_EQC_CH1,Step16_Model2_EQC_CH4,Step17_Model3_EQC_CH2,Step18_Model2_EQB_CH1,Step19_Model3_EQA_CH1,Step20_Model1_EQA_CH2,Step21_Model1_EQA_CH1,Step22_Model3_EQA_CH4,Step23_Model3_EQC_CH3,Step24_Model1_EQA_CH3,Step25_Model1_EQB_CH4,Step26_Model3_EQA_CH3,Step27_Model3_EQB_CH2,Step28_Model3_EQC_CH3,Step29_Model2_EQA_CH3,Step30_Model2_EQC_CH4,,,,,,,,36.08083079378156,,,,43.84167465145104,,,,,,,,,,,,,,,,,44.82187253761631,,,,,,,,,,40.005788807299744,,,,,,,,,54.56599623690023,,,,,,10,,,7,4,,,,,,
T006_W22,T006,22,Step1_Model2_EQC_CH2,Step2_Model3_EQA_CH4,Step3_Model3_EQC_CH1,Step4_Model1_EQA_CH2,Step5_Model2_EQB_CH2,Step6_Model1_EQC_CH4,Step7_Model2_EQC_CH3,Step8_Model3_EQB_CH2,Step9_Model1_EQA_CH4,Step10_Model3_EQB_CH2,Step11_Model2_EQA_CH1,Step12_Model3_EQB_CH3,Step13_Model3_EQA_CH1,Step14_Model1_EQA_CH3,Step15_Model3_EQC_CH2,Step16_Model2_EQC_CH4,Step17_Model3_EQC_CH3,Step18_Model2_EQB_CH1,Step19_Model3_EQA_CH2,Step20_Model1_EQA_CH4,Step21_Model1_EQA_CH1,Step22_Model3_EQA_CH1,Step23_Model3_EQC_CH3,Step24_Model1_EQA_CH3,Step25_Model1_EQB_CH1,Step26_Model3_EQA_CH4,Step27_Model3_EQB_CH4,Step28_Model3_EQC_CH3,Step29_Model2_EQA_CH4,Step30_Model2_EQC_CH1,,,32.40853555448477,,,57.866488592821604,56.114254059302525,,,,,,,,,,42.56771213039919,,,,,,,,,,,,,,,,,,54.791797290172866,,,,,,,,,,,,60.56072476662807,,,,,,,,,,,,,,,,,
T006_W23,T006,23,Step1_Model2_EQC_CH2,Step2_Model3_EQA_CH3,Step3_Model3_EQC_CH2,Step4_Model1_EQA_CH4,Step5_Model2_EQB_CH2,Step6_Model1_EQC_CH2,Step7_Model2_EQC_CH2,Step8_Model3_EQB_CH1,Step9_Model1_EQA_CH2,Step10_Model3_EQB_CH4,Step11_Model2_EQA_CH3,Step12_Model3_EQB_CH3,Step13_Model3_EQA_CH4,Step14_Model1_EQA_CH2,Step15_Model3_EQC_CH1,Step16_Model2_EQC_CH3,Step17_Model3_EQC_CH4,Step18_Model2_EQB_CH1,Step19_Model3_EQA_CH3,Step20_Model1_EQA_CH3,Step21_Model1_EQA_CH4,Step22_Model3_EQA_CH4,Step23_Model3_EQC_CH4,Step24_Model1_EQA_CH4,Step25_Model1_EQB_CH2,Step26_Model3_EQA_CH1,Step27_Model3_EQB_CH1,Step28_Model3_EQC_CH2,Step29_Model2_EQA_CH1,Step30_Model2_EQC_CH1,,34.91096405608626,,40.08419176854214,,,40.066229163982044,,,,32.94721557,,,,,,,,,,,33.96342693537665,,45.008910955057424,41.16038418851309,,56.02555423976588,,,,44.76478080729068,,,,,,,,,,,,,,,,52.72301558463301,,,,,9,4,,,,,,,,,,,
T006_W24,T006,24,Step1_Model2_EQC_CH1,Step2_Model3_EQA_CH1,Step3_Model3_EQC_CH3,Step4_Model1_EQA_CH4,Step5_Model2_EQB_CH2,Step6_Model1_EQC_CH1,Step7_Model2_EQC_CH1,Step8_Model3_EQB_CH1,Step9_Model1_EQA_CH1,Step10_Model3_EQB_CH3,Step11_Model2_EQA_CH3,Step12_Model3_EQB_CH2,Step13_Model3_EQA_CH1,Step14_Model1_EQA_CH3,Step15_Model3_EQC_CH2,Step16_Model2_EQC_CH4,Step17_Model3_EQC_CH2,Step18_Model2_EQB_CH2,Step19_Model3_EQA_CH3,Step20_Model1_EQA_CH4,Step21_Model1_EQA_CH4,Step22_Model3_EQA_CH4,Step23_Model3_EQC_CH1,Step24_Model1_EQA_CH4,Step25_Model1_EQB_CH1,Step26_Model3_EQA_CH3,Step27_Model3_EQB_CH4,Step28_Model3_EQC_CH4,Step29_Model2_EQA_CH2,Step30_Model2_EQC_CH3,,,,,,,,,,52.41883609,35.86798403986349,,,,,,,,,,44.75782820384049,39.42009729422039,,,,,,64.40550243071974,,45.65824338144961,,,,,,,,,47.74988232146286,,,57.206795515180076,,,,,,,,,,,11,,,,,,,,,,,
T006_W25,T006,25,Step1_Model2_EQC_CH2,Step2_Model3_EQA_CH1,Step3_Model3_EQC_CH1,Step4_Model1_EQA_CH3,Step5_Model2_EQB_CH4,Step6_Model1_EQC_CH4,Step7_Model2_EQC_CH3,Step8_Model3_EQB_CH3,Step9_Model1_EQA_CH1,Step10_Model3_EQB_CH1,Step11_Model2_EQA_CH4,Step12_Model3_EQB_CH4,Step13_Model3_EQA_CH1,Step14_Model1_EQA_CH4,Step15_Model3_EQC_CH1,Step16_Model2_EQC_CH1,Step17_Model3_EQC_CH4,Step18_Model2_EQB_CH2,Step19_Model3_EQA_CH4,Step20_Model1_EQA_CH1,Step21_Model1_EQA_CH3,Step22_Model3_EQA_CH2,Step23_Model3_EQC_CH1,Step24_Model1_EQA_CH4,Step25_Model1_EQB_CH4,Step26_Model3_EQA_CH1,Step27_Model3_EQB_CH4,Step28_Model3_EQC_CH2,Step29_Model2_EQA_CH2,Step30_Model2_EQC_CH3,,,,,,61.99961327353655,,,,,32.36072702024144,,,,,,,,60.96202888830004,,,,,,,,42.91162358232346,,,35.548571835749456,,,,,,68.00640658771825,,,,,,,,,,,,,10,,,,,,,,,,,,,,,
T007_W01,T007,1,Step1_Model3_EQC_CH2,Step2_Model3_EQC_CH2,Step3_Model2_EQA_CH3,Step4_Model2_EQB_CH3,Step5_Model2_EQA_CH1,Step6_Model2_EQB_CH1,Step7_Model3_EQA_CH4,Step8_Model1_EQB_CH2,Step9_Model2_EQB_CH3,Step10_Model2_EQA_CH4,Step11_Model1_EQC_CH3,Step12_Model3_EQC_CH3,Step13_Model2_EQA_CH1,Step14_Model2_EQC_CH1,Step15_Model2_EQA_CH3,Step16_Model3_EQA_CH2,Step17_Model2_EQC_CH4,Step18_Model2_EQC_CH3,Step19_Model2_EQB_CH1,Step20_Model1_EQC_CH1,Step21_Model3_EQC_CH4,Step22_Model2_EQA_CH1,Step23_Model3_EQC_CH3,Step24_Model1_EQA_CH1,Step25_Model3_EQC_CH3,Step26_Model2_EQC_CH3,Step27_Model1_EQC_CH1,Step28_Model1_EQA_CH4,Step29_Model3_EQC_CH4,Step30_Model2_EQA_CH2,,,,,,,,,,,,,42.92276130128201,,,,,,,,,,,,38.11349983,,40.572007484965425,,,,,,,,,,,,,,,,,,,39.642494111225275,,,,,,,,,,,14,,,,,,,
T007_W02,T007,2,Step1_Model3_EQC_CH3,Step2_Model3_EQC_CH1,Step3_Model2_EQA_CH3,Step4_Model2_EQB_CH2,Step5_Model2_EQA_CH2,Step6_Model2_EQB_CH4,Step7_Model3_EQA_CH1,Step8_Model1_EQB_CH3,Step9_Model2_EQB_CH1,Step10_Model2_EQA_CH1,Step11_Model1_EQC_CH4,Step12_Model3_EQC_CH4,Step13_Model2_EQA_CH3,Step14_Model2_EQC_CH4,Step15_Model2_EQA_CH3,Step16_Model3_EQA_CH2,Step17_Model2_EQC_CH4,Step18_Model2_EQC_CH2,Step19_Model2_EQB_CH2,Step20_Model1_EQC_CH3,Step21_Model3_EQC_CH1,Step22_Model2_EQA_CH4,Step23_Model3_EQC_CH3,Step24_Model1_EQA_CH3,Step25_Model3_EQC_CH2,Step26_Model2_EQC_CH4,Step27_Model1_EQC_CH4,Step28_Model1_EQA_CH2,Step29_Model3_EQC_CH4,Step30_Model2_EQA_CH3,,,,,,,,,54.79128826257359,,,,47.153374586601316,,,69.27941677086457,42.67205269,37.55039218935857,60.53720210379043,32.08906594498453,,25.738716787706686,,,,,,,,,,,,,,,,,,,,,,,,,,,,,,,,,,,,,,,,,,
T007_W03,T007,3,Step1_Model3_EQC_CH2,Step2_Model3_EQC_CH1,Step3_Model2_EQA_CH2,Step4_Model2_EQB_CH1,Step5_Model2_EQA_CH2,Step6_Model2_EQB_CH4,Step7_Model3_EQA_CH4,Step8_Model1_EQB_CH3,Step9_Model2_EQB_CH4,Step10_Model2_EQA_CH1,Step11_Model1_EQC_CH2,Step12_Model3_EQC_CH1,Step13_Model2_EQA_CH1,Step14_Model2_EQC_CH1,Step15_Model2_EQA_CH3,Step16_Model3_EQA_CH4,Step17_Model2_EQC_CH4,Step18_Model2_EQC_CH1,Step19_Model2_EQB_CH3,Step20_Model1_EQC_CH4,Step21_Model3_EQC_CH1,Step22_Model2_EQA_CH3,Step23_Model3_EQC_CH2,Step24_Model1_EQA_CH2,Step25_Model3_EQC_CH1,Step26_Model2_EQC_CH3,Step27_Model1_EQC_CH4,Step28_Model1_EQA_CH3,Step29_Model3_EQC_CH4,Step30_Model2_EQA_CH3,,,,,64.22291685020681,,,,,58.39018322470505,,,,,,,42.61988981301632,37.493802240769796,56.741311193185595,,,,,47.46965101681827,,60.47932850817358,,,50.726956819214536,,,,,,,,56.361320317580436,,,,53.91480139875026,,,,,,,,,,,,,,,,,,,,,,,
T007_W04,T007,4,Step1_Model3_EQC_CH1,Step2_Model3_EQC_CH4,Step3_Model2_EQA_CH3,Step4_Model2_EQB_CH2,Step5_Model2_EQA_CH3,Step6_Model2_EQB_CH3,Step7_Model3_EQA_CH1,Step8_Model1_EQB_CH3,Step9_Model2_EQB_CH2,Step10_Model2_EQA_CH1,Step11_Model1_EQC_CH3,Step12_Model3_EQC_CH3,Step13_Model2_EQA_CH3,Step14_Model2_EQC_CH4,Step15_Model2_EQA_CH4,Step16_Model3_EQA_CH3,Step17_Model2_EQC_CH1,Step18_Model2_EQC_CH4,Step19_Model2_EQB_CH1,Step20_Model1_EQC_CH4,Step21_Model3_EQC_CH2,Step22_Model2_EQA_CH3,Step23_Model3_EQC_CH3,Step24_Model1_EQA_CH4,Step25_Model3_EQC_CH1,Step26_Model2_EQC_CH3,Step27_Model1_EQC_CH3,Step28_Model1_EQA_CH4,Step29_Model3_EQC_CH2,Step30_Model2_EQA_CH1,,,,53.09838380653079,63.22866396208414,,,,,,,,,,,,,,56.924062197204464,36.943304699013915,,,,,,,,,47.14224977154144,,,46.90525389900605,,,,,,,50.57661123465769,,,,,,,,,,,,,,,14,,,,,,,,,,
T007_W05,T007,5,Step1_Model3_EQC_CH3,Step2_Model3_EQC_CH3,Step3_Model2_EQA_CH2,Step4_Model2_EQB_CH2,Step5_Model2_EQA_CH3,Step6_Model2_EQB_CH1,Step7_Model3_EQA_CH3,Step8_Model1_EQB_CH4,Step9_Model2_EQB_CH1,Step10_Model2_EQA_CH4,Step11_Model1_EQC_CH3,Step12_Model3_EQC_CH4,Step13_Model2_EQA_CH1,Step14_Model2_EQC_CH3,Step15_Model2_EQA_CH1,Step16_Model3_EQA_CH3,Step17_Model2_EQC_CH2,Step18_Model2_EQC_CH4,Step19_Model2_EQB_CH2,Step20_Model1_EQC_CH2,Step21_Model3_EQC_CH1,Step22_Model2_EQA_CH1,Step23_Model3_EQC_CH4,Step24_Model1_EQA_CH2,Step25_Model3_EQC_CH4,Step26_Model2_EQC_CH2,Step27_Model1_EQC_CH1,Step28_Model1_EQA_CH2,Step29_Model3_EQC_CH2,Step30_Model2_EQA_CH4,,,,50.05720635006159,,,,,,,,44.48205156,42.31719371388037,,,,,,,,,,,,,,,,,,,,61.38119319443436,,,,,,,,,54.76228666601007,,,,,,,,,,,,,8,,,,,,,,,
T007_W06,T007,6,Step1_Model3_EQC_CH3,Step2_Model3_EQC_CH3,Step3_Model2_EQA_CH2,Step4_Model2_EQB_CH4,Step5_Model2_EQA_CH1,Step6_Model2_EQB_CH4,Step7_Model3_EQA_CH4,Step8_Model1_EQB_CH4,Step9_Model2_EQB_CH3,Step10_Model2_EQA_CH1,Step11_Model1_EQC_CH3,Step12_Model3_EQC_CH3,Step13_Model2_EQA_CH1,Step14_Model2_EQC_CH3,Step15_Model2_EQA_CH1,Step16_Model3_EQA_CH3,Step17_Model2_EQC_CH2,Step18_Model2_EQC_CH2,Step19_Model2_EQB_CH1,Step20_Model1_EQC_CH2,Step21_Model3_EQC_CH1,Step22_Model2_EQA_CH2,Step23_Model3_EQC_CH2,Step24_Model1_EQA_CH3,Step25_Model3_EQC_CH3,Step26_Model2_EQC_CH3,Step27_Model1_EQC_CH3,Step28_Model1_EQA_CH2,Step29_Model3_EQC_CH1,Step30_Model2_EQA_CH3,,,,,,,43.23787429031237,39.27420332780425,,,,,,,,,,31.35314419366398,,,,,66.54873488537643,,,,,,,,,,,,,,,,,,,,,,,,,,,,,12,,,,,,,,,,,,
T007_W07,T007,7,Step1_Model3_EQC_CH2,Step2_Model3_EQC_CH2,Step3_Model2_EQA_CH3,Step4_Model2_EQB_CH1,Step5_Model2_EQA_CH3,Step6_Model2_EQB_CH4,Step7_Model3_EQA_CH1,Step8_Model1_EQB_CH2,Step9_Model2_EQB_CH1,Step10_Model2_EQA_CH4,Step11_Model1_EQC_CH2,Step12_Model3_EQC_CH2,Step13_Model2_EQA_CH1,Step14_Model2_EQC_CH2,Step15_Model2_EQA_CH3,Step16_Model3_EQA_CH2,Step17_Model2_EQC_CH3,Step18_Model2_EQC_CH3,Step19_Model2_EQB_CH3,Step20_Model1_EQC_CH1,Step21_Model3_EQC_CH4,Step22_Model2_EQA_CH4,Step23_Model3_EQC_CH1,Step24_Model1_EQA_CH3,Step25_Model3_EQC_CH1,Step26_Model2_EQC_CH1,Step27_Model1_EQC_CH2,Step28_Model1_EQA_CH2,Step29_Model3_EQC_CH4,Step30_Model2_EQA_CH3,,,,46.97613535,,,,,,,38.62990564705885,34.78453177207913,,,,,45.64592622023905,,,,43.64461957360191,,,,,,,,55.82851529251105,,36.74148758523652,,,,,,51.19598763083549,39.83590821763231,,,,,,,,37.15926200066593,,,,,,,,,,11,,,,,,,,
T007_W08,T007,8,Step1_Model3_EQC_CH4,Step2_Model3_EQC_CH3,Step3_Model2_EQA_CH2,Step4_Model2_EQB_CH3,Step5_Model2_EQA_CH2,Step6_Model2_EQB_CH4,Step7_Model3_EQA_CH3,Step8_Model1_EQB_CH3,Step9_Model2_EQB_CH1,Step10_Model2_EQA_CH1,Step11_Model1_EQC_CH1,Step12_Model3_EQC_CH2,Step13_Model2_EQA_CH4,Step14_Model2_EQC_CH4,Step15_Model2_EQA_CH2,Step16_Model3_EQA_CH3,Step17_Model2_EQC_CH3,Step18_Model2_EQC_CH1,Step19_Model2_EQB_CH2,Step20_Model1_EQC_CH1,Step21_Model3_EQC_CH4,Step22_Model2_EQA_CH3,Step23_Model3_EQC_CH1,Step24_Model1_EQA_CH4,Step25_Model3_EQC_CH2,Step26_Model2_EQC_CH4,Step27_Model1_EQC_CH1,Step28_Model1_EQA_CH1,Step29_Model3_EQC_CH2,Step30_Model2_EQA_CH2,,,,,,,,,,,,,,,,,,,,37.890813249328964,44.47777534,,,,38.29375085793432,,,,,,,,53.754553366810526,,,57.76209098640151,,,41.93435871890938,48.068208097507906,,,57.654650508229544,,51.4657601,,,46.42725121698952,,,,,,,,14,,,,,,,,
T007_W09,T007,9,Step1_Model3_EQC_CH2,Step2_Model3_EQC_CH1,Step3_Model2_EQA_CH1,Step4_Model2_EQB_CH2,Step5_Model2_EQA_CH4,Step6_Model2_EQB_CH4,Step7_Model3_EQA_CH1,Step8_Model1_EQB_CH1,Step9_Model2_EQB_CH3,Step10_Model2_EQA_CH2,Step11_Model1_EQC_CH3,Step12_Model3_EQC_CH1,Step13_Model2_EQA_CH2,Step14_Model2_EQC_CH3,Step15_Model2_EQA_CH3,Step16_Model3_EQA_CH4,Step17_Model2_EQC_CH1,Step18_Model2_EQC_CH4,Step19_Model2_EQB_CH2,Step20_Model1_EQC_CH3,Step21_Model3_EQC_CH3,Step22_Model2_EQA_CH3,Step23_Model3_EQC_CH4,Step24_Model1_EQA_CH3,Step25_Model3_EQC_CH3,Step26_Model2_EQC_CH4,Step27_Model1_EQC_CH2,Step28_Model1_EQA_CH2,Step29_Model3_EQC_CH1,Step30_Model2_EQA_CH4,,,,,,,,,,,,,45.910920044304085,,,62.264916085714894,,,,,,,,,,,,,46.825194859024435,,42.22118574890037,,,62.199731903403794,,,,,,,,,,,,,,54.55342773898699,,,,,13,,,,,12,,,,,,
T007_W10,T007,10,Step1_Model3_EQC_CH4,Step2_Model3_EQC_CH2,Step3_Model2_EQA_CH4,Step4_Model2_EQB_CH4,Step5_Model2_EQA_CH4,Step6_Model2_EQB_CH1,Step7_Model3_EQA_CH4,Step8_Model1_EQB_CH1,Step9_Model2_EQB_CH2,Step10_Model2_EQA_CH1,Step11_Model1_EQC_CH1,Step12_Model3_EQC_CH2,Step13_Model2_EQA_CH1,Step14_Model2_EQC_CH2,Step15_Model2_EQA_CH2,Step16_Model3_EQA_CH4,Step17_Model2_EQC_CH3,Step18_Model2_EQC_CH3,Step19_Model2_EQB_CH1,Step20_Model1_EQC_CH3,Step21_Model3_EQC_CH4,Step22_Model2_EQA_CH4,Step23_Model3_EQC_CH1,Step24_Model1_EQA_CH2,Step25_Model3_EQC_CH2,Step26_Model2_EQC_CH3,Step27_Model1_EQC_CH3,Step28_Model1_EQA_CH4,Step29_Model3_EQC_CH4,Step30_Model2_EQA_CH2,,,38.975911413822324,,61.28744720606335,,,,,61.08061998222063,,,,,,60.437695833992066,,,,,,,,,,,45.869851613292155,53.817998343384424,,,,40.96755263233749,,,54.800310770382346,52.42016581745134,,,,,53.185506222022646,,,,,,,,,,,,,,,,,,,,,,,
T007_W11,T007,11,Step1_Model3_EQC_CH2,Step2_Model3_EQC_CH2,Step3_Model2_EQA_CH2,Step4_Model2_EQB_CH2,Step5_Model2_EQA_CH2,Step6_Model2_EQB_CH1,Step7_Model3_EQA_CH4,Step8_Model1_EQB_CH3,Step9_Model2_EQB_CH3,Step10_Model2_EQA_CH3,Step11_Model1_EQC_CH3,Step12_Model3_EQC_CH2,Step13_Model2_EQA_CH3,Step14_Model2_EQC_CH2,Step15_Model2_EQA_CH3,Step16_Model3_EQA_CH4,Step17_Model2_EQC_CH3,Step18_Model2_EQC_CH3,Step19_Model2_EQB_CH2,Step20_Model1_EQC_CH3,Step21_Model3_EQC_CH4,Step22_Model2_EQA_CH1,Step23_Model3_EQC_CH2,Step24_Model1_EQA_CH3,Step25_Model3_EQC_CH2,Step26_Model2_EQC_CH2,Step27_Model1_EQC_CH4,Step28_Model1_EQA_CH2,Step29_Model3_EQC_CH4,Step30_Model2_EQA_CH2,,,,,,,,,61.13641521,,,,,,,53.47548014319991,,,,,,,,44.997005556617935,,,,59.15138318688618,,37.962251038123284,,44.025832704723236,,,,,,,,,,,,,,,,,,,,,,,,,,,,,,,,
T007_W12,T007,12,Step1_Model3_EQC_CH3,Step2_Model3_EQC_CH3,Step3_Model2_EQA_CH1,Step4_Model2_EQB_CH1,Step5_Model2_EQA_CH4,Step6_Model2_EQB_CH4,Step7_Model3_EQA_CH2,Step8_Model1_EQB_CH4,Step9_Model2_EQB_CH4,Step10_Model2_EQA_CH1,Step11_Model1_EQC_CH1,Step12_Model3_EQC_CH3,Step13_Model2_EQA_CH1,Step14_Model2_EQC_CH3,Step15_Model2_EQA_CH2,Step16_Model3_EQA_CH4,Step17_Model2_EQC_CH2,Step18_Model2_EQC_CH3,Step19_Model2_EQB_CH4,Step20_Model1_EQC_CH2,Step21_Model3_EQC_CH2,Step22_Model2_EQA_CH2,Step23_Model3_EQC_CH4,Step24_Model1_EQA_CH1,Step25_Model3_EQC_CH1,Step26_Model2_EQC_CH1,Step27_Model1_EQC_CH3,Step28_Model1_EQA_CH1,Step29_Model3_EQC_CH4,Step30_Model2_EQA_CH1,,30.988432817733052,,57.762432495514446,,,,,,,,42.54537971752599,,59.42571057672191,,,48.046427907549415,35.84227262491149,,,,,63.22087244453121,,,,,60.529445843461815,44.28104045834577,,,,,63.88107465,42.420533041540736,,51.673430750885714,45.23243191,,,,53.99558701047799,,,,,,,,,,,,,,,,,,,,,,
T007_W13,T007,13,Step1_Model3_EQC_CH2,Step2_Model3_EQC_CH3,Step3_Model2_EQA_CH4,Step4_Model2_EQB_CH4,Step5_Model2_EQA_CH2,Step6_Model2_EQB_CH2,Step7_Model3_EQA_CH1,Step8_Model1_EQB_CH2,Step9_Model2_EQB_CH1,Step10_Model2_EQA_CH3,Step11_Model1_EQC_CH2,Step12_Model3_EQC_CH2,Step13_Model2_EQA_CH3,Step14_Model2_EQC_CH1,Step15_Model2_EQA_CH4,Step16_Model3_EQA_CH3,Step17_Model2_EQC_CH1,Step18_Model2_EQC_CH4,Step19_Model2_EQB_CH3,Step20_Model1_EQC_CH1,Step21_Model3_EQC_CH4,Step22_Model2_EQA_CH2,Step23_Model3_EQC_CH2,Step24_Model1_EQA_CH1,Step25_Model3_EQC_CH3,Step26_Model2_EQC_CH2,Step27_Model1_EQC_CH3,Step28_Model1_EQA_CH4,Step29_Model3_EQC_CH2,Step30_Model2_EQA_CH4,42.026127297893765,,,,,,,,56.55388088161486,61.107941842358386,,,,,,,,,,,,,,48.869369212575116,,,,57.207625497737304,,,38.168057995865404,41.31395975688173,,,,,,,,,,,,,,27.35509093175925,,,,,,,,,15,,,,,,,,,
T007_W14,T007,14,Step1_Model3_EQC_CH4,Step2_Model3_EQC_CH4,Step3_Model2_EQA_CH1,Step4_Model2_EQB_CH3,Step5_Model2_EQA_CH1,Step6_Model2_EQB_CH1,Step7_Model3_EQA_CH3,Step8_Model1_EQB_CH1,Step9_Model2_EQB_CH2,Step10_Model2_EQA_CH3,Step11_Model1_EQC_CH4,Step12_Model3_EQC_CH3,Step13_Model2_EQA_CH4,Step14_Model2_EQC_CH1,Step15_Model2_EQA_CH3,Step16_Model3_EQA_CH4,Step17_Model2_EQC_CH4,Step18_Model2_EQC_CH3,Step19_Model2_EQB_CH3,Step20_Model1_EQC_CH3,Step21_Model3_EQC_CH4,Step22_Model2_EQA_CH1,Step23_Model3_EQC_CH3,Step24_Model1_EQA_CH2,Step25_Model3_EQC_CH3,Step26_Model2_EQC_CH3,Step27_Model1_EQC_CH3,Step28_Model1_EQA_CH1,Step29_Model3_EQC_CH1,Step30_Model2_EQA_CH4,,,,,58.29133695,,,,,,,,,,,,54.415025710667905,,64.04475534678672,,,,,,45.012545644439484,,,,52.941500591842164,,,,,,50.17393691539243,,,,,,52.249716877506366,,,,,,55.05257039645758,,,,,,,,,,,,,,,,,
T007_W15,T007,15,Step1_Model3_EQC_CH4,Step2_Model3_EQC_CH3,Step3_Model2_EQA_CH3,Step4_Model2_EQB_CH1,Step5_Model2_EQA_CH1,Step6_Model2_EQB_CH2,Step7_Model3_EQA_CH3,Step8_Model1_EQB_CH4,Step9_Model2_EQB_CH4,Step10_Model2_EQA_CH2,Step11_Model1_EQC_CH4,Step12_Model3_EQC_CH3,Step13_Model2_EQA_CH4,Step14_Model2_EQC_CH4,Step15_Model2_EQA_CH4,Step16_Model3_EQA_CH2,Step17_Model2_EQC_CH3,Step18_Model2_EQC_CH1,Step19_Model2_EQB_CH1,Step20_Model1_EQC_CH3,Step21_Model3_EQC_CH1,Step22_Model2_EQA_CH4,Step23_Model3_EQC_CH1,Step24_Model1_EQA_CH3,Step25_Model3_EQC_CH3,Step26_Model2_EQC_CH4,Step27_Model1_EQC_CH1,Step28_Model1_EQA_CH1,Step29_Model3_EQC_CH4,Step30_Model2_EQA_CH4,,,,,,,,,,,,,,,,,,,,,42.530594969181685,,,,40.398819913990295,,,,,,,,,,,,,,,,,48.3648859,,,,,,,,,13,,,,,,,,,,,,,
T007_W16,T007,16,Step1_Model3_EQC_CH4,Step2_Model3_EQC_CH3,Step3_Model2_EQA_CH2,Step4_Model2_EQB_CH3,Step5_Model2_EQA_CH3,Step6_Model2_EQB_CH1,Step7_Model3_EQA_CH1,Step8_Model1_EQB_CH1,Step9_Model2_EQB_CH3,Step10_Model2_EQA_CH1,Step11_Model1_EQC_CH4,Step12_Model3_EQC_CH4,Step13_Model2_EQA_CH2,Step14_Model2_EQC_CH4,Step15_Model2_EQA_CH2,Step16_Model3_EQA_CH2,Step17_Model2_EQC_CH2,Step18_Model2_EQC_CH4,Step19_Model2_EQB_CH4,Step20_Model1_EQC_CH4,Step21_Model3_EQC_CH2,Step22_Model2_EQA_CH4,Step23_Model3_EQC_CH4,Step24_Model1_EQA_CH1,Step25_Model3_EQC_CH2,Step26_Model2_EQC_CH3,Step27_Model1_EQC_CH4,Step28_Model1_EQA_CH2,Step29_Model3_EQC_CH2,Step30_Model2_EQA_CH3,,,,,57.74686496906436,,,,,,,49.41378350133205,,,40.24209069068611,,,37.372123413687824,,,,,,,,,,,,34.459945809382006,,,,,,,,,,,,,,,,43.235784667571004,,,,,,7,,,,,,,,,,,,
T007_W17,T007,17,Step1_Model3_EQC_CH1,Step2_Model3_EQC_CH2,Step3_Model2_EQA_CH1,Step4_Model2_EQB_CH3,Step5_Model2_EQA_CH2,Step6_Model2_EQB_CH1,Step7_Model3_EQA_CH2,Step8_Model1_EQB_CH4,Step9_Model2_EQB_CH1,Step10_Model2_EQA_CH4,Step11_Model1_EQC_CH3,Step12_Model3_EQC_CH2,Step13_Model2_EQA_CH2,Step14_Model2_EQC_CH3,Step15_Model2_EQA_CH4,Step16_Model3_EQA_CH1,Step17_Model2_EQC_CH2,Step18_Model2_EQC_CH2,Step19_Model2_EQB_CH3,Step20_Model1_EQC_CH3,Step21_Model3_EQC_CH2,Step22_Model2_EQA_CH4,Step23_Model3_EQC_CH1,Step24_Model1_EQA_CH2,Step25_Model3_EQC_CH4,Step26_Model2_EQC_CH2,Step27_Model1_EQC_CH2,Step28_Model1_EQA_CH4,Step29_Model3_EQC_CH3,Step30_Model2_EQA_CH2,,,,,,,,,,,,,,,,60.30135047603826,,,,,,33.17785202443923,,,,,,,,,,,,65.12286980326955,53.286055553809746,,,,,45.265827864262214,,,,,,,,,14,,,,,,,,,,,,,,,
T007_W18,T007,18,Step1_Model3_EQC_CH2,Step2_Model3_EQC_CH4,Step3_Model2_EQA_CH4,Step4_Model2_EQB_CH2,Step5_Model2_EQA_CH1,Step6_Model2_EQB_CH3,Step7_Model3_EQA_CH3,Step8_Model1_EQB_CH2,Step9_Model2_EQB_CH1,Step10_Model2_EQA_CH3,Step11_Model1_EQC_CH3,Step12_Model3_EQC_CH4,Step13_Model2_EQA_CH4,Step14_Model2_EQC_CH3,Step15_Model2_EQA_CH4,Step16_Model3_EQA_CH1,Step17_Model2_EQC_CH3,Step18_Model2_EQC_CH2,Step19_Model2_EQB_CH3,Step20_Model1_EQC_CH4,Step21_Model3_EQC_CH2,Step22_Model2_EQA_CH1,Step23_Model3_EQC_CH4,Step24_Model1_EQA_CH1,Step25_Model3_EQC_CH4,Step26_Model2_EQC_CH3,Step27_Model1_EQC_CH1,Step28_Model1_EQA_CH4,Step29_Model3_EQC_CH2,Step30_Model2_EQA_CH4,,,,,,,,,,,,,,,,,,,57.26608692948207,,,,,,,,,,,,,,,,,,,,42.05938751978647,,,,,,44.55889216024408,,,,,,,,,,9,,,,,,,,,
T007_W19,T007,19,Step1_Model3_EQC_CH1,Step2_Model3_EQC_CH1,Step3_Model2_EQA_CH3,Step4_Model2_EQB_CH2,Step5_Model2_EQA_CH2,Step6_Model2_EQB_CH2,Step7_Model3_EQA_CH2,Step8_Model1_EQB_CH2,Step9_Model2_EQB_CH3,Step10_Model2_EQA_CH1,Step11_Model1_EQC_CH1,Step12_Model3_EQC_CH2,Step13_Model2_EQA_CH3,Step14_Model2_EQC_CH1,Step15_Model2_EQA_CH3,Step16_Model3_EQA_CH3,Step17_Model2_EQC_CH4,Step18_Model2_EQC_CH4,Step19_Model2_EQB_CH2,Step20_Model1_EQC_CH2,Step21_Model3_EQC_CH1,Step22_Model2_EQA_CH1,Step23_Model3_EQC_CH2,Step24_Model1_EQA_CH4,Step25_Model3_EQC_CH4,Step26_Model2_EQC_CH4,Step27_Model1_EQC_CH2,Step28_Model1_EQA_CH3,Step29_Model3_EQC_CH2,Step30_Model2_EQA_CH1,,,,,65.00437712,,,,61.56721091038263,58.144986316631886,,,,,,,,,,,,,,,,,,,46.118333498052294,,,40.82475885285383,,,,,,,,,,,,,,,,48.34366701528734,,,,,,,,11,,,,,,,,
T007_W20,T007,20,Step1_Model3_EQC_CH1,Step2_Model3_EQC_CH3,Step3_Model2_EQA_CH4,Step4_Model2_EQB_CH3,Step5_Model2_EQA_CH1,Step6_Model2_EQB_CH1,Step7_Model3_EQA_CH1,Step8_Model1_EQB_CH1,Step9_Model2_EQB_CH2,Step10_Model2_EQA_CH1,Step11_Model1_EQC_CH3,Step12_Model3_EQC_CH4,Step13_Model2_EQA_CH2,Step14_Model2_EQC_CH4,Step15_Model2_EQA_CH2,Step16_Model3_EQA_CH3,Step17_Model2_EQC_CH1,Step18_Model2_EQC_CH3,Step19_Model2_EQB_CH2,Step20_Model1_EQC_CH4,Step21_Model3_EQC_CH2,Step22_Model2_EQA_CH2,Step23_Model3_EQC_CH3,Step24_Model1_EQA_CH2,Step25_Model3_EQC_CH1,Step26_Model2_EQC_CH3,Step27_Model1_EQC_CH1,Step28_Model1_EQA_CH2,Step29_Model3_EQC_CH3,Step30_Model2_EQA_CH4,,,42.608112142216626,,63.44779983274404,,,,,,,,,,,,,,,,42.02557389015993,36.00098870145814,,,,,,56.288742817430304,54.327425386338156,27.3439052,,,,,,,,,,,,55.2599435,,,,,,,,,,,,,,,,,,,,,,
T007_W21,T007,21,Step1_Model3_EQC_CH1,Step2_Model3_EQC_CH2,Step3_Model2_EQA_CH4,Step4_Model2_EQB_CH4,Step5_Model2_EQA_CH2,Step6_Model2_EQB_CH3,Step7_Model3_EQA_CH2,Step8_Model1_EQB_CH3,Step9_Model2_EQB_CH4,Step10_Model2_EQA_CH2,Step11_Model1_EQC_CH3,Step12_Model3_EQC_CH4,Step13_Model2_EQA_CH2,Step14_Model2_EQC_CH4,Step15_Model2_EQA_CH1,Step16_Model3_EQA_CH3,Step17_Model2_EQC_CH3,Step18_Model2_EQC_CH2,Step19_Model2_EQB_CH1,Step20_Model1_EQC_CH3,Step21_Model3_EQC_CH3,Step22_Model2_EQA_CH2,Step23_Model3_EQC_CH2,Step24_Model1_EQA_CH1,Step25_Model3_EQC_CH4,Step26_Model2_EQC_CH1,Step27_Model1_EQC_CH2,Step28_Model1_EQA_CH3,Step29_Model3_EQC_CH2,Step30_Model2_EQA_CH4,,,,,,62.93504457529273,,40.67608596775494,,,31.339687219630726,,,,,,,,,,,,,,46.81248885865966,,,,47.624018626085494,,,,,,,51.10432402010414,,,,,,,,,,,,,,12,,,,,,,,,,,,,,
T007_W22,T007,22,Step1_Model3_EQC_CH2,Step2_Model3_EQC_CH4,Step3_Model2_EQA_CH2,Step4_Model2_EQB_CH4,Step5_Model2_EQA_CH2,Step6_Model2_EQB_CH1,Step7_Model3_EQA_CH4,Step8_Model1_EQB_CH2,Step9_Model2_EQB_CH3,Step10_Model2_EQA_CH2,Step11_Model1_EQC_CH1,Step12_Model3_EQC_CH4,Step13_Model2_EQA_CH1,Step14_Model2_EQC_CH1,Step15_Model2_EQA_CH4,Step16_Model3_EQA_CH3,Step17_Model2_EQC_CH2,Step18_Model2_EQC_CH3,Step19_Model2_EQB_CH4,Step20_Model1_EQC_CH4,Step21_Model3_EQC_CH3,Step22_Model2_EQA_CH1,Step23_Model3_EQC_CH3,Step24_Model1_EQA_CH4,Step25_Model3_EQC_CH1,Step26_Model2_EQC_CH1,Step27_Model1_EQC_CH1,Step28_Model1_EQA_CH3,Step29_Model3_EQC_CH3,Step30_Model2_EQA_CH3,,,34.12201234858454,,,,39.61260058419801,,,,35.54310847264459,,,69.27595193233053,,,,,,,,,,,,,,,53.52255260966218,,,,,,,58.211932241198845,,,,39.765789615553956,,58.329851840934836,,,,,,,,,14,,,,,,,,,,,,,
T007_W23,T007,23,Step1_Model3_EQC_CH4,Step2_Model3_EQC_CH3,Step3_Model2_EQA_CH3,Step4_Model2_EQB_CH1,Step5_Model2_EQA_CH2,Step6_Model2_EQB_CH1,Step7_Model3_EQA_CH1,Step8_Model1_EQB_CH1,Step9_Model2_EQB_CH3,Step10_Model2_EQA_CH4,Step11_Model1_EQC_CH1,Step12_Model3_EQC_CH1,Step13_Model2_EQA_CH3,Step14_Model2_EQC_CH2,Step15_Model2_EQA_CH2,Step16_Model3_EQA_CH2,Step17_Model2_EQC_CH4,Step18_Model2_EQC_CH1,Step19_Model2_EQB_CH2,Step20_Model1_EQC_CH3,Step21_Model3_EQC_CH1,Step22_Model2_EQA_CH3,Step23_Model3_EQC_CH1,Step24_Model1_EQA_CH1,Step25_Model3_EQC_CH4,Step26_Model2_EQC_CH2,Step27_Model1_EQC_CH4,Step28_Model1_EQA_CH2,Step29_Model3_EQC_CH1,Step30_Model2_EQA_CH4,40.137683825037605,42.86319175374192,,,,,45.203893890592106,,,,,,,,,,,,,,,33.27712137648116,,,,,,,,,,,,,51.19219999834906,,52.683474213432575,,,55.88238266,,,,,46.56500065583141,,,48.534378382062286,,8,,,,,,,,,,,,,,
T007_W24,T007,24,Step1_Model3_EQC_CH1,Step2_Model3_EQC_CH4,Step3_Model2_EQA_CH3,Step4_Model2_EQB_CH3,Step5_Model2_EQA_CH2,Step6_Model2_EQB_CH1,Step7_Model3_EQA_CH4,Step8_Model1_EQB_CH4,Step9_Model2_EQB_CH3,Step10_Model2_EQA_CH1,Step11_Model1_EQC_CH2,Step12_Model3_EQC_CH3,Step13_Model2_EQA_CH1,Step14_Model2_EQC_CH4,Step15_Model2_EQA_CH3,Step16_Model3_EQA_CH2,Step17_Model2_EQC_CH1,Step18_Model2_EQC_CH3,Step19_Model2_EQB_CH3,Step20_Model1_EQC_CH1,Step21_Model3_EQC_CH2,Step22_Model2_EQA_CH4,Step23_Model3_EQC_CH4,Step24_Model1_EQA_CH1,Step25_Model3_EQC_CH4,Step26_Model2_EQC_CH4,Step27_Model1_EQC_CH2,Step28_Model1_EQA_CH4,Step29_Model3_EQC_CH4,Step30_Model2_EQA_CH1,,,,,,,,,,51.750192468660416,,,,,,,,,61.84292936853932,39.18951205440798,,,62.14300627065361,,41.97402241948104,,,,,,,,,,,,,32.39512631148082,,,,,,,,36.37541705454669,,,,,,,,10,,,13,,,,,,,
T007_W25,T007,25,Step1_Model3_EQC_CH1,Step2_Model3_EQC_CH4,Step3_Model2_EQA_CH1,Step4_Model2_EQB_CH2,Step5_Model2_EQA_CH1,Step6_Model2_EQB_CH3,Step7_Model3_EQA_CH2,Step8_Model1_EQB_CH2,Step9_Model2_EQB_CH3,Step10_Model2_EQA_CH2,Step11_Model1_EQC_CH3,Step12_Model3_EQC_CH4,Step13_Model2_EQA_CH4,Step14_Model2_EQC_CH4,Step15_Model2_EQA_CH4,Step16_Model3_EQA_CH3,Step17_Model2_EQC_CH3,Step18_Model2_EQC_CH1,Step19_Model2_EQB_CH2,Step20_Model1_EQC_CH4,Step21_Model3_EQC_CH4,Step22_Model2_EQA_CH1,Step23_Model3_EQC_CH2,Step24_Model1_EQA_CH1,Step25_Model3_EQC_CH4,Step26_Model2_EQC_CH3,Step27_Model1_EQC_CH2,Step28_Model1_EQA_CH1,Step29_Model3_EQC_CH3,Step30_Model2_EQA_CH3,,,,,,55.96360716104588,,,,,,,50.106846517147176,,,,,,,,,26.638059737866378,,,,,49.64682941136624,,,,,,,,,,,,40.301743006117405,,,,,,47.05803605855165,38.20854225,,,8,,,,,,,,,,,,,,,
T008_W01,T008,1,Step1_Model3_EQB_CH4,Step2_Model1_EQC_CH3,Step3_Model2_EQC_CH3,Step4_Model2_EQA_CH3,Step5_Model2_EQC_CH1,Step6_Model1_EQA_CH3,Step7_Model3_EQB_CH3,Step8_Model1_EQC_CH4,Step9_Model3_EQA_CH1,Step10_Model2_EQC_CH1,Step11_Model2_EQC_CH2,Step12_Model3_EQB_CH1,Step13_Model1_EQA_CH2,Step14_Model3_EQC_CH3,Step15_Model3_EQB_CH3,Step16_Model3_EQC_CH4,Step17_Model1_EQA_CH4,Step18_Model3_EQA_CH3,Step19_Model2_EQB_CH1,Step20_Model2_EQA_CH3,Step21_Model3_EQB_CH2,Step22_Model2_EQA_CH3,Step23_Model1_EQA_CH2,Step24_Model1_EQA_CH3,Step25_Model3_EQA_CH1,Step26_Model2_EQC_CH1,Step27_Model2_EQA_CH4,Step28_Model3_EQC_CH4,Step29_Model1_EQB_CH1,Step30_Model1_EQA_CH3,,,,,,,,,,60.56975908630212,32.23094272,,46.66271367523762,,,65.55160796218205,,,,,,37.39689996824006,68.74217385944198,,,,53.388214420526346,,,,,,,,,,,,,45.25975785,,,,,,,,,,,,,,,,,,7,,,,,,
T008_W02,T008,2,Step1_Model3_EQB_CH2,Step2_Model1_EQC_CH4,Step3_Model2_EQC_CH4,Step4_Model2_EQA_CH4,Step5_Model2_EQC_CH1,Step6_Model1_EQA_CH4,Step7_Model3_EQB_CH3,Step8_Model1_EQC_CH1,Step9_Model3_EQA_CH4,Step10_Model2_EQC_CH2,Step11_Model2_EQC_CH3,Step12_Model3_EQB_CH2,Step13_Model1_EQA_CH2,Step14_Model3_EQC_CH1,Step15_Model3_EQB_CH3,Step16_Model3_EQC_CH3,Step17_Model1_EQA_CH4,Step18_Model3_EQA_CH1,Step19_Model2_EQB_CH1,Step20_Model2_EQA_CH2,Step21_Model3_EQB_CH2,Step22_Model2_EQA_CH4,Step23_Model1_EQA_CH4,Step24_Model1_EQA_CH4,Step25_Model3_EQA_CH1,Step26_Model2_EQC_CH2,Step27_Model2_EQA_CH2,Step28_Model3_EQC_CH4,Step29_Model1_EQB_CH1,Step30_Model1_EQA_CH1,,,42.111259953660735,46.13291459273319,,,43.872013957739156,,64.09605435383587,,,,,,,62.86927662528229,,,,,,,,,,,,,,,,,,,,56.074476348896226,,,,,,,,,,,,,,,,,,,,,,,,,,,,
T008_W03,T008,3,Step1_Model3_EQB_CH1,Step2_Model1_EQC_CH2,Step3_Model2_EQC_CH3,Step4_Model2_EQA_CH1,Step5_Model2_EQC_CH2,Step6_Model1_EQA_CH2,Step7_Model3_EQB_CH1,Step8_Model1_EQC_CH1,Step9_Model3_EQA_CH3,Step10_Model2_EQC_CH2,Step11_Model2_EQC_CH3,Step12_Model3_EQB_CH1,Step13_Model1_EQA_CH3,Step14_Model3_EQC_CH2,Step15_Model3_EQB_CH4,Step16_Model3_EQC_CH3,Step17_Model1_EQA_CH2,Step18_Model3_EQA_CH4,Step19_Model2_EQB_CH3,Step20_Model2_EQA_CH3,Step21_Model3_EQB_CH3,Step22_Model2_EQA_CH2,Step23_Model1_EQA_CH1,Step24_Model1_EQA_CH2,Step25_Model3_EQA_CH1,Step26_Model2_EQC_CH4,Step27_Model2_EQA_CH2,Step28_Model3_EQC_CH3,Step29_Model1_EQB_CH4,Step30_Model1_EQA_CH4,,44.08975329723641,,51.932843521646085,,,,,,,,,,,,,,,,38.965057624287454,,,,,,,48.38771641951168,,,,,,,,,,,,,,50.54138150988874,,,,,,,,,,,,,,,,,,,,,,,
T008_W04,T008,4,Step1_Model3_EQB_CH1,Step2_Model1_EQC_CH2,Step3_Model2_EQC_CH3,Step4_Model2_EQA_CH3,Step5_Model2_EQC_CH1,Step6_Model1_EQA_CH4,Step7_Model3_EQB_CH4,Step8_Model1_EQC_CH2,Step9_Model3_EQA_CH2,Step10_Model2_EQC_CH3,Step11_Model2_EQC_CH4,Step12_Model3_EQB_CH3,Step13_Model1_EQA_CH2,Step14_Model3_EQC_CH2,Step15_Model3_EQB_CH3,Step16_Model3_EQC_CH1,Step17_Model1_EQA_CH2,Step18_Model3_EQA_CH4,Step19_Model2_EQB_CH4,Step20_Model2_EQA_CH3,Step21_Model3_EQB_CH3,Step22_Model2_EQA_CH3,Step23_Model1_EQA_CH2,Step24_Model1_EQA_CH4,Step25_Model3_EQA_CH1,Step26_Model2_EQC_CH3,Step27_Model2_EQA_CH3,Step28_Model3_EQC_CH3,Step29_Model1_EQB_CH2,Step30_Model1_EQA_CH1,,,,59.40455502114413,,,47.38872203480949,,,54.654205583419106,,48.000772277008714,,,,63.73126378034649,,,57.04746484765342,,,,,,,,55.86833252402751,,48.00299916968187,,,,,65.21106945,,57.26366167740744,49.764821528139024,,,,49.43092674404581,,56.2317927,,,,,,,,,,,,,,,,,,,,,
T008_W05,T008,5,Step1_Model3_EQB_CH3,Step2_Model1_EQC_CH2,Step3_Model2_EQC_CH1,Step4_Model2_EQA_CH2,Step5_Model2_EQC_CH2,Step6_Model1_EQA_CH1,Step7_Model3_EQB_CH1,Step8_Model1_EQC_CH1,Step9_Model3_EQA_CH2,Step10_Model2_EQC_CH4,Step11_Model2_EQC_CH4,Step12_Model3_EQB_CH3,Step13_Model1_EQA_CH2,Step14_Model3_EQC_CH1,Step15_Model3_EQB_CH1,Step16_Model3_EQC_CH4,Step17_Model1_EQA_CH3,Step18_Model3_EQA_CH2,Step19_Model2_EQB_CH1,Step20_Model2_EQA_CH3,Step21_Model3_EQB_CH2,Step22_Model2_EQA_CH2,Step23_Model1_EQA_CH4,Step24_Model1_EQA_CH2,Step25_Model3_EQA_CH2,Step26_Model2_EQC_CH3,Step27_Model2_EQA_CH4,Step28_Model3_EQC_CH4,Step29_Model1_EQB_CH2,Step30_Model1_EQA_CH4,,34.728223880473365,,,,,,,,,45.115987376066386,,,,,,,,,,,,,,,,,,,,,,,,,,,,,,,65.35491697258051,60.59398460515608,,,,,,,,,,,,,,,,,,,,,
T008_W06,T008,6,Step1_Model3_EQB_CH1,Step2_Model1_EQC_CH2,Step3_Model2_EQC_CH3,Step4_Model2_EQA_CH4,Step5_Model2_EQC_CH3,Step6_Model1_EQA_CH4,Step7_Model3_EQB_CH2,Step8_Model1_EQC_CH3,Step9_Model3_EQA_CH3,Step10_Model2_EQC_CH1,Step11_Model2_EQC_CH4,Step12_Model3_EQB_CH4,Step13_Model1_EQA_CH3,Step14_Model3_EQC_CH4,Step15_Model3_EQB_CH2,Step16_Model3_EQC_CH4,Step17_Model1_EQA_CH3,Step18_Model3_EQA_CH3,Step19_Model2_EQB_CH2,Step20_Model2_EQA_CH1,Step21_Model3_EQB_CH2,Step22_Model2_EQA_CH3,Step23_Model1_EQA_CH4,Step24_Model1_EQA_CH4,Step25_Model3_EQA_CH4,Step26_Model2_EQC_CH1,Step27_Model2_EQA_CH1,Step28_Model3_EQC_CH2,Step29_Model1_EQB_CH3,Step30_Model1_EQA_CH4,,,,,,,,,,,,,,62.50567836084718,,,,,,,,,,,,,,,,,,,,,,59.60546705200284,,34.162680075421676,,35.635133670446976,,,,,,,,,,,,,,,,,,,,,,,,
T008_W07,T008,7,Step1_Model3_EQB_CH2,Step2_Model1_EQC_CH2,Step3_Model2_EQC_CH2,Step4_Model2_EQA_CH4,Step5_Model2_EQC_CH1,Step6_Model1_EQA_CH2,Step7_Model3_EQB_CH1,Step8_Model1_EQC_CH2,Step9_Model3_EQA_CH2,Step10_Model2_EQC_CH3,Step11_Model2_EQC_CH2,Step12_Model3_EQB_CH4,Step13_Model1_EQA_CH1,Step14_Model3_EQC_CH1,Step15_Model3_EQB_CH2,Step16_Model3_EQC_CH1,Step17_Model1_EQA_CH3,Step18_Model3_EQA_CH4,Step19_Model2_EQB_CH2,Step20_Model2_EQA_CH4,Step21_Model3_EQB_CH1,Step22_Model2_EQA_CH1,Step23_Model1_EQA_CH3,Step24_Model1_EQA_CH3,Step25_Model3_EQA_CH2,Step26_Model2_EQC_CH1,Step27_Model2_EQA_CH1,Step28_Model3_EQC_CH4,Step29_Model1_EQB_CH1,Step30_Model1_EQA_CH2,,,,50.148903103693314,,67.14058586258214,,,50.85057290507172,,,,36.84512528488476,,,,,,,,,,,,,,,,,,,,66.36099965086774,59.21734553,,,,,,,51.51934746906497,,65.38692472861511,,52.620144451613996,,,56.81728082920802,,,,,,,,,,,,,,,,
T008_W08,T008,8,Step1_Model3_EQB_CH1,Step2_Model1_EQC_CH1,Step3_Model2_EQC_CH2,Step4_Model2_EQA_CH3,Step5_Model2_EQC_CH4,Step6_Model1_EQA_CH3,Step7_Model3_EQB_CH2,Step8_Model1_EQC_CH3,Step9_Model3_EQA_CH4,Step10_Model2_EQC_CH2,Step11_Model2_EQC_CH4,Step12_Model3_EQB_CH3,Step13_Model1_EQA_CH3,Step14_Model3_EQC_CH1,Step15_Model3_EQB_CH4,Step16_Model3_EQC_CH4,Step17_Model1_EQA_CH2,Step18_Model3_EQA_CH1,Step19_Model2_EQB_CH4,Step20_Model2_EQA_CH4,Step21_Model3_EQB_CH4,Step22_Model2_EQA_CH1,Step23_Model1_EQA_CH4,Step24_Model1_EQA_CH1,Step25_Model3_EQA_CH4,Step26_Model2_EQC_CH3,Step27_Model2_EQA_CH2,Step28_Model3_EQC_CH1,Step29_Model1_EQB_CH1,Step30_Model1_EQA_CH2,,,,,,,,,,,,,,,,,,,,,,,61.04153206193487,,,,44.81457269272705,,,,,,59.490580397726035,,,,,,,,46.77520564398352,,58.64831809410668,31.35287967441827,46.92533568043609,,,,,,,,,,,,,,,,,,,
T008_W09,T008,9,Step1_Model3_EQB_CH4,Step2_Model1_EQC_CH3,Step3_Model2_EQC_CH4,Step4_Model2_EQA_CH3,Step5_Model2_EQC_CH3,Step6_Model1_EQA_CH3,Step7_Model3_EQB_CH1,Step8_Model1_EQC_CH3,Step9_Model3_EQA_CH3,Step10_Model2_EQC_CH1,Step11_Model2_EQC_CH2,Step12_Model3_EQB_CH1,Step13_Model1_EQA_CH1,Step14_Model3_EQC_CH2,Step15_Model3_EQB_CH4,Step16_Model3_EQC_CH4,Step17_Model1_EQA_CH4,Step18_Model3_EQA_CH1,Step19_Model2_EQB_CH1,Step20_Model2_EQA_CH1,Step21_Model3_EQB_CH4,Step22_Model2_EQA_CH3,Step23_Model1_EQA_CH2,Step24_Model1_EQA_CH2,Step25_Model3_EQA_CH4,Step26_Model2_EQC_CH4,Step27_Model2_EQA_CH3,Step28_Model3_EQC_CH3,Step29_Model1_EQB_CH1,Step30_Model1_EQA_CH4,,,,,,,,,,,,,,,,,,34.55536529255543,58.48251951524375,35.04782264918662,,,,,46.77664614785375,65.19654434622755,51.76871986569159,,,,,,,,,,,,,,48.98860909766445,,,,,,,,,,,,,,,,,,,,,,,
T008_W10,T008,10,Step1_Model3_EQB_CH2,Step2_Model1_EQC_CH4,Step3_Model2_EQC_CH2,Step4_Model2_EQA_CH3,Step5_Model2_EQC_CH4,Step6_Model1_EQA_CH4,Step7_Model3_EQB_CH1,Step8_Model1_EQC_CH3,Step9_Model3_EQA_CH4,Step10_Model2_EQC_CH3,Step11_Model2_EQC_CH4,Step12_Model3_EQB_CH3,Step13_Model1_EQA_CH1,Step14_Model3_EQC_CH2,Step15_Model3_EQB_CH2,Step16_Model3_EQC_CH4,Step17_Model1_EQA_CH1,Step18_Model3_EQA_CH4,Step19_Model2_EQB_CH4,Step20_Model2_EQA_CH1,Step21_Model3_EQB_CH1,Step22_Model2_EQA_CH4,Step23_Model1_EQA_CH4,Step24_Model1_EQA_CH3,Step25_Model3_EQA_CH4,Step26_Model2_EQC_CH2,Step27_Model2_EQA_CH3,Step28_Model3_EQC_CH1,Step29_Model1_EQB_CH1,Step30_Model1_EQA_CH1,40.81610605752667,,,,,,,,,,,,,,,,49.68624949630738,45.596199134777045,,25.36531505727976,,35.475124208836135,,,,61.83012661046517,,,,,,,58.56565190162122,,,50.57731660422708,,,,,,,,,,,,,,,,,,,10,,,,,,,,,
T008_W11,T008,11,Step1_Model3_EQB_CH2,Step2_Model1_EQC_CH1,Step3_Model2_EQC_CH1,Step4_Model2_EQA_CH3,Step5_Model2_EQC_CH3,Step6_Model1_EQA_CH1,Step7_Model3_EQB_CH3,Step8_Model1_EQC_CH2,Step9_Model3_EQA_CH2,Step10_Model2_EQC_CH1,Step11_Model2_EQC_CH2,Step12_Model3_EQB_CH4,Step13_Model1_EQA_CH4,Step14_Model3_EQC_CH4,Step15_Model3_EQB_CH2,Step16_Model3_EQC_CH2,Step17_Model1_EQA_CH4,Step18_Model3_EQA_CH4,Step19_Model2_EQB_CH4,Step20_Model2_EQA_CH4,Step21_Model3_EQB_CH1,Step22_Model2_EQA_CH2,Step23_Model1_EQA_CH3,Step24_Model1_EQA_CH4,Step25_Model3_EQA_CH4,Step26_Model2_EQC_CH3,Step27_Model2_EQA_CH1,Step28_Model3_EQC_CH2,Step29_Model1_EQB_CH3,Step30_Model1_EQA_CH2,,35.39073971631215,,54.78403313,,63.021503814529574,,,,,35.35778905147479,,,,37.99456522866327,,49.99259662808712,48.044125439450944,,,38.33507926318928,,,,42.94372392,,53.05217592210065,,,,,,,,,50.68885097760485,,,,,,,62.764343500394226,,,27.57155944594892,,,,,,,,,,,,,,,,,,
T008_W12,T008,12,Step1_Model3_EQB_CH2,Step2_Model1_EQC_CH3,Step3_Model2_EQC_CH4,Step4_Model2_EQA_CH4,Step5_Model2_EQC_CH4,Step6_Model1_EQA_CH2,Step7_Model3_EQB_CH3,Step8_Model1_EQC_CH4,Step9_Model3_EQA_CH2,Step10_Model2_EQC_CH1,Step11_Model2_EQC_CH1,Step12_Model3_EQB_CH2,Step13_Model1_EQA_CH3,Step14_Model3_EQC_CH2,Step15_Model3_EQB_CH3,Step16_Model3_EQC_CH2,Step17_Model1_EQA_CH4,Step18_Model3_EQA_CH4,Step19_Model2_EQB_CH1,Step20_Model2_EQA_CH2,Step21_Model3_EQB_CH1,Step22_Model2_EQA_CH3,Step23_Model1_EQA_CH2,Step24_Model1_EQA_CH3,Step25_Model3_EQA_CH4,Step26_Model2_EQC_CH1,Step27_Model2_EQA_CH2,Step28_Model3_EQC_CH4,Step29_Model1_EQB_CH2,Step30_Model1_EQA_CH2,,29.456889644879976,,,60.218156552066745,,,34.28907943816328,,,,,,52.81253356147349,,,,,,34.865264871483305,,,,,,,,,,,,,,,,,52.58874599517086,,,,,,,,,,,,,,,,,6,,,,,,,,,,
T008_W13,T008,13,Step1_Model3_EQB_CH1,Step2_Model1_EQC_CH2,Step3_Model2_EQC_CH3,Step4_Model2_EQA_CH1,Step5_Model2_EQC_CH1,Step6_Model1_EQA_CH3,Step7_Model3_EQB_CH2,Step8_Model1_EQC_CH1,Step9_Model3_EQA_CH3,Step10_Model2_EQC_CH4,Step11_Model2_EQC_CH1,Step12_Model3_EQB_CH4,Step13_Model1_EQA_CH3,Step14_Model3_EQC_CH2,Step15_Model3_EQB_CH3,Step16_Model3_EQC_CH3,Step17_Model1_EQA_CH3,Step18_Model3_EQA_CH1,Step19_Model2_EQB_CH3,Step20_Model2_EQA_CH2,Step21_Model3_EQB_CH3,Step22_Model2_EQA_CH4,Step23_Model1_EQA_CH2,Step24_Model1_EQA_CH3,Step25_Model3_EQA_CH4,Step26_Model2_EQC_CH3,Step27_Model2_EQA_CH1,Step28_Model3_EQC_CH4,Step29_Model1_EQB_CH1,Step30_Model1_EQA_CH1,,,,,,,,,,,,,,68.49322572122149,,,,,,,,,,,,,,,,,45.57062097372166,,,,,55.21850174479451,,,45.827435562798215,,,,,,,43.10937672846559,,,,,,,,,,,,,,,,,,
T008_W14,T008,14,Step1_Model3_EQB_CH3,Step2_Model1_EQC_CH1,Step3_Model2_EQC_CH4,Step4_Model2_EQA_CH4,Step5_Model2_EQC_CH3,Step6_Model1_EQA_CH4,Step7_Model3_EQB_CH2,Step8_Model1_EQC_CH3,Step9_Model3_EQA_CH1,Step10_Model2_EQC_CH4,Step11_Model2_EQC_CH2,Step12_Model3_EQB_CH2,Step13_Model1_EQA_CH4,Step14_Model3_EQC_CH3,Step15_Model3_EQB_CH2,Step16_Model3_EQC_CH2,Step17_Model1_EQA_CH1,Step18_Model3_EQA_CH1,Step19_Model2_EQB_CH1,Step20_Model2_EQA_CH4,Step21_Model3_EQB_CH1,Step22_Model2_EQA_CH1,Step23_Model1_EQA_CH1,Step24_Model1_EQA_CH2,Step25_Model3_EQA_CH4,Step26_Model2_EQC_CH4,Step27_Model2_EQA_CH1,Step28_Model3_EQC_CH4,Step29_Model1_EQB_CH2,Step30_Model1_EQA_CH3,,,,,,,,,,,,,,,,,,,,35.351664930121856,,,60.24274231,43.95125146687945,,,,,,,,,,,,,,39.11695794660366,47.61873465129877,,,58.14296740552491,,,,48.38484008355151,,51.89616096,,,,,,,,,,,,,,,,
T008_W15,T008,15,Step1_Model3_EQB_CH4,Step2_Model1_EQC_CH3,Step3_Model2_EQC_CH4,Step4_Model2_EQA_CH4,Step5_Model2_EQC_CH1,Step6_Model1_EQA_CH1,Step7_Model3_EQB_CH3,Step8_Model1_EQC_CH1,Step9_Model3_EQA_CH2,Step10_Model2_EQC_CH2,Step11_Model2_EQC_CH1,Step12_Model3_EQB_CH3,Step13_Model1_EQA_CH3,Step14_Model3_EQC_CH2,Step15_Model3_EQB_CH3,Step16_Model3_EQC_CH1,Step17_Model1_EQA_CH4,Step18_Model3_EQA_CH1,Step19_Model2_EQB_CH4,Step20_Model2_EQA_CH3,Step21_Model3_EQB_CH2,Step22_Model2_EQA_CH4,Step23_Model1_EQA_CH2,Step24_Model1_EQA_CH1,Step25_Model3_EQA_CH1,Step26_Model2_EQC_CH4,Step27_Model2_EQA_CH1,Step28_Model3_EQC_CH4,Step29_Model1_EQB_CH3,Step30_Model1_EQA_CH1,,,34.89216849013486,,,,,,57.08651057391707,54.24606968261286,,47.81491767535882,,64.28393297151635,,,,,,,,,66.69063416827898,,,,,,,,,,,,,,50.64420251520595,,,,,,,,,,,,,,,,,9,,,,,,,,,,
T008_W16,T008,16,Step1_Model3_EQB_CH3,Step2_Model1_EQC_CH2,Step3_Model2_EQC_CH4,Step4_Model2_EQA_CH2,Step5_Model2_EQC_CH2,Step6_Model1_EQA_CH1,Step7_Model3_EQB_CH4,Step8_Model1_EQC_CH3,Step9_Model3_EQA_CH1,Step10_Model2_EQC_CH4,Step11_Model2_EQC_CH3,Step12_Model3_EQB_CH4,Step13_Model1_EQA_CH1,Step14_Model3_EQC_CH4,Step15_Model3_EQB_CH2,Step16_Model3_EQC_CH3,Step17_Model1_EQA_CH2,Step18_Model3_EQA_CH4,Step19_Model2_EQB_CH3,Step20_Model2_EQA_CH1,Step21_Model3_EQB_CH1,Step22_Model2_EQA_CH3,Step23_Model1_EQA_CH2,Step24_Model1_EQA_CH4,Step25_Model3_EQA_CH2,Step26_Model2_EQC_CH1,Step27_Model2_EQA_CH3,Step28_Model3_EQC_CH2,Step29_Model1_EQB_CH3,Step30_Model1_EQA_CH4,,,,,63.599065308483034,,,31.697195361975442,,,,,41.71771683999423,,,,,,,,,,,,45.56640475464763,,,,,,,,,,,,,,,,,,,,42.08414379592655,,,,7,,,,,,,,,,,,,,,
T008_W17,T008,17,Step1_Model3_EQB_CH2,Step2_Model1_EQC_CH1,Step3_Model2_EQC_CH3,Step4_Model2_EQA_CH4,Step5_Model2_EQC_CH2,Step6_Model1_EQA_CH1,Step7_Model3_EQB_CH4,Step8_Model1_EQC_CH4,Step9_Model3_EQA_CH2,Step10_Model2_EQC_CH3,Step11_Model2_EQC_CH1,Step12_Model3_EQB_CH2,Step13_Model1_EQA_CH4,Step14_Model3_EQC_CH4,Step15_Model3_EQB_CH1,Step16_Model3_EQC_CH2,Step17_Model1_EQA_CH4,Step18_Model3_EQA_CH2,Step19_Model2_EQB_CH2,Step20_Model2_EQA_CH2,Step21_Model3_EQB_CH3,Step22_Model2_EQA_CH2,Step23_Model1_EQA_CH1,Step24_Model1_EQA_CH1,Step25_Model3_EQA_CH4,Step26_Model2_EQC_CH3,Step27_Model2_EQA_CH2,Step28_Model3_EQC_CH1,Step29_Model1_EQB_CH4,Step30_Model1_EQA_CH3,,,,,66.54217555133607,,,,,,39.43191629591066,,43.88572143602889,,,,,,,,,,66.58375923866276,,,,,,,,35.163178035581936,,,,,,,,,,,,,,43.24786730492413,37.253110094733785,,48.72190477182292,,,,,,,,,,,,,,,,
T008_W18,T008,18,Step1_Model3_EQB_CH3,Step2_Model1_EQC_CH2,Step3_Model2_EQC_CH4,Step4_Model2_EQA_CH4,Step5_Model2_EQC_CH1,Step6_Model1_EQA_CH4,Step7_Model3_EQB_CH4,Step8_Model1_EQC_CH3,Step9_Model3_EQA_CH4,Step10_Model2_EQC_CH1,Step11_Model2_EQC_CH1,Step12_Model3_EQB_CH1,Step13_Model1_EQA_CH3,Step14_Model3_EQC_CH4,Step15_Model3_EQB_CH4,Step16_Model3_EQC_CH3,Step17_Model1_EQA_CH4,Step18_Model3_EQA_CH3,Step19_Model2_EQB_CH3,Step20_Model2_EQA_CH3,Step21_Model3_EQB_CH4,Step22_Model2_EQA_CH4,Step23_Model1_EQA_CH4,Step24_Model1_EQA_CH1,Step25_Model3_EQA_CH3,Step26_Model2_EQC_CH1,Step27_Model2_EQA_CH4,Step28_Model3_EQC_CH3,Step29_Model1_EQB_CH2,Step30_Model1_EQA_CH3,,,,,,58.677547850897085,,,,,,43.31377025692034,,,,69.76474886384902,,,,,,,,,,,47.41613747813475,68.62378124340171,,37.003355748175466,,,,,,,,,44.359481602930245,,,55.585418795488444,,32.530471280034575,,,60.126620034653605,,,,,,,,,,7,,,,,,,
T008_W19,T008,19,Step1_Model3_EQB_CH3,Step2_Model1_EQC_CH1,Step3_Model2_EQC_CH2,Step4_Model2_EQA_CH4,Step5_Model2_EQC_CH2,Step6_Model1_EQA_CH4,Step7_Model3_EQB_CH2,Step8_Model1_EQC_CH1,Step9_Model3_EQA_CH3,Step10_Model2_EQC_CH2,Step11_Model2_EQC_CH1,Step12_Model3_EQB_CH4,Step13_Model1_EQA_CH3,Step14_Model3_EQC_CH2,Step15_Model3_EQB_CH4,Step16_Model3_EQC_CH2,Step17_Model1_EQA_CH3,Step18_Model3_EQA_CH3,Step19_Model2_EQB_CH4,Step20_Model2_EQA_CH4,Step21_Model3_EQB_CH4,Step22_Model2_EQA_CH3,Step23_Model1_EQA_CH4,Step24_Model1_EQA_CH1,Step25_Model3_EQA_CH3,Step26_Model2_EQC_CH1,Step27_Model2_EQA_CH2,Step28_Model3_EQC_CH4,Step29_Model1_EQB_CH1,Step30_Model1_EQA_CH1,,,,,,,,,,,,50.18794780921877,,,31.17177568,,,,,,,29.448213596894433,,,52.122122910954396,,,,,,36.38293475272034,,,,,,49.34181144531363,,,46.505366093076645,51.44244296596344,,,,,40.000648826366195,,52.626669730956365,,,,,,,,,,,,,,,,
T008_W20,T008,20,Step1_Model3_EQB_CH1,Step2_Model1_EQC_CH1,Step3_Model2_EQC_CH4,Step4_Model2_EQA_CH4,Step5_Model2_EQC_CH4,Step6_Model1_EQA_CH1,Step7_Model3_EQB_CH3,Step8_Model1_EQC_CH3,Step9_Model3_EQA_CH1,Step10_Model2_EQC_CH1,Step11_Model2_EQC_CH2,Step12_Model3_EQB_CH3,Step13_Model1_EQA_CH2,Step14_Model3_EQC_CH1,Step15_Model3_EQB_CH4,Step16_Model3_EQC_CH1,Step17_Model1_EQA_CH1,Step18_Model3_EQA_CH2,Step19_Model2_EQB_CH4,Step20_Model2_EQA_CH4,Step21_Model3_EQB_CH3,Step22_Model2_EQA_CH2,Step23_Model1_EQA_CH1,Step24_Model1_EQA_CH4,Step25_Model3_EQA_CH1,Step26_Model2_EQC_CH3,Step27_Model2_EQA_CH4,Step28_Model3_EQC_CH4,Step29_Model1_EQB_CH3,Step30_Model1_EQA_CH3,38.936419609330116,,,,65.24591186,,,39.73400365592825,,,,,,,,,,,,,,,,,46.21540114580117,,,,,,43.11077528381874,,61.79638265429222,,50.721780312784894,,54.89703953284636,,,39.020030865060704,,,,,,,,,,,,,,,,,,,,,,,,
T008_W21,T008,21,Step1_Model3_EQB_CH3,Step2_Model1_EQC_CH4,Step3_Model2_EQC_CH4,Step4_Model2_EQA_CH1,Step5_Model2_EQC_CH3,Step6_Model1_EQA_CH2,Step7_Model3_EQB_CH2,Step8_Model1_EQC_CH4,Step9_Model3_EQA_CH2,Step10_Model2_EQC_CH1,Step11_Model2_EQC_CH1,Step12_Model3_EQB_CH3,Step13_Model1_EQA_CH1,Step14_Model3_EQC_CH4,Step15_Model3_EQB_CH1,Step16_Model3_EQC_CH3,Step17_Model1_EQA_CH4,Step18_Model3_EQA_CH1,Step19_Model2_EQB_CH4,Step20_Model2_EQA_CH2,Step21_Model3_EQB_CH1,Step22_Model2_EQA_CH2,Step23_Model1_EQA_CH1,Step24_Model1_EQA_CH3,Step25_Model3_EQA_CH4,Step26_Model2_EQC_CH3,Step27_Model2_EQA_CH1,Step28_Model3_EQC_CH4,Step29_Model1_EQB_CH4,Step30_Model1_EQA_CH4,,,37.55909475208893,,56.15038510371934,,51.039081120382804,,,61.42506035656267,,,,,,,,,,,,,,,,,,,,,,,,,53.50034103929049,,,35.943451518721425,,,46.54245167401179,,,,,,53.93264982617798,,9,,,,,,,,,,,,,,,
T008_W22,T008,22,Step1_Model3_EQB_CH2,Step2_Model1_EQC_CH3,Step3_Model2_EQC_CH2,Step4_Model2_EQA_CH1,Step5_Model2_EQC_CH1,Step6_Model1_EQA_CH2,Step7_Model3_EQB_CH3,Step8_Model1_EQC_CH2,Step9_Model3_EQA_CH3,Step10_Model2_EQC_CH3,Step11_Model2_EQC_CH1,Step12_Model3_EQB_CH4,Step13_Model1_EQA_CH2,Step14_Model3_EQC_CH4,Step15_Model3_EQB_CH2,Step16_Model3_EQC_CH2,Step17_Model1_EQA_CH4,Step18_Model3_EQA_CH2,Step19_Model2_EQB_CH2,Step20_Model2_EQA_CH2,Step21_Model3_EQB_CH4,Step22_Model2_EQA_CH3,Step23_Model1_EQA_CH2,Step24_Model1_EQA_CH2,Step25_Model3_EQA_CH3,Step26_Model2_EQC_CH1,Step27_Model2_EQA_CH1,Step28_Model3_EQC_CH1,Step29_Model1_EQB_CH2,Step30_Model1_EQA_CH4,,,,,,,,,63.94767318208396,,,42.111494137971725,,,,64.61147658989611,,,,,34.351805262884014,,,,,,,,,,,,,,,,,,,,41.65066544070911,,,,,33.878246320512545,,,,,,,,,,,,,,,,,,
T008_W23,T008,23,Step1_Model3_EQB_CH4,Step2_Model1_EQC_CH1,Step3_Model2_EQC_CH1,Step4_Model2_EQA_CH3,Step5_Model2_EQC_CH2,Step6_Model1_EQA_CH2,Step7_Model3_EQB_CH4,Step8_Model1_EQC_CH4,Step9_Model3_EQA_CH4,Step10_Model2_EQC_CH3,Step11_Model2_EQC_CH4,Step12_Model3_EQB_CH4,Step13_Model1_EQA_CH1,Step14_Model3_EQC_CH3,Step15_Model3_EQB_CH1,Step16_Model3_EQC_CH3,Step17_Model1_EQA_CH3,Step18_Model3_EQA_CH2,Step19_Model2_EQB_CH4,Step20_Model2_EQA_CH4,Step21_Model3_EQB_CH1,Step22_Model2_EQA_CH3,Step23_Model1_EQA_CH3,Step24_Model1_EQA_CH1,Step25_Model3_EQA_CH1,Step26_Model2_EQC_CH3,Step27_Model2_EQA_CH1,Step28_Model3_EQC_CH3,Step29_Model1_EQB_CH1,Step30_Model1_EQA_CH3,36.84475078873335,,,,,,,,,,,46.16615027484868,,,36.988099804836935,,,,,,,,,,,63.98333783630294,,,,34.16530357299099,,,,66.51667940626558,53.32524450493872,60.14700437806676,,,32.312173689853424,,51.94257650443139,,,,,,,48.81241903664004,,,,,,,,,,,,,,,,
T008_W24,T008,24,Step1_Model3_EQB_CH4,Step2_Model1_EQC_CH2,Step3_Model2_EQC_CH1,Step4_Model2_EQA_CH4,Step5_Model2_EQC_CH2,Step6_Model1_EQA_CH4,Step7_Model3_EQB_CH3,Step8_Model1_EQC_CH3,Step9_Model3_EQA_CH1,Step10_Model2_EQC_CH3,Step11_Model2_EQC_CH2,Step12_Model3_EQB_CH1,Step13_Model1_EQA_CH1,Step14_Model3_EQC_CH2,Step15_Model3_EQB_CH1,Step16_Model3_EQC_CH4,Step17_Model1_EQA_CH2,Step18_Model3_EQA_CH4,Step19_Model2_EQB_CH3,Step20_Model2_EQA_CH2,Step21_Model3_EQB_CH2,Step22_Model2_EQA_CH3,Step23_Model1_EQA_CH1,Step24_Model1_EQA_CH1,Step25_Model3_EQA_CH3,Step26_Model2_EQC_CH4,Step27_Model2_EQA_CH2,Step28_Model3_EQC_CH2,Step29_Model1_EQB_CH1,Step30_Model1_EQA_CH4,,,,,65.64372800582517,,,,,,,,,,,,,,,,40.03107871334741,,,,,,,,,,45.51661200968197,,63.03624484792098,,,,,,,,,,,,,,59.77245339573978,,,,,,,,,,,,,,,,,
T008_W25,T008,25,Step1_Model3_EQB_CH2,Step2_Model1_EQC_CH1,Step3_Model2_EQC_CH1,Step4_Model2_EQA_CH1,Step5_Model2_EQC_CH3,Step6_Model1_EQA_CH1,Step7_Model3_EQB_CH1,Step8_Model1_EQC_CH3,Step9_Model3_EQA_CH2,Step10_Model2_EQC_CH4,Step11_Model2_EQC_CH4,Step12_Model3_EQB_CH4,Step13_Model1_EQA_CH2,Step14_Model3_EQC_CH2,Step15_Model3_EQB_CH1,Step16_Model3_EQC_CH2,Step17_Model1_EQA_CH4,Step18_Model3_EQA_CH2,Step19_Model2_EQB_CH3,Step20_Model2_EQA_CH4,Step21_Model3_EQB_CH3,Step22_Model2_EQA_CH2,Step23_Model1_EQA_CH2,Step24_Model1_EQA_CH2,Step25_Model3_EQA_CH3,Step26_Model2_EQC_CH3,Step27_Model2_EQA_CH3,Step28_Model3_EQC_CH1,Step29_Model1_EQB_CH3,Step30_Model1_EQA_CH4,,40.588181348109224,,,66.96110731239244,,,36.65441331928619,,,,,45.76705010911075,,,60.858409943496895,,37.225371588143354,,,,,,,,,,,,,,,,,,,,,,,,,,,49.65300712230473,,,,,,,,,,,,,,,,,,,
T009_W01,T009,1,Step1_Model3_EQB_CH2,Step2_Model3_EQA_CH1,Step3_Model3_EQA_CH2,Step4_Model1_EQC_CH1,Step5_Model2_EQC_CH4,Step6_Model3_EQB_CH4,Step7_Model1_EQB_CH4,Step8_Model1_EQB_CH4,Step9_Model2_EQB_CH1,Step10_Model3_EQC_CH3,Step11_Model1_EQA_CH4,Step12_Model3_EQA_CH2,Step13_Model3_EQC_CH2,Step14_Model1_EQC_CH3,Step15_Model2_EQA_CH1,Step16_Model2_EQB_CH3,Step17_Model2_EQB_CH1,Step18_Model3_EQC_CH2,Step19_Model2_EQC_CH1,Step20_Model2_EQB_CH4,Step21_Model3_EQB_CH3,Step22_Model1_EQC_CH3,Step23_Model2_EQB_CH2,Step24_Model2_EQA_CH4,Step25_Model1_EQC_CH4,Step26_Model2_EQC_CH1,Step27_Model3_EQB_CH3,Step28_Model1_EQA_CH4,Step29_Model3_EQC_CH2,Step30_Model3_EQC_CH1,,,,,,,,,,46.84899274214247,30.814874025664942,,,61.14627525,42.080265246449095,59.39936565,,,,,,,63.195604760103855,48.21392154806038,,,,55.6627313,,,,,,,,,51.988313287664745,,46.90178343248965,,,52.20536686688374,,,,,,,,,,,,,,,,,,,,,,
T009_W02,T009,2,Step1_Model3_EQB_CH3,Step2_Model3_EQA_CH4,Step3_Model3_EQA_CH2,Step4_Model1_EQC_CH1,Step5_Model2_EQC_CH1,Step6_Model3_EQB_CH1,Step7_Model1_EQB_CH2,Step8_Model1_EQB_CH4,Step9_Model2_EQB_CH3,Step10_Model3_EQC_CH4,Step11_Model1_EQA_CH4,Step12_Model3_EQA_CH4,Step13_Model3_EQC_CH4,Step14_Model1_EQC_CH2,Step15_Model2_EQA_CH1,Step16_Model2_EQB_CH4,Step17_Model2_EQB_CH3,Step18_Model3_EQC_CH2,Step19_Model2_EQC_CH3,Step20_Model2_EQB_CH1,Step21_Model3_EQB_CH3,Step22_Model1_EQC_CH4,Step23_Model2_EQB_CH1,Step24_Model2_EQA_CH1,Step25_Model1_EQC_CH4,Step26_Model2_EQC_CH1,Step27_Model3_EQB_CH1,Step28_Model1_EQA_CH1,Step29_Model3_EQC_CH3,Step30_Model3_EQC_CH3,,,,,,,,,,,,,51.03292043,,,,45.79338641601523,44.11458759195086,,,,,,,,,41.546389791707014,59.054362553458475,,,,,,,,,,,,,,,,,,,,,,,,,,,,,,,,,,,,
T009_W03,T009,3,Step1_Model3_EQB_CH4,Step2_Model3_EQA_CH1,Step3_Model3_EQA_CH4,Step4_Model1_EQC_CH3,Step5_Model2_EQC_CH2,Step6_Model3_EQB_CH1,Step7_Model1_EQB_CH2,Step8_Model1_EQB_CH4,Step9_Model2_EQB_CH4,Step10_Model3_EQC_CH4,Step11_Model1_EQA_CH2,Step12_Model3_EQA_CH4,Step13_Model3_EQC_CH4,Step14_Model1_EQC_CH4,Step15_Model2_EQA_CH4,Step16_Model2_EQB_CH3,Step17_Model2_EQB_CH1,Step18_Model3_EQC_CH2,Step19_Model2_EQC_CH3,Step20_Model2_EQB_CH4,Step21_Model3_EQB_CH1,Step22_Model1_EQC_CH1,Step23_Model2_EQB_CH1,Step24_Model2_EQA_CH3,Step25_Model1_EQC_CH2,Step26_Model2_EQC_CH4,Step27_Model3_EQB_CH1,Step28_Model1_EQA_CH1,Step29_Model3_EQC_CH2,Step30_Model3_EQC_CH2,,32.501894960518435,,57.80180387169756,,,,,,,,,,56.63238501380076,37.233666605329276,,,,,,,,,,,,,,,,,46.33518183932212,61.13429801950067,,,,55.14078225967438,,,,,,,,,,61.42890675514494,,,,,,,,,,,,,,,,,
T009_W04,T009,4,Step1_Model3_EQB_CH1,Step2_Model3_EQA_CH1,Step3_Model3_EQA_CH1,Step4_Model1_EQC_CH3,Step5_Model2_EQC_CH1,Step6_Model3_EQB_CH2,Step7_Model1_EQB_CH1,Step8_Model1_EQB_CH2,Step9_Model2_EQB_CH4,Step10_Model3_EQC_CH2,Step11_Model1_EQA_CH4,Step12_Model3_EQA_CH3,Step13_Model3_EQC_CH1,Step14_Model1_EQC_CH1,Step15_Model2_EQA_CH2,Step16_Model2_EQB_CH1,Step17_Model2_EQB_CH3,Step18_Model3_EQC_CH4,Step19_Model2_EQC_CH3,Step20_Model2_EQB_CH4,Step21_Model3_EQB_CH2,Step22_Model1_EQC_CH2,Step23_Model2_EQB_CH4,Step24_Model2_EQA_CH3,Step25_Model1_EQC_CH2,Step26_Model2_EQC_CH1,Step27_Model3_EQB_CH4,Step28_Model1_EQA_CH2,Step29_Model3_EQC_CH3,Step30_Model3_EQC_CH4,,,,47.463541061958196,,,,,,,34.96658670164776,,,57.11776750096707,,63.701909908051874,,,55.51630461998006,,,37.03386721907391,,55.400563509653615,,,,61.32184738967351,,,,,,,,,,,,,,,,41.58497806591398,,,,,,,,,,,,,,,,,,,,
T009_W05,T009,5,Step1_Model3_EQB_CH3,Step2_Model3_EQA_CH4,Step3_Model3_EQA_CH2,Step4_Model1_EQC_CH1,Step5_Model2_EQC_CH1,Step6_Model3_EQB_CH3,Step7_Model1_EQB_CH4,Step8_Model1_EQB_CH2,Step9_Model2_EQB_CH3,Step10_Model3_EQC_CH4,Step11_Model1_EQA_CH4,Step12_Model3_EQA_CH4,Step13_Model3_EQC_CH4,Step14_Model1_EQC_CH2,Step15_Model2_EQA_CH1,Step16_Model2_EQB_CH4,Step17_Model2_EQB_CH1,Step18_Model3_EQC_CH3,Step19_Model2_EQC_CH2,Step20_Model2_EQB_CH4,Step21_Model3_EQB_CH2,Step22_Model1_EQC_CH2,Step23_Model2_EQB_CH3,Step24_Model2_EQA_CH4,Step25_Model1_EQC_CH4,Step26_Model2_EQC_CH2,Step27_Model3_EQB_CH2,Step28_Model1_EQA_CH1,Step29_Model3_EQC_CH4,Step30_Model3_EQC_CH4,37.72309548249584,,,49.96151896572813,63.74683354760763,,,35.92086946014296,,,,,,,,,,,,42.93397487806941,46.382327796458355,,,,,,52.73222519,,,,,,,,,,,,42.778535270560326,,,,,,55.327112499412124,,,54.67272446884195,,,,,,,,,,10,,,,,,
T009_W06,T009,6,Step1_Model3_EQB_CH2,Step2_Model3_EQA_CH4,Step3_Model3_EQA_CH2,Step4_Model1_EQC_CH2,Step5_Model2_EQC_CH4,Step6_Model3_EQB_CH4,Step7_Model1_EQB_CH3,Step8_Model1_EQB_CH3,Step9_Model2_EQB_CH3,Step10_Model3_EQC_CH3,Step11_Model1_EQA_CH4,Step12_Model3_EQA_CH2,Step13_Model3_EQC_CH2,Step14_Model1_EQC_CH4,Step15_Model2_EQA_CH4,Step16_Model2_EQB_CH1,Step17_Model2_EQB_CH3,Step18_Model3_EQC_CH1,Step19_Model2_EQC_CH4,Step20_Model2_EQB_CH1,Step21_Model3_EQB_CH4,Step22_Model1_EQC_CH3,Step23_Model2_EQB_CH2,Step24_Model2_EQA_CH3,Step25_Model1_EQC_CH3,Step26_Model2_EQC_CH4,Step27_Model3_EQB_CH4,Step28_Model1_EQA_CH1,Step29_Model3_EQC_CH1,Step30_Model3_EQC_CH2,,,,,,,36.36596936,39.64294603330399,,,33.24761618049956,,,,,,39.286124356481366,,,,,,61.212702371577365,48.791681803685826,,,,52.905131178381616,,,,,,,,,,,,,,,,,49.69383138960725,,,,,,,,,,,,,10,,,,,,
T009_W07,T009,7,Step1_Model3_EQB_CH4,Step2_Model3_EQA_CH1,Step3_Model3_EQA_CH4,Step4_Model1_EQC_CH4,Step5_Model2_EQC_CH1,Step6_Model3_EQB_CH4,Step7_Model1_EQB_CH1,Step8_Model1_EQB_CH1,Step9_Model2_EQB_CH1,Step10_Model3_EQC_CH2,Step11_Model1_EQA_CH1,Step12_Model3_EQA_CH2,Step13_Model3_EQC_CH4,Step14_Model1_EQC_CH4,Step15_Model2_EQA_CH2,Step16_Model2_EQB_CH2,Step17_Model2_EQB_CH4,Step18_Model3_EQC_CH4,Step19_Model2_EQC_CH2,Step20_Model2_EQB_CH4,Step21_Model3_EQB_CH1,Step22_Model1_EQC_CH4,Step23_Model2_EQB_CH2,Step24_Model2_EQA_CH1,Step25_Model1_EQC_CH1,Step26_Model2_EQC_CH2,Step27_Model3_EQB_CH1,Step28_Model1_EQA_CH3,Step29_Model3_EQC_CH4,Step30_Model3_EQC_CH4,,,38.737807674482376,,,,,,,,39.348061320747945,,,,44.12013403039684,60.406955534602616,,39.503173302007305,,,,,,,,56.03654439856495,,,,,,33.385011977577165,,,,,,,,46.967679164489155,,,,,,,,,,,,,,,10,,,12,,,,,,
T009_W08,T009,8,Step1_Model3_EQB_CH2,Step2_Model3_EQA_CH3,Step3_Model3_EQA_CH3,Step4_Model1_EQC_CH1,Step5_Model2_EQC_CH1,Step6_Model3_EQB_CH1,Step7_Model1_EQB_CH2,Step8_Model1_EQB_CH3,Step9_Model2_EQB_CH2,Step10_Model3_EQC_CH3,Step11_Model1_EQA_CH2,Step12_Model3_EQA_CH3,Step13_Model3_EQC_CH2,Step14_Model1_EQC_CH4,Step15_Model2_EQA_CH3,Step16_Model2_EQB_CH2,Step17_Model2_EQB_CH4,Step18_Model3_EQC_CH2,Step19_Model2_EQC_CH1,Step20_Model2_EQB_CH1,Step21_Model3_EQB_CH2,Step22_Model1_EQC_CH1,Step23_Model2_EQB_CH2,Step24_Model2_EQA_CH3,Step25_Model1_EQC_CH3,Step26_Model2_EQC_CH4,Step27_Model3_EQB_CH1,Step28_Model1_EQA_CH1,Step29_Model3_EQC_CH2,Step30_Model3_EQC_CH4,,40.83226035801861,,,,,37.36230514768998,,,,,,,,,,,,,,,,,,,,,,,,39.35086610048232,,,,,,,,,,,,61.25312713312855,,,34.838027946804004,,46.99175695337117,,,,,,,,,,,,,,,,
T009_W09,T009,9,Step1_Model3_EQB_CH4,Step2_Model3_EQA_CH3,Step3_Model3_EQA_CH3,Step4_Model1_EQC_CH2,Step5_Model2_EQC_CH3,Step6_Model3_EQB_CH2,Step7_Model1_EQB_CH1,Step8_Model1_EQB_CH1,Step9_Model2_EQB_CH1,Step10_Model3_EQC_CH3,Step11_Model1_EQA_CH2,Step12_Model3_EQA_CH4,Step13_Model3_EQC_CH3,Step14_Model1_EQC_CH2,Step15_Model2_EQA_CH2,Step16_Model2_EQB_CH1,Step17_Model2_EQB_CH2,Step18_Model3_EQC_CH1,Step19_Model2_EQC_CH3,Step20_Model2_EQB_CH1,Step21_Model3_EQB_CH3,Step22_Model1_EQC_CH1,Step23_Model2_EQB_CH2,Step24_Model2_EQA_CH4,Step25_Model1_EQC_CH1,Step26_Model2_EQC_CH2,Step27_Model3_EQB_CH3,Step28_Model1_EQA_CH3,Step29_Model3_EQC_CH4,Step30_Model3_EQC_CH2,,,,,,60.60714556060258,,,,,,,,,,,,,,,,,,,,,,62.81605782,,,,,,,,,52.56075292278965,44.34554691483827,,,,,,,,,,,,,,,,,,,,,,,,,,
T009_W10,T009,10,Step1_Model3_EQB_CH1,Step2_Model3_EQA_CH3,Step3_Model3_EQA_CH3,Step4_Model1_EQC_CH3,Step5_Model2_EQC_CH2,Step6_Model3_EQB_CH3,Step7_Model1_EQB_CH1,Step8_Model1_EQB_CH2,Step9_Model2_EQB_CH3,Step10_Model3_EQC_CH2,Step11_Model1_EQA_CH4,Step12_Model3_EQA_CH3,Step13_Model3_EQC_CH3,Step14_Model1_EQC_CH4,Step15_Model2_EQA_CH4,Step16_Model2_EQB_CH1,Step17_Model2_EQB_CH1,Step18_Model3_EQC_CH4,Step19_Model2_EQC_CH1,Step20_Model2_EQB_CH3,Step21_Model3_EQB_CH1,Step22_Model1_EQC_CH3,Step23_Model2_EQB_CH2,Step24_Model2_EQA_CH3,Step25_Model1_EQC_CH1,Step26_Model2_EQC_CH3,Step27_Model3_EQB_CH2,Step28_Model1_EQA_CH3,Step29_Model3_EQC_CH2,Step30_Model3_EQC_CH4,,,,,,,40.56685293652654,,,,,,,,41.569116416930456,,,,,,43.59780588372529,,,,,,,,49.093157774305396,38.21520875559781,,,57.34444888374179,,,,,,,38.45015001955138,,63.36253029,,,,,,,,,,,,7,,,,,,,,,,
T009_W11,T009,11,Step1_Model3_EQB_CH4,Step2_Model3_EQA_CH3,Step3_Model3_EQA_CH3,Step4_Model1_EQC_CH3,Step5_Model2_EQC_CH3,Step6_Model3_EQB_CH1,Step7_Model1_EQB_CH2,Step8_Model1_EQB_CH2,Step9_Model2_EQB_CH2,Step10_Model3_EQC_CH4,Step11_Model1_EQA_CH4,Step12_Model3_EQA_CH4,Step13_Model3_EQC_CH4,Step14_Model1_EQC_CH2,Step15_Model2_EQA_CH1,Step16_Model2_EQB_CH1,Step17_Model2_EQB_CH3,Step18_Model3_EQC_CH4,Step19_Model2_EQC_CH4,Step20_Model2_EQB_CH4,Step21_Model3_EQB_CH4,Step22_Model1_EQC_CH3,Step23_Model2_EQB_CH2,Step24_Model2_EQA_CH2,Step25_Model1_EQC_CH3,Step26_Model2_EQC_CH1,Step27_Model3_EQB_CH2,Step28_Model1_EQA_CH2,Step29_Model3_EQC_CH4,Step30_Model3_EQC_CH4,,36.607928545202874,,,,,,,,57.45099237864523,,48.88868408122462,,,,,,,,,,,,,,,,56.542763472568694,,,,,57.01810325139633,,,,,,44.657322391909275,,42.69227284827982,,,,,,,,,,,,,9,,,,6,,,,,,
T009_W12,T009,12,Step1_Model3_EQB_CH1,Step2_Model3_EQA_CH1,Step3_Model3_EQA_CH1,Step4_Model1_EQC_CH3,Step5_Model2_EQC_CH3,Step6_Model3_EQB_CH4,Step7_Model1_EQB_CH2,Step8_Model1_EQB_CH2,Step9_Model2_EQB_CH2,Step10_Model3_EQC_CH2,Step11_Model1_EQA_CH4,Step12_Model3_EQA_CH4,Step13_Model3_EQC_CH3,Step14_Model1_EQC_CH4,Step15_Model2_EQA_CH4,Step16_Model2_EQB_CH1,Step17_Model2_EQB_CH1,Step18_Model3_EQC_CH4,Step19_Model2_EQC_CH2,Step20_Model2_EQB_CH1,Step21_Model3_EQB_CH4,Step22_Model1_EQC_CH2,Step23_Model2_EQB_CH2,Step24_Model2_EQA_CH2,Step25_Model1_EQC_CH3,Step26_Model2_EQC_CH2,Step27_Model3_EQB_CH1,Step28_Model1_EQA_CH2,Step29_Model3_EQC_CH1,Step30_Model3_EQC_CH2,,34.85323326459921,,,,63.89800037324423,,,,,,,,60.67528541715044,,,45.18236722903953,40.115180534755154,,,,,,45.56731755463956,,,,,,,39.281617177027584,,,69.53674428216989,,55.37719630587201,,,,,,,,,,,,57.032590240315095,,,,,,,,,,,,,,,,
T009_W13,T009,13,Step1_Model3_EQB_CH2,Step2_Model3_EQA_CH4,Step3_Model3_EQA_CH3,Step4_Model1_EQC_CH2,Step5_Model2_EQC_CH1,Step6_Model3_EQB_CH3,Step7_Model1_EQB_CH2,Step8_Model1_EQB_CH2,Step9_Model2_EQB_CH3,Step10_Model3_EQC_CH2,Step11_Model1_EQA_CH2,Step12_Model3_EQA_CH2,Step13_Model3_EQC_CH2,Step14_Model1_EQC_CH4,Step15_Model2_EQA_CH4,Step16_Model2_EQB_CH4,Step17_Model2_EQB_CH1,Step18_Model3_EQC_CH4,Step19_Model2_EQC_CH4,Step20_Model2_EQB_CH3,Step21_Model3_EQB_CH2,Step22_Model1_EQC_CH3,Step23_Model2_EQB_CH3,Step24_Model2_EQA_CH1,Step25_Model1_EQC_CH4,Step26_Model2_EQC_CH2,Step27_Model3_EQB_CH4,Step28_Model1_EQA_CH1,Step29_Model3_EQC_CH2,Step30_Model3_EQC_CH1,,,,,,,,,,,,,45.51191933395781,,,67.80997643780928,,,,40.38614845383874,,38.18065082782967,65.61669762884691,,,,49.956316013985706,52.06592053832817,52.69382004,,37.17034472,,,,,53.038371949782196,53.37772964702364,,,,,,56.18449587082699,,41.154752603592286,36.67610285091064,,,,,,,,,,,,,,,,,,
T009_W14,T009,14,Step1_Model3_EQB_CH3,Step2_Model3_EQA_CH3,Step3_Model3_EQA_CH3,Step4_Model1_EQC_CH1,Step5_Model2_EQC_CH4,Step6_Model3_EQB_CH4,Step7_Model1_EQB_CH1,Step8_Model1_EQB_CH2,Step9_Model2_EQB_CH3,Step10_Model3_EQC_CH2,Step11_Model1_EQA_CH3,Step12_Model3_EQA_CH3,Step13_Model3_EQC_CH4,Step14_Model1_EQC_CH3,Step15_Model2_EQA_CH1,Step16_Model2_EQB_CH2,Step17_Model2_EQB_CH3,Step18_Model3_EQC_CH2,Step19_Model2_EQC_CH3,Step20_Model2_EQB_CH4,Step21_Model3_EQB_CH1,Step22_Model1_EQC_CH1,Step23_Model2_EQB_CH3,Step24_Model2_EQA_CH3,Step25_Model1_EQC_CH1,Step26_Model2_EQC_CH2,Step27_Model3_EQB_CH2,Step28_Model1_EQA_CH3,Step29_Model3_EQC_CH1,Step30_Model3_EQC_CH1,,,,,62.32795611748518,,44.940445571755795,40.31751742493272,,,,,,,,65.20349024919808,,,,,,,,,46.36616841574918,56.07151337395309,,,,,,,,,51.07873965396708,,,,,,,,,,,,,,,,,,,,,,,,,,,,,
T009_W15,T009,15,Step1_Model3_EQB_CH2,Step2_Model3_EQA_CH1,Step3_Model3_EQA_CH4,Step4_Model1_EQC_CH4,Step5_Model2_EQC_CH3,Step6_Model3_EQB_CH4,Step7_Model1_EQB_CH3,Step8_Model1_EQB_CH2,Step9_Model2_EQB_CH4,Step10_Model3_EQC_CH4,Step11_Model1_EQA_CH2,Step12_Model3_EQA_CH3,Step13_Model3_EQC_CH3,Step14_Model1_EQC_CH3,Step15_Model2_EQA_CH2,Step16_Model2_EQB_CH1,Step17_Model2_EQB_CH4,Step18_Model3_EQC_CH3,Step19_Model2_EQC_CH3,Step20_Model2_EQB_CH1,Step21_Model3_EQB_CH3,Step22_Model1_EQC_CH1,Step23_Model2_EQB_CH3,Step24_Model2_EQA_CH3,Step25_Model1_EQC_CH2,Step26_Model2_EQC_CH1,Step27_Model3_EQB_CH3,Step28_Model1_EQA_CH4,Step29_Model3_EQC_CH1,Step30_Model3_EQC_CH2,,42.66220963964501,,,62.00818595889967,,,41.771962816656185,,,,,,,,,46.23920418065331,,,,,,,45.17470762982623,,66.01377869481695,,,,,,,,,,,,,41.20774636093622,,60.422310174957694,,,,,,,,,,,,,,,,,,,,,,,
T009_W16,T009,16,Step1_Model3_EQB_CH2,Step2_Model3_EQA_CH2,Step3_Model3_EQA_CH3,Step4_Model1_EQC_CH4,Step5_Model2_EQC_CH1,Step6_Model3_EQB_CH3,Step7_Model1_EQB_CH4,Step8_Model1_EQB_CH4,Step9_Model2_EQB_CH1,Step10_Model3_EQC_CH1,Step11_Model1_EQA_CH3,Step12_Model3_EQA_CH1,Step13_Model3_EQC_CH1,Step14_Model1_EQC_CH1,Step15_Model2_EQA_CH2,Step16_Model2_EQB_CH1,Step17_Model2_EQB_CH3,Step18_Model3_EQC_CH4,Step19_Model2_EQC_CH2,Step20_Model2_EQB_CH4,Step21_Model3_EQB_CH4,Step22_Model1_EQC_CH1,Step23_Model2_EQB_CH1,Step24_Model2_EQA_CH4,Step25_Model1_EQC_CH1,Step26_Model2_EQC_CH2,Step27_Model3_EQB_CH4,Step28_Model1_EQA_CH1,Step29_Model3_EQC_CH1,Step30_Model3_EQC_CH3,,39.353335471218536,36.53523155198723,,,,,,,54.862426695225395,,,,,,,42.340126567425976,,,,,,,,,,49.259863751151755,,,,,,,,,,,,43.264718707637606,,,,,,,,,,,10,,11,,,11,,,,,,,,,
T009_W17,T009,17,Step1_Model3_EQB_CH2,Step2_Model3_EQA_CH4,Step3_Model3_EQA_CH4,Step4_Model1_EQC_CH4,Step5_Model2_EQC_CH1,Step6_Model3_EQB_CH1,Step7_Model1_EQB_CH2,Step8_Model1_EQB_CH4,Step9_Model2_EQB_CH4,Step10_Model3_EQC_CH4,Step11_Model1_EQA_CH4,Step12_Model3_EQA_CH3,Step13_Model3_EQC_CH1,Step14_Model1_EQC_CH1,Step15_Model2_EQA_CH3,Step16_Model2_EQB_CH4,Step17_Model2_EQB_CH3,Step18_Model3_EQC_CH3,Step19_Model2_EQC_CH2,Step20_Model2_EQB_CH3,Step21_Model3_EQB_CH4,Step22_Model1_EQC_CH4,Step23_Model2_EQB_CH1,Step24_Model2_EQA_CH2,Step25_Model1_EQC_CH3,Step26_Model2_EQC_CH4,Step27_Model3_EQB_CH2,Step28_Model1_EQA_CH2,Step29_Model3_EQC_CH3,Step30_Model3_EQC_CH4,,,,50.67896103879005,,,,,,,,37.00332889584614,,,,60.118669577395764,,,,,,,63.05802071980996,,,,,,48.178221778112714,45.55065542338587,44.72419738270617,43.93580285,,,,57.41833834,,,,,,54.61699130871623,,,,32.73907746,,,,,,,,,,,,11,,,,,,
T009_W18,T009,18,Step1_Model3_EQB_CH4,Step2_Model3_EQA_CH3,Step3_Model3_EQA_CH3,Step4_Model1_EQC_CH3,Step5_Model2_EQC_CH3,Step6_Model3_EQB_CH2,Step7_Model1_EQB_CH3,Step8_Model1_EQB_CH4,Step9_Model2_EQB_CH1,Step10_Model3_EQC_CH1,Step11_Model1_EQA_CH1,Step12_Model3_EQA_CH4,Step13_Model3_EQC_CH1,Step14_Model1_EQC_CH3,Step15_Model2_EQA_CH1,Step16_Model2_EQB_CH2,Step17_Model2_EQB_CH3,Step18_Model3_EQC_CH1,Step19_Model2_EQC_CH3,Step20_Model2_EQB_CH2,Step21_Model3_EQB_CH4,Step22_Model1_EQC_CH1,Step23_Model2_EQB_CH1,Step24_Model2_EQA_CH1,Step25_Model1_EQC_CH1,Step26_Model2_EQC_CH2,Step27_Model3_EQB_CH2,Step28_Model1_EQA_CH1,Step29_Model3_EQC_CH3,Step30_Model3_EQC_CH1,,,,,64.87614904529967,,,38.45782031,,,,,,,,,,,,,,36.365414580725165,,,,,,,,42.34408728923259,36.49245218735815,,,,,,,,,,,,,,,,,54.74985896456597,,,,,,,,,,,,,,,,
T009_W19,T009,19,Step1_Model3_EQB_CH4,Step2_Model3_EQA_CH3,Step3_Model3_EQA_CH1,Step4_Model1_EQC_CH4,Step5_Model2_EQC_CH1,Step6_Model3_EQB_CH2,Step7_Model1_EQB_CH4,Step8_Model1_EQB_CH2,Step9_Model2_EQB_CH2,Step10_Model3_EQC_CH2,Step11_Model1_EQA_CH4,Step12_Model3_EQA_CH2,Step13_Model3_EQC_CH4,Step14_Model1_EQC_CH1,Step15_Model2_EQA_CH1,Step16_Model2_EQB_CH2,Step17_Model2_EQB_CH3,Step18_Model3_EQC_CH1,Step19_Model2_EQC_CH3,Step20_Model2_EQB_CH4,Step21_Model3_EQB_CH4,Step22_Model1_EQC_CH2,Step23_Model2_EQB_CH3,Step24_Model2_EQA_CH3,Step25_Model1_EQC_CH3,Step26_Model2_EQC_CH4,Step27_Model3_EQB_CH4,Step28_Model1_EQA_CH2,Step29_Model3_EQC_CH2,Step30_Model3_EQC_CH3,,41.84521559997228,,55.12397508685711,,,,38.719969670756036,64.10268785582069,,,,,,37.21862924785826,,,,,,,34.89187901,,,,59.84039633061404,47.64061161037526,62.722338480140266,,,,43.76793468844005,,58.41447819755192,,64.58567068465169,,,,43.242264609320465,,,,,,,,,,,,,,,,,7,,,,,,,
T009_W20,T009,20,Step1_Model3_EQB_CH4,Step2_Model3_EQA_CH1,Step3_Model3_EQA_CH3,Step4_Model1_EQC_CH2,Step5_Model2_EQC_CH2,Step6_Model3_EQB_CH2,Step7_Model1_EQB_CH3,Step8_Model1_EQB_CH3,Step9_Model2_EQB_CH4,Step10_Model3_EQC_CH4,Step11_Model1_EQA_CH3,Step12_Model3_EQA_CH3,Step13_Model3_EQC_CH3,Step14_Model1_EQC_CH3,Step15_Model2_EQA_CH1,Step16_Model2_EQB_CH2,Step17_Model2_EQB_CH4,Step18_Model3_EQC_CH3,Step19_Model2_EQC_CH3,Step20_Model2_EQB_CH4,Step21_Model3_EQB_CH3,Step22_Model1_EQC_CH4,Step23_Model2_EQB_CH3,Step24_Model2_EQA_CH4,Step25_Model1_EQC_CH3,Step26_Model2_EQC_CH3,Step27_Model3_EQB_CH3,Step28_Model1_EQA_CH1,Step29_Model3_EQC_CH3,Step30_Model3_EQC_CH4,,,,,,,,34.25607503374159,,,,,,,,,,40.01643747101229,60.95470255799499,,,,,,,,,,,,,,58.536912688065016,,,,,,38.678419996995025,,,,,,,,,56.784564007155126,,,,,,12,,,,,,,,,,
T009_W21,T009,21,Step1_Model3_EQB_CH3,Step2_Model3_EQA_CH1,Step3_Model3_EQA_CH4,Step4_Model1_EQC_CH2,Step5_Model2_EQC_CH4,Step6_Model3_EQB_CH2,Step7_Model1_EQB_CH1,Step8_Model1_EQB_CH3,Step9_Model2_EQB_CH1,Step10_Model3_EQC_CH1,Step11_Model1_EQA_CH3,Step12_Model3_EQA_CH2,Step13_Model3_EQC_CH3,Step14_Model1_EQC_CH4,Step15_Model2_EQA_CH3,Step16_Model2_EQB_CH3,Step17_Model2_EQB_CH2,Step18_Model3_EQC_CH1,Step19_Model2_EQC_CH4,Step20_Model2_EQB_CH3,Step21_Model3_EQB_CH3,Step22_Model1_EQC_CH3,Step23_Model2_EQB_CH2,Step24_Model2_EQA_CH3,Step25_Model1_EQC_CH2,Step26_Model2_EQC_CH3,Step27_Model3_EQB_CH2,Step28_Model1_EQA_CH2,Step29_Model3_EQC_CH3,Step30_Model3_EQC_CH4,,,,,,,,,,,39.18696031971293,,45.08724011016534,,,,,,,,,,,54.70234304472387,,,,,,,,,,,46.041839881881124,,,,,,,56.880212457593956,,,,,,,,,,,,,,,,,,,,,,
T009_W22,T009,22,Step1_Model3_EQB_CH1,Step2_Model3_EQA_CH1,Step3_Model3_EQA_CH2,Step4_Model1_EQC_CH1,Step5_Model2_EQC_CH1,Step6_Model3_EQB_CH4,Step7_Model1_EQB_CH4,Step8_Model1_EQB_CH1,Step9_Model2_EQB_CH4,Step10_Model3_EQC_CH1,Step11_Model1_EQA_CH1,Step12_Model3_EQA_CH4,Step13_Model3_EQC_CH4,Step14_Model1_EQC_CH1,Step15_Model2_EQA_CH4,Step16_Model2_EQB_CH1,Step17_Model2_EQB_CH4,Step18_Model3_EQC_CH4,Step19_Model2_EQC_CH4,Step20_Model2_EQB_CH2,Step21_Model3_EQB_CH4,Step22_Model1_EQC_CH2,Step23_Model2_EQB_CH2,Step24_Model2_EQA_CH3,Step25_Model1_EQC_CH2,Step26_Model2_EQC_CH4,Step27_Model3_EQB_CH3,Step28_Model1_EQA_CH2,Step29_Model3_EQC_CH4,Step30_Model3_EQC_CH1,,36.43922661925606,,,,,,,,,,,,54.16455399136871,,,,,54.323461559551404,,,,,,,,,,,,,,,,,,,,,42.84966773893077,,,,,,39.937095621296564,,49.56559727777579,,,,,,,,,,,,,,,,
T009_W23,T009,23,Step1_Model3_EQB_CH2,Step2_Model3_EQA_CH3,Step3_Model3_EQA_CH3,Step4_Model1_EQC_CH2,Step5_Model2_EQC_CH2,Step6_Model3_EQB_CH4,Step7_Model1_EQB_CH1,Step8_Model1_EQB_CH4,Step9_Model2_EQB_CH4,Step10_Model3_EQC_CH3,Step11_Model1_EQA_CH4,Step12_Model3_EQA_CH4,Step13_Model3_EQC_CH4,Step14_Model1_EQC_CH1,Step15_Model2_EQA_CH2,Step16_Model2_EQB_CH3,Step17_Model2_EQB_CH2,Step18_Model3_EQC_CH3,Step19_Model2_EQC_CH2,Step20_Model2_EQB_CH2,Step21_Model3_EQB_CH2,Step22_Model1_EQC_CH3,Step23_Model2_EQB_CH3,Step24_Model2_EQA_CH2,Step25_Model1_EQC_CH3,Step26_Model2_EQC_CH4,Step27_Model3_EQB_CH1,Step28_Model1_EQA_CH2,Step29_Model3_EQC_CH4,Step30_Model3_EQC_CH1,35.17791768836407,,,52.53066334798285,,,,,52.42300594711311,,,,40.31008463659454,,,,43.282144585599966,,,,39.37699333913381,,,,,57.96902641,,,,,,,,,,,,,,,,,,,42.12734827774541,,,,,,,,,,,,,,,,,,,
T009_W24,T009,24,Step1_Model3_EQB_CH2,Step2_Model3_EQA_CH3,Step3_Model3_EQA_CH1,Step4_Model1_EQC_CH3,Step5_Model2_EQC_CH1,Step6_Model3_EQB_CH2,Step7_Model1_EQB_CH4,Step8_Model1_EQB_CH2,Step9_Model2_EQB_CH2,Step10_Model3_EQC_CH4,Step11_Model1_EQA_CH4,Step12_Model3_EQA_CH3,Step13_Model3_EQC_CH2,Step14_Model1_EQC_CH4,Step15_Model2_EQA_CH1,Step16_Model2_EQB_CH1,Step17_Model2_EQB_CH3,Step18_Model3_EQC_CH3,Step19_Model2_EQC_CH4,Step20_Model2_EQB_CH3,Step21_Model3_EQB_CH2,Step22_Model1_EQC_CH4,Step23_Model2_EQB_CH1,Step24_Model2_EQA_CH3,Step25_Model1_EQC_CH2,Step26_Model2_EQC_CH3,Step27_Model3_EQB_CH1,Step28_Model1_EQA_CH2,Step29_Model3_EQC_CH4,Step30_Model3_EQC_CH4,,,,,,,,,,,42.29642090920663,,,,,,,,59.91825851729763,,,,,,,,,,46.67866871587607,,36.29753931636891,,,,,,,,,,,,,,,,,,,,9,,,,,,,,,,,,,
T009_W25,T009,25,Step1_Model3_EQB_CH1,Step2_Model3_EQA_CH3,Step3_Model3_EQA_CH4,Step4_Model1_EQC_CH3,Step5_Model2_EQC_CH3,Step6_Model3_EQB_CH1,Step7_Model1_EQB_CH2,Step8_Model1_EQB_CH2,Step9_Model2_EQB_CH2,Step10_Model3_EQC_CH3,Step11_Model1_EQA_CH1,Step12_Model3_EQA_CH3,Step13_Model3_EQC_CH3,Step14_Model1_EQC_CH1,Step15_Model2_EQA_CH1,Step16_Model2_EQB_CH1,Step17_Model2_EQB_CH1,Step18_Model3_EQC_CH1,Step19_Model2_EQC_CH3,Step20_Model2_EQB_CH4,Step21_Model3_EQB_CH4,Step22_Model1_EQC_CH2,Step23_Model2_EQB_CH2,Step24_Model2_EQA_CH3,Step25_Model1_EQC_CH4,Step26_Model2_EQC_CH3,Step27_Model3_EQB_CH3,Step28_Model1_EQA_CH4,Step29_Model3_EQC_CH3,Step30_Model3_EQC_CH4,,45.130931321004766,32.266545589762806,,,,,,,,,,,,38.35874439417408,,41.297423582342844,,,,,,,,,,,,,,,,,64.96492711315007,,,,,,,,,,,,,61.89576051724525,52.90466160427867,,,,,,,,,,,,,,,,
T010_W01,T010,1,Step1_Model2_EQB_CH3,Step2_Model2_EQA_CH3,Step3_Model3_EQA_CH2,Step4_Model1_EQB_CH3,Step5_Model1_EQC_CH3,Step6_Model1_EQA_CH3,Step7_Model3_EQA_CH1,Step8_Model3_EQB_CH4,Step9_Model3_EQC_CH2,Step10_Model1_EQA_CH2,Step11_Model1_EQC_CH3,Step12_Model1_EQC_CH1,Step13_Model1_EQB_CH4,Step14_Model1_EQB_CH2,Step15_Model2_EQB_CH3,Step16_Model2_EQA_CH4,Step17_Model1_EQC_CH4,Step18_Model2_EQC_CH1,Step19_Model2_EQA_CH3,Step20_Model1_EQB_CH1,Step21_Model3_EQC_CH3,Step22_Model3_EQA_CH3,Step23_Model2_EQA_CH4,Step24_Model3_EQB_CH3,Step25_Model1_EQB_CH4,Step26_Model3_EQB_CH1,Step27_Model1_EQB_CH2,Step28_Model3_EQA_CH4,Step29_Model1_EQB_CH2,Step30_Model2_EQB_CH1,,,,,,,,,,,,,,,,64.98665677440611,,,,,,34.934232722996754,,,,,,56.93850567190508,,41.99824769089547,41.16410344007694,31.084555043903528,57.69020135872522,,,,56.8941832,,,,47.69187120405219,,,29.55735961217612,52.71137656037626,,,,,,,,,,,,,,,,,,,
T010_W02,T010,2,Step1_Model2_EQB_CH4,Step2_Model2_EQA_CH1,Step3_Model3_EQA_CH2,Step4_Model1_EQB_CH3,Step5_Model1_EQC_CH4,Step6_Model1_EQA_CH3,Step7_Model3_EQA_CH2,Step8_Model3_EQB_CH4,Step9_Model3_EQC_CH1,Step10_Model1_EQA_CH2,Step11_Model1_EQC_CH4,Step12_Model1_EQC_CH4,Step13_Model1_EQB_CH3,Step14_Model1_EQB_CH1,Step15_Model2_EQB_CH4,Step16_Model2_EQA_CH1,Step17_Model1_EQC_CH1,Step18_Model2_EQC_CH1,Step19_Model2_EQA_CH3,Step20_Model1_EQB_CH3,Step21_Model3_EQC_CH3,Step22_Model3_EQA_CH3,Step23_Model2_EQA_CH4,Step24_Model3_EQB_CH3,Step25_Model1_EQB_CH4,Step26_Model3_EQB_CH2,Step27_Model1_EQB_CH3,Step28_Model3_EQA_CH2,Step29_Model1_EQB_CH4,Step30_Model2_EQB_CH1,38.62493665134634,30.651298838534135,,,,62.18299107138265,,,,,,,,,,,,,,,,35.15698969952764,,,,53.28636368553687,46.17569307138729,,,,,,,,,54.474709849893024,,,,,,,56.770835340037344,,,,,,,,11,14,,,,,,,,,,,,
T010_W03,T010,3,Step1_Model2_EQB_CH2,Step2_Model2_EQA_CH4,Step3_Model3_EQA_CH1,Step4_Model1_EQB_CH1,Step5_Model1_EQC_CH3,Step6_Model1_EQA_CH3,Step7_Model3_EQA_CH2,Step8_Model3_EQB_CH1,Step9_Model3_EQC_CH3,Step10_Model1_EQA_CH3,Step11_Model1_EQC_CH4,Step12_Model1_EQC_CH1,Step13_Model1_EQB_CH1,Step14_Model1_EQB_CH2,Step15_Model2_EQB_CH1,Step16_Model2_EQA_CH3,Step17_Model1_EQC_CH4,Step18_Model2_EQC_CH2,Step19_Model2_EQA_CH3,Step20_Model1_EQB_CH2,Step21_Model3_EQC_CH1,Step22_Model3_EQA_CH4,Step23_Model2_EQA_CH2,Step24_Model3_EQB_CH3,Step25_Model1_EQB_CH3,Step26_Model3_EQB_CH1,Step27_Model1_EQB_CH2,Step28_Model3_EQA_CH3,Step29_Model1_EQB_CH4,Step30_Model2_EQB_CH4,,,,,59.54693798955737,,,,,,,,,,,,,,,,,,,44.521410529051444,,,,,,40.99479449887329,,,,,,,,,41.96765527919638,,,,,,,,,48.42724585,,,10,,,,,,,,,,,,,
T010_W04,T010,4,Step1_Model2_EQB_CH4,Step2_Model2_EQA_CH1,Step3_Model3_EQA_CH2,Step4_Model1_EQB_CH2,Step5_Model1_EQC_CH2,Step6_Model1_EQA_CH3,Step7_Model3_EQA_CH2,Step8_Model3_EQB_CH1,Step9_Model3_EQC_CH1,Step10_Model1_EQA_CH4,Step11_Model1_EQC_CH1,Step12_Model1_EQC_CH1,Step13_Model1_EQB_CH1,Step14_Model1_EQB_CH4,Step15_Model2_EQB_CH4,Step16_Model2_EQA_CH2,Step17_Model1_EQC_CH3,Step18_Model2_EQC_CH4,Step19_Model2_EQA_CH1,Step20_Model1_EQB_CH3,Step21_Model3_EQC_CH1,Step22_Model3_EQA_CH1,Step23_Model2_EQA_CH3,Step24_Model3_EQB_CH1,Step25_Model1_EQB_CH2,Step26_Model3_EQB_CH1,Step27_Model1_EQB_CH3,Step28_Model3_EQA_CH1,Step29_Model1_EQB_CH1,Step30_Model2_EQB_CH1,,,44.788551127408816,,,,,37.5569881,,,37.69324012741523,45.40492200595121,,,,,,,,27.777992847011205,,35.14663948994303,,,,,,,,,,,54.91089149260092,,48.664290786582946,58.63305047658071,54.34001715,,,,,,,,,,,,,,,,,,,,,,,,,,,
T010_W05,T010,5,Step1_Model2_EQB_CH2,Step2_Model2_EQA_CH4,Step3_Model3_EQA_CH3,Step4_Model1_EQB_CH2,Step5_Model1_EQC_CH2,Step6_Model1_EQA_CH1,Step7_Model3_EQA_CH1,Step8_Model3_EQB_CH2,Step9_Model3_EQC_CH2,Step10_Model1_EQA_CH1,Step11_Model1_EQC_CH3,Step12_Model1_EQC_CH1,Step13_Model1_EQB_CH4,Step14_Model1_EQB_CH3,Step15_Model2_EQB_CH4,Step16_Model2_EQA_CH4,Step17_Model1_EQC_CH4,Step18_Model2_EQC_CH3,Step19_Model2_EQA_CH4,Step20_Model1_EQB_CH1,Step21_Model3_EQC_CH2,Step22_Model3_EQA_CH1,Step23_Model2_EQA_CH3,Step24_Model3_EQB_CH4,Step25_Model1_EQB_CH4,Step26_Model3_EQB_CH4,Step27_Model1_EQB_CH2,Step28_Model3_EQA_CH4,Step29_Model1_EQB_CH3,Step30_Model2_EQB_CH1,,36.30393416,41.09342385719615,,,,,37.68838742751315,71.00034844800452,,,,,,,61.57386596,,,,,,33.72228506142046,,,,,,,,,,49.35919660163838,,,,,,,,,,,,,,,,,,,,,,,,,,,,,,,,
T010_W06,T010,6,Step1_Model2_EQB_CH3,Step2_Model2_EQA_CH1,Step3_Model3_EQA_CH4,Step4_Model1_EQB_CH3,Step5_Model1_EQC_CH3,Step6_Model1_EQA_CH3,Step7_Model3_EQA_CH2,Step8_Model3_EQB_CH3,Step9_Model3_EQC_CH3,Step10_Model1_EQA_CH4,Step11_Model1_EQC_CH3,Step12_Model1_EQC_CH3,Step13_Model1_EQB_CH2,Step14_Model1_EQB_CH1,Step15_Model2_EQB_CH1,Step16_Model2_EQA_CH2,Step17_Model1_EQC_CH3,Step18_Model2_EQC_CH4,Step19_Model2_EQA_CH2,Step20_Model1_EQB_CH2,Step21_Model3_EQC_CH1,Step22_Model3_EQA_CH4,Step23_Model2_EQA_CH2,Step24_Model3_EQB_CH2,Step25_Model1_EQB_CH1,Step26_Model3_EQB_CH2,Step27_Model1_EQB_CH4,Step28_Model3_EQA_CH3,Step29_Model1_EQB_CH2,Step30_Model2_EQB_CH1,32.72636944105848,39.79352720309196,,,55.50082294025957,,48.963176815732105,,,,,44.092827357209956,,,,60.84453797454153,,,58.87557755637425,,,33.29419962276286,,,,,,,,,,,62.87986265,,,,,,43.06397668957171,,,,,34.16288439717342,,,,,,,,,,,,,,,,,,,,
T010_W07,T010,7,Step1_Model2_EQB_CH1,Step2_Model2_EQA_CH4,Step3_Model3_EQA_CH3,Step4_Model1_EQB_CH4,Step5_Model1_EQC_CH2,Step6_Model1_EQA_CH2,Step7_Model3_EQA_CH1,Step8_Model3_EQB_CH2,Step9_Model3_EQC_CH4,Step10_Model1_EQA_CH2,Step11_Model1_EQC_CH3,Step12_Model1_EQC_CH1,Step13_Model1_EQB_CH1,Step14_Model1_EQB_CH2,Step15_Model2_EQB_CH2,Step16_Model2_EQA_CH1,Step17_Model1_EQC_CH1,Step18_Model2_EQC_CH1,Step19_Model2_EQA_CH2,Step20_Model1_EQB_CH3,Step21_Model3_EQC_CH4,Step22_Model3_EQA_CH4,Step23_Model2_EQA_CH1,Step24_Model3_EQB_CH2,Step25_Model1_EQB_CH4,Step26_Model3_EQB_CH3,Step27_Model1_EQB_CH4,Step28_Model3_EQA_CH2,Step29_Model1_EQB_CH3,Step30_Model2_EQB_CH4,,,,,62.43187086666954,63.79148417829567,,,64.49523537197611,,,43.476872342719915,,,,,,,,,,,,,,,,,,,,,,,,,,,,46.33598879162894,,66.21330296244203,,,,,58.64096020256579,,,,13,,,,,,,8,,,,,,
T010_W08,T010,8,Step1_Model2_EQB_CH1,Step2_Model2_EQA_CH4,Step3_Model3_EQA_CH1,Step4_Model1_EQB_CH2,Step5_Model1_EQC_CH4,Step6_Model1_EQA_CH3,Step7_Model3_EQA_CH3,Step8_Model3_EQB_CH3,Step9_Model3_EQC_CH3,Step10_Model1_EQA_CH3,Step11_Model1_EQC_CH4,Step12_Model1_EQC_CH3,Step13_Model1_EQB_CH3,Step14_Model1_EQB_CH2,Step15_Model2_EQB_CH2,Step16_Model2_EQA_CH1,Step17_Model1_EQC_CH1,Step18_Model2_EQC_CH4,Step19_Model2_EQA_CH4,Step20_Model1_EQB_CH4,Step21_Model3_EQC_CH4,Step22_Model3_EQA_CH3,Step23_Model2_EQA_CH1,Step24_Model3_EQB_CH1,Step25_Model1_EQB_CH3,Step26_Model3_EQB_CH1,Step27_Model1_EQB_CH2,Step28_Model3_EQA_CH2,Step29_Model1_EQB_CH1,Step30_Model2_EQB_CH2,,,38.22671290168781,,,,,35.581985335900235,,,,,,,,,,38.903489002426035,,,,,,,,,45.234233003821046,,,,,45.988458210145374,49.83162863208052,,45.15387096,59.93572314897313,,,,,51.56942559100425,,,,47.349039710672514,,,,,,,,,10,,,,,,,,,,
T010_W09,T010,9,Step1_Model2_EQB_CH2,Step2_Model2_EQA_CH3,Step3_Model3_EQA_CH2,Step4_Model1_EQB_CH1,Step5_Model1_EQC_CH1,Step6_Model1_EQA_CH1,Step7_Model3_EQA_CH4,Step8_Model3_EQB_CH3,Step9_Model3_EQC_CH4,Step10_Model1_EQA_CH1,Step11_Model1_EQC_CH4,Step12_Model1_EQC_CH1,Step13_Model1_EQB_CH2,Step14_Model1_EQB_CH2,Step15_Model2_EQB_CH2,Step16_Model2_EQA_CH1,Step17_Model1_EQC_CH3,Step18_Model2_EQC_CH1,Step19_Model2_EQA_CH4,Step20_Model1_EQB_CH3,Step21_Model3_EQC_CH1,Step22_Model3_EQA_CH4,Step23_Model2_EQA_CH1,Step24_Model3_EQB_CH1,Step25_Model1_EQB_CH2,Step26_Model3_EQB_CH2,Step27_Model1_EQB_CH3,Step28_Model3_EQA_CH2,Step29_Model1_EQB_CH4,Step30_Model2_EQB_CH2,,,,,,,,37.60244845373464,,55.18538996540371,35.95164915353779,42.64567252509322,47.125583998576204,,,,,,,,,,,,,,55.15077180990098,,,,,,,,53.99287356904245,,,,,,,,,,,,,48.28390214669384,,,,,,,,,,,,,,,,
T010_W10,T010,10,Step1_Model2_EQB_CH1,Step2_Model2_EQA_CH1,Step3_Model3_EQA_CH4,Step4_Model1_EQB_CH4,Step5_Model1_EQC_CH2,Step6_Model1_EQA_CH4,Step7_Model3_EQA_CH1,Step8_Model3_EQB_CH3,Step9_Model3_EQC_CH1,Step10_Model1_EQA_CH3,Step11_Model1_EQC_CH1,Step12_Model1_EQC_CH2,Step13_Model1_EQB_CH1,Step14_Model1_EQB_CH3,Step15_Model2_EQB_CH3,Step16_Model2_EQA_CH1,Step17_Model1_EQC_CH1,Step18_Model2_EQC_CH1,Step19_Model2_EQA_CH4,Step20_Model1_EQB_CH3,Step21_Model3_EQC_CH3,Step22_Model3_EQA_CH4,Step23_Model2_EQA_CH2,Step24_Model3_EQB_CH4,Step25_Model1_EQB_CH4,Step26_Model3_EQB_CH4,Step27_Model1_EQB_CH4,Step28_Model3_EQA_CH4,Step29_Model1_EQB_CH1,Step30_Model2_EQB_CH2,,,,,,,,,,,,42.90386919077705,,,,,,,60.15401181347902,,,,,,,,,,,41.578338876663025,,,,59.59732119148168,49.94347219,,,,,,,,,,,,,,,,,,,,,,,,,,,,,
T010_W11,T010,11,Step1_Model2_EQB_CH4,Step2_Model2_EQA_CH3,Step3_Model3_EQA_CH1,Step4_Model1_EQB_CH4,Step5_Model1_EQC_CH3,Step6_Model1_EQA_CH3,Step7_Model3_EQA_CH3,Step8_Model3_EQB_CH2,Step9_Model3_EQC_CH3,Step10_Model1_EQA_CH1,Step11_Model1_EQC_CH4,Step12_Model1_EQC_CH2,Step13_Model1_EQB_CH1,Step14_Model1_EQB_CH4,Step15_Model2_EQB_CH2,Step16_Model2_EQA_CH2,Step17_Model1_EQC_CH3,Step18_Model2_EQC_CH2,Step19_Model2_EQA_CH1,Step20_Model1_EQB_CH1,Step21_Model3_EQC_CH3,Step22_Model3_EQA_CH4,Step23_Model2_EQA_CH3,Step24_Model3_EQB_CH2,Step25_Model1_EQB_CH2,Step26_Model3_EQB_CH3,Step27_Model1_EQB_CH4,Step28_Model3_EQA_CH1,Step29_Model1_EQB_CH2,Step30_Model2_EQB_CH3,,,,,61.839887759217746,,,,,,,,,,,,,40.30265598057702,,,,,,,,66.23021329167628,,,44.19634254,,,,54.04578121676796,,,,,,,,,,51.12956323920185,,53.433497293609555,37.99728687564128,57.73652293802264,,,,,,,,,,,,,,,,,
T010_W12,T010,12,Step1_Model2_EQB_CH3,Step2_Model2_EQA_CH1,Step3_Model3_EQA_CH2,Step4_Model1_EQB_CH2,Step5_Model1_EQC_CH2,Step6_Model1_EQA_CH1,Step7_Model3_EQA_CH4,Step8_Model3_EQB_CH4,Step9_Model3_EQC_CH2,Step10_Model1_EQA_CH1,Step11_Model1_EQC_CH1,Step12_Model1_EQC_CH1,Step13_Model1_EQB_CH1,Step14_Model1_EQB_CH4,Step15_Model2_EQB_CH3,Step16_Model2_EQA_CH4,Step17_Model1_EQC_CH3,Step18_Model2_EQC_CH4,Step19_Model2_EQA_CH3,Step20_Model1_EQB_CH4,Step21_Model3_EQC_CH4,Step22_Model3_EQA_CH3,Step23_Model2_EQA_CH2,Step24_Model3_EQB_CH1,Step25_Model1_EQB_CH1,Step26_Model3_EQB_CH2,Step27_Model1_EQB_CH2,Step28_Model3_EQA_CH2,Step29_Model1_EQB_CH4,Step30_Model2_EQB_CH2,,,,,,,,,,,,,,,,,,,,,,,,,,,,,,,,,60.09410754857156,,,,,,,,,,,,50.38363524708127,,,,,,,6,,,,,,,,,,,,
T010_W13,T010,13,Step1_Model2_EQB_CH4,Step2_Model2_EQA_CH2,Step3_Model3_EQA_CH4,Step4_Model1_EQB_CH4,Step5_Model1_EQC_CH2,Step6_Model1_EQA_CH4,Step7_Model3_EQA_CH2,Step8_Model3_EQB_CH4,Step9_Model3_EQC_CH2,Step10_Model1_EQA_CH2,Step11_Model1_EQC_CH2,Step12_Model1_EQC_CH1,Step13_Model1_EQB_CH2,Step14_Model1_EQB_CH1,Step15_Model2_EQB_CH3,Step16_Model2_EQA_CH4,Step17_Model1_EQC_CH1,Step18_Model2_EQC_CH3,Step19_Model2_EQA_CH2,Step20_Model1_EQB_CH3,Step21_Model3_EQC_CH2,Step22_Model3_EQA_CH2,Step23_Model2_EQA_CH3,Step24_Model3_EQB_CH3,Step25_Model1_EQB_CH1,Step26_Model3_EQB_CH4,Step27_Model1_EQB_CH2,Step28_Model3_EQA_CH1,Step29_Model1_EQB_CH2,Step30_Model2_EQB_CH4,,,27.76785369248089,,64.79031064733788,,,,,57.26031811177499,,48.42308211776766,,,,,,,,,43.821287112201524,,,49.028320853150284,,,,,,,,,,,,,,,,,,,69.51367058544056,,,,,,,,,,,,,,,,,,,,,
T010_W14,T010,14,Step1_Model2_EQB_CH3,Step2_Model2_EQA_CH4,Step3_Model3_EQA_CH3,Step4_Model1_EQB_CH2,Step5_Model1_EQC_CH1,Step6_Model1_EQA_CH1,Step7_Model3_EQA_CH1,Step8_Model3_EQB_CH4,Step9_Model3_EQC_CH1,Step10_Model1_EQA_CH4,Step11_Model1_EQC_CH4,Step12_Model1_EQC_CH2,Step13_Model1_EQB_CH4,Step14_Model1_EQB_CH2,Step15_Model2_EQB_CH4,Step16_Model2_EQA_CH3,Step17_Model1_EQC_CH1,Step18_Model2_EQC_CH2,Step19_Model2_EQA_CH3,Step20_Model1_EQB_CH3,Step21_Model3_EQC_CH4,Step22_Model3_EQA_CH2,Step23_Model2_EQA_CH1,Step24_Model3_EQB_CH3,Step25_Model1_EQB_CH1,Step26_Model3_EQB_CH1,Step27_Model1_EQB_CH1,Step28_Model3_EQA_CH1,Step29_Model1_EQB_CH4,Step30_Model2_EQB_CH4,,,,,,,,,,,37.85070754719004,,,,,,,,,,,,61.349288458589754,,,,,,46.95346527853765,,,,,,,63.441218489716796,54.58724888,36.871760955114524,,,,,59.56172791895863,,,,55.99103435,,,,,,,,,,,,,,,,,
T010_W15,T010,15,Step1_Model2_EQB_CH3,Step2_Model2_EQA_CH1,Step3_Model3_EQA_CH1,Step4_Model1_EQB_CH4,Step5_Model1_EQC_CH3,Step6_Model1_EQA_CH2,Step7_Model3_EQA_CH1,Step8_Model3_EQB_CH2,Step9_Model3_EQC_CH1,Step10_Model1_EQA_CH3,Step11_Model1_EQC_CH3,Step12_Model1_EQC_CH2,Step13_Model1_EQB_CH2,Step14_Model1_EQB_CH4,Step15_Model2_EQB_CH1,Step16_Model2_EQA_CH1,Step17_Model1_EQC_CH3,Step18_Model2_EQC_CH2,Step19_Model2_EQA_CH2,Step20_Model1_EQB_CH4,Step21_Model3_EQC_CH3,Step22_Model3_EQA_CH3,Step23_Model2_EQA_CH4,Step24_Model3_EQB_CH4,Step25_Model1_EQB_CH3,Step26_Model3_EQB_CH2,Step27_Model1_EQB_CH3,Step28_Model3_EQA_CH2,Step29_Model1_EQB_CH1,Step30_Model2_EQB_CH3,,,,,,,,,,,,,,,,63.67374070780392,,,,35.215708575673936,,,,,,,54.03041708035751,,,,,,,,,,,,,52.96797403621605,,,63.597596642132196,,53.182138010478276,,,,,,,,,,,,,,,,,,,
T010_W16,T010,16,Step1_Model2_EQB_CH4,Step2_Model2_EQA_CH2,Step3_Model3_EQA_CH2,Step4_Model1_EQB_CH2,Step5_Model1_EQC_CH2,Step6_Model1_EQA_CH4,Step7_Model3_EQA_CH2,Step8_Model3_EQB_CH2,Step9_Model3_EQC_CH4,Step10_Model1_EQA_CH2,Step11_Model1_EQC_CH3,Step12_Model1_EQC_CH1,Step13_Model1_EQB_CH3,Step14_Model1_EQB_CH4,Step15_Model2_EQB_CH2,Step16_Model2_EQA_CH2,Step17_Model1_EQC_CH3,Step18_Model2_EQC_CH2,Step19_Model2_EQA_CH4,Step20_Model1_EQB_CH2,Step21_Model3_EQC_CH4,Step22_Model3_EQA_CH4,Step23_Model2_EQA_CH1,Step24_Model3_EQB_CH2,Step25_Model1_EQB_CH2,Step26_Model3_EQB_CH3,Step27_Model1_EQB_CH3,Step28_Model3_EQA_CH1,Step29_Model1_EQB_CH2,Step30_Model2_EQB_CH3,,,,,,62.68287672039777,,,,,,,43.35123277,,,63.52880880993903,,,53.582454770204365,,43.25976915712278,,,44.59935161644925,,,,57.096545926025904,,,,,,,,,,,,44.48000769136037,,56.833500081105186,,,,,,,,,,,,,,,,,,,,,,
T010_W17,T010,17,Step1_Model2_EQB_CH1,Step2_Model2_EQA_CH3,Step3_Model3_EQA_CH4,Step4_Model1_EQB_CH3,Step5_Model1_EQC_CH3,Step6_Model1_EQA_CH2,Step7_Model3_EQA_CH2,Step8_Model3_EQB_CH4,Step9_Model3_EQC_CH3,Step10_Model1_EQA_CH1,Step11_Model1_EQC_CH2,Step12_Model1_EQC_CH2,Step13_Model1_EQB_CH3,Step14_Model1_EQB_CH2,Step15_Model2_EQB_CH3,Step16_Model2_EQA_CH2,Step17_Model1_EQC_CH1,Step18_Model2_EQC_CH1,Step19_Model2_EQA_CH2,Step20_Model1_EQB_CH2,Step21_Model3_EQC_CH4,Step22_Model3_EQA_CH2,Step23_Model2_EQA_CH4,Step24_Model3_EQB_CH1,Step25_Model1_EQB_CH4,Step26_Model3_EQB_CH4,Step27_Model1_EQB_CH3,Step28_Model3_EQA_CH3,Step29_Model1_EQB_CH3,Step30_Model2_EQB_CH3,,33.56444081640113,,,,,,,,,,,51.38052606635371,,,68.60936977366624,,,,,,31.665085161455657,,,,,,,,,40.57508627233716,,,,,,,,,,,,,,,,,,,,,8,,,,,,,,,,,,
T010_W18,T010,18,Step1_Model2_EQB_CH4,Step2_Model2_EQA_CH4,Step3_Model3_EQA_CH3,Step4_Model1_EQB_CH3,Step5_Model1_EQC_CH4,Step6_Model1_EQA_CH1,Step7_Model3_EQA_CH2,Step8_Model3_EQB_CH1,Step9_Model3_EQC_CH2,Step10_Model1_EQA_CH3,Step11_Model1_EQC_CH3,Step12_Model1_EQC_CH4,Step13_Model1_EQB_CH3,Step14_Model1_EQB_CH1,Step15_Model2_EQB_CH3,Step16_Model2_EQA_CH4,Step17_Model1_EQC_CH4,Step18_Model2_EQC_CH1,Step19_Model2_EQA_CH2,Step20_Model1_EQB_CH1,Step21_Model3_EQC_CH2,Step22_Model3_EQA_CH4,Step23_Model2_EQA_CH2,Step24_Model3_EQB_CH1,Step25_Model1_EQB_CH3,Step26_Model3_EQB_CH4,Step27_Model1_EQB_CH1,Step28_Model3_EQA_CH4,Step29_Model1_EQB_CH4,Step30_Model2_EQB_CH1,,41.00399523372665,,,,,,,,,,35.670159080607334,,,,,51.28085286291602,,,,,,61.293809190966876,,,,,,,,,49.673227322319235,,68.57351785819235,51.768666711846116,,,,,,,,,,,,61.164930630761816,,,,,,,,,,9,,,,,,,
T010_W19,T010,19,Step1_Model2_EQB_CH1,Step2_Model2_EQA_CH2,Step3_Model3_EQA_CH4,Step4_Model1_EQB_CH2,Step5_Model1_EQC_CH3,Step6_Model1_EQA_CH4,Step7_Model3_EQA_CH3,Step8_Model3_EQB_CH4,Step9_Model3_EQC_CH1,Step10_Model1_EQA_CH2,Step11_Model1_EQC_CH3,Step12_Model1_EQC_CH1,Step13_Model1_EQB_CH2,Step14_Model1_EQB_CH2,Step15_Model2_EQB_CH3,Step16_Model2_EQA_CH2,Step17_Model1_EQC_CH3,Step18_Model2_EQC_CH4,Step19_Model2_EQA_CH1,Step20_Model1_EQB_CH1,Step21_Model3_EQC_CH3,Step22_Model3_EQA_CH1,Step23_Model2_EQA_CH1,Step24_Model3_EQB_CH4,Step25_Model1_EQB_CH4,Step26_Model3_EQB_CH4,Step27_Model1_EQB_CH1,Step28_Model3_EQA_CH4,Step29_Model1_EQB_CH1,Step30_Model2_EQB_CH3,,,,,,72.61676259740085,,,,,39.980861403752684,,,,,,,43.225824963312526,,,,,,,,,46.20352094548661,,,,,,,53.92200404975447,,,,,,,,,,42.164510867112064,,,,,,,,,,,,,,,,,,,,
T010_W20,T010,20,Step1_Model2_EQB_CH4,Step2_Model2_EQA_CH1,Step3_Model3_EQA_CH3,Step4_Model1_EQB_CH3,Step5_Model1_EQC_CH1,Step6_Model1_EQA_CH1,Step7_Model3_EQA_CH1,Step8_Model3_EQB_CH4,Step9_Model3_EQC_CH2,Step10_Model1_EQA_CH1,Step11_Model1_EQC_CH1,Step12_Model1_EQC_CH3,Step13_Model1_EQB_CH4,Step14_Model1_EQB_CH3,Step15_Model2_EQB_CH1,Step16_Model2_EQA_CH1,Step17_Model1_EQC_CH2,Step18_Model2_EQC_CH1,Step19_Model2_EQA_CH2,Step20_Model1_EQB_CH1,Step21_Model3_EQC_CH1,Step22_Model3_EQA_CH4,Step23_Model2_EQA_CH3,Step24_Model3_EQB_CH2,Step25_Model1_EQB_CH2,Step26_Model3_EQB_CH2,Step27_Model1_EQB_CH4,Step28_Model3_EQA_CH3,Step29_Model1_EQB_CH3,Step30_Model2_EQB_CH1,42.274197704054735,,,47.23652424655162,,,,,,55.20398382405351,,,,,,,,44.70795320996311,,,,,,,,,51.12458864084333,,,,,,,,48.23077582854887,49.121183404578794,,,,,,49.76993747359987,,,,,,,,,,,,,,,,,,,,,,
T010_W21,T010,21,Step1_Model2_EQB_CH1,Step2_Model2_EQA_CH4,Step3_Model3_EQA_CH1,Step4_Model1_EQB_CH2,Step5_Model1_EQC_CH3,Step6_Model1_EQA_CH4,Step7_Model3_EQA_CH3,Step8_Model3_EQB_CH2,Step9_Model3_EQC_CH2,Step10_Model1_EQA_CH2,Step11_Model1_EQC_CH4,Step12_Model1_EQC_CH2,Step13_Model1_EQB_CH1,Step14_Model1_EQB_CH4,Step15_Model2_EQB_CH1,Step16_Model2_EQA_CH1,Step17_Model1_EQC_CH3,Step18_Model2_EQC_CH2,Step19_Model2_EQA_CH1,Step20_Model1_EQB_CH3,Step21_Model3_EQC_CH1,Step22_Model3_EQA_CH2,Step23_Model2_EQA_CH2,Step24_Model3_EQB_CH3,Step25_Model1_EQB_CH1,Step26_Model3_EQB_CH4,Step27_Model1_EQB_CH3,Step28_Model3_EQA_CH2,Step29_Model1_EQB_CH1,Step30_Model2_EQB_CH2,46.46805167692732,,,50.468348625783186,,,48.87401607065011,,,,,,43.58624238,,,,49.359819898891374,31.184301186858587,60.721540613419414,,,,,,,,,,,31.70618003652963,,42.06938303860466,,,,65.96509660640243,,36.70065198294728,,,,,,,56.122602752531094,,,,,,,,,,,14,,,,,,,,
T010_W22,T010,22,Step1_Model2_EQB_CH2,Step2_Model2_EQA_CH2,Step3_Model3_EQA_CH3,Step4_Model1_EQB_CH2,Step5_Model1_EQC_CH4,Step6_Model1_EQA_CH4,Step7_Model3_EQA_CH2,Step8_Model3_EQB_CH3,Step9_Model3_EQC_CH4,Step10_Model1_EQA_CH2,Step11_Model1_EQC_CH1,Step12_Model1_EQC_CH1,Step13_Model1_EQB_CH4,Step14_Model1_EQB_CH3,Step15_Model2_EQB_CH4,Step16_Model2_EQA_CH4,Step17_Model1_EQC_CH3,Step18_Model2_EQC_CH2,Step19_Model2_EQA_CH2,Step20_Model1_EQB_CH3,Step21_Model3_EQC_CH1,Step22_Model3_EQA_CH1,Step23_Model2_EQA_CH2,Step24_Model3_EQB_CH3,Step25_Model1_EQB_CH1,Step26_Model3_EQB_CH3,Step27_Model1_EQB_CH4,Step28_Model3_EQA_CH1,Step29_Model1_EQB_CH4,Step30_Model2_EQB_CH3,,,,,,,,,65.96278187776177,55.27853981712371,,,,60.48939222447841,,,,,,30.859846817482918,42.394243233669464,,,,,,,,,,,,,,,,,43.261338521590545,,,,,,,,,,49.29627593084746,,11,,,,7,,,,,,,,,,
T010_W23,T010,23,Step1_Model2_EQB_CH2,Step2_Model2_EQA_CH4,Step3_Model3_EQA_CH4,Step4_Model1_EQB_CH4,Step5_Model1_EQC_CH4,Step6_Model1_EQA_CH1,Step7_Model3_EQA_CH4,Step8_Model3_EQB_CH2,Step9_Model3_EQC_CH3,Step10_Model1_EQA_CH4,Step11_Model1_EQC_CH1,Step12_Model1_EQC_CH4,Step13_Model1_EQB_CH3,Step14_Model1_EQB_CH3,Step15_Model2_EQB_CH2,Step16_Model2_EQA_CH3,Step17_Model1_EQC_CH4,Step18_Model2_EQC_CH1,Step19_Model2_EQA_CH2,Step20_Model1_EQB_CH3,Step21_Model3_EQC_CH2,Step22_Model3_EQA_CH3,Step23_Model2_EQA_CH4,Step24_Model3_EQB_CH2,Step25_Model1_EQB_CH4,Step26_Model3_EQB_CH4,Step27_Model1_EQB_CH3,Step28_Model3_EQA_CH3,Step29_Model1_EQB_CH3,Step30_Model2_EQB_CH1,,,,,,,,,,,,,44.73103366748322,,,68.73455453324168,,,,,,,,,,,,,51.27913002639119,33.344116636251876,,,,,53.53633211936817,57.26000523667499,56.986239945787865,,,,,,,,,,,,,,,,,,,,,,,,,,,
T010_W24,T010,24,Step1_Model2_EQB_CH1,Step2_Model2_EQA_CH1,Step3_Model3_EQA_CH3,Step4_Model1_EQB_CH3,Step5_Model1_EQC_CH4,Step6_Model1_EQA_CH4,Step7_Model3_EQA_CH4,Step8_Model3_EQB_CH2,Step9_Model3_EQC_CH3,Step10_Model1_EQA_CH1,Step11_Model1_EQC_CH4,Step12_Model1_EQC_CH2,Step13_Model1_EQB_CH3,Step14_Model1_EQB_CH1,Step15_Model2_EQB_CH4,Step16_Model2_EQA_CH2,Step17_Model1_EQC_CH2,Step18_Model2_EQC_CH1,Step19_Model2_EQA_CH4,Step20_Model1_EQB_CH1,Step21_Model3_EQC_CH1,Step22_Model3_EQA_CH4,Step23_Model2_EQA_CH2,Step24_Model3_EQB_CH4,Step25_Model1_EQB_CH4,Step26_Model3_EQB_CH4,Step27_Model1_EQB_CH2,Step28_Model3_EQA_CH4,Step29_Model1_EQB_CH4,Step30_Model2_EQB_CH4,,,27.738664608760757,,,,,,,,,,,,,61.361510879575206,,,,,,,,,,58.52836743738531,,,47.38447279323657,,,51.188924214533536,,,,66.32458862834346,,,,45.97682646885536,,,,,,,55.506805999031165,,,,,,,,,,,,,,,,,
T010_W25,T010,25,Step1_Model2_EQB_CH4,Step2_Model2_EQA_CH2,Step3_Model3_EQA_CH3,Step4_Model1_EQB_CH4,Step5_Model1_EQC_CH3,Step6_Model1_EQA_CH3,Step7_Model3_EQA_CH4,Step8_Model3_EQB_CH4,Step9_Model3_EQC_CH1,Step10_Model1_EQA_CH3,Step11_Model1_EQC_CH2,Step12_Model1_EQC_CH2,Step13_Model1_EQB_CH1,Step14_Model1_EQB_CH3,Step15_Model2_EQB_CH4,Step16_Model2_EQA_CH1,Step17_Model1_EQC_CH1,Step18_Model2_EQC_CH1,Step19_Model2_EQA_CH2,Step20_Model1_EQB_CH2,Step21_Model3_EQC_CH2,Step22_Model3_EQA_CH3,Step23_Model2_EQA_CH2,Step24_Model3_EQB_CH1,Step25_Model1_EQB_CH2,Step26_Model3_EQB_CH3,Step27_Model1_EQB_CH3,Step28_Model3_EQA_CH2,Step29_Model1_EQB_CH4,Step30_Model2_EQB_CH2,,,,,,,,,,,,,44.60119732010865,,,,,,,,,,,,,,,,,30.042514537756674,,,,,,,,,,,,,55.11868050572377,,,,,,,,,,,,,,,,,,,,,
T011_W01,T011,1,Step1_Model2_EQA_CH4,Step2_Model3_EQB_CH3,Step3_Model3_EQC_CH1,Step4_Model2_EQA_CH4,Step5_Model2_EQB_CH4,Step6_Model3_EQB_CH4,Step7_Model2_EQB_CH1,Step8_Model1_EQB_CH1,Step9_Model1_EQC_CH3,Step10_Model3_EQB_CH1,Step11_Model2_EQC_CH3,Step12_Model2_EQA_CH3,Step13_Model1_EQB_CH2,Step14_Model2_EQC_CH3,Step15_Model3_EQB_CH1,Step16_Model2_EQC_CH4,Step17_Model1_EQC_CH4,Step18_Model2_EQB_CH3,Step19_Model3_EQA_CH2,Step20_Model1_EQC_CH1,Step21_Model1_EQB_CH2,Step22_Model2_EQC_CH2,Step23_Model1_EQA_CH3,Step24_Model3_EQB_CH3,Step25_Model1_EQB_CH2,Step26_Model3_EQA_CH3,Step27_Model1_EQC_CH4,Step28_Model1_EQA_CH2,Step29_Model1_EQB_CH1,Step30_Model2_EQB_CH4,49.43835273150197,,,,,,,36.22299667773259,,60.72051856992274,,48.84131679920453,44.09519655729717,57.33591448962751,,,,34.64916440571341,,37.60953814491886,,,,,,,,,,,,,53.14965609,,,,,,,,,61.64132748531033,52.09312848758727,,,40.644110456523336,,,,,,,,,,,,,,,,,,
T011_W02,T011,2,Step1_Model2_EQA_CH1,Step2_Model3_EQB_CH4,Step3_Model3_EQC_CH3,Step4_Model2_EQA_CH1,Step5_Model2_EQB_CH3,Step6_Model3_EQB_CH1,Step7_Model2_EQB_CH3,Step8_Model1_EQB_CH3,Step9_Model1_EQC_CH4,Step10_Model3_EQB_CH3,Step11_Model2_EQC_CH3,Step12_Model2_EQA_CH1,Step13_Model1_EQB_CH3,Step14_Model2_EQC_CH2,Step15_Model3_EQB_CH3,Step16_Model2_EQC_CH3,Step17_Model1_EQC_CH1,Step18_Model2_EQB_CH4,Step19_Model3_EQA_CH1,Step20_Model1_EQC_CH2,Step21_Model1_EQB_CH4,Step22_Model2_EQC_CH2,Step23_Model1_EQA_CH2,Step24_Model3_EQB_CH3,Step25_Model1_EQB_CH2,Step26_Model3_EQA_CH4,Step27_Model1_EQC_CH2,Step28_Model1_EQA_CH3,Step29_Model1_EQB_CH1,Step30_Model2_EQB_CH3,35.70710648224829,,,,,,44.64854739032017,,,,,44.453600225908914,46.42762017857515,,,,,35.334979762686984,,,36.568409648619586,,,44.67577153452417,40.918721307476105,,,,,,,,,,,,,,,,,,,,,,,,,,,,,,,,,,,,,,,
T011_W03,T011,3,Step1_Model2_EQA_CH2,Step2_Model3_EQB_CH3,Step3_Model3_EQC_CH2,Step4_Model2_EQA_CH3,Step5_Model2_EQB_CH1,Step6_Model3_EQB_CH3,Step7_Model2_EQB_CH2,Step8_Model1_EQB_CH4,Step9_Model1_EQC_CH4,Step10_Model3_EQB_CH2,Step11_Model2_EQC_CH3,Step12_Model2_EQA_CH1,Step13_Model1_EQB_CH2,Step14_Model2_EQC_CH4,Step15_Model3_EQB_CH2,Step16_Model2_EQC_CH1,Step17_Model1_EQC_CH2,Step18_Model2_EQB_CH1,Step19_Model3_EQA_CH2,Step20_Model1_EQC_CH2,Step21_Model1_EQB_CH1,Step22_Model2_EQC_CH4,Step23_Model1_EQA_CH1,Step24_Model3_EQB_CH2,Step25_Model1_EQB_CH1,Step26_Model3_EQA_CH2,Step27_Model1_EQC_CH1,Step28_Model1_EQA_CH3,Step29_Model1_EQB_CH2,Step30_Model2_EQB_CH1,,38.27503424407386,36.50904686,,,,40.49788202,,,,,,,,,,,,,,,,,,,,,,,,,,,,,,,,41.40082704193069,,,,,,,,59.80368285801978,,,,,,,,,,,,,,,,,
T011_W04,T011,4,Step1_Model2_EQA_CH4,Step2_Model3_EQB_CH4,Step3_Model3_EQC_CH2,Step4_Model2_EQA_CH4,Step5_Model2_EQB_CH4,Step6_Model3_EQB_CH4,Step7_Model2_EQB_CH2,Step8_Model1_EQB_CH2,Step9_Model1_EQC_CH4,Step10_Model3_EQB_CH3,Step11_Model2_EQC_CH3,Step12_Model2_EQA_CH1,Step13_Model1_EQB_CH4,Step14_Model2_EQC_CH2,Step15_Model3_EQB_CH1,Step16_Model2_EQC_CH3,Step17_Model1_EQC_CH3,Step18_Model2_EQB_CH1,Step19_Model3_EQA_CH2,Step20_Model1_EQC_CH1,Step21_Model1_EQB_CH3,Step22_Model2_EQC_CH3,Step23_Model1_EQA_CH3,Step24_Model3_EQB_CH3,Step25_Model1_EQB_CH4,Step26_Model3_EQA_CH2,Step27_Model1_EQC_CH1,Step28_Model1_EQA_CH2,Step29_Model1_EQB_CH4,Step30_Model2_EQB_CH2,,,,,,60.848160813722494,,,61.99328430266172,,,,45.439104258300844,,33.524712463971774,,,,,,,,,,,,,62.60810954113275,,37.964555048937946,39.61036689895164,,,,,,,,,,,,,,56.06249313860941,,,,,,,,,,,,,,,,,,,
T011_W05,T011,5,Step1_Model2_EQA_CH2,Step2_Model3_EQB_CH2,Step3_Model3_EQC_CH4,Step4_Model2_EQA_CH2,Step5_Model2_EQB_CH3,Step6_Model3_EQB_CH1,Step7_Model2_EQB_CH4,Step8_Model1_EQB_CH2,Step9_Model1_EQC_CH4,Step10_Model3_EQB_CH4,Step11_Model2_EQC_CH2,Step12_Model2_EQA_CH4,Step13_Model1_EQB_CH4,Step14_Model2_EQC_CH3,Step15_Model3_EQB_CH3,Step16_Model2_EQC_CH1,Step17_Model1_EQC_CH2,Step18_Model2_EQB_CH1,Step19_Model3_EQA_CH3,Step20_Model1_EQC_CH4,Step21_Model1_EQB_CH1,Step22_Model2_EQC_CH3,Step23_Model1_EQA_CH2,Step24_Model3_EQB_CH1,Step25_Model1_EQB_CH1,Step26_Model3_EQA_CH2,Step27_Model1_EQC_CH4,Step28_Model1_EQA_CH1,Step29_Model1_EQB_CH4,Step30_Model2_EQB_CH1,,33.33477256457381,,40.90847830255463,,59.02531938186156,38.991200310750415,,,,,,,,,,47.54527588,,63.405931920579604,,,,,,43.89170775022457,,,,,,,,,59.11113821545629,,,,,,46.18538273,,,60.572421870471885,,,,,,,,,,,,,,,9,,,,,,
T011_W06,T011,6,Step1_Model2_EQA_CH2,Step2_Model3_EQB_CH3,Step3_Model3_EQC_CH4,Step4_Model2_EQA_CH4,Step5_Model2_EQB_CH3,Step6_Model3_EQB_CH1,Step7_Model2_EQB_CH3,Step8_Model1_EQB_CH2,Step9_Model1_EQC_CH1,Step10_Model3_EQB_CH2,Step11_Model2_EQC_CH3,Step12_Model2_EQA_CH3,Step13_Model1_EQB_CH1,Step14_Model2_EQC_CH3,Step15_Model3_EQB_CH3,Step16_Model2_EQC_CH1,Step17_Model1_EQC_CH2,Step18_Model2_EQB_CH1,Step19_Model3_EQA_CH2,Step20_Model1_EQC_CH3,Step21_Model1_EQB_CH2,Step22_Model2_EQC_CH2,Step23_Model1_EQA_CH3,Step24_Model3_EQB_CH2,Step25_Model1_EQB_CH3,Step26_Model3_EQA_CH1,Step27_Model1_EQC_CH3,Step28_Model1_EQA_CH1,Step29_Model1_EQB_CH3,Step30_Model2_EQB_CH2,,,,,,,40.53965243600622,,,,,40.64394667,,61.57627385021898,,,,36.83028015789658,,,,,,,,56.69231306026559,,,,37.56090494202513,,,,,,59.054306799823955,50.27353181911138,44.42622519092832,,,,,,,,39.42301541309332,,,10,,,,,,,,,,,,,,,
T011_W07,T011,7,Step1_Model2_EQA_CH1,Step2_Model3_EQB_CH3,Step3_Model3_EQC_CH3,Step4_Model2_EQA_CH1,Step5_Model2_EQB_CH1,Step6_Model3_EQB_CH1,Step7_Model2_EQB_CH1,Step8_Model1_EQB_CH1,Step9_Model1_EQC_CH4,Step10_Model3_EQB_CH2,Step11_Model2_EQC_CH3,Step12_Model2_EQA_CH1,Step13_Model1_EQB_CH4,Step14_Model2_EQC_CH2,Step15_Model3_EQB_CH1,Step16_Model2_EQC_CH4,Step17_Model1_EQC_CH1,Step18_Model2_EQB_CH4,Step19_Model3_EQA_CH1,Step20_Model1_EQC_CH3,Step21_Model1_EQB_CH3,Step22_Model2_EQC_CH1,Step23_Model1_EQA_CH1,Step24_Model3_EQB_CH4,Step25_Model1_EQB_CH3,Step26_Model3_EQA_CH1,Step27_Model1_EQC_CH4,Step28_Model1_EQA_CH3,Step29_Model1_EQB_CH3,Step30_Model2_EQB_CH4,,40.54892860399717,,,,,,32.34739726,,,,,38.42480936149437,61.70378959,,,,,,,,35.75659920193641,62.40688754379664,,,,39.64129258597724,,,,,,,,51.144527250852846,,,,,49.55608934065816,51.47998322636319,53.17066075,,,,,,,,,,,,,,,,,,,,,,
T011_W08,T011,8,Step1_Model2_EQA_CH3,Step2_Model3_EQB_CH3,Step3_Model3_EQC_CH1,Step4_Model2_EQA_CH3,Step5_Model2_EQB_CH3,Step6_Model3_EQB_CH2,Step7_Model2_EQB_CH1,Step8_Model1_EQB_CH3,Step9_Model1_EQC_CH3,Step10_Model3_EQB_CH3,Step11_Model2_EQC_CH3,Step12_Model2_EQA_CH4,Step13_Model1_EQB_CH4,Step14_Model2_EQC_CH4,Step15_Model3_EQB_CH4,Step16_Model2_EQC_CH1,Step17_Model1_EQC_CH1,Step18_Model2_EQB_CH2,Step19_Model3_EQA_CH3,Step20_Model1_EQC_CH4,Step21_Model1_EQB_CH1,Step22_Model2_EQC_CH3,Step23_Model1_EQA_CH1,Step24_Model3_EQB_CH3,Step25_Model1_EQB_CH3,Step26_Model3_EQA_CH4,Step27_Model1_EQC_CH1,Step28_Model1_EQA_CH4,Step29_Model1_EQB_CH4,Step30_Model2_EQB_CH2,38.02326209277525,,,,67.92434779365644,,,,,,,,,,,59.116682105371204,,,,,,,,,,,,,,,45.107977906156236,46.53630258471446,,,,,,,,,,,,,,,,45.594971392156076,,,,,,,,6,,,,,,,,
T011_W09,T011,9,Step1_Model2_EQA_CH1,Step2_Model3_EQB_CH3,Step3_Model3_EQC_CH3,Step4_Model2_EQA_CH1,Step5_Model2_EQB_CH1,Step6_Model3_EQB_CH2,Step7_Model2_EQB_CH1,Step8_Model1_EQB_CH3,Step9_Model1_EQC_CH1,Step10_Model3_EQB_CH3,Step11_Model2_EQC_CH3,Step12_Model2_EQA_CH2,Step13_Model1_EQB_CH2,Step14_Model2_EQC_CH3,Step15_Model3_EQB_CH4,Step16_Model2_EQC_CH4,Step17_Model1_EQC_CH3,Step18_Model2_EQB_CH2,Step19_Model3_EQA_CH1,Step20_Model1_EQC_CH1,Step21_Model1_EQB_CH4,Step22_Model2_EQC_CH4,Step23_Model1_EQA_CH4,Step24_Model3_EQB_CH2,Step25_Model1_EQB_CH1,Step26_Model3_EQA_CH4,Step27_Model1_EQC_CH3,Step28_Model1_EQA_CH4,Step29_Model1_EQB_CH1,Step30_Model2_EQB_CH4,44.41252738,,,,,,42.48320553494557,,,,,,,,,,,,66.90316317715508,,36.17318646751409,,,,,,,55.606884835404585,,,,,,,,,,,,,,,,,,,61.19117092745108,,,,,,,,,,,,,,,,,
T011_W10,T011,10,Step1_Model2_EQA_CH3,Step2_Model3_EQB_CH1,Step3_Model3_EQC_CH2,Step4_Model2_EQA_CH2,Step5_Model2_EQB_CH3,Step6_Model3_EQB_CH4,Step7_Model2_EQB_CH1,Step8_Model1_EQB_CH1,Step9_Model1_EQC_CH4,Step10_Model3_EQB_CH3,Step11_Model2_EQC_CH1,Step12_Model2_EQA_CH1,Step13_Model1_EQB_CH1,Step14_Model2_EQC_CH2,Step15_Model3_EQB_CH4,Step16_Model2_EQC_CH1,Step17_Model1_EQC_CH2,Step18_Model2_EQB_CH3,Step19_Model3_EQA_CH3,Step20_Model1_EQC_CH1,Step21_Model1_EQB_CH1,Step22_Model2_EQC_CH3,Step23_Model1_EQA_CH2,Step24_Model3_EQB_CH1,Step25_Model1_EQB_CH2,Step26_Model3_EQA_CH3,Step27_Model1_EQC_CH3,Step28_Model1_EQA_CH3,Step29_Model1_EQB_CH4,Step30_Model2_EQB_CH2,,,,,,,,,,,,,,,,,,37.79864081195362,,,,35.53578563611706,,,47.89091514632254,58.458019590534406,42.26979872720944,,,,,,,,,,,,,,,,,,41.79642652717301,,,44.07751991,,,,,,,,,,,,,,,,
T011_W11,T011,11,Step1_Model2_EQA_CH1,Step2_Model3_EQB_CH1,Step3_Model3_EQC_CH3,Step4_Model2_EQA_CH4,Step5_Model2_EQB_CH1,Step6_Model3_EQB_CH2,Step7_Model2_EQB_CH1,Step8_Model1_EQB_CH1,Step9_Model1_EQC_CH3,Step10_Model3_EQB_CH1,Step11_Model2_EQC_CH4,Step12_Model2_EQA_CH2,Step13_Model1_EQB_CH4,Step14_Model2_EQC_CH2,Step15_Model3_EQB_CH3,Step16_Model2_EQC_CH4,Step17_Model1_EQC_CH2,Step18_Model2_EQB_CH2,Step19_Model3_EQA_CH1,Step20_Model1_EQC_CH3,Step21_Model1_EQB_CH1,Step22_Model2_EQC_CH4,Step23_Model1_EQA_CH1,Step24_Model3_EQB_CH2,Step25_Model1_EQB_CH2,Step26_Model3_EQA_CH2,Step27_Model1_EQC_CH1,Step28_Model1_EQA_CH2,Step29_Model1_EQB_CH3,Step30_Model2_EQB_CH2,,,,,,,,,,,,,,,,,,,,,,,,,40.90353371636678,,,,,,,,,,54.67297953815965,49.22360315582951,,,,,,,,,,,,43.52682324,,,,,,,16,,,,,,,,,
T011_W12,T011,12,Step1_Model2_EQA_CH4,Step2_Model3_EQB_CH3,Step3_Model3_EQC_CH3,Step4_Model2_EQA_CH1,Step5_Model2_EQB_CH4,Step6_Model3_EQB_CH1,Step7_Model2_EQB_CH3,Step8_Model1_EQB_CH2,Step9_Model1_EQC_CH2,Step10_Model3_EQB_CH4,Step11_Model2_EQC_CH1,Step12_Model2_EQA_CH1,Step13_Model1_EQB_CH2,Step14_Model2_EQC_CH4,Step15_Model3_EQB_CH1,Step16_Model2_EQC_CH4,Step17_Model1_EQC_CH1,Step18_Model2_EQB_CH3,Step19_Model3_EQA_CH3,Step20_Model1_EQC_CH1,Step21_Model1_EQB_CH1,Step22_Model2_EQC_CH1,Step23_Model1_EQA_CH2,Step24_Model3_EQB_CH2,Step25_Model1_EQB_CH2,Step26_Model3_EQA_CH1,Step27_Model1_EQC_CH2,Step28_Model1_EQA_CH1,Step29_Model1_EQB_CH2,Step30_Model2_EQB_CH2,38.844841019232256,,,,,,48.18213649918565,,,,,,,59.13632823827662,,,47.637965783081874,,,,39.33349632714995,,,,,,,,,38.29368695186701,,,,61.112186879421635,,54.159931488808795,,,,,,,,,,,,,,,,,,,,,,,,,,,,
T011_W13,T011,13,Step1_Model2_EQA_CH4,Step2_Model3_EQB_CH3,Step3_Model3_EQC_CH3,Step4_Model2_EQA_CH1,Step5_Model2_EQB_CH4,Step6_Model3_EQB_CH3,Step7_Model2_EQB_CH2,Step8_Model1_EQB_CH3,Step9_Model1_EQC_CH3,Step10_Model3_EQB_CH2,Step11_Model2_EQC_CH4,Step12_Model2_EQA_CH2,Step13_Model1_EQB_CH4,Step14_Model2_EQC_CH4,Step15_Model3_EQB_CH4,Step16_Model2_EQC_CH2,Step17_Model1_EQC_CH4,Step18_Model2_EQB_CH3,Step19_Model3_EQA_CH1,Step20_Model1_EQC_CH2,Step21_Model1_EQB_CH3,Step22_Model2_EQC_CH4,Step23_Model1_EQA_CH2,Step24_Model3_EQB_CH3,Step25_Model1_EQB_CH2,Step26_Model3_EQA_CH3,Step27_Model1_EQC_CH1,Step28_Model1_EQA_CH3,Step29_Model1_EQB_CH1,Step30_Model2_EQB_CH4,,,,,,,,,,,,41.53709387487722,,,,,,,,,,,,,41.15710282921253,,,,,,,,,,,,,,,47.734365176168346,,,,,,,,51.043807106120404,,,,,,,,,,,,,,,,
T011_W14,T011,14,Step1_Model2_EQA_CH2,Step2_Model3_EQB_CH2,Step3_Model3_EQC_CH1,Step4_Model2_EQA_CH4,Step5_Model2_EQB_CH1,Step6_Model3_EQB_CH4,Step7_Model2_EQB_CH3,Step8_Model1_EQB_CH1,Step9_Model1_EQC_CH2,Step10_Model3_EQB_CH4,Step11_Model2_EQC_CH1,Step12_Model2_EQA_CH1,Step13_Model1_EQB_CH1,Step14_Model2_EQC_CH3,Step15_Model3_EQB_CH4,Step16_Model2_EQC_CH1,Step17_Model1_EQC_CH1,Step18_Model2_EQB_CH1,Step19_Model3_EQA_CH1,Step20_Model1_EQC_CH4,Step21_Model1_EQB_CH2,Step22_Model2_EQC_CH3,Step23_Model1_EQA_CH2,Step24_Model3_EQB_CH1,Step25_Model1_EQB_CH1,Step26_Model3_EQA_CH2,Step27_Model1_EQC_CH4,Step28_Model1_EQA_CH4,Step29_Model1_EQB_CH1,Step30_Model2_EQB_CH2,36.71909347184816,42.04409965115741,,44.529789749996766,,,,,,,,,43.529113378074136,,,,,,,40.21988798381695,,,,,,,,,52.05290915251611,,,,,,,,53.86981600294791,,,,,,,,,,,,,,,,,,,,,,,,,,,
T011_W15,T011,15,Step1_Model2_EQA_CH2,Step2_Model3_EQB_CH2,Step3_Model3_EQC_CH1,Step4_Model2_EQA_CH3,Step5_Model2_EQB_CH3,Step6_Model3_EQB_CH2,Step7_Model2_EQB_CH3,Step8_Model1_EQB_CH2,Step9_Model1_EQC_CH1,Step10_Model3_EQB_CH2,Step11_Model2_EQC_CH1,Step12_Model2_EQA_CH1,Step13_Model1_EQB_CH4,Step14_Model2_EQC_CH4,Step15_Model3_EQB_CH4,Step16_Model2_EQC_CH3,Step17_Model1_EQC_CH3,Step18_Model2_EQB_CH4,Step19_Model3_EQA_CH3,Step20_Model1_EQC_CH3,Step21_Model1_EQB_CH2,Step22_Model2_EQC_CH4,Step23_Model1_EQA_CH4,Step24_Model3_EQB_CH3,Step25_Model1_EQB_CH4,Step26_Model3_EQA_CH4,Step27_Model1_EQC_CH1,Step28_Model1_EQA_CH1,Step29_Model1_EQB_CH4,Step30_Model2_EQB_CH4,,,,,61.72704409,62.80994664461251,,,,,,,,,,59.44853432196776,,,55.824217722233335,,,,,,44.341683202512826,,,,,36.86402006,38.23658425102029,43.40353624698149,,,,,,,38.01510776217542,,44.40658394337864,,,,,,,,,,,,,,,,,,,,,,,
T011_W16,T011,16,Step1_Model2_EQA_CH1,Step2_Model3_EQB_CH1,Step3_Model3_EQC_CH2,Step4_Model2_EQA_CH2,Step5_Model2_EQB_CH2,Step6_Model3_EQB_CH1,Step7_Model2_EQB_CH3,Step8_Model1_EQB_CH3,Step9_Model1_EQC_CH3,Step10_Model3_EQB_CH3,Step11_Model2_EQC_CH4,Step12_Model2_EQA_CH4,Step13_Model1_EQB_CH1,Step14_Model2_EQC_CH2,Step15_Model3_EQB_CH3,Step16_Model2_EQC_CH2,Step17_Model1_EQC_CH2,Step18_Model2_EQB_CH4,Step19_Model3_EQA_CH4,Step20_Model1_EQC_CH1,Step21_Model1_EQB_CH3,Step22_Model2_EQC_CH3,Step23_Model1_EQA_CH4,Step24_Model3_EQB_CH4,Step25_Model1_EQB_CH4,Step26_Model3_EQA_CH3,Step27_Model1_EQC_CH2,Step28_Model1_EQA_CH3,Step29_Model1_EQB_CH2,Step30_Model2_EQB_CH3,,,,,,,,,,,,,,,,,,,,,45.467927709081735,35.39572121584302,64.34587049783589,,,,,,,,,,,,,,,,,,,59.41766201214698,,,,,,,,,,,,,,8,,,,,,,,
T011_W17,T011,17,Step1_Model2_EQA_CH2,Step2_Model3_EQB_CH4,Step3_Model3_EQC_CH2,Step4_Model2_EQA_CH4,Step5_Model2_EQB_CH1,Step6_Model3_EQB_CH1,Step7_Model2_EQB_CH2,Step8_Model1_EQB_CH2,Step9_Model1_EQC_CH3,Step10_Model3_EQB_CH3,Step11_Model2_EQC_CH2,Step12_Model2_EQA_CH4,Step13_Model1_EQB_CH2,Step14_Model2_EQC_CH2,Step15_Model3_EQB_CH2,Step16_Model2_EQC_CH2,Step17_Model1_EQC_CH4,Step18_Model2_EQB_CH2,Step19_Model3_EQA_CH1,Step20_Model1_EQC_CH2,Step21_Model1_EQB_CH2,Step22_Model2_EQC_CH1,Step23_Model1_EQA_CH3,Step24_Model3_EQB_CH3,Step25_Model1_EQB_CH3,Step26_Model3_EQA_CH3,Step27_Model1_EQC_CH2,Step28_Model1_EQA_CH1,Step29_Model1_EQB_CH4,Step30_Model2_EQB_CH4,,,,48.33412853627829,,,,30.63514062322461,64.34440869169238,,32.09077756237789,,,,34.40167998308484,,,34.77266770329373,,,,,,,,,39.06761106376421,,,,,47.37384655665928,,,,,,,44.81547202770638,,,,,,,,,,,,,,,,,,,,,,,,,
T011_W18,T011,18,Step1_Model2_EQA_CH4,Step2_Model3_EQB_CH4,Step3_Model3_EQC_CH2,Step4_Model2_EQA_CH3,Step5_Model2_EQB_CH1,Step6_Model3_EQB_CH3,Step7_Model2_EQB_CH1,Step8_Model1_EQB_CH3,Step9_Model1_EQC_CH4,Step10_Model3_EQB_CH3,Step11_Model2_EQC_CH3,Step12_Model2_EQA_CH4,Step13_Model1_EQB_CH2,Step14_Model2_EQC_CH4,Step15_Model3_EQB_CH1,Step16_Model2_EQC_CH3,Step17_Model1_EQC_CH3,Step18_Model2_EQB_CH1,Step19_Model3_EQA_CH2,Step20_Model1_EQC_CH1,Step21_Model1_EQB_CH4,Step22_Model2_EQC_CH2,Step23_Model1_EQA_CH2,Step24_Model3_EQB_CH2,Step25_Model1_EQB_CH4,Step26_Model3_EQA_CH2,Step27_Model1_EQC_CH3,Step28_Model1_EQA_CH4,Step29_Model1_EQB_CH1,Step30_Model2_EQB_CH1,,,,,,,,,53.67389132034671,,,,,60.38085063606352,,,,,,38.24848320295196,43.10374711225469,35.178457397700534,,,42.34829694563045,,,,,,,,53.973742749603474,60.40995477470807,,54.55392616,,,,,,,,31.549181036544237,,,,48.87165444648622,,,,,,,,,,,,,,,,
T011_W19,T011,19,Step1_Model2_EQA_CH2,Step2_Model3_EQB_CH4,Step3_Model3_EQC_CH1,Step4_Model2_EQA_CH3,Step5_Model2_EQB_CH3,Step6_Model3_EQB_CH2,Step7_Model2_EQB_CH1,Step8_Model1_EQB_CH4,Step9_Model1_EQC_CH1,Step10_Model3_EQB_CH2,Step11_Model2_EQC_CH3,Step12_Model2_EQA_CH1,Step13_Model1_EQB_CH1,Step14_Model2_EQC_CH4,Step15_Model3_EQB_CH2,Step16_Model2_EQC_CH4,Step17_Model1_EQC_CH3,Step18_Model2_EQB_CH4,Step19_Model3_EQA_CH4,Step20_Model1_EQC_CH4,Step21_Model1_EQB_CH4,Step22_Model2_EQC_CH1,Step23_Model1_EQA_CH3,Step24_Model3_EQB_CH3,Step25_Model1_EQB_CH1,Step26_Model3_EQA_CH2,Step27_Model1_EQC_CH3,Step28_Model1_EQA_CH4,Step29_Model1_EQB_CH2,Step30_Model2_EQB_CH3,,35.76787501822113,,,,,,,,,,38.58362272749061,,,55.39853122426942,,,,,35.66017339229265,,,,,,,,,,,,45.11401658164824,,,,52.17440610592995,,,,,,,,,45.58213404547945,,,,,,,,,,,,,,,,,,,
T011_W20,T011,20,Step1_Model2_EQA_CH3,Step2_Model3_EQB_CH4,Step3_Model3_EQC_CH3,Step4_Model2_EQA_CH3,Step5_Model2_EQB_CH1,Step6_Model3_EQB_CH2,Step7_Model2_EQB_CH4,Step8_Model1_EQB_CH2,Step9_Model1_EQC_CH2,Step10_Model3_EQB_CH1,Step11_Model2_EQC_CH4,Step12_Model2_EQA_CH1,Step13_Model1_EQB_CH4,Step14_Model2_EQC_CH4,Step15_Model3_EQB_CH2,Step16_Model2_EQC_CH2,Step17_Model1_EQC_CH2,Step18_Model2_EQB_CH2,Step19_Model3_EQA_CH3,Step20_Model1_EQC_CH3,Step21_Model1_EQB_CH2,Step22_Model2_EQC_CH2,Step23_Model1_EQA_CH1,Step24_Model3_EQB_CH1,Step25_Model1_EQB_CH4,Step26_Model3_EQA_CH1,Step27_Model1_EQC_CH4,Step28_Model1_EQA_CH3,Step29_Model1_EQB_CH3,Step30_Model2_EQB_CH4,37.54917202179808,36.03016706761883,,,,,,,,,37.35793655266623,,48.29346013191056,60.238740133074025,,,42.97948242619841,,,,45.512516362604885,37.93813198,,,,,,,,,,,,,,,,,,45.01022231217283,,56.646471179864704,,,,40.948567354278104,,,,,,,,,,,,,,,,,,
T011_W21,T011,21,Step1_Model2_EQA_CH1,Step2_Model3_EQB_CH1,Step3_Model3_EQC_CH4,Step4_Model2_EQA_CH3,Step5_Model2_EQB_CH2,Step6_Model3_EQB_CH1,Step7_Model2_EQB_CH1,Step8_Model1_EQB_CH1,Step9_Model1_EQC_CH4,Step10_Model3_EQB_CH2,Step11_Model2_EQC_CH3,Step12_Model2_EQA_CH2,Step13_Model1_EQB_CH2,Step14_Model2_EQC_CH3,Step15_Model3_EQB_CH3,Step16_Model2_EQC_CH3,Step17_Model1_EQC_CH2,Step18_Model2_EQB_CH2,Step19_Model3_EQA_CH2,Step20_Model1_EQC_CH1,Step21_Model1_EQB_CH2,Step22_Model2_EQC_CH1,Step23_Model1_EQA_CH3,Step24_Model3_EQB_CH3,Step25_Model1_EQB_CH4,Step26_Model3_EQA_CH2,Step27_Model1_EQC_CH2,Step28_Model1_EQA_CH4,Step29_Model1_EQB_CH1,Step30_Model2_EQB_CH4,,,,,,62.80074791294843,,,,,,38.578094029093535,,,,,,,,,,,62.00955265,42.637395552397834,,,,,,,,,,64.30833392134967,,,,,41.612340773720554,,,,,,,,60.85983521151731,,,,,,10,,,,,,,,,,,
T011_W22,T011,22,Step1_Model2_EQA_CH2,Step2_Model3_EQB_CH4,Step3_Model3_EQC_CH4,Step4_Model2_EQA_CH3,Step5_Model2_EQB_CH1,Step6_Model3_EQB_CH1,Step7_Model2_EQB_CH1,Step8_Model1_EQB_CH4,Step9_Model1_EQC_CH3,Step10_Model3_EQB_CH3,Step11_Model2_EQC_CH1,Step12_Model2_EQA_CH2,Step13_Model1_EQB_CH1,Step14_Model2_EQC_CH3,Step15_Model3_EQB_CH3,Step16_Model2_EQC_CH2,Step17_Model1_EQC_CH2,Step18_Model2_EQB_CH1,Step19_Model3_EQA_CH1,Step20_Model1_EQC_CH4,Step21_Model1_EQB_CH4,Step22_Model2_EQC_CH2,Step23_Model1_EQA_CH1,Step24_Model3_EQB_CH3,Step25_Model1_EQB_CH4,Step26_Model3_EQA_CH4,Step27_Model1_EQC_CH3,Step28_Model1_EQA_CH4,Step29_Model1_EQB_CH1,Step30_Model2_EQB_CH4,,40.72689745825759,,,,,,,,,39.227024718024914,,,,,65.57906744163438,,,,,,,,,47.029175151245326,,43.90727903255799,,,,,,,,,57.021537799936446,,33.909546080057815,36.77241132210379,,,,,,,32.07401824624068,,,,,,,,,,,,,,,,,,
T011_W23,T011,23,Step1_Model2_EQA_CH1,Step2_Model3_EQB_CH3,Step3_Model3_EQC_CH1,Step4_Model2_EQA_CH2,Step5_Model2_EQB_CH3,Step6_Model3_EQB_CH1,Step7_Model2_EQB_CH3,Step8_Model1_EQB_CH2,Step9_Model1_EQC_CH3,Step10_Model3_EQB_CH3,Step11_Model2_EQC_CH2,Step12_Model2_EQA_CH1,Step13_Model1_EQB_CH1,Step14_Model2_EQC_CH1,Step15_Model3_EQB_CH1,Step16_Model2_EQC_CH2,Step17_Model1_EQC_CH1,Step18_Model2_EQB_CH1,Step19_Model3_EQA_CH3,Step20_Model1_EQC_CH1,Step21_Model1_EQB_CH1,Step22_Model2_EQC_CH3,Step23_Model1_EQA_CH1,Step24_Model3_EQB_CH1,Step25_Model1_EQB_CH2,Step26_Model3_EQA_CH3,Step27_Model1_EQC_CH2,Step28_Model1_EQA_CH4,Step29_Model1_EQB_CH3,Step30_Model2_EQB_CH2,,,,,60.955042099371056,,,,,,,,,56.53148402809864,,,42.70618762120743,35.66053732139704,,,,,62.53348290538284,,,52.744070054400076,,,,,,,56.38823111461558,,,,54.042010058718624,,41.48426964419163,,,,,,,26.487055139727502,,,7,,,,9,,,9,,,,,,,,
T011_W24,T011,24,Step1_Model2_EQA_CH4,Step2_Model3_EQB_CH3,Step3_Model3_EQC_CH3,Step4_Model2_EQA_CH3,Step5_Model2_EQB_CH3,Step6_Model3_EQB_CH1,Step7_Model2_EQB_CH2,Step8_Model1_EQB_CH3,Step9_Model1_EQC_CH4,Step10_Model3_EQB_CH2,Step11_Model2_EQC_CH2,Step12_Model2_EQA_CH2,Step13_Model1_EQB_CH3,Step14_Model2_EQC_CH2,Step15_Model3_EQB_CH2,Step16_Model2_EQC_CH4,Step17_Model1_EQC_CH2,Step18_Model2_EQB_CH2,Step19_Model3_EQA_CH1,Step20_Model1_EQC_CH1,Step21_Model1_EQB_CH4,Step22_Model2_EQC_CH1,Step23_Model1_EQA_CH1,Step24_Model3_EQB_CH3,Step25_Model1_EQB_CH1,Step26_Model3_EQA_CH3,Step27_Model1_EQC_CH4,Step28_Model1_EQA_CH3,Step29_Model1_EQB_CH2,Step30_Model2_EQB_CH2,,,,,,,,,60.63519529239672,,,,,,,,,,,39.14126837945609,,,,,,,,56.68817438271629,,,,,,,,,51.03119979621656,,,,,,,38.34171212730944,,,62.540686604012855,,,,,,,,,,,,,,,,,
T011_W25,T011,25,Step1_Model2_EQA_CH2,Step2_Model3_EQB_CH1,Step3_Model3_EQC_CH4,Step4_Model2_EQA_CH1,Step5_Model2_EQB_CH1,Step6_Model3_EQB_CH2,Step7_Model2_EQB_CH4,Step8_Model1_EQB_CH4,Step9_Model1_EQC_CH4,Step10_Model3_EQB_CH1,Step11_Model2_EQC_CH4,Step12_Model2_EQA_CH3,Step13_Model1_EQB_CH2,Step14_Model2_EQC_CH4,Step15_Model3_EQB_CH3,Step16_Model2_EQC_CH2,Step17_Model1_EQC_CH1,Step18_Model2_EQB_CH1,Step19_Model3_EQA_CH4,Step20_Model1_EQC_CH2,Step21_Model1_EQB_CH3,Step22_Model2_EQC_CH3,Step23_Model1_EQA_CH4,Step24_Model3_EQB_CH2,Step25_Model1_EQB_CH1,Step26_Model3_EQA_CH4,Step27_Model1_EQC_CH2,Step28_Model1_EQA_CH4,Step29_Model1_EQB_CH4,Step30_Model2_EQB_CH1,42.56147748253228,,,,59.68621396085978,,,,,,,,,,42.48828882,,,,58.50328078056783,38.15960128251359,,,,,,,59.775883787785475,,51.821502675239856,,,,,,,,,,,,,58.40918578288452,,,,,,,,,,,,,,,,,,,,,,
T012_W01,T012,1,Step1_Model3_EQA_CH4,Step2_Model3_EQA_CH3,Step3_Model1_EQC_CH4,Step4_Model1_EQB_CH4,Step5_Model3_EQC_CH3,Step6_Model3_EQB_CH2,Step7_Model2_EQA_CH1,Step8_Model3_EQC_CH3,Step9_Model1_EQB_CH4,Step10_Model1_EQC_CH4,Step11_Model1_EQC_CH3,Step12_Model2_EQC_CH1,Step13_Model2_EQA_CH3,Step14_Model3_EQB_CH2,Step15_Model1_EQC_CH4,Step16_Model3_EQC_CH1,Step17_Model1_EQB_CH4,Step18_Model1_EQA_CH4,Step19_Model1_EQB_CH1,Step20_Model1_EQB_CH1,Step21_Model3_EQB_CH1,Step22_Model2_EQA_CH1,Step23_Model3_EQB_CH4,Step24_Model2_EQC_CH1,Step25_Model3_EQB_CH3,Step26_Model2_EQA_CH1,Step27_Model3_EQA_CH2,Step28_Model1_EQB_CH3,Step29_Model1_EQB_CH2,Step30_Model2_EQB_CH4,,,40.32859079501286,,,,,,50.888732251645735,,,,,,,,,,,,,,,,,,,,,,,44.04949237820405,,,,,,,,,,,61.21445721132789,,42.97886592445101,,,,,,,,,,,,,12,,,,,,
T012_W02,T012,2,Step1_Model3_EQA_CH1,Step2_Model3_EQA_CH3,Step3_Model1_EQC_CH2,Step4_Model1_EQB_CH1,Step5_Model3_EQC_CH1,Step6_Model3_EQB_CH2,Step7_Model2_EQA_CH3,Step8_Model3_EQC_CH3,Step9_Model1_EQB_CH2,Step10_Model1_EQC_CH2,Step11_Model1_EQC_CH1,Step12_Model2_EQC_CH3,Step13_Model2_EQA_CH1,Step14_Model3_EQB_CH3,Step15_Model1_EQC_CH2,Step16_Model3_EQC_CH4,Step17_Model1_EQB_CH1,Step18_Model1_EQA_CH1,Step19_Model1_EQB_CH3,Step20_Model1_EQB_CH4,Step21_Model3_EQB_CH4,Step22_Model2_EQA_CH2,Step23_Model3_EQB_CH2,Step24_Model2_EQC_CH2,Step25_Model3_EQB_CH4,Step26_Model2_EQA_CH2,Step27_Model3_EQA_CH4,Step28_Model1_EQB_CH4,Step29_Model1_EQB_CH3,Step30_Model2_EQB_CH3,,,,,,,,,,,,,,,,,,,,,32.92097668520307,,,49.75369649352609,46.71623722713496,,,51.17610161,,,39.54244060118707,,,,,,,,,,,,,,,,,,,,,,,,,,,,,,,,,
T012_W03,T012,3,Step1_Model3_EQA_CH4,Step2_Model3_EQA_CH3,Step3_Model1_EQC_CH3,Step4_Model1_EQB_CH2,Step5_Model3_EQC_CH4,Step6_Model3_EQB_CH2,Step7_Model2_EQA_CH2,Step8_Model3_EQC_CH2,Step9_Model1_EQB_CH4,Step10_Model1_EQC_CH3,Step11_Model1_EQC_CH3,Step12_Model2_EQC_CH1,Step13_Model2_EQA_CH4,Step14_Model3_EQB_CH4,Step15_Model1_EQC_CH2,Step16_Model3_EQC_CH2,Step17_Model1_EQB_CH3,Step18_Model1_EQA_CH4,Step19_Model1_EQB_CH4,Step20_Model1_EQB_CH1,Step21_Model3_EQB_CH2,Step22_Model2_EQA_CH3,Step23_Model3_EQB_CH3,Step24_Model2_EQC_CH1,Step25_Model3_EQB_CH1,Step26_Model2_EQA_CH1,Step27_Model3_EQA_CH2,Step28_Model1_EQB_CH2,Step29_Model1_EQB_CH4,Step30_Model2_EQB_CH1,,,,,,,,,,,,,45.20104211913655,,,,,,,,46.13277335067075,,,,,,,,,,,,,,,,,,42.3842211,38.417431804966995,,,,,,,,,,,,,,,,,,,,,,,,
T012_W04,T012,4,Step1_Model3_EQA_CH4,Step2_Model3_EQA_CH4,Step3_Model1_EQC_CH3,Step4_Model1_EQB_CH1,Step5_Model3_EQC_CH1,Step6_Model3_EQB_CH2,Step7_Model2_EQA_CH2,Step8_Model3_EQC_CH1,Step9_Model1_EQB_CH1,Step10_Model1_EQC_CH1,Step11_Model1_EQC_CH3,Step12_Model2_EQC_CH2,Step13_Model2_EQA_CH3,Step14_Model3_EQB_CH4,Step15_Model1_EQC_CH2,Step16_Model3_EQC_CH3,Step17_Model1_EQB_CH1,Step18_Model1_EQA_CH1,Step19_Model1_EQB_CH4,Step20_Model1_EQB_CH1,Step21_Model3_EQB_CH3,Step22_Model2_EQA_CH2,Step23_Model3_EQB_CH4,Step24_Model2_EQC_CH1,Step25_Model3_EQB_CH3,Step26_Model2_EQA_CH1,Step27_Model3_EQA_CH1,Step28_Model1_EQB_CH2,Step29_Model1_EQB_CH2,Step30_Model2_EQB_CH1,,,,,,,,,,,35.26949845940409,,,,,,,37.71043403692421,,,,,,,,,,,,31.486132718673417,,,,,,,59.29220476,44.182534098494784,,,,,,,,,,,,,,,,,,,,,,,,,,
T012_W05,T012,5,Step1_Model3_EQA_CH1,Step2_Model3_EQA_CH4,Step3_Model1_EQC_CH3,Step4_Model1_EQB_CH1,Step5_Model3_EQC_CH3,Step6_Model3_EQB_CH2,Step7_Model2_EQA_CH3,Step8_Model3_EQC_CH3,Step9_Model1_EQB_CH2,Step10_Model1_EQC_CH3,Step11_Model1_EQC_CH3,Step12_Model2_EQC_CH2,Step13_Model2_EQA_CH3,Step14_Model3_EQB_CH3,Step15_Model1_EQC_CH1,Step16_Model3_EQC_CH4,Step17_Model1_EQB_CH1,Step18_Model1_EQA_CH4,Step19_Model1_EQB_CH4,Step20_Model1_EQB_CH3,Step21_Model3_EQB_CH3,Step22_Model2_EQA_CH2,Step23_Model3_EQB_CH1,Step24_Model2_EQC_CH4,Step25_Model3_EQB_CH4,Step26_Model2_EQA_CH2,Step27_Model3_EQA_CH2,Step28_Model1_EQB_CH3,Step29_Model1_EQB_CH2,Step30_Model2_EQB_CH4,,,,53.60753049997051,,,,,,,,43.54966055474882,,,36.203652209965654,,45.651580786458176,,60.87958907,,,,57.98869239799085,,,,55.615188938944655,62.095401237852585,,30.336698751280245,,,,,,,,38.757253209700885,,,,,,,44.639354115260815,,53.234971146196486,,,,,,,,,,,,,,,,,
T012_W06,T012,6,Step1_Model3_EQA_CH4,Step2_Model3_EQA_CH2,Step3_Model1_EQC_CH2,Step4_Model1_EQB_CH3,Step5_Model3_EQC_CH3,Step6_Model3_EQB_CH2,Step7_Model2_EQA_CH3,Step8_Model3_EQC_CH1,Step9_Model1_EQB_CH3,Step10_Model1_EQC_CH1,Step11_Model1_EQC_CH4,Step12_Model2_EQC_CH2,Step13_Model2_EQA_CH1,Step14_Model3_EQB_CH1,Step15_Model1_EQC_CH4,Step16_Model3_EQC_CH3,Step17_Model1_EQB_CH3,Step18_Model1_EQA_CH1,Step19_Model1_EQB_CH1,Step20_Model1_EQB_CH3,Step21_Model3_EQB_CH1,Step22_Model2_EQA_CH2,Step23_Model3_EQB_CH4,Step24_Model2_EQC_CH2,Step25_Model3_EQB_CH1,Step26_Model2_EQA_CH2,Step27_Model3_EQA_CH4,Step28_Model1_EQB_CH1,Step29_Model1_EQB_CH1,Step30_Model2_EQB_CH4,,27.21107202,,,,,,,,53.65847475,,,,,,56.902491249852034,,40.21360042548767,58.00588849748464,,,,62.701399522477274,,,,,,,,,,59.29334395,64.95084093795256,,,,42.25598909586386,,,,,,,43.15587522342052,,,43.41858761,,,,,,,,,,,,,,,,
T012_W07,T012,7,Step1_Model3_EQA_CH3,Step2_Model3_EQA_CH2,Step3_Model1_EQC_CH3,Step4_Model1_EQB_CH4,Step5_Model3_EQC_CH1,Step6_Model3_EQB_CH4,Step7_Model2_EQA_CH1,Step8_Model3_EQC_CH1,Step9_Model1_EQB_CH3,Step10_Model1_EQC_CH1,Step11_Model1_EQC_CH4,Step12_Model2_EQC_CH1,Step13_Model2_EQA_CH1,Step14_Model3_EQB_CH2,Step15_Model1_EQC_CH3,Step16_Model3_EQC_CH1,Step17_Model1_EQB_CH2,Step18_Model1_EQA_CH1,Step19_Model1_EQB_CH4,Step20_Model1_EQB_CH3,Step21_Model3_EQB_CH3,Step22_Model2_EQA_CH4,Step23_Model3_EQB_CH4,Step24_Model2_EQC_CH2,Step25_Model3_EQB_CH1,Step26_Model2_EQA_CH3,Step27_Model3_EQA_CH2,Step28_Model1_EQB_CH2,Step29_Model1_EQB_CH1,Step30_Model2_EQB_CH3,,,,,58.55866800380968,,39.82273256200623,,,,,,,,,,48.63881704636955,,,,,,,,,,,59.494119135003366,,,,,,69.74942120207683,,61.69135045482203,,,,37.540392321281516,,,,,,,61.267456242755785,55.52784751095657,,,,,,,,,,,,,,,,
T012_W08,T012,8,Step1_Model3_EQA_CH2,Step2_Model3_EQA_CH4,Step3_Model1_EQC_CH1,Step4_Model1_EQB_CH1,Step5_Model3_EQC_CH1,Step6_Model3_EQB_CH3,Step7_Model2_EQA_CH2,Step8_Model3_EQC_CH1,Step9_Model1_EQB_CH3,Step10_Model1_EQC_CH3,Step11_Model1_EQC_CH4,Step12_Model2_EQC_CH3,Step13_Model2_EQA_CH3,Step14_Model3_EQB_CH3,Step15_Model1_EQC_CH3,Step16_Model3_EQC_CH3,Step17_Model1_EQB_CH2,Step18_Model1_EQA_CH3,Step19_Model1_EQB_CH3,Step20_Model1_EQB_CH2,Step21_Model3_EQB_CH2,Step22_Model2_EQA_CH1,Step23_Model3_EQB_CH1,Step24_Model2_EQC_CH4,Step25_Model3_EQB_CH2,Step26_Model2_EQA_CH3,Step27_Model3_EQA_CH1,Step28_Model1_EQB_CH1,Step29_Model1_EQB_CH1,Step30_Model2_EQB_CH3,,,43.08834547807423,,,,,,,,,39.24250469166255,,,,,,,,,,,,,,,,,49.32733484998035,39.35361432849787,52.01106817744112,,,,,,,,,,,,,,,,,51.85667717651287,,,,9,,,,,,11,,,,,,
T012_W09,T012,9,Step1_Model3_EQA_CH3,Step2_Model3_EQA_CH2,Step3_Model1_EQC_CH2,Step4_Model1_EQB_CH1,Step5_Model3_EQC_CH4,Step6_Model3_EQB_CH4,Step7_Model2_EQA_CH2,Step8_Model3_EQC_CH2,Step9_Model1_EQB_CH2,Step10_Model1_EQC_CH4,Step11_Model1_EQC_CH4,Step12_Model2_EQC_CH4,Step13_Model2_EQA_CH4,Step14_Model3_EQB_CH4,Step15_Model1_EQC_CH3,Step16_Model3_EQC_CH1,Step17_Model1_EQB_CH4,Step18_Model1_EQA_CH4,Step19_Model1_EQB_CH2,Step20_Model1_EQB_CH3,Step21_Model3_EQB_CH2,Step22_Model2_EQA_CH4,Step23_Model3_EQB_CH4,Step24_Model2_EQC_CH1,Step25_Model3_EQB_CH3,Step26_Model2_EQA_CH1,Step27_Model3_EQA_CH3,Step28_Model1_EQB_CH4,Step29_Model1_EQB_CH4,Step30_Model2_EQB_CH2,39.56933076537012,,,,,,,,,,,,,,,,,39.979120138181514,,,,,,,42.03072393238583,65.76784310448235,,,,,,,,,,,,,,,,,,,,,65.00429623651364,,,,,,,,,,,,,,,,,
T012_W10,T012,10,Step1_Model3_EQA_CH4,Step2_Model3_EQA_CH2,Step3_Model1_EQC_CH4,Step4_Model1_EQB_CH4,Step5_Model3_EQC_CH1,Step6_Model3_EQB_CH4,Step7_Model2_EQA_CH1,Step8_Model3_EQC_CH2,Step9_Model1_EQB_CH1,Step10_Model1_EQC_CH2,Step11_Model1_EQC_CH3,Step12_Model2_EQC_CH4,Step13_Model2_EQA_CH1,Step14_Model3_EQB_CH3,Step15_Model1_EQC_CH1,Step16_Model3_EQC_CH1,Step17_Model1_EQB_CH2,Step18_Model1_EQA_CH1,Step19_Model1_EQB_CH4,Step20_Model1_EQB_CH3,Step21_Model3_EQB_CH2,Step22_Model2_EQA_CH3,Step23_Model3_EQB_CH4,Step24_Model2_EQC_CH3,Step25_Model3_EQB_CH4,Step26_Model2_EQA_CH4,Step27_Model3_EQA_CH2,Step28_Model1_EQB_CH4,Step29_Model1_EQB_CH1,Step30_Model2_EQB_CH1,45.889307380454945,,,,,59.65322664487094,45.445320250058984,41.57775275797398,,,,,,,40.50367166888552,,,,,,,39.14432446447913,56.82318576931959,,,,,,54.811909936175866,,,,,,,,53.76249468,33.37515113231711,,,,,,,,,,,6,,,,,,,,,,,,,,,
T012_W11,T012,11,Step1_Model3_EQA_CH2,Step2_Model3_EQA_CH1,Step3_Model1_EQC_CH4,Step4_Model1_EQB_CH2,Step5_Model3_EQC_CH2,Step6_Model3_EQB_CH3,Step7_Model2_EQA_CH2,Step8_Model3_EQC_CH2,Step9_Model1_EQB_CH3,Step10_Model1_EQC_CH2,Step11_Model1_EQC_CH1,Step12_Model2_EQC_CH4,Step13_Model2_EQA_CH1,Step14_Model3_EQB_CH2,Step15_Model1_EQC_CH4,Step16_Model3_EQC_CH2,Step17_Model1_EQB_CH1,Step18_Model1_EQA_CH3,Step19_Model1_EQB_CH1,Step20_Model1_EQB_CH1,Step21_Model3_EQB_CH2,Step22_Model2_EQA_CH1,Step23_Model3_EQB_CH4,Step24_Model2_EQC_CH1,Step25_Model3_EQB_CH3,Step26_Model2_EQA_CH1,Step27_Model3_EQA_CH4,Step28_Model1_EQB_CH3,Step29_Model1_EQB_CH3,Step30_Model2_EQB_CH2,,,,,,,,,,,,,,,,,,,,,,28.622057957231558,,,40.396957526482765,,51.94324551711626,,,31.317943151671166,,49.99416987021521,,,,,,,,,49.42005046736746,,,,,,,,,,12,,,,,,,,,,,,,
T012_W12,T012,12,Step1_Model3_EQA_CH3,Step2_Model3_EQA_CH2,Step3_Model1_EQC_CH1,Step4_Model1_EQB_CH4,Step5_Model3_EQC_CH4,Step6_Model3_EQB_CH1,Step7_Model2_EQA_CH4,Step8_Model3_EQC_CH2,Step9_Model1_EQB_CH4,Step10_Model1_EQC_CH1,Step11_Model1_EQC_CH3,Step12_Model2_EQC_CH3,Step13_Model2_EQA_CH4,Step14_Model3_EQB_CH2,Step15_Model1_EQC_CH3,Step16_Model3_EQC_CH4,Step17_Model1_EQB_CH4,Step18_Model1_EQA_CH2,Step19_Model1_EQB_CH4,Step20_Model1_EQB_CH2,Step21_Model3_EQB_CH4,Step22_Model2_EQA_CH1,Step23_Model3_EQB_CH3,Step24_Model2_EQC_CH3,Step25_Model3_EQB_CH1,Step26_Model2_EQA_CH2,Step27_Model3_EQA_CH3,Step28_Model1_EQB_CH1,Step29_Model1_EQB_CH2,Step30_Model2_EQB_CH2,,,,,,,45.754763697720946,,,,,,,,,,,,,,,,60.15649540682071,,,,,,,,,,,,,59.80007890418596,,43.674164541887976,,44.45041535860283,,,,42.690444854150904,,,53.98411157229478,,,,,,,,13,,,,,,,,,
T012_W13,T012,13,Step1_Model3_EQA_CH2,Step2_Model3_EQA_CH3,Step3_Model1_EQC_CH4,Step4_Model1_EQB_CH1,Step5_Model3_EQC_CH3,Step6_Model3_EQB_CH2,Step7_Model2_EQA_CH1,Step8_Model3_EQC_CH4,Step9_Model1_EQB_CH3,Step10_Model1_EQC_CH3,Step11_Model1_EQC_CH3,Step12_Model2_EQC_CH4,Step13_Model2_EQA_CH2,Step14_Model3_EQB_CH1,Step15_Model1_EQC_CH1,Step16_Model3_EQC_CH2,Step17_Model1_EQB_CH2,Step18_Model1_EQA_CH2,Step19_Model1_EQB_CH2,Step20_Model1_EQB_CH3,Step21_Model3_EQB_CH2,Step22_Model2_EQA_CH4,Step23_Model3_EQB_CH4,Step24_Model2_EQC_CH4,Step25_Model3_EQB_CH3,Step26_Model2_EQA_CH3,Step27_Model3_EQA_CH1,Step28_Model1_EQB_CH1,Step29_Model1_EQB_CH2,Step30_Model2_EQB_CH4,,,46.60219452802235,,,,54.195897121141044,,,48.60294430509309,,42.413112989906885,,,,,,35.262863143054574,,,,,,,45.862091437947974,,,,50.812582432490494,,37.12721375,,,,,,,,,44.04448014052637,,,,,,,,,,,,,,,,,,,,,,,,
T012_W14,T012,14,Step1_Model3_EQA_CH3,Step2_Model3_EQA_CH1,Step3_Model1_EQC_CH1,Step4_Model1_EQB_CH1,Step5_Model3_EQC_CH3,Step6_Model3_EQB_CH3,Step7_Model2_EQA_CH4,Step8_Model3_EQC_CH1,Step9_Model1_EQB_CH4,Step10_Model1_EQC_CH1,Step11_Model1_EQC_CH4,Step12_Model2_EQC_CH3,Step13_Model2_EQA_CH2,Step14_Model3_EQB_CH1,Step15_Model1_EQC_CH4,Step16_Model3_EQC_CH2,Step17_Model1_EQB_CH1,Step18_Model1_EQA_CH1,Step19_Model1_EQB_CH4,Step20_Model1_EQB_CH1,Step21_Model3_EQB_CH1,Step22_Model2_EQA_CH3,Step23_Model3_EQB_CH3,Step24_Model2_EQC_CH1,Step25_Model3_EQB_CH3,Step26_Model2_EQA_CH1,Step27_Model3_EQA_CH1,Step28_Model1_EQB_CH1,Step29_Model1_EQB_CH1,Step30_Model2_EQB_CH1,,39.63708210622265,,47.606808377655426,,,50.09381862067832,,,,,46.30082905272607,,63.985180710755415,,,,,,,37.00533849236297,,,,46.79386005437797,,,55.12617194886108,,,,,,,,,51.141932452084845,,44.61036615167886,38.22363812614231,,,,,,,,,,,,,,,,,,,,,,,,
T012_W15,T012,15,Step1_Model3_EQA_CH2,Step2_Model3_EQA_CH3,Step3_Model1_EQC_CH1,Step4_Model1_EQB_CH1,Step5_Model3_EQC_CH4,Step6_Model3_EQB_CH4,Step7_Model2_EQA_CH3,Step8_Model3_EQC_CH4,Step9_Model1_EQB_CH4,Step10_Model1_EQC_CH2,Step11_Model1_EQC_CH3,Step12_Model2_EQC_CH4,Step13_Model2_EQA_CH3,Step14_Model3_EQB_CH1,Step15_Model1_EQC_CH1,Step16_Model3_EQC_CH1,Step17_Model1_EQB_CH3,Step18_Model1_EQA_CH3,Step19_Model1_EQB_CH3,Step20_Model1_EQB_CH1,Step21_Model3_EQB_CH1,Step22_Model2_EQA_CH1,Step23_Model3_EQB_CH4,Step24_Model2_EQC_CH4,Step25_Model3_EQB_CH3,Step26_Model2_EQA_CH2,Step27_Model3_EQA_CH2,Step28_Model1_EQB_CH3,Step29_Model1_EQB_CH4,Step30_Model2_EQB_CH1,,,,52.852299721100785,,,,,,51.87566104782237,,,,,,,,,,,,,,,,,,,,,,45.180160330440266,,,,,,,,,,,,,,,,51.367835386625806,,,,,,,,8,,,,,,,,
T012_W16,T012,16,Step1_Model3_EQA_CH4,Step2_Model3_EQA_CH2,Step3_Model1_EQC_CH1,Step4_Model1_EQB_CH1,Step5_Model3_EQC_CH4,Step6_Model3_EQB_CH4,Step7_Model2_EQA_CH4,Step8_Model3_EQC_CH2,Step9_Model1_EQB_CH2,Step10_Model1_EQC_CH3,Step11_Model1_EQC_CH2,Step12_Model2_EQC_CH4,Step13_Model2_EQA_CH3,Step14_Model3_EQB_CH4,Step15_Model1_EQC_CH4,Step16_Model3_EQC_CH3,Step17_Model1_EQB_CH3,Step18_Model1_EQA_CH2,Step19_Model1_EQB_CH4,Step20_Model1_EQB_CH3,Step21_Model3_EQB_CH3,Step22_Model2_EQA_CH3,Step23_Model3_EQB_CH4,Step24_Model2_EQC_CH3,Step25_Model3_EQB_CH4,Step26_Model2_EQA_CH1,Step27_Model3_EQA_CH3,Step28_Model1_EQB_CH1,Step29_Model1_EQB_CH3,Step30_Model2_EQB_CH1,,,,,,,,,,,,41.968371880556674,,66.84630285477425,,,48.784562911886624,,,,,,,47.59073207469358,40.640320519716774,61.50274341627099,,,,,,,,,,60.76824427964271,,,,,,55.66516667443132,,,,,,,,5,,,,,,,12,,,,,,,
T012_W17,T012,17,Step1_Model3_EQA_CH4,Step2_Model3_EQA_CH2,Step3_Model1_EQC_CH4,Step4_Model1_EQB_CH4,Step5_Model3_EQC_CH3,Step6_Model3_EQB_CH2,Step7_Model2_EQA_CH1,Step8_Model3_EQC_CH4,Step9_Model1_EQB_CH2,Step10_Model1_EQC_CH1,Step11_Model1_EQC_CH2,Step12_Model2_EQC_CH4,Step13_Model2_EQA_CH1,Step14_Model3_EQB_CH4,Step15_Model1_EQC_CH2,Step16_Model3_EQC_CH3,Step17_Model1_EQB_CH2,Step18_Model1_EQA_CH2,Step19_Model1_EQB_CH4,Step20_Model1_EQB_CH2,Step21_Model3_EQB_CH2,Step22_Model2_EQA_CH4,Step23_Model3_EQB_CH4,Step24_Model2_EQC_CH3,Step25_Model3_EQB_CH2,Step26_Model2_EQA_CH3,Step27_Model3_EQA_CH3,Step28_Model1_EQB_CH1,Step29_Model1_EQB_CH4,Step30_Model2_EQB_CH2,,,,,,,,,,,44.19483702198643,,,,38.306757550947786,,,,,,,,,,,,,,,,40.56080965675832,49.97075877955451,,,46.54762815007344,61.182262714958696,,45.459523953739605,,,,,,,,,,48.88026501101355,,,,,,,,,10,,,,,,,
T012_W18,T012,18,Step1_Model3_EQA_CH2,Step2_Model3_EQA_CH4,Step3_Model1_EQC_CH4,Step4_Model1_EQB_CH4,Step5_Model3_EQC_CH1,Step6_Model3_EQB_CH4,Step7_Model2_EQA_CH3,Step8_Model3_EQC_CH2,Step9_Model1_EQB_CH2,Step10_Model1_EQC_CH2,Step11_Model1_EQC_CH1,Step12_Model2_EQC_CH1,Step13_Model2_EQA_CH1,Step14_Model3_EQB_CH2,Step15_Model1_EQC_CH1,Step16_Model3_EQC_CH2,Step17_Model1_EQB_CH2,Step18_Model1_EQA_CH4,Step19_Model1_EQB_CH3,Step20_Model1_EQB_CH3,Step21_Model3_EQB_CH4,Step22_Model2_EQA_CH4,Step23_Model3_EQB_CH3,Step24_Model2_EQC_CH4,Step25_Model3_EQB_CH3,Step26_Model2_EQA_CH1,Step27_Model3_EQA_CH2,Step28_Model1_EQB_CH2,Step29_Model1_EQB_CH2,Step30_Model2_EQB_CH3,39.020833392764246,,,,,,,,61.56353674940321,,,,,,,,,,,41.300653443256024,34.18660958980351,,,41.728303193594776,,,,,,,,,,,,,58.27361500856558,,,,35.87636487180009,,,,,,55.08916047798984,52.69127978082202,,,,,,,,,,,,,,,,
T012_W19,T012,19,Step1_Model3_EQA_CH2,Step2_Model3_EQA_CH4,Step3_Model1_EQC_CH2,Step4_Model1_EQB_CH2,Step5_Model3_EQC_CH1,Step6_Model3_EQB_CH4,Step7_Model2_EQA_CH1,Step8_Model3_EQC_CH2,Step9_Model1_EQB_CH3,Step10_Model1_EQC_CH3,Step11_Model1_EQC_CH4,Step12_Model2_EQC_CH4,Step13_Model2_EQA_CH2,Step14_Model3_EQB_CH4,Step15_Model1_EQC_CH1,Step16_Model3_EQC_CH2,Step17_Model1_EQB_CH2,Step18_Model1_EQA_CH2,Step19_Model1_EQB_CH1,Step20_Model1_EQB_CH4,Step21_Model3_EQB_CH3,Step22_Model2_EQA_CH3,Step23_Model3_EQB_CH4,Step24_Model2_EQC_CH2,Step25_Model3_EQB_CH4,Step26_Model2_EQA_CH1,Step27_Model3_EQA_CH1,Step28_Model1_EQB_CH3,Step29_Model1_EQB_CH2,Step30_Model2_EQB_CH2,,,38.256092272487834,,,53.61821858036084,,,,,40.377100516502445,43.51667831,,,,,,,,,37.53820063880798,,,,43.81284751012922,,56.10036173,57.84609473614922,,,,41.75243340379454,,,,,,36.43339069239769,,,,,,,,,,,5,,,,,,9,,,,,,,,,
T012_W20,T012,20,Step1_Model3_EQA_CH3,Step2_Model3_EQA_CH4,Step3_Model1_EQC_CH3,Step4_Model1_EQB_CH2,Step5_Model3_EQC_CH3,Step6_Model3_EQB_CH2,Step7_Model2_EQA_CH3,Step8_Model3_EQC_CH3,Step9_Model1_EQB_CH1,Step10_Model1_EQC_CH1,Step11_Model1_EQC_CH4,Step12_Model2_EQC_CH3,Step13_Model2_EQA_CH4,Step14_Model3_EQB_CH4,Step15_Model1_EQC_CH1,Step16_Model3_EQC_CH3,Step17_Model1_EQB_CH3,Step18_Model1_EQA_CH4,Step19_Model1_EQB_CH2,Step20_Model1_EQB_CH2,Step21_Model3_EQB_CH4,Step22_Model2_EQA_CH1,Step23_Model3_EQB_CH3,Step24_Model2_EQC_CH1,Step25_Model3_EQB_CH2,Step26_Model2_EQA_CH3,Step27_Model3_EQA_CH4,Step28_Model1_EQB_CH2,Step29_Model1_EQB_CH1,Step30_Model2_EQB_CH4,,29.269019535688926,,,,,39.90294222748213,,,57.94423774009876,34.03749591690792,,,,,,,,,,,,,,,,,,,,48.74877502274535,,,,,,,,,,51.85956889243838,,,,,,59.03407468971012,,,,,,,,,,,,,,,,,
T012_W21,T012,21,Step1_Model3_EQA_CH3,Step2_Model3_EQA_CH2,Step3_Model1_EQC_CH4,Step4_Model1_EQB_CH1,Step5_Model3_EQC_CH3,Step6_Model3_EQB_CH4,Step7_Model2_EQA_CH3,Step8_Model3_EQC_CH2,Step9_Model1_EQB_CH2,Step10_Model1_EQC_CH4,Step11_Model1_EQC_CH3,Step12_Model2_EQC_CH3,Step13_Model2_EQA_CH2,Step14_Model3_EQB_CH3,Step15_Model1_EQC_CH1,Step16_Model3_EQC_CH2,Step17_Model1_EQB_CH4,Step18_Model1_EQA_CH1,Step19_Model1_EQB_CH1,Step20_Model1_EQB_CH4,Step21_Model3_EQB_CH4,Step22_Model2_EQA_CH1,Step23_Model3_EQB_CH1,Step24_Model2_EQC_CH4,Step25_Model3_EQB_CH2,Step26_Model2_EQA_CH3,Step27_Model3_EQA_CH4,Step28_Model1_EQB_CH2,Step29_Model1_EQB_CH4,Step30_Model2_EQB_CH3,,29.07287200833453,,,,66.48869624,,,,,,,46.443930535352834,,,63.82835606945915,,,,,,,,,,,,,,,,,,,,,58.52200711758001,,,,,,,,,,,,,,,,,,,,,,,,,,,
T012_W22,T012,22,Step1_Model3_EQA_CH3,Step2_Model3_EQA_CH2,Step3_Model1_EQC_CH2,Step4_Model1_EQB_CH4,Step5_Model3_EQC_CH4,Step6_Model3_EQB_CH2,Step7_Model2_EQA_CH2,Step8_Model3_EQC_CH2,Step9_Model1_EQB_CH3,Step10_Model1_EQC_CH2,Step11_Model1_EQC_CH3,Step12_Model2_EQC_CH1,Step13_Model2_EQA_CH1,Step14_Model3_EQB_CH2,Step15_Model1_EQC_CH2,Step16_Model3_EQC_CH3,Step17_Model1_EQB_CH3,Step18_Model1_EQA_CH2,Step19_Model1_EQB_CH1,Step20_Model1_EQB_CH2,Step21_Model3_EQB_CH2,Step22_Model2_EQA_CH2,Step23_Model3_EQB_CH3,Step24_Model2_EQC_CH4,Step25_Model3_EQB_CH4,Step26_Model2_EQA_CH2,Step27_Model3_EQA_CH3,Step28_Model1_EQB_CH4,Step29_Model1_EQB_CH1,Step30_Model2_EQB_CH1,44.58540978870467,26.254616323906866,,,,,49.38566219514942,,,,30.734934410541264,,,,37.772218531058776,,44.166744301188345,,,,,,62.02338445491336,,,,,,,,,39.48906735,,,,,,,,,,,,,,44.148625674616035,,42.973744035003214,,,,,,,,,,,,,,,,
T012_W23,T012,23,Step1_Model3_EQA_CH2,Step2_Model3_EQA_CH3,Step3_Model1_EQC_CH1,Step4_Model1_EQB_CH3,Step5_Model3_EQC_CH3,Step6_Model3_EQB_CH4,Step7_Model2_EQA_CH1,Step8_Model3_EQC_CH2,Step9_Model1_EQB_CH4,Step10_Model1_EQC_CH3,Step11_Model1_EQC_CH1,Step12_Model2_EQC_CH1,Step13_Model2_EQA_CH2,Step14_Model3_EQB_CH1,Step15_Model1_EQC_CH1,Step16_Model3_EQC_CH1,Step17_Model1_EQB_CH1,Step18_Model1_EQA_CH4,Step19_Model1_EQB_CH4,Step20_Model1_EQB_CH1,Step21_Model3_EQB_CH3,Step22_Model2_EQA_CH3,Step23_Model3_EQB_CH4,Step24_Model2_EQC_CH4,Step25_Model3_EQB_CH1,Step26_Model2_EQA_CH1,Step27_Model3_EQA_CH3,Step28_Model1_EQB_CH4,Step29_Model1_EQB_CH1,Step30_Model2_EQB_CH1,,,,,,,,,,,,,,62.94701762808923,,,45.38741699587527,,,,,,,,,,,,,,41.38728552,,,,,,58.99990290865289,,,39.28762091,49.473035252282294,,,,,,,,,,,,,,,,,,,,,,,
T012_W24,T012,24,Step1_Model3_EQA_CH2,Step2_Model3_EQA_CH3,Step3_Model1_EQC_CH2,Step4_Model1_EQB_CH4,Step5_Model3_EQC_CH2,Step6_Model3_EQB_CH4,Step7_Model2_EQA_CH4,Step8_Model3_EQC_CH3,Step9_Model1_EQB_CH4,Step10_Model1_EQC_CH1,Step11_Model1_EQC_CH4,Step12_Model2_EQC_CH3,Step13_Model2_EQA_CH3,Step14_Model3_EQB_CH1,Step15_Model1_EQC_CH2,Step16_Model3_EQC_CH1,Step17_Model1_EQB_CH2,Step18_Model1_EQA_CH2,Step19_Model1_EQB_CH3,Step20_Model1_EQB_CH1,Step21_Model3_EQB_CH4,Step22_Model2_EQA_CH3,Step23_Model3_EQB_CH1,Step24_Model2_EQC_CH4,Step25_Model3_EQB_CH4,Step26_Model2_EQA_CH1,Step27_Model3_EQA_CH4,Step28_Model1_EQB_CH4,Step29_Model1_EQB_CH1,Step30_Model2_EQB_CH4,,35.905049976292354,,,,,,,,,,41.27275634167146,41.20856115935395,,,,,38.24758583397254,,33.227313281145655,,,,,,,,,,,,,,,,,,,42.97644000002009,,,,,,47.183894823852064,36.863844751580565,,,,,,,,,8,,,,,,,,,
T012_W25,T012,25,Step1_Model3_EQA_CH2,Step2_Model3_EQA_CH2,Step3_Model1_EQC_CH3,Step4_Model1_EQB_CH4,Step5_Model3_EQC_CH2,Step6_Model3_EQB_CH4,Step7_Model2_EQA_CH4,Step8_Model3_EQC_CH3,Step9_Model1_EQB_CH2,Step10_Model1_EQC_CH4,Step11_Model1_EQC_CH3,Step12_Model2_EQC_CH4,Step13_Model2_EQA_CH3,Step14_Model3_EQB_CH2,Step15_Model1_EQC_CH3,Step16_Model3_EQC_CH1,Step17_Model1_EQB_CH4,Step18_Model1_EQA_CH3,Step19_Model1_EQB_CH3,Step20_Model1_EQB_CH1,Step21_Model3_EQB_CH4,Step22_Model2_EQA_CH4,Step23_Model3_EQB_CH3,Step24_Model2_EQC_CH2,Step25_Model3_EQB_CH2,Step26_Model2_EQA_CH2,Step27_Model3_EQA_CH2,Step28_Model1_EQB_CH1,Step29_Model1_EQB_CH4,Step30_Model2_EQB_CH4,,41.07593917013902,,,,,,,,,,41.12730781694413,,,,,,,,,,31.92502126804463,,,43.23984441405567,67.01375606919167,,,,,45.00733134,,56.412353912801315,,50.98814990757826,,,42.24055170168162,,38.088038083416556,,,66.47190223411336,,,,55.95836836269504,51.73913761357844,11,,,,,,,,,,,,,,,
T013_W01,T013,1,Step1_Model2_EQC_CH1,Step2_Model1_EQA_CH1,Step3_Model1_EQB_CH2,Step4_Model2_EQA_CH4,Step5_Model3_EQA_CH1,Step6_Model1_EQA_CH1,Step7_Model1_EQC_CH4,Step8_Model1_EQB_CH4,Step9_Model1_EQB_CH3,Step10_Model3_EQC_CH1,Step11_Model2_EQB_CH2,Step12_Model2_EQA_CH2,Step13_Model3_EQB_CH2,Step14_Model3_EQA_CH3,Step15_Model1_EQA_CH1,Step16_Model1_EQC_CH2,Step17_Model2_EQB_CH1,Step18_Model3_EQA_CH2,Step19_Model3_EQC_CH2,Step20_Model1_EQA_CH4,Step21_Model3_EQA_CH1,Step22_Model3_EQA_CH1,Step23_Model2_EQB_CH3,Step24_Model3_EQC_CH2,Step25_Model2_EQB_CH4,Step26_Model1_EQB_CH4,Step27_Model3_EQA_CH2,Step28_Model1_EQC_CH2,Step29_Model1_EQA_CH3,Step30_Model2_EQB_CH2,,41.852509561432235,,,,,,35.63301622,,,32.83615978985598,47.41077806776619,42.25741175441141,,,,,,,,,,,,,,55.826378710408136,,,44.44326596854089,,,,,,,,44.429872246001786,,,,,65.58911071448428,,,,,,,,,,,,,,,,,,,,,
T013_W02,T013,2,Step1_Model2_EQC_CH4,Step2_Model1_EQA_CH4,Step3_Model1_EQB_CH1,Step4_Model2_EQA_CH2,Step5_Model3_EQA_CH3,Step6_Model1_EQA_CH3,Step7_Model1_EQC_CH4,Step8_Model1_EQB_CH2,Step9_Model1_EQB_CH1,Step10_Model3_EQC_CH3,Step11_Model2_EQB_CH1,Step12_Model2_EQA_CH1,Step13_Model3_EQB_CH4,Step14_Model3_EQA_CH2,Step15_Model1_EQA_CH3,Step16_Model1_EQC_CH3,Step17_Model2_EQB_CH3,Step18_Model3_EQA_CH3,Step19_Model3_EQC_CH4,Step20_Model1_EQA_CH4,Step21_Model3_EQA_CH4,Step22_Model3_EQA_CH4,Step23_Model2_EQB_CH1,Step24_Model3_EQC_CH2,Step25_Model2_EQB_CH2,Step26_Model1_EQB_CH2,Step27_Model3_EQA_CH4,Step28_Model1_EQC_CH1,Step29_Model1_EQA_CH3,Step30_Model2_EQB_CH4,,41.04896167307199,,,67.06195456984346,,,,55.252140097001465,,,,,,28.43134377450243,,,,,,,,,,50.19500565497506,,,,,,,,,,,,,,,,,,,,,,,,,,,,,,,,,,,,,,,
T013_W03,T013,3,Step1_Model2_EQC_CH2,Step2_Model1_EQA_CH3,Step3_Model1_EQB_CH3,Step4_Model2_EQA_CH4,Step5_Model3_EQA_CH2,Step6_Model1_EQA_CH1,Step7_Model1_EQC_CH2,Step8_Model1_EQB_CH2,Step9_Model1_EQB_CH2,Step10_Model3_EQC_CH1,Step11_Model2_EQB_CH2,Step12_Model2_EQA_CH3,Step13_Model3_EQB_CH1,Step14_Model3_EQA_CH2,Step15_Model1_EQA_CH3,Step16_Model1_EQC_CH2,Step17_Model2_EQB_CH1,Step18_Model3_EQA_CH4,Step19_Model3_EQC_CH1,Step20_Model1_EQA_CH1,Step21_Model3_EQA_CH4,Step22_Model3_EQA_CH4,Step23_Model2_EQB_CH3,Step24_Model3_EQC_CH1,Step25_Model2_EQB_CH4,Step26_Model1_EQB_CH4,Step27_Model3_EQA_CH3,Step28_Model1_EQC_CH2,Step29_Model1_EQA_CH2,Step30_Model2_EQB_CH2,,,43.496359934632736,,,,,,,,,,,,29.492624847906455,62.658884275580895,51.122264629730594,,,,,,,,,,53.78632378245167,,,,,,,,,,,,,,,,,,,,,,,,,,,5,,,,,,,,,,
T013_W04,T013,4,Step1_Model2_EQC_CH2,Step2_Model1_EQA_CH2,Step3_Model1_EQB_CH4,Step4_Model2_EQA_CH4,Step5_Model3_EQA_CH1,Step6_Model1_EQA_CH4,Step7_Model1_EQC_CH3,Step8_Model1_EQB_CH2,Step9_Model1_EQB_CH1,Step10_Model3_EQC_CH4,Step11_Model2_EQB_CH1,Step12_Model2_EQA_CH4,Step13_Model3_EQB_CH2,Step14_Model3_EQA_CH2,Step15_Model1_EQA_CH2,Step16_Model1_EQC_CH4,Step17_Model2_EQB_CH3,Step18_Model3_EQA_CH2,Step19_Model3_EQC_CH2,Step20_Model1_EQA_CH3,Step21_Model3_EQA_CH4,Step22_Model3_EQA_CH2,Step23_Model2_EQB_CH4,Step24_Model3_EQC_CH1,Step25_Model2_EQB_CH4,Step26_Model1_EQB_CH2,Step27_Model3_EQA_CH1,Step28_Model1_EQC_CH3,Step29_Model1_EQA_CH3,Step30_Model2_EQB_CH4,,,,,,,,,,,,,,,,,,,,,,,,,,,,,45.24208864372338,,,,,62.73523460536469,,,,,,45.104354671837264,,,,,,33.259694842157614,,,,,,,,,,,,,,,,,,
T013_W05,T013,5,Step1_Model2_EQC_CH2,Step2_Model1_EQA_CH3,Step3_Model1_EQB_CH1,Step4_Model2_EQA_CH2,Step5_Model3_EQA_CH4,Step6_Model1_EQA_CH4,Step7_Model1_EQC_CH3,Step8_Model1_EQB_CH4,Step9_Model1_EQB_CH3,Step10_Model3_EQC_CH2,Step11_Model2_EQB_CH4,Step12_Model2_EQA_CH1,Step13_Model3_EQB_CH1,Step14_Model3_EQA_CH3,Step15_Model1_EQA_CH1,Step16_Model1_EQC_CH3,Step17_Model2_EQB_CH3,Step18_Model3_EQA_CH2,Step19_Model3_EQC_CH2,Step20_Model1_EQA_CH1,Step21_Model3_EQA_CH3,Step22_Model3_EQA_CH3,Step23_Model2_EQB_CH4,Step24_Model3_EQC_CH1,Step25_Model2_EQB_CH1,Step26_Model1_EQB_CH2,Step27_Model3_EQA_CH3,Step28_Model1_EQC_CH3,Step29_Model1_EQA_CH2,Step30_Model2_EQB_CH4,35.96536522650355,,,,60.68282944475819,,,38.07650309609931,,,,,40.34837948529571,,43.97915324245711,,,,,,,,,,,,,46.747087137325366,,,,,,,45.89058895049442,,,,,,,,,,,,,,,,,,,,11,,,,,,,,,
T013_W06,T013,6,Step1_Model2_EQC_CH1,Step2_Model1_EQA_CH1,Step3_Model1_EQB_CH3,Step4_Model2_EQA_CH3,Step5_Model3_EQA_CH1,Step6_Model1_EQA_CH4,Step7_Model1_EQC_CH2,Step8_Model1_EQB_CH3,Step9_Model1_EQB_CH1,Step10_Model3_EQC_CH4,Step11_Model2_EQB_CH1,Step12_Model2_EQA_CH2,Step13_Model3_EQB_CH1,Step14_Model3_EQA_CH1,Step15_Model1_EQA_CH3,Step16_Model1_EQC_CH4,Step17_Model2_EQB_CH1,Step18_Model3_EQA_CH1,Step19_Model3_EQC_CH2,Step20_Model1_EQA_CH4,Step21_Model3_EQA_CH3,Step22_Model3_EQA_CH1,Step23_Model2_EQB_CH4,Step24_Model3_EQC_CH2,Step25_Model2_EQB_CH1,Step26_Model1_EQB_CH1,Step27_Model3_EQA_CH2,Step28_Model1_EQC_CH2,Step29_Model1_EQA_CH1,Step30_Model2_EQB_CH4,36.46956592024032,32.69880556730979,,,,,51.36077480673282,,,,36.57691916650008,,,64.15175129420969,,,,,,,42.38146848222063,,,,43.31954709110367,,55.20891182619137,,,,,,,,,,55.46537743,,43.815529658453876,,,,,39.02000903793338,,,,,,,,,,,,,9,,,,,,,
T013_W07,T013,7,Step1_Model2_EQC_CH3,Step2_Model1_EQA_CH1,Step3_Model1_EQB_CH1,Step4_Model2_EQA_CH3,Step5_Model3_EQA_CH4,Step6_Model1_EQA_CH3,Step7_Model1_EQC_CH1,Step8_Model1_EQB_CH1,Step9_Model1_EQB_CH3,Step10_Model3_EQC_CH1,Step11_Model2_EQB_CH4,Step12_Model2_EQA_CH3,Step13_Model3_EQB_CH3,Step14_Model3_EQA_CH3,Step15_Model1_EQA_CH4,Step16_Model1_EQC_CH3,Step17_Model2_EQB_CH3,Step18_Model3_EQA_CH2,Step19_Model3_EQC_CH3,Step20_Model1_EQA_CH3,Step21_Model3_EQA_CH4,Step22_Model3_EQA_CH3,Step23_Model2_EQB_CH2,Step24_Model3_EQC_CH4,Step25_Model2_EQB_CH3,Step26_Model1_EQB_CH4,Step27_Model3_EQA_CH3,Step28_Model1_EQC_CH3,Step29_Model1_EQA_CH4,Step30_Model2_EQB_CH4,,,,,,68.17313461927493,,,,,,,,,,,,,,,48.88478402747065,,,,,,,,,45.77831996,,,,,46.61459673436445,,46.259467994217154,,,,,,54.98276464214426,,,,,53.00723695,,,,,,,,,,,,,,,,
T013_W08,T013,8,Step1_Model2_EQC_CH1,Step2_Model1_EQA_CH4,Step3_Model1_EQB_CH3,Step4_Model2_EQA_CH3,Step5_Model3_EQA_CH2,Step6_Model1_EQA_CH2,Step7_Model1_EQC_CH2,Step8_Model1_EQB_CH4,Step9_Model1_EQB_CH4,Step10_Model3_EQC_CH3,Step11_Model2_EQB_CH2,Step12_Model2_EQA_CH1,Step13_Model3_EQB_CH4,Step14_Model3_EQA_CH1,Step15_Model1_EQA_CH1,Step16_Model1_EQC_CH3,Step17_Model2_EQB_CH1,Step18_Model3_EQA_CH1,Step19_Model3_EQC_CH3,Step20_Model1_EQA_CH3,Step21_Model3_EQA_CH4,Step22_Model3_EQA_CH2,Step23_Model2_EQB_CH3,Step24_Model3_EQC_CH4,Step25_Model2_EQB_CH3,Step26_Model1_EQB_CH1,Step27_Model3_EQA_CH3,Step28_Model1_EQC_CH2,Step29_Model1_EQA_CH1,Step30_Model2_EQB_CH3,,,36.83345681400009,53.41580398361895,,,,,,,,,,,,,,,,,49.34173364003327,,,,,,,,,,,,,,53.06514046519255,,,,,,48.30376673965633,56.722364529341085,,,,35.22380720543877,57.19658499033137,,,,,,,,,,,,,,,,,
T013_W09,T013,9,Step1_Model2_EQC_CH4,Step2_Model1_EQA_CH1,Step3_Model1_EQB_CH1,Step4_Model2_EQA_CH3,Step5_Model3_EQA_CH1,Step6_Model1_EQA_CH1,Step7_Model1_EQC_CH4,Step8_Model1_EQB_CH2,Step9_Model1_EQB_CH3,Step10_Model3_EQC_CH2,Step11_Model2_EQB_CH3,Step12_Model2_EQA_CH3,Step13_Model3_EQB_CH4,Step14_Model3_EQA_CH3,Step15_Model1_EQA_CH2,Step16_Model1_EQC_CH4,Step17_Model2_EQB_CH1,Step18_Model3_EQA_CH4,Step19_Model3_EQC_CH3,Step20_Model1_EQA_CH3,Step21_Model3_EQA_CH3,Step22_Model3_EQA_CH1,Step23_Model2_EQB_CH1,Step24_Model3_EQC_CH4,Step25_Model2_EQB_CH3,Step26_Model1_EQB_CH2,Step27_Model3_EQA_CH2,Step28_Model1_EQC_CH4,Step29_Model1_EQA_CH3,Step30_Model2_EQB_CH2,,,,,,,,,,,,,,54.01933934198192,,,,,,,,,,,,,52.06565475433429,,,,,,,,,,62.415174194782324,32.50163706286541,43.96768967338994,,49.45449317268292,,,,,,,,,,,,,16,,,,,,,,,,
T013_W10,T013,10,Step1_Model2_EQC_CH3,Step2_Model1_EQA_CH3,Step3_Model1_EQB_CH4,Step4_Model2_EQA_CH1,Step5_Model3_EQA_CH4,Step6_Model1_EQA_CH4,Step7_Model1_EQC_CH1,Step8_Model1_EQB_CH3,Step9_Model1_EQB_CH4,Step10_Model3_EQC_CH2,Step11_Model2_EQB_CH2,Step12_Model2_EQA_CH4,Step13_Model3_EQB_CH4,Step14_Model3_EQA_CH2,Step15_Model1_EQA_CH2,Step16_Model1_EQC_CH1,Step17_Model2_EQB_CH3,Step18_Model3_EQA_CH3,Step19_Model3_EQC_CH4,Step20_Model1_EQA_CH1,Step21_Model3_EQA_CH1,Step22_Model3_EQA_CH4,Step23_Model2_EQB_CH2,Step24_Model3_EQC_CH4,Step25_Model2_EQB_CH2,Step26_Model1_EQB_CH4,Step27_Model3_EQA_CH1,Step28_Model1_EQC_CH2,Step29_Model1_EQA_CH2,Step30_Model2_EQB_CH2,,,,,,62.41545003751314,,,,,,,42.71164976271919,,,,,,,,,39.431820527851414,62.61857576703935,,,,,,,,,,,,,57.62615595541659,50.93104752242372,,,,,,,,,36.40138959813486,,,,,,,,,,,,,,,,,,
T013_W11,T013,11,Step1_Model2_EQC_CH3,Step2_Model1_EQA_CH2,Step3_Model1_EQB_CH1,Step4_Model2_EQA_CH4,Step5_Model3_EQA_CH4,Step6_Model1_EQA_CH4,Step7_Model1_EQC_CH1,Step8_Model1_EQB_CH4,Step9_Model1_EQB_CH2,Step10_Model3_EQC_CH1,Step11_Model2_EQB_CH2,Step12_Model2_EQA_CH4,Step13_Model3_EQB_CH1,Step14_Model3_EQA_CH3,Step15_Model1_EQA_CH2,Step16_Model1_EQC_CH3,Step17_Model2_EQB_CH1,Step18_Model3_EQA_CH3,Step19_Model3_EQC_CH1,Step20_Model1_EQA_CH2,Step21_Model3_EQA_CH1,Step22_Model3_EQA_CH4,Step23_Model2_EQB_CH2,Step24_Model3_EQC_CH1,Step25_Model2_EQB_CH4,Step26_Model1_EQB_CH1,Step27_Model3_EQA_CH3,Step28_Model1_EQC_CH1,Step29_Model1_EQA_CH3,Step30_Model2_EQB_CH4,,,,,,,,,,,,,,,,,,,,34.545950454525354,,,,,,,,,,,41.859547791364385,,,58.06403744640417,,53.413559664712785,,,,,,,,,,,,,3,,,12,,,,,,,,,,,,
T013_W12,T013,12,Step1_Model2_EQC_CH2,Step2_Model1_EQA_CH1,Step3_Model1_EQB_CH2,Step4_Model2_EQA_CH4,Step5_Model3_EQA_CH3,Step6_Model1_EQA_CH3,Step7_Model1_EQC_CH1,Step8_Model1_EQB_CH4,Step9_Model1_EQB_CH3,Step10_Model3_EQC_CH4,Step11_Model2_EQB_CH3,Step12_Model2_EQA_CH2,Step13_Model3_EQB_CH3,Step14_Model3_EQA_CH2,Step15_Model1_EQA_CH3,Step16_Model1_EQC_CH1,Step17_Model2_EQB_CH1,Step18_Model3_EQA_CH2,Step19_Model3_EQC_CH3,Step20_Model1_EQA_CH3,Step21_Model3_EQA_CH1,Step22_Model3_EQA_CH4,Step23_Model2_EQB_CH1,Step24_Model3_EQC_CH4,Step25_Model2_EQB_CH2,Step26_Model1_EQB_CH4,Step27_Model3_EQA_CH4,Step28_Model1_EQC_CH4,Step29_Model1_EQA_CH2,Step30_Model2_EQB_CH3,,,,48.844540165786235,62.60271912234698,,,38.95958624482553,,,34.30571491283189,,,,,,44.59998044,,,,,37.46962949538689,,,,,,,,,,,,,,,,,,,,,,,,,59.127539141684224,,,,,,,,,,,,,,,,,
T013_W13,T013,13,Step1_Model2_EQC_CH3,Step2_Model1_EQA_CH4,Step3_Model1_EQB_CH2,Step4_Model2_EQA_CH4,Step5_Model3_EQA_CH2,Step6_Model1_EQA_CH2,Step7_Model1_EQC_CH2,Step8_Model1_EQB_CH1,Step9_Model1_EQB_CH3,Step10_Model3_EQC_CH4,Step11_Model2_EQB_CH4,Step12_Model2_EQA_CH2,Step13_Model3_EQB_CH2,Step14_Model3_EQA_CH3,Step15_Model1_EQA_CH4,Step16_Model1_EQC_CH4,Step17_Model2_EQB_CH1,Step18_Model3_EQA_CH1,Step19_Model3_EQC_CH1,Step20_Model1_EQA_CH2,Step21_Model3_EQA_CH2,Step22_Model3_EQA_CH2,Step23_Model2_EQB_CH3,Step24_Model3_EQC_CH4,Step25_Model2_EQB_CH2,Step26_Model1_EQB_CH3,Step27_Model3_EQA_CH2,Step28_Model1_EQC_CH3,Step29_Model1_EQA_CH4,Step30_Model2_EQB_CH3,,,,,,,,37.85588399797202,58.67168680089409,,,,,,,,,,,,,,,,,,,,,,44.30321499543857,,,,52.07633472906318,,48.93272831546977,,,50.78427659613761,,,,,43.478341158024364,,,,,,,,,,,,,,,,,,,
T013_W14,T013,14,Step1_Model2_EQC_CH2,Step2_Model1_EQA_CH3,Step3_Model1_EQB_CH4,Step4_Model2_EQA_CH3,Step5_Model3_EQA_CH4,Step6_Model1_EQA_CH1,Step7_Model1_EQC_CH2,Step8_Model1_EQB_CH1,Step9_Model1_EQB_CH1,Step10_Model3_EQC_CH4,Step11_Model2_EQB_CH1,Step12_Model2_EQA_CH1,Step13_Model3_EQB_CH1,Step14_Model3_EQA_CH1,Step15_Model1_EQA_CH2,Step16_Model1_EQC_CH4,Step17_Model2_EQB_CH2,Step18_Model3_EQA_CH2,Step19_Model3_EQC_CH4,Step20_Model1_EQA_CH2,Step21_Model3_EQA_CH2,Step22_Model3_EQA_CH2,Step23_Model2_EQB_CH2,Step24_Model3_EQC_CH3,Step25_Model2_EQB_CH1,Step26_Model1_EQB_CH2,Step27_Model3_EQA_CH1,Step28_Model1_EQC_CH2,Step29_Model1_EQA_CH3,Step30_Model2_EQB_CH2,,,49.662943152229346,,,,,,,,,,,,,,40.75855269142524,,,,,,,,,,,,,,37.18477459645518,,,,,,58.756810434821645,,,,,,,,,36.709805536336106,,,,,,,,,,,,,,,,,,
T013_W15,T013,15,Step1_Model2_EQC_CH1,Step2_Model1_EQA_CH1,Step3_Model1_EQB_CH2,Step4_Model2_EQA_CH2,Step5_Model3_EQA_CH2,Step6_Model1_EQA_CH2,Step7_Model1_EQC_CH3,Step8_Model1_EQB_CH1,Step9_Model1_EQB_CH2,Step10_Model3_EQC_CH4,Step11_Model2_EQB_CH1,Step12_Model2_EQA_CH3,Step13_Model3_EQB_CH1,Step14_Model3_EQA_CH2,Step15_Model1_EQA_CH3,Step16_Model1_EQC_CH2,Step17_Model2_EQB_CH1,Step18_Model3_EQA_CH4,Step19_Model3_EQC_CH1,Step20_Model1_EQA_CH1,Step21_Model3_EQA_CH2,Step22_Model3_EQA_CH2,Step23_Model2_EQB_CH4,Step24_Model3_EQC_CH2,Step25_Model2_EQB_CH1,Step26_Model1_EQB_CH2,Step27_Model3_EQA_CH4,Step28_Model1_EQC_CH1,Step29_Model1_EQA_CH1,Step30_Model2_EQB_CH2,38.630318408552974,,,48.379106771586976,,,,,49.66441678860888,,,,,,,,,,56.140405519113145,37.872470380119495,,,,,,,,,,,,,64.00409545,,53.779710452302915,,57.97034529033926,41.32101606149093,,,54.77798005123888,,,,,,,,,,,,,,,9,,,,,,,,
T013_W16,T013,16,Step1_Model2_EQC_CH2,Step2_Model1_EQA_CH3,Step3_Model1_EQB_CH4,Step4_Model2_EQA_CH4,Step5_Model3_EQA_CH4,Step6_Model1_EQA_CH4,Step7_Model1_EQC_CH2,Step8_Model1_EQB_CH2,Step9_Model1_EQB_CH3,Step10_Model3_EQC_CH2,Step11_Model2_EQB_CH1,Step12_Model2_EQA_CH4,Step13_Model3_EQB_CH4,Step14_Model3_EQA_CH3,Step15_Model1_EQA_CH3,Step16_Model1_EQC_CH3,Step17_Model2_EQB_CH2,Step18_Model3_EQA_CH1,Step19_Model3_EQC_CH2,Step20_Model1_EQA_CH3,Step21_Model3_EQA_CH1,Step22_Model3_EQA_CH3,Step23_Model2_EQB_CH4,Step24_Model3_EQC_CH1,Step25_Model2_EQB_CH2,Step26_Model1_EQB_CH1,Step27_Model3_EQA_CH4,Step28_Model1_EQC_CH3,Step29_Model1_EQA_CH2,Step30_Model2_EQB_CH4,,,45.385653830247705,,,,45.991546989409514,,,,,,,,,,,,,,,,,,,,46.41526376508213,59.86912980704304,,36.38830480413575,,,,,,,,,,44.28458653657124,48.24422180383605,,,,51.97642428321848,31.934637002900793,,54.083344740714374,,,,,,,,,,,,,,,,
T013_W17,T013,17,Step1_Model2_EQC_CH2,Step2_Model1_EQA_CH1,Step3_Model1_EQB_CH2,Step4_Model2_EQA_CH4,Step5_Model3_EQA_CH4,Step6_Model1_EQA_CH2,Step7_Model1_EQC_CH2,Step8_Model1_EQB_CH4,Step9_Model1_EQB_CH4,Step10_Model3_EQC_CH4,Step11_Model2_EQB_CH1,Step12_Model2_EQA_CH3,Step13_Model3_EQB_CH1,Step14_Model3_EQA_CH4,Step15_Model1_EQA_CH2,Step16_Model1_EQC_CH2,Step17_Model2_EQB_CH4,Step18_Model3_EQA_CH2,Step19_Model3_EQC_CH4,Step20_Model1_EQA_CH4,Step21_Model3_EQA_CH4,Step22_Model3_EQA_CH3,Step23_Model2_EQB_CH4,Step24_Model3_EQC_CH4,Step25_Model2_EQB_CH1,Step26_Model1_EQB_CH4,Step27_Model3_EQA_CH1,Step28_Model1_EQC_CH2,Step29_Model1_EQA_CH3,Step30_Model2_EQB_CH1,,,,45.84825295531276,,59.39012695388098,50.43192484022565,,,,,,45.192169198481196,,,,,36.91976089684877,,,,,,,,,45.789389123246806,,,,,,,,,,,,,,,,,,47.6058165,34.29100110568215,60.25656257,,,,,,,,,,,,,,,,,
T013_W18,T013,18,Step1_Model2_EQC_CH1,Step2_Model1_EQA_CH2,Step3_Model1_EQB_CH2,Step4_Model2_EQA_CH1,Step5_Model3_EQA_CH2,Step6_Model1_EQA_CH1,Step7_Model1_EQC_CH2,Step8_Model1_EQB_CH1,Step9_Model1_EQB_CH4,Step10_Model3_EQC_CH1,Step11_Model2_EQB_CH2,Step12_Model2_EQA_CH1,Step13_Model3_EQB_CH1,Step14_Model3_EQA_CH4,Step15_Model1_EQA_CH2,Step16_Model1_EQC_CH4,Step17_Model2_EQB_CH4,Step18_Model3_EQA_CH3,Step19_Model3_EQC_CH1,Step20_Model1_EQA_CH3,Step21_Model3_EQA_CH1,Step22_Model3_EQA_CH2,Step23_Model2_EQB_CH1,Step24_Model3_EQC_CH2,Step25_Model2_EQB_CH4,Step26_Model1_EQB_CH4,Step27_Model3_EQA_CH2,Step28_Model1_EQC_CH4,Step29_Model1_EQA_CH3,Step30_Model2_EQB_CH1,,,,,,,,,,,,,,,,,,,61.36532633421592,,,,,,,,,,41.79175888387647,,44.39602312451436,,,65.49551518103475,,,52.924699792492326,37.62803357131904,41.493058590581434,,,,,,,42.67575507683617,,55.005950937828665,,,,,7,,,,,,,,,,,
T013_W19,T013,19,Step1_Model2_EQC_CH1,Step2_Model1_EQA_CH3,Step3_Model1_EQB_CH4,Step4_Model2_EQA_CH4,Step5_Model3_EQA_CH3,Step6_Model1_EQA_CH3,Step7_Model1_EQC_CH1,Step8_Model1_EQB_CH3,Step9_Model1_EQB_CH3,Step10_Model3_EQC_CH2,Step11_Model2_EQB_CH2,Step12_Model2_EQA_CH4,Step13_Model3_EQB_CH2,Step14_Model3_EQA_CH1,Step15_Model1_EQA_CH3,Step16_Model1_EQC_CH1,Step17_Model2_EQB_CH3,Step18_Model3_EQA_CH1,Step19_Model3_EQC_CH4,Step20_Model1_EQA_CH2,Step21_Model3_EQA_CH1,Step22_Model3_EQA_CH3,Step23_Model2_EQB_CH2,Step24_Model3_EQC_CH1,Step25_Model2_EQB_CH4,Step26_Model1_EQB_CH1,Step27_Model3_EQA_CH4,Step28_Model1_EQC_CH3,Step29_Model1_EQA_CH1,Step30_Model2_EQB_CH4,,,,,,,,,,,,49.055589970459295,,,,,,,,,,,,,,,,56.55045391386407,,,,,,,,,,39.81732192706376,,40.538546442343794,51.385585887305815,,,,,,,,,,,,,,,,,,,,,,,
T013_W20,T013,20,Step1_Model2_EQC_CH2,Step2_Model1_EQA_CH3,Step3_Model1_EQB_CH4,Step4_Model2_EQA_CH2,Step5_Model3_EQA_CH2,Step6_Model1_EQA_CH2,Step7_Model1_EQC_CH1,Step8_Model1_EQB_CH1,Step9_Model1_EQB_CH4,Step10_Model3_EQC_CH4,Step11_Model2_EQB_CH3,Step12_Model2_EQA_CH1,Step13_Model3_EQB_CH2,Step14_Model3_EQA_CH4,Step15_Model1_EQA_CH1,Step16_Model1_EQC_CH3,Step17_Model2_EQB_CH1,Step18_Model3_EQA_CH4,Step19_Model3_EQC_CH1,Step20_Model1_EQA_CH2,Step21_Model3_EQA_CH2,Step22_Model3_EQA_CH2,Step23_Model2_EQB_CH2,Step24_Model3_EQC_CH1,Step25_Model2_EQB_CH1,Step26_Model1_EQB_CH4,Step27_Model3_EQA_CH4,Step28_Model1_EQC_CH2,Step29_Model1_EQA_CH1,Step30_Model2_EQB_CH4,,,,,,,,,48.03286954632671,,,,,56.273611384972064,,,,38.51407430441498,,,,,,,,,,,,,,,,47.91802414886654,,,,,,,,55.70695103586627,73.25993397,,,,,,,,,,,,,,,11,,,,,,
T013_W21,T013,21,Step1_Model2_EQC_CH1,Step2_Model1_EQA_CH4,Step3_Model1_EQB_CH1,Step4_Model2_EQA_CH1,Step5_Model3_EQA_CH4,Step6_Model1_EQA_CH4,Step7_Model1_EQC_CH4,Step8_Model1_EQB_CH3,Step9_Model1_EQB_CH4,Step10_Model3_EQC_CH4,Step11_Model2_EQB_CH2,Step12_Model2_EQA_CH4,Step13_Model3_EQB_CH3,Step14_Model3_EQA_CH1,Step15_Model1_EQA_CH2,Step16_Model1_EQC_CH2,Step17_Model2_EQB_CH1,Step18_Model3_EQA_CH1,Step19_Model3_EQC_CH3,Step20_Model1_EQA_CH2,Step21_Model3_EQA_CH2,Step22_Model3_EQA_CH3,Step23_Model2_EQB_CH2,Step24_Model3_EQC_CH2,Step25_Model2_EQB_CH3,Step26_Model1_EQB_CH2,Step27_Model3_EQA_CH3,Step28_Model1_EQC_CH4,Step29_Model1_EQA_CH4,Step30_Model2_EQB_CH3,,,,,,,,28.404059997021267,,,,,,,,,,,,,,,,,43.809494454496566,,,,44.59037948285557,,,,,,,,,38.967029973119615,,42.744949808476136,,57.66906564578174,,34.02498587769654,,,,,10,,,,,,,,,,,,,,,
T013_W22,T013,22,Step1_Model2_EQC_CH4,Step2_Model1_EQA_CH4,Step3_Model1_EQB_CH4,Step4_Model2_EQA_CH1,Step5_Model3_EQA_CH3,Step6_Model1_EQA_CH1,Step7_Model1_EQC_CH3,Step8_Model1_EQB_CH4,Step9_Model1_EQB_CH3,Step10_Model3_EQC_CH4,Step11_Model2_EQB_CH1,Step12_Model2_EQA_CH2,Step13_Model3_EQB_CH3,Step14_Model3_EQA_CH3,Step15_Model1_EQA_CH4,Step16_Model1_EQC_CH1,Step17_Model2_EQB_CH3,Step18_Model3_EQA_CH3,Step19_Model3_EQC_CH1,Step20_Model1_EQA_CH4,Step21_Model3_EQA_CH2,Step22_Model3_EQA_CH2,Step23_Model2_EQB_CH2,Step24_Model3_EQC_CH3,Step25_Model2_EQB_CH1,Step26_Model1_EQB_CH4,Step27_Model3_EQA_CH4,Step28_Model1_EQC_CH4,Step29_Model1_EQA_CH2,Step30_Model2_EQB_CH3,,39.23255709593511,,,,,,,,,,,,,,,,,,,,,,,,,,,,35.599512950660014,,,,,,60.28407864439123,,,,,41.778972223376876,,,,,,,,,,,,,,,,,,,,,,,
T013_W23,T013,23,Step1_Model2_EQC_CH2,Step2_Model1_EQA_CH2,Step3_Model1_EQB_CH1,Step4_Model2_EQA_CH2,Step5_Model3_EQA_CH4,Step6_Model1_EQA_CH4,Step7_Model1_EQC_CH2,Step8_Model1_EQB_CH2,Step9_Model1_EQB_CH2,Step10_Model3_EQC_CH2,Step11_Model2_EQB_CH4,Step12_Model2_EQA_CH1,Step13_Model3_EQB_CH4,Step14_Model3_EQA_CH3,Step15_Model1_EQA_CH4,Step16_Model1_EQC_CH2,Step17_Model2_EQB_CH2,Step18_Model3_EQA_CH4,Step19_Model3_EQC_CH3,Step20_Model1_EQA_CH2,Step21_Model3_EQA_CH4,Step22_Model3_EQA_CH1,Step23_Model2_EQB_CH3,Step24_Model3_EQC_CH2,Step25_Model2_EQB_CH3,Step26_Model1_EQB_CH3,Step27_Model3_EQA_CH2,Step28_Model1_EQC_CH1,Step29_Model1_EQA_CH3,Step30_Model2_EQB_CH3,,39.72562981504815,,,,,,,53.25602301299639,,,,,,,,,,,,,,,,,,43.43017322650278,,,,,,,66.80966928711247,,,,,,,,,,,,,,50.26177285363058,,,,,,,,,,,,,,,,
T013_W24,T013,24,Step1_Model2_EQC_CH4,Step2_Model1_EQA_CH3,Step3_Model1_EQB_CH1,Step4_Model2_EQA_CH1,Step5_Model3_EQA_CH2,Step6_Model1_EQA_CH2,Step7_Model1_EQC_CH4,Step8_Model1_EQB_CH4,Step9_Model1_EQB_CH4,Step10_Model3_EQC_CH2,Step11_Model2_EQB_CH2,Step12_Model2_EQA_CH2,Step13_Model3_EQB_CH4,Step14_Model3_EQA_CH2,Step15_Model1_EQA_CH3,Step16_Model1_EQC_CH1,Step17_Model2_EQB_CH3,Step18_Model3_EQA_CH2,Step19_Model3_EQC_CH3,Step20_Model1_EQA_CH3,Step21_Model3_EQA_CH1,Step22_Model3_EQA_CH3,Step23_Model2_EQB_CH2,Step24_Model3_EQC_CH1,Step25_Model2_EQB_CH2,Step26_Model1_EQB_CH1,Step27_Model3_EQA_CH2,Step28_Model1_EQC_CH3,Step29_Model1_EQA_CH2,Step30_Model2_EQB_CH3,,,,,,64.20614933579822,,38.747641678426916,,,,,,,,54.63684803104984,56.537449860592176,,,,,,,,,,,,,,,,,,48.925352407857446,,,,,41.684111958831004,,,,,,,,,,,,,,,,,,,,,,,,
T013_W25,T013,25,Step1_Model2_EQC_CH4,Step2_Model1_EQA_CH4,Step3_Model1_EQB_CH3,Step4_Model2_EQA_CH3,Step5_Model3_EQA_CH4,Step6_Model1_EQA_CH1,Step7_Model1_EQC_CH1,Step8_Model1_EQB_CH3,Step9_Model1_EQB_CH4,Step10_Model3_EQC_CH2,Step11_Model2_EQB_CH2,Step12_Model2_EQA_CH4,Step13_Model3_EQB_CH4,Step14_Model3_EQA_CH2,Step15_Model1_EQA_CH2,Step16_Model1_EQC_CH1,Step17_Model2_EQB_CH1,Step18_Model3_EQA_CH3,Step19_Model3_EQC_CH2,Step20_Model1_EQA_CH3,Step21_Model3_EQA_CH2,Step22_Model3_EQA_CH4,Step23_Model2_EQB_CH3,Step24_Model3_EQC_CH4,Step25_Model2_EQB_CH2,Step26_Model1_EQB_CH2,Step27_Model3_EQA_CH2,Step28_Model1_EQC_CH3,Step29_Model1_EQA_CH4,Step30_Model2_EQB_CH1,,,,49.89805900539245,,,,,,,,,,56.37101138043904,40.92377658918007,,,,,,,,,,,,,,47.48819215074894,33.594281996677445,,,59.30630744903489,,,62.929798689014156,,39.95470113518169,,,,,,,,36.12677725080726,,,,,,,,,,,,,,,,,,
T014_W01,T014,1,Step1_Model2_EQC_CH1,Step2_Model2_EQC_CH1,Step3_Model2_EQC_CH3,Step4_Model1_EQA_CH4,Step5_Model1_EQC_CH1,Step6_Model3_EQB_CH1,Step7_Model1_EQC_CH1,Step8_Model3_EQB_CH1,Step9_Model2_EQB_CH3,Step10_Model1_EQA_CH4,Step11_Model2_EQA_CH1,Step12_Model2_EQC_CH2,Step13_Model2_EQA_CH2,Step14_Model1_EQB_CH3,Step15_Model1_EQA_CH4,Step16_Model1_EQB_CH2,Step17_Model1_EQC_CH3,Step18_Model1_EQA_CH1,Step19_Model2_EQC_CH4,Step20_Model2_EQB_CH1,Step21_Model1_EQB_CH4,Step22_Model1_EQB_CH4,Step23_Model2_EQC_CH1,Step24_Model2_EQC_CH1,Step25_Model2_EQB_CH4,Step26_Model2_EQC_CH3,Step27_Model3_EQB_CH2,Step28_Model3_EQC_CH3,Step29_Model1_EQA_CH3,Step30_Model3_EQB_CH4,,,39.95550680393252,,59.61327666220354,,,,,,,,43.60754212538536,57.840572405426855,,53.38759419430107,,,60.55993580005766,,,,,44.51814448238205,,58.608664313715856,,,,,,,,,,62.764622156033624,,,,,,,,,,,,,,,,,,,,,,,,,,,,
T014_W02,T014,2,Step1_Model2_EQC_CH4,Step2_Model2_EQC_CH1,Step3_Model2_EQC_CH2,Step4_Model1_EQA_CH1,Step5_Model1_EQC_CH1,Step6_Model3_EQB_CH2,Step7_Model1_EQC_CH4,Step8_Model3_EQB_CH3,Step9_Model2_EQB_CH1,Step10_Model1_EQA_CH1,Step11_Model2_EQA_CH4,Step12_Model2_EQC_CH1,Step13_Model2_EQA_CH1,Step14_Model1_EQB_CH4,Step15_Model1_EQA_CH4,Step16_Model1_EQB_CH3,Step17_Model1_EQC_CH1,Step18_Model1_EQA_CH4,Step19_Model2_EQC_CH2,Step20_Model2_EQB_CH4,Step21_Model1_EQB_CH4,Step22_Model1_EQB_CH2,Step23_Model2_EQC_CH2,Step24_Model2_EQC_CH2,Step25_Model2_EQB_CH2,Step26_Model2_EQC_CH3,Step27_Model3_EQB_CH2,Step28_Model3_EQC_CH2,Step29_Model1_EQA_CH2,Step30_Model3_EQB_CH4,,,38.93242635981622,,,,,,,,40.10041285560417,,47.34270535588081,,,,45.86264008615127,,,,,,,,,61.17560908059259,,,,,,48.170509576734005,,,,,,,,43.79471557483249,,,66.17158645649926,,,,,,,,,,,,,,,,,,,,,
T014_W03,T014,3,Step1_Model2_EQC_CH2,Step2_Model2_EQC_CH2,Step3_Model2_EQC_CH4,Step4_Model1_EQA_CH3,Step5_Model1_EQC_CH4,Step6_Model3_EQB_CH4,Step7_Model1_EQC_CH3,Step8_Model3_EQB_CH2,Step9_Model2_EQB_CH4,Step10_Model1_EQA_CH1,Step11_Model2_EQA_CH2,Step12_Model2_EQC_CH4,Step13_Model2_EQA_CH2,Step14_Model1_EQB_CH3,Step15_Model1_EQA_CH3,Step16_Model1_EQB_CH2,Step17_Model1_EQC_CH3,Step18_Model1_EQA_CH3,Step19_Model2_EQC_CH4,Step20_Model2_EQB_CH2,Step21_Model1_EQB_CH3,Step22_Model1_EQB_CH2,Step23_Model2_EQC_CH4,Step24_Model2_EQC_CH2,Step25_Model2_EQB_CH1,Step26_Model2_EQC_CH2,Step27_Model3_EQB_CH4,Step28_Model3_EQC_CH4,Step29_Model1_EQA_CH1,Step30_Model3_EQB_CH2,,32.65413623658685,,44.42498855733255,,,,30.94282663478616,,,,,,,32.16900276,,,,,44.29505587397115,,,,,,,,,,,,,,63.55156897369246,,,,,,,,61.12462989001297,,,,,,,,,,,,,,,,,,,,,,
T014_W04,T014,4,Step1_Model2_EQC_CH4,Step2_Model2_EQC_CH4,Step3_Model2_EQC_CH4,Step4_Model1_EQA_CH2,Step5_Model1_EQC_CH2,Step6_Model3_EQB_CH3,Step7_Model1_EQC_CH2,Step8_Model3_EQB_CH2,Step9_Model2_EQB_CH3,Step10_Model1_EQA_CH4,Step11_Model2_EQA_CH2,Step12_Model2_EQC_CH2,Step13_Model2_EQA_CH4,Step14_Model1_EQB_CH3,Step15_Model1_EQA_CH1,Step16_Model1_EQB_CH4,Step17_Model1_EQC_CH1,Step18_Model1_EQA_CH4,Step19_Model2_EQC_CH1,Step20_Model2_EQB_CH4,Step21_Model1_EQB_CH1,Step22_Model1_EQB_CH1,Step23_Model2_EQC_CH4,Step24_Model2_EQC_CH3,Step25_Model2_EQB_CH2,Step26_Model2_EQC_CH1,Step27_Model3_EQB_CH2,Step28_Model3_EQC_CH4,Step29_Model1_EQA_CH2,Step30_Model3_EQB_CH4,,,,,,,,,,,,37.50194663,,,,,,,,,,,62.04153037547798,,42.79720073185913,,,,,,,,,,,,53.60014383234946,,,,,,,,45.882299484683315,37.56145208303202,,,,,,,13,,,,,,,,,,,
T014_W05,T014,5,Step1_Model2_EQC_CH3,Step2_Model2_EQC_CH1,Step3_Model2_EQC_CH3,Step4_Model1_EQA_CH2,Step5_Model1_EQC_CH4,Step6_Model3_EQB_CH3,Step7_Model1_EQC_CH4,Step8_Model3_EQB_CH4,Step9_Model2_EQB_CH4,Step10_Model1_EQA_CH2,Step11_Model2_EQA_CH2,Step12_Model2_EQC_CH2,Step13_Model2_EQA_CH3,Step14_Model1_EQB_CH3,Step15_Model1_EQA_CH1,Step16_Model1_EQB_CH4,Step17_Model1_EQC_CH2,Step18_Model1_EQA_CH4,Step19_Model2_EQC_CH2,Step20_Model2_EQB_CH1,Step21_Model1_EQB_CH4,Step22_Model1_EQB_CH2,Step23_Model2_EQC_CH3,Step24_Model2_EQC_CH1,Step25_Model2_EQB_CH1,Step26_Model2_EQC_CH4,Step27_Model3_EQB_CH4,Step28_Model3_EQC_CH1,Step29_Model1_EQA_CH2,Step30_Model3_EQB_CH4,,,,40.84760091165461,64.81686534288312,,,,53.182233948843376,,,36.261471055794516,,,,,,,,,,,,,,,46.81712314,,44.64504319056097,,,,,,,,,,,45.99797899235523,,,,,,43.641589467903195,,,,,,,,9,,,,,,,,,,
T014_W06,T014,6,Step1_Model2_EQC_CH1,Step2_Model2_EQC_CH4,Step3_Model2_EQC_CH4,Step4_Model1_EQA_CH1,Step5_Model1_EQC_CH4,Step6_Model3_EQB_CH1,Step7_Model1_EQC_CH3,Step8_Model3_EQB_CH2,Step9_Model2_EQB_CH1,Step10_Model1_EQA_CH3,Step11_Model2_EQA_CH3,Step12_Model2_EQC_CH4,Step13_Model2_EQA_CH1,Step14_Model1_EQB_CH3,Step15_Model1_EQA_CH4,Step16_Model1_EQB_CH4,Step17_Model1_EQC_CH4,Step18_Model1_EQA_CH1,Step19_Model2_EQC_CH4,Step20_Model2_EQB_CH3,Step21_Model1_EQB_CH4,Step22_Model1_EQB_CH1,Step23_Model2_EQC_CH2,Step24_Model2_EQC_CH4,Step25_Model2_EQB_CH3,Step26_Model2_EQC_CH4,Step27_Model3_EQB_CH3,Step28_Model3_EQC_CH3,Step29_Model1_EQA_CH2,Step30_Model3_EQB_CH2,,,,,,,42.825342793888915,,,,,,45.02481610582356,59.999562787801175,,,50.9510947,,,39.38538545536113,,35.83879619958454,67.86036784937755,,,53.13095665612689,,62.57922311372616,,,,,,,59.186035346145985,,48.10209459070703,29.730091265324546,,,,,61.097756832140554,,,,,,13,,,,,,,,,,,,,,,
T014_W07,T014,7,Step1_Model2_EQC_CH2,Step2_Model2_EQC_CH2,Step3_Model2_EQC_CH3,Step4_Model1_EQA_CH3,Step5_Model1_EQC_CH3,Step6_Model3_EQB_CH3,Step7_Model1_EQC_CH4,Step8_Model3_EQB_CH3,Step9_Model2_EQB_CH1,Step10_Model1_EQA_CH1,Step11_Model2_EQA_CH2,Step12_Model2_EQC_CH1,Step13_Model2_EQA_CH1,Step14_Model1_EQB_CH4,Step15_Model1_EQA_CH3,Step16_Model1_EQB_CH4,Step17_Model1_EQC_CH1,Step18_Model1_EQA_CH2,Step19_Model2_EQC_CH1,Step20_Model2_EQB_CH2,Step21_Model1_EQB_CH4,Step22_Model1_EQB_CH2,Step23_Model2_EQC_CH2,Step24_Model2_EQC_CH1,Step25_Model2_EQB_CH4,Step26_Model2_EQC_CH2,Step27_Model3_EQB_CH3,Step28_Model3_EQC_CH1,Step29_Model1_EQA_CH3,Step30_Model3_EQB_CH4,,,,,,63.818933944886695,,,,53.51551297437486,38.649986346984555,,,,,,,,,,,,,,,,50.45987399927602,,,31.91027045839205,,,,,56.41173620074735,64.23057571054696,,,,,,,,,,40.494020865059696,,,,,,,,,,,,,,,,,,
T014_W08,T014,8,Step1_Model2_EQC_CH3,Step2_Model2_EQC_CH3,Step3_Model2_EQC_CH1,Step4_Model1_EQA_CH2,Step5_Model1_EQC_CH4,Step6_Model3_EQB_CH4,Step7_Model1_EQC_CH4,Step8_Model3_EQB_CH3,Step9_Model2_EQB_CH4,Step10_Model1_EQA_CH4,Step11_Model2_EQA_CH4,Step12_Model2_EQC_CH1,Step13_Model2_EQA_CH1,Step14_Model1_EQB_CH3,Step15_Model1_EQA_CH4,Step16_Model1_EQB_CH3,Step17_Model1_EQC_CH3,Step18_Model1_EQA_CH3,Step19_Model2_EQC_CH4,Step20_Model2_EQB_CH4,Step21_Model1_EQB_CH2,Step22_Model1_EQB_CH1,Step23_Model2_EQC_CH1,Step24_Model2_EQC_CH2,Step25_Model2_EQB_CH1,Step26_Model2_EQC_CH4,Step27_Model3_EQB_CH3,Step28_Model3_EQC_CH3,Step29_Model1_EQA_CH4,Step30_Model3_EQB_CH2,,,,,,,,,65.75600192548221,,,,,,,,,,,,,,,,,,,,,,46.23842284991552,,,,,,,,,,,,,,,,,,,,,,,,,,,,,,,,,
T014_W09,T014,9,Step1_Model2_EQC_CH4,Step2_Model2_EQC_CH2,Step3_Model2_EQC_CH1,Step4_Model1_EQA_CH1,Step5_Model1_EQC_CH4,Step6_Model3_EQB_CH4,Step7_Model1_EQC_CH4,Step8_Model3_EQB_CH3,Step9_Model2_EQB_CH4,Step10_Model1_EQA_CH1,Step11_Model2_EQA_CH2,Step12_Model2_EQC_CH4,Step13_Model2_EQA_CH4,Step14_Model1_EQB_CH3,Step15_Model1_EQA_CH4,Step16_Model1_EQB_CH1,Step17_Model1_EQC_CH1,Step18_Model1_EQA_CH4,Step19_Model2_EQC_CH1,Step20_Model2_EQB_CH1,Step21_Model1_EQB_CH4,Step22_Model1_EQB_CH3,Step23_Model2_EQC_CH3,Step24_Model2_EQC_CH4,Step25_Model2_EQB_CH3,Step26_Model2_EQC_CH4,Step27_Model3_EQB_CH2,Step28_Model3_EQC_CH2,Step29_Model1_EQA_CH3,Step30_Model3_EQB_CH2,,,,,,,,,50.60925237052801,51.58682451401633,32.95151191514041,,,,,,,,,38.85340053620978,,,,,,,,59.71568643548828,49.08349518872601,,,47.28060537665898,54.687465211363595,,,,,,,,,55.703033804051785,,33.48062792078336,,,,,,,,8,,,,,,,,,,,,
T014_W10,T014,10,Step1_Model2_EQC_CH4,Step2_Model2_EQC_CH1,Step3_Model2_EQC_CH1,Step4_Model1_EQA_CH3,Step5_Model1_EQC_CH4,Step6_Model3_EQB_CH2,Step7_Model1_EQC_CH1,Step8_Model3_EQB_CH2,Step9_Model2_EQB_CH4,Step10_Model1_EQA_CH1,Step11_Model2_EQA_CH1,Step12_Model2_EQC_CH1,Step13_Model2_EQA_CH4,Step14_Model1_EQB_CH3,Step15_Model1_EQA_CH4,Step16_Model1_EQB_CH2,Step17_Model1_EQC_CH1,Step18_Model1_EQA_CH3,Step19_Model2_EQC_CH2,Step20_Model2_EQB_CH1,Step21_Model1_EQB_CH2,Step22_Model1_EQB_CH4,Step23_Model2_EQC_CH3,Step24_Model2_EQC_CH1,Step25_Model2_EQB_CH4,Step26_Model2_EQC_CH3,Step27_Model3_EQB_CH1,Step28_Model3_EQC_CH2,Step29_Model1_EQA_CH1,Step30_Model3_EQB_CH3,,,,,,62.01861902099069,,,,,,,44.502679137442605,57.62975587587553,,,,,,31.742117640427413,,36.16498412391336,,,46.55011511,,,,,,,,,59.40753312110967,,,,,,,,66.37861624230149,59.87655991758609,,,,,,,,,,,,,,,,,,,,,
T014_W11,T014,11,Step1_Model2_EQC_CH2,Step2_Model2_EQC_CH3,Step3_Model2_EQC_CH2,Step4_Model1_EQA_CH3,Step5_Model1_EQC_CH4,Step6_Model3_EQB_CH2,Step7_Model1_EQC_CH1,Step8_Model3_EQB_CH1,Step9_Model2_EQB_CH1,Step10_Model1_EQA_CH3,Step11_Model2_EQA_CH3,Step12_Model2_EQC_CH4,Step13_Model2_EQA_CH4,Step14_Model1_EQB_CH1,Step15_Model1_EQA_CH2,Step16_Model1_EQB_CH3,Step17_Model1_EQC_CH2,Step18_Model1_EQA_CH1,Step19_Model2_EQC_CH1,Step20_Model2_EQB_CH4,Step21_Model1_EQB_CH3,Step22_Model1_EQB_CH2,Step23_Model2_EQC_CH3,Step24_Model2_EQC_CH2,Step25_Model2_EQB_CH4,Step26_Model2_EQC_CH2,Step27_Model3_EQB_CH4,Step28_Model3_EQC_CH1,Step29_Model1_EQA_CH2,Step30_Model3_EQB_CH2,,,,,63.48279611459453,63.192684333329495,,,,51.96606170029125,35.97439183609772,,39.85969375215051,,,,,36.51763975773749,,,,,,47.80229117,,,,,,,,,,,,,,,,,,,,38.14881765,,,,,,,,,,,,,,,,,,,,
T014_W12,T014,12,Step1_Model2_EQC_CH1,Step2_Model2_EQC_CH4,Step3_Model2_EQC_CH1,Step4_Model1_EQA_CH1,Step5_Model1_EQC_CH2,Step6_Model3_EQB_CH3,Step7_Model1_EQC_CH1,Step8_Model3_EQB_CH2,Step9_Model2_EQB_CH2,Step10_Model1_EQA_CH3,Step11_Model2_EQA_CH4,Step12_Model2_EQC_CH1,Step13_Model2_EQA_CH3,Step14_Model1_EQB_CH2,Step15_Model1_EQA_CH2,Step16_Model1_EQB_CH3,Step17_Model1_EQC_CH3,Step18_Model1_EQA_CH4,Step19_Model2_EQC_CH4,Step20_Model2_EQB_CH3,Step21_Model1_EQB_CH4,Step22_Model1_EQB_CH4,Step23_Model2_EQC_CH3,Step24_Model2_EQC_CH2,Step25_Model2_EQB_CH2,Step26_Model2_EQC_CH3,Step27_Model3_EQB_CH1,Step28_Model3_EQC_CH1,Step29_Model1_EQA_CH2,Step30_Model3_EQB_CH2,,36.68057300144621,,,,,,,,,,,45.27720111950666,,,,,,,,,,,,,,,,,,44.63910807218539,,,61.72750638631468,,,,,,,45.75515018,,62.67702652112068,,,37.500253466316465,,,,,,,13,,,,,,,,,,,
T014_W13,T014,13,Step1_Model2_EQC_CH4,Step2_Model2_EQC_CH4,Step3_Model2_EQC_CH4,Step4_Model1_EQA_CH4,Step5_Model1_EQC_CH4,Step6_Model3_EQB_CH4,Step7_Model1_EQC_CH2,Step8_Model3_EQB_CH2,Step9_Model2_EQB_CH3,Step10_Model1_EQA_CH2,Step11_Model2_EQA_CH3,Step12_Model2_EQC_CH3,Step13_Model2_EQA_CH4,Step14_Model1_EQB_CH4,Step15_Model1_EQA_CH4,Step16_Model1_EQB_CH2,Step17_Model1_EQC_CH4,Step18_Model1_EQA_CH4,Step19_Model2_EQC_CH2,Step20_Model2_EQB_CH2,Step21_Model1_EQB_CH1,Step22_Model1_EQB_CH2,Step23_Model2_EQC_CH1,Step24_Model2_EQC_CH3,Step25_Model2_EQB_CH3,Step26_Model2_EQC_CH3,Step27_Model3_EQB_CH4,Step28_Model3_EQC_CH3,Step29_Model1_EQA_CH4,Step30_Model3_EQB_CH3,,,,,,62.99150281929674,,35.95365520670047,,,,,,,,,,,,39.88517422172825,,,,43.994590046121374,,,,,,,,,,,53.04557960851781,48.039535625778214,52.93207811870856,41.733857731877535,,,,56.28388099344688,,,37.18119845465975,,,,,,,,,,,,,,,,,,,
T014_W14,T014,14,Step1_Model2_EQC_CH3,Step2_Model2_EQC_CH3,Step3_Model2_EQC_CH2,Step4_Model1_EQA_CH3,Step5_Model1_EQC_CH1,Step6_Model3_EQB_CH3,Step7_Model1_EQC_CH3,Step8_Model3_EQB_CH4,Step9_Model2_EQB_CH2,Step10_Model1_EQA_CH4,Step11_Model2_EQA_CH2,Step12_Model2_EQC_CH3,Step13_Model2_EQA_CH1,Step14_Model1_EQB_CH2,Step15_Model1_EQA_CH3,Step16_Model1_EQB_CH2,Step17_Model1_EQC_CH2,Step18_Model1_EQA_CH4,Step19_Model2_EQC_CH1,Step20_Model2_EQB_CH4,Step21_Model1_EQB_CH2,Step22_Model1_EQB_CH4,Step23_Model2_EQC_CH1,Step24_Model2_EQC_CH3,Step25_Model2_EQB_CH2,Step26_Model2_EQC_CH4,Step27_Model3_EQB_CH2,Step28_Model3_EQC_CH3,Step29_Model1_EQA_CH1,Step30_Model3_EQB_CH4,,,,,,65.25784781931752,,,,,,45.937668012364036,49.03360148419372,,,,,,59.04038770661552,,41.11687268114675,,,,37.39042223159866,,,,46.96121147690358,,,44.37352499339609,,,50.84936003,60.199771222606145,,,45.98462628484083,,43.915260945174374,,,,44.594785828609325,,,,,,,,,,,,,,,,,,,
T014_W15,T014,15,Step1_Model2_EQC_CH2,Step2_Model2_EQC_CH1,Step3_Model2_EQC_CH3,Step4_Model1_EQA_CH1,Step5_Model1_EQC_CH3,Step6_Model3_EQB_CH2,Step7_Model1_EQC_CH1,Step8_Model3_EQB_CH2,Step9_Model2_EQB_CH4,Step10_Model1_EQA_CH4,Step11_Model2_EQA_CH2,Step12_Model2_EQC_CH2,Step13_Model2_EQA_CH3,Step14_Model1_EQB_CH2,Step15_Model1_EQA_CH4,Step16_Model1_EQB_CH3,Step17_Model1_EQC_CH1,Step18_Model1_EQA_CH3,Step19_Model2_EQC_CH3,Step20_Model2_EQB_CH4,Step21_Model1_EQB_CH3,Step22_Model1_EQB_CH2,Step23_Model2_EQC_CH4,Step24_Model2_EQC_CH1,Step25_Model2_EQB_CH3,Step26_Model2_EQC_CH1,Step27_Model3_EQB_CH2,Step28_Model3_EQC_CH1,Step29_Model1_EQA_CH1,Step30_Model3_EQB_CH1,,,,,,,35.07893502799235,,,,34.142882743175655,,,,,,,,,,,,,,,,,,,,,,64.55651344,,,,,,,,,,,30.63103806495523,,,54.035857873612386,,,9,,,,,,,,,,,,,,
T014_W16,T014,16,Step1_Model2_EQC_CH4,Step2_Model2_EQC_CH1,Step3_Model2_EQC_CH2,Step4_Model1_EQA_CH4,Step5_Model1_EQC_CH4,Step6_Model3_EQB_CH3,Step7_Model1_EQC_CH1,Step8_Model3_EQB_CH2,Step9_Model2_EQB_CH4,Step10_Model1_EQA_CH1,Step11_Model2_EQA_CH3,Step12_Model2_EQC_CH3,Step13_Model2_EQA_CH1,Step14_Model1_EQB_CH2,Step15_Model1_EQA_CH1,Step16_Model1_EQB_CH2,Step17_Model1_EQC_CH3,Step18_Model1_EQA_CH4,Step19_Model2_EQC_CH1,Step20_Model2_EQB_CH4,Step21_Model1_EQB_CH1,Step22_Model1_EQB_CH2,Step23_Model2_EQC_CH4,Step24_Model2_EQC_CH2,Step25_Model2_EQB_CH1,Step26_Model2_EQC_CH4,Step27_Model3_EQB_CH1,Step28_Model3_EQC_CH3,Step29_Model1_EQA_CH1,Step30_Model3_EQB_CH2,,,,,,,,,,,,,,67.23688031317666,,60.97028168757905,,,,,,,65.60890608989915,,,,,,,40.11091512949371,,,,,,,,,,,,,,,,,,,,,8,,,,,,,,,,,,,
T014_W17,T014,17,Step1_Model2_EQC_CH4,Step2_Model2_EQC_CH1,Step3_Model2_EQC_CH2,Step4_Model1_EQA_CH4,Step5_Model1_EQC_CH4,Step6_Model3_EQB_CH3,Step7_Model1_EQC_CH4,Step8_Model3_EQB_CH1,Step9_Model2_EQB_CH1,Step10_Model1_EQA_CH3,Step11_Model2_EQA_CH4,Step12_Model2_EQC_CH2,Step13_Model2_EQA_CH3,Step14_Model1_EQB_CH4,Step15_Model1_EQA_CH4,Step16_Model1_EQB_CH2,Step17_Model1_EQC_CH2,Step18_Model1_EQA_CH2,Step19_Model2_EQC_CH2,Step20_Model2_EQB_CH3,Step21_Model1_EQB_CH1,Step22_Model1_EQB_CH4,Step23_Model2_EQC_CH4,Step24_Model2_EQC_CH1,Step25_Model2_EQB_CH3,Step26_Model2_EQC_CH1,Step27_Model3_EQB_CH4,Step28_Model3_EQC_CH3,Step29_Model1_EQA_CH1,Step30_Model3_EQB_CH4,,,,,65.17015262,64.40643700881353,,,,,,,,,,,55.12060860505151,38.89703550402692,56.36181111119767,,,,60.614906900159475,,,,,60.45270249477738,,,,,,,,,,,,,,,,,,,,,,,,,,,,,,,,,,,,
T014_W18,T014,18,Step1_Model2_EQC_CH2,Step2_Model2_EQC_CH1,Step3_Model2_EQC_CH2,Step4_Model1_EQA_CH4,Step5_Model1_EQC_CH1,Step6_Model3_EQB_CH2,Step7_Model1_EQC_CH3,Step8_Model3_EQB_CH3,Step9_Model2_EQB_CH3,Step10_Model1_EQA_CH3,Step11_Model2_EQA_CH1,Step12_Model2_EQC_CH1,Step13_Model2_EQA_CH3,Step14_Model1_EQB_CH2,Step15_Model1_EQA_CH3,Step16_Model1_EQB_CH1,Step17_Model1_EQC_CH1,Step18_Model1_EQA_CH2,Step19_Model2_EQC_CH4,Step20_Model2_EQB_CH1,Step21_Model1_EQB_CH1,Step22_Model1_EQB_CH4,Step23_Model2_EQC_CH4,Step24_Model2_EQC_CH4,Step25_Model2_EQB_CH1,Step26_Model2_EQC_CH2,Step27_Model3_EQB_CH1,Step28_Model3_EQC_CH1,Step29_Model1_EQA_CH2,Step30_Model3_EQB_CH2,,,,,,62.15018044960715,,,,,,,,,36.957286817733326,,,31.23524779814201,,,,41.14198223628304,62.14713664143697,52.628843288164035,34.32631303533037,,,,,,43.57295714982588,,,,,,,,,45.075301311661455,51.44617156718545,,,,,,,56.64723638797578,,,,,,,,,,,,,,,,
T014_W19,T014,19,Step1_Model2_EQC_CH3,Step2_Model2_EQC_CH4,Step3_Model2_EQC_CH2,Step4_Model1_EQA_CH4,Step5_Model1_EQC_CH3,Step6_Model3_EQB_CH3,Step7_Model1_EQC_CH1,Step8_Model3_EQB_CH1,Step9_Model2_EQB_CH4,Step10_Model1_EQA_CH2,Step11_Model2_EQA_CH4,Step12_Model2_EQC_CH1,Step13_Model2_EQA_CH2,Step14_Model1_EQB_CH4,Step15_Model1_EQA_CH2,Step16_Model1_EQB_CH2,Step17_Model1_EQC_CH1,Step18_Model1_EQA_CH1,Step19_Model2_EQC_CH2,Step20_Model2_EQB_CH1,Step21_Model1_EQB_CH4,Step22_Model1_EQB_CH1,Step23_Model2_EQC_CH2,Step24_Model2_EQC_CH2,Step25_Model2_EQB_CH3,Step26_Model2_EQC_CH4,Step27_Model3_EQB_CH1,Step28_Model3_EQC_CH3,Step29_Model1_EQA_CH2,Step30_Model3_EQB_CH2,,,,,,,,,57.86723172,,,,,52.71996185112969,,,,,,,45.430153009247604,,,,,,49.87120981315076,,,,,,,,,,,,,,,,,,45.61036327238861,,,,,,,,,,,,,,,,,,,
T014_W20,T014,20,Step1_Model2_EQC_CH4,Step2_Model2_EQC_CH3,Step3_Model2_EQC_CH1,Step4_Model1_EQA_CH1,Step5_Model1_EQC_CH4,Step6_Model3_EQB_CH3,Step7_Model1_EQC_CH3,Step8_Model3_EQB_CH1,Step9_Model2_EQB_CH4,Step10_Model1_EQA_CH1,Step11_Model2_EQA_CH2,Step12_Model2_EQC_CH4,Step13_Model2_EQA_CH1,Step14_Model1_EQB_CH4,Step15_Model1_EQA_CH3,Step16_Model1_EQB_CH4,Step17_Model1_EQC_CH4,Step18_Model1_EQA_CH1,Step19_Model2_EQC_CH2,Step20_Model2_EQB_CH1,Step21_Model1_EQB_CH3,Step22_Model1_EQB_CH2,Step23_Model2_EQC_CH1,Step24_Model2_EQC_CH3,Step25_Model2_EQB_CH3,Step26_Model2_EQC_CH3,Step27_Model3_EQB_CH4,Step28_Model3_EQC_CH1,Step29_Model1_EQA_CH4,Step30_Model3_EQB_CH3,,,,,60.78649831280786,,,35.42462293072797,,,35.65295991512265,,,58.66331059705573,,,,,60.806855498187176,,,26.673772031061326,,50.50727844,49.050983383288774,,,,,34.46721409341088,,37.04255775121561,,,,54.21620484144624,,,,,,59.191314826584275,,,,,,,,,8,,,,,,,,,,,,,
T014_W21,T014,21,Step1_Model2_EQC_CH4,Step2_Model2_EQC_CH1,Step3_Model2_EQC_CH4,Step4_Model1_EQA_CH1,Step5_Model1_EQC_CH1,Step6_Model3_EQB_CH3,Step7_Model1_EQC_CH2,Step8_Model3_EQB_CH3,Step9_Model2_EQB_CH2,Step10_Model1_EQA_CH1,Step11_Model2_EQA_CH2,Step12_Model2_EQC_CH2,Step13_Model2_EQA_CH2,Step14_Model1_EQB_CH2,Step15_Model1_EQA_CH3,Step16_Model1_EQB_CH4,Step17_Model1_EQC_CH2,Step18_Model1_EQA_CH4,Step19_Model2_EQC_CH2,Step20_Model2_EQB_CH2,Step21_Model1_EQB_CH3,Step22_Model1_EQB_CH3,Step23_Model2_EQC_CH3,Step24_Model2_EQC_CH2,Step25_Model2_EQB_CH3,Step26_Model2_EQC_CH1,Step27_Model3_EQB_CH2,Step28_Model3_EQC_CH1,Step29_Model1_EQA_CH4,Step30_Model3_EQB_CH4,,,,,56.64923119995105,,,38.35611379658164,59.639912160466295,,,,,,,,,,48.08501038749368,,,,,,,,,57.611165047395716,,36.390775504450865,,,,,,,,,,,,,,37.53704552812514,,,,,,,7,,,,,5,,,,,,,,
T014_W22,T014,22,Step1_Model2_EQC_CH1,Step2_Model2_EQC_CH4,Step3_Model2_EQC_CH2,Step4_Model1_EQA_CH2,Step5_Model1_EQC_CH1,Step6_Model3_EQB_CH4,Step7_Model1_EQC_CH3,Step8_Model3_EQB_CH4,Step9_Model2_EQB_CH1,Step10_Model1_EQA_CH2,Step11_Model2_EQA_CH4,Step12_Model2_EQC_CH1,Step13_Model2_EQA_CH2,Step14_Model1_EQB_CH4,Step15_Model1_EQA_CH1,Step16_Model1_EQB_CH2,Step17_Model1_EQC_CH4,Step18_Model1_EQA_CH3,Step19_Model2_EQC_CH4,Step20_Model2_EQB_CH2,Step21_Model1_EQB_CH4,Step22_Model1_EQB_CH2,Step23_Model2_EQC_CH1,Step24_Model2_EQC_CH2,Step25_Model2_EQB_CH4,Step26_Model2_EQC_CH4,Step27_Model3_EQB_CH1,Step28_Model3_EQC_CH1,Step29_Model1_EQA_CH2,Step30_Model3_EQB_CH3,,,,,,,45.85154462281615,38.80544640920589,,,,,,,,,,,60.36774843414829,,,,,47.588408603239714,,,,,,,,,,,,,,,,,,,,,,44.06144400977105,,,,6,,,,,,,,,,,,,,
T014_W23,T014,23,Step1_Model2_EQC_CH2,Step2_Model2_EQC_CH3,Step3_Model2_EQC_CH1,Step4_Model1_EQA_CH3,Step5_Model1_EQC_CH4,Step6_Model3_EQB_CH2,Step7_Model1_EQC_CH4,Step8_Model3_EQB_CH1,Step9_Model2_EQB_CH3,Step10_Model1_EQA_CH1,Step11_Model2_EQA_CH4,Step12_Model2_EQC_CH1,Step13_Model2_EQA_CH4,Step14_Model1_EQB_CH2,Step15_Model1_EQA_CH2,Step16_Model1_EQB_CH3,Step17_Model1_EQC_CH3,Step18_Model1_EQA_CH1,Step19_Model2_EQC_CH4,Step20_Model2_EQB_CH4,Step21_Model1_EQB_CH3,Step22_Model1_EQB_CH3,Step23_Model2_EQC_CH1,Step24_Model2_EQC_CH1,Step25_Model2_EQB_CH4,Step26_Model2_EQC_CH1,Step27_Model3_EQB_CH2,Step28_Model3_EQC_CH3,Step29_Model1_EQA_CH2,Step30_Model3_EQB_CH3,,,,,62.309212906163005,,,,,,,45.96525443257371,,,,,,,,,,,,,,,,,,,,,56.01989985793841,,,,,,46.39591439,,,,,,,,,,,,,,,,,16,,,,,,,,
T014_W24,T014,24,Step1_Model2_EQC_CH3,Step2_Model2_EQC_CH3,Step3_Model2_EQC_CH1,Step4_Model1_EQA_CH4,Step5_Model1_EQC_CH4,Step6_Model3_EQB_CH4,Step7_Model1_EQC_CH4,Step8_Model3_EQB_CH3,Step9_Model2_EQB_CH3,Step10_Model1_EQA_CH1,Step11_Model2_EQA_CH3,Step12_Model2_EQC_CH2,Step13_Model2_EQA_CH2,Step14_Model1_EQB_CH4,Step15_Model1_EQA_CH1,Step16_Model1_EQB_CH1,Step17_Model1_EQC_CH3,Step18_Model1_EQA_CH2,Step19_Model2_EQC_CH1,Step20_Model2_EQB_CH1,Step21_Model1_EQB_CH3,Step22_Model1_EQB_CH4,Step23_Model2_EQC_CH4,Step24_Model2_EQC_CH3,Step25_Model2_EQB_CH3,Step26_Model2_EQC_CH2,Step27_Model3_EQB_CH1,Step28_Model3_EQC_CH3,Step29_Model1_EQA_CH4,Step30_Model3_EQB_CH1,,44.93219043114199,,,,,,38.96445757493954,,,,,,,,,,,,,,,,,,,,64.75503472559933,45.372748229700036,,,40.900449357783906,,,,,,,,,,57.42811753,,,,29.159810401040126,,,,,,,,,,,,,,,,,,
T014_W25,T014,25,Step1_Model2_EQC_CH3,Step2_Model2_EQC_CH4,Step3_Model2_EQC_CH3,Step4_Model1_EQA_CH1,Step5_Model1_EQC_CH4,Step6_Model3_EQB_CH4,Step7_Model1_EQC_CH1,Step8_Model3_EQB_CH3,Step9_Model2_EQB_CH1,Step10_Model1_EQA_CH2,Step11_Model2_EQA_CH2,Step12_Model2_EQC_CH2,Step13_Model2_EQA_CH3,Step14_Model1_EQB_CH3,Step15_Model1_EQA_CH4,Step16_Model1_EQB_CH1,Step17_Model1_EQC_CH4,Step18_Model1_EQA_CH3,Step19_Model2_EQC_CH2,Step20_Model2_EQB_CH1,Step21_Model1_EQB_CH3,Step22_Model1_EQB_CH1,Step23_Model2_EQC_CH4,Step24_Model2_EQC_CH1,Step25_Model2_EQB_CH1,Step26_Model2_EQC_CH4,Step27_Model3_EQB_CH1,Step28_Model3_EQC_CH2,Step29_Model1_EQA_CH2,Step30_Model3_EQB_CH1,,,,,,,,,,,,,43.52073783882239,,,,,,,,,39.97031545996124,,47.32658240648622,,56.805108358146086,,,,,,,,,,65.67444805,,,43.671266951689816,,,,,,,44.883693376712074,,51.92577021730503,,,,,,,,,,,,,,,,
T015_W01,T015,1,Step1_Model1_EQC_CH1,Step2_Model2_EQC_CH4,Step3_Model2_EQB_CH4,Step4_Model3_EQA_CH2,Step5_Model2_EQC_CH1,Step6_Model3_EQC_CH4,Step7_Model3_EQB_CH2,Step8_Model2_EQA_CH1,Step9_Model2_EQA_CH2,Step10_Model2_EQA_CH1,Step11_Model1_EQA_CH4,Step12_Model1_EQC_CH1,Step13_Model1_EQA_CH3,Step14_Model2_EQC_CH3,Step15_Model1_EQC_CH3,Step16_Model2_EQA_CH2,Step17_Model1_EQA_CH3,Step18_Model3_EQA_CH2,Step19_Model2_EQC_CH4,Step20_Model2_EQB_CH2,Step21_Model2_EQB_CH2,Step22_Model2_EQA_CH2,Step23_Model2_EQC_CH4,Step24_Model2_EQA_CH1,Step25_Model2_EQC_CH1,Step26_Model2_EQA_CH1,Step27_Model2_EQC_CH2,Step28_Model3_EQB_CH2,Step29_Model1_EQB_CH2,Step30_Model1_EQB_CH3,45.91290439412773,,,,,69.73501558898961,47.54184295496412,,,,,,,,,,,,,,,,57.327752428073886,,41.134463686062126,,,,,,,,,,47.859477622652534,60.17865333,,,,43.92199991045446,,58.284052794605365,,39.34095275668628,,,,,,,,,,,,,,,,,,,,
T015_W02,T015,2,Step1_Model1_EQC_CH1,Step2_Model2_EQC_CH1,Step3_Model2_EQB_CH2,Step4_Model3_EQA_CH4,Step5_Model2_EQC_CH2,Step6_Model3_EQC_CH1,Step7_Model3_EQB_CH2,Step8_Model2_EQA_CH1,Step9_Model2_EQA_CH4,Step10_Model2_EQA_CH4,Step11_Model1_EQA_CH2,Step12_Model1_EQC_CH1,Step13_Model1_EQA_CH4,Step14_Model2_EQC_CH3,Step15_Model1_EQC_CH4,Step16_Model2_EQA_CH2,Step17_Model1_EQA_CH3,Step18_Model3_EQA_CH4,Step19_Model2_EQC_CH1,Step20_Model2_EQB_CH4,Step21_Model2_EQB_CH4,Step22_Model2_EQA_CH3,Step23_Model2_EQC_CH1,Step24_Model2_EQA_CH1,Step25_Model2_EQC_CH2,Step26_Model2_EQA_CH1,Step27_Model2_EQC_CH2,Step28_Model3_EQB_CH2,Step29_Model1_EQB_CH3,Step30_Model1_EQB_CH1,40.19881625565041,,,,,,,,,,,,,,,,,,,,,,,,,,,,,,,,,58.92454602680097,,,47.04979315713174,,,,,,,,,,,,,,,,,,,,,,,,,,,
T015_W03,T015,3,Step1_Model1_EQC_CH1,Step2_Model2_EQC_CH1,Step3_Model2_EQB_CH1,Step4_Model3_EQA_CH2,Step5_Model2_EQC_CH3,Step6_Model3_EQC_CH3,Step7_Model3_EQB_CH3,Step8_Model2_EQA_CH2,Step9_Model2_EQA_CH3,Step10_Model2_EQA_CH4,Step11_Model1_EQA_CH2,Step12_Model1_EQC_CH2,Step13_Model1_EQA_CH4,Step14_Model2_EQC_CH1,Step15_Model1_EQC_CH1,Step16_Model2_EQA_CH3,Step17_Model1_EQA_CH4,Step18_Model3_EQA_CH3,Step19_Model2_EQC_CH3,Step20_Model2_EQB_CH3,Step21_Model2_EQB_CH4,Step22_Model2_EQA_CH2,Step23_Model2_EQC_CH4,Step24_Model2_EQA_CH2,Step25_Model2_EQC_CH1,Step26_Model2_EQA_CH4,Step27_Model2_EQC_CH1,Step28_Model3_EQB_CH2,Step29_Model1_EQB_CH2,Step30_Model1_EQB_CH1,,,29.835956514959868,,,,,,,,,,42.505432353044625,,,,44.81407757753613,,,,45.08574113391513,,64.26965760677378,,,,,,49.05730520366384,,,44.84307048217581,48.947647980489336,,,,,,39.065724644660875,,,,,,,,,,,,,,,,,,,,,,,,,
T015_W04,T015,4,Step1_Model1_EQC_CH1,Step2_Model2_EQC_CH4,Step3_Model2_EQB_CH1,Step4_Model3_EQA_CH1,Step5_Model2_EQC_CH4,Step6_Model3_EQC_CH3,Step7_Model3_EQB_CH4,Step8_Model2_EQA_CH1,Step9_Model2_EQA_CH1,Step10_Model2_EQA_CH2,Step11_Model1_EQA_CH3,Step12_Model1_EQC_CH1,Step13_Model1_EQA_CH4,Step14_Model2_EQC_CH2,Step15_Model1_EQC_CH3,Step16_Model2_EQA_CH1,Step17_Model1_EQA_CH3,Step18_Model3_EQA_CH2,Step19_Model2_EQC_CH3,Step20_Model2_EQB_CH4,Step21_Model2_EQB_CH4,Step22_Model2_EQA_CH1,Step23_Model2_EQC_CH2,Step24_Model2_EQA_CH2,Step25_Model2_EQC_CH4,Step26_Model2_EQA_CH1,Step27_Model2_EQC_CH1,Step28_Model3_EQB_CH2,Step29_Model1_EQB_CH4,Step30_Model1_EQB_CH2,38.73233812675706,,,,57.151623476378596,,,,47.44788747577303,57.78589682772636,,,,,40.56914533947914,,52.502129288281544,,,,,,,,,,51.19789591011973,,,,,,,,,,,36.65988514802804,,,,,,,,,,,,,,,,,,,,,,,,,,
T015_W05,T015,5,Step1_Model1_EQC_CH2,Step2_Model2_EQC_CH4,Step3_Model2_EQB_CH3,Step4_Model3_EQA_CH4,Step5_Model2_EQC_CH2,Step6_Model3_EQC_CH3,Step7_Model3_EQB_CH3,Step8_Model2_EQA_CH1,Step9_Model2_EQA_CH1,Step10_Model2_EQA_CH2,Step11_Model1_EQA_CH1,Step12_Model1_EQC_CH4,Step13_Model1_EQA_CH4,Step14_Model2_EQC_CH4,Step15_Model1_EQC_CH2,Step16_Model2_EQA_CH3,Step17_Model1_EQA_CH3,Step18_Model3_EQA_CH2,Step19_Model2_EQC_CH1,Step20_Model2_EQB_CH1,Step21_Model2_EQB_CH4,Step22_Model2_EQA_CH3,Step23_Model2_EQC_CH2,Step24_Model2_EQA_CH4,Step25_Model2_EQC_CH3,Step26_Model2_EQA_CH2,Step27_Model2_EQC_CH1,Step28_Model3_EQB_CH1,Step29_Model1_EQB_CH3,Step30_Model1_EQB_CH4,43.07422089248472,,,,64.76385605,,,,,,,,,,,,,,,,,,,40.22225049,,,47.04402979416093,,,,50.88597423611308,,,,,,,,,,,,,,50.17417810549157,40.61219671213376,55.11087343292049,64.43996561434518,,,,,,,,,,,,,,,,
T015_W06,T015,6,Step1_Model1_EQC_CH3,Step2_Model2_EQC_CH3,Step3_Model2_EQB_CH1,Step4_Model3_EQA_CH3,Step5_Model2_EQC_CH1,Step6_Model3_EQC_CH4,Step7_Model3_EQB_CH2,Step8_Model2_EQA_CH1,Step9_Model2_EQA_CH1,Step10_Model2_EQA_CH3,Step11_Model1_EQA_CH1,Step12_Model1_EQC_CH2,Step13_Model1_EQA_CH1,Step14_Model2_EQC_CH4,Step15_Model1_EQC_CH4,Step16_Model2_EQA_CH3,Step17_Model1_EQA_CH2,Step18_Model3_EQA_CH3,Step19_Model2_EQC_CH2,Step20_Model2_EQB_CH3,Step21_Model2_EQB_CH4,Step22_Model2_EQA_CH1,Step23_Model2_EQC_CH1,Step24_Model2_EQA_CH3,Step25_Model2_EQC_CH1,Step26_Model2_EQA_CH2,Step27_Model2_EQC_CH2,Step28_Model3_EQB_CH2,Step29_Model1_EQB_CH1,Step30_Model1_EQB_CH3,,,,54.45319709510317,,,,,,,,,48.72302456328718,,,,,30.158932884198947,,36.67322618112096,,,,40.816337692207675,,64.53918337,,,,,39.17504097814214,,,,47.135126281558385,,,,43.864959447870106,,,,,,,,59.04861744315036,,,,,,,,,,,3,,,,,,
T015_W07,T015,7,Step1_Model1_EQC_CH2,Step2_Model2_EQC_CH2,Step3_Model2_EQB_CH2,Step4_Model3_EQA_CH2,Step5_Model2_EQC_CH3,Step6_Model3_EQC_CH1,Step7_Model3_EQB_CH1,Step8_Model2_EQA_CH1,Step9_Model2_EQA_CH1,Step10_Model2_EQA_CH4,Step11_Model1_EQA_CH2,Step12_Model1_EQC_CH1,Step13_Model1_EQA_CH1,Step14_Model2_EQC_CH3,Step15_Model1_EQC_CH4,Step16_Model2_EQA_CH4,Step17_Model1_EQA_CH4,Step18_Model3_EQA_CH1,Step19_Model2_EQC_CH4,Step20_Model2_EQB_CH1,Step21_Model2_EQB_CH3,Step22_Model2_EQA_CH3,Step23_Model2_EQC_CH4,Step24_Model2_EQA_CH3,Step25_Model2_EQC_CH2,Step26_Model2_EQA_CH1,Step27_Model2_EQC_CH2,Step28_Model3_EQB_CH4,Step29_Model1_EQB_CH1,Step30_Model1_EQB_CH3,,,,,,,,31.95061357989339,,,,,,60.22112671,,51.58714982550542,,,,,,,,,,,,,,,,,,63.85461081609042,,62.004363170452926,,,48.207291408535404,,,,,,,,,,,,,,,,,,5,,,,,,,
T015_W08,T015,8,Step1_Model1_EQC_CH2,Step2_Model2_EQC_CH2,Step3_Model2_EQB_CH2,Step4_Model3_EQA_CH1,Step5_Model2_EQC_CH3,Step6_Model3_EQC_CH4,Step7_Model3_EQB_CH1,Step8_Model2_EQA_CH3,Step9_Model2_EQA_CH1,Step10_Model2_EQA_CH4,Step11_Model1_EQA_CH2,Step12_Model1_EQC_CH3,Step13_Model1_EQA_CH2,Step14_Model2_EQC_CH2,Step15_Model1_EQC_CH1,Step16_Model2_EQA_CH3,Step17_Model1_EQA_CH4,Step18_Model3_EQA_CH2,Step19_Model2_EQC_CH1,Step20_Model2_EQB_CH1,Step21_Model2_EQB_CH2,Step22_Model2_EQA_CH2,Step23_Model2_EQC_CH3,Step24_Model2_EQA_CH1,Step25_Model2_EQC_CH2,Step26_Model2_EQA_CH3,Step27_Model2_EQC_CH3,Step28_Model3_EQB_CH1,Step29_Model1_EQB_CH2,Step30_Model1_EQB_CH3,,,,,,,,31.99766381129024,,,,47.350360714685834,40.519168558977974,59.39251216297642,,,,,,,,,,,,,,57.63077265562228,,,,,,,,,,,46.20709162888611,,,52.64718713566266,,,,38.55261896,,,,,,,,,,,,,,,,,,
T015_W09,T015,9,Step1_Model1_EQC_CH1,Step2_Model2_EQC_CH4,Step3_Model2_EQB_CH4,Step4_Model3_EQA_CH2,Step5_Model2_EQC_CH2,Step6_Model3_EQC_CH2,Step7_Model3_EQB_CH2,Step8_Model2_EQA_CH2,Step9_Model2_EQA_CH3,Step10_Model2_EQA_CH4,Step11_Model1_EQA_CH2,Step12_Model1_EQC_CH3,Step13_Model1_EQA_CH2,Step14_Model2_EQC_CH4,Step15_Model1_EQC_CH3,Step16_Model2_EQA_CH2,Step17_Model1_EQA_CH1,Step18_Model3_EQA_CH2,Step19_Model2_EQC_CH1,Step20_Model2_EQB_CH3,Step21_Model2_EQB_CH1,Step22_Model2_EQA_CH2,Step23_Model2_EQC_CH2,Step24_Model2_EQA_CH4,Step25_Model2_EQC_CH4,Step26_Model2_EQA_CH4,Step27_Model2_EQC_CH2,Step28_Model3_EQB_CH2,Step29_Model1_EQB_CH3,Step30_Model1_EQB_CH4,,,,,,,,,,55.31870251908004,,,,55.99369104669665,,,,,,32.498932613412144,,,,,,,,,47.12170528698757,33.746956699276495,,,59.51197741241438,,48.70905965134736,,,,,,,,,,,35.90519147293592,,,,,,,,,,,,,,,,,,
T015_W10,T015,10,Step1_Model1_EQC_CH4,Step2_Model2_EQC_CH1,Step3_Model2_EQB_CH3,Step4_Model3_EQA_CH4,Step5_Model2_EQC_CH4,Step6_Model3_EQC_CH2,Step7_Model3_EQB_CH4,Step8_Model2_EQA_CH2,Step9_Model2_EQA_CH2,Step10_Model2_EQA_CH3,Step11_Model1_EQA_CH4,Step12_Model1_EQC_CH1,Step13_Model1_EQA_CH3,Step14_Model2_EQC_CH2,Step15_Model1_EQC_CH1,Step16_Model2_EQA_CH4,Step17_Model1_EQA_CH2,Step18_Model3_EQA_CH3,Step19_Model2_EQC_CH1,Step20_Model2_EQB_CH2,Step21_Model2_EQB_CH1,Step22_Model2_EQA_CH3,Step23_Model2_EQC_CH2,Step24_Model2_EQA_CH2,Step25_Model2_EQC_CH4,Step26_Model2_EQA_CH4,Step27_Model2_EQC_CH1,Step28_Model3_EQB_CH4,Step29_Model1_EQB_CH1,Step30_Model1_EQB_CH4,,37.66785315197211,,,,,,,,,,,,,41.566217673853885,65.32993298417826,,,,,42.232267907627424,,,,,,,59.229221209005836,,,,,,,46.56800366,,,,,,,,,,,,,,,,,,,,13,,,,,,,,,
T015_W11,T015,11,Step1_Model1_EQC_CH1,Step2_Model2_EQC_CH3,Step3_Model2_EQB_CH4,Step4_Model3_EQA_CH1,Step5_Model2_EQC_CH3,Step6_Model3_EQC_CH3,Step7_Model3_EQB_CH2,Step8_Model2_EQA_CH4,Step9_Model2_EQA_CH2,Step10_Model2_EQA_CH2,Step11_Model1_EQA_CH1,Step12_Model1_EQC_CH4,Step13_Model1_EQA_CH3,Step14_Model2_EQC_CH2,Step15_Model1_EQC_CH1,Step16_Model2_EQA_CH4,Step17_Model1_EQA_CH2,Step18_Model3_EQA_CH2,Step19_Model2_EQC_CH3,Step20_Model2_EQB_CH1,Step21_Model2_EQB_CH3,Step22_Model2_EQA_CH2,Step23_Model2_EQC_CH4,Step24_Model2_EQA_CH1,Step25_Model2_EQC_CH3,Step26_Model2_EQA_CH2,Step27_Model2_EQC_CH2,Step28_Model3_EQB_CH1,Step29_Model1_EQB_CH3,Step30_Model1_EQB_CH4,36.40188713,43.60347128379511,,,,,,,,,,,,,,,,,,,,39.917353708214705,,,39.402538161505234,60.44266001809025,52.13552400137405,,,,,,60.16654254,,,,,,,,,,,,,,,,,,,,,,,14,,8,,,,,,
T015_W12,T015,12,Step1_Model1_EQC_CH3,Step2_Model2_EQC_CH1,Step3_Model2_EQB_CH2,Step4_Model3_EQA_CH2,Step5_Model2_EQC_CH3,Step6_Model3_EQC_CH1,Step7_Model3_EQB_CH1,Step8_Model2_EQA_CH3,Step9_Model2_EQA_CH1,Step10_Model2_EQA_CH1,Step11_Model1_EQA_CH3,Step12_Model1_EQC_CH4,Step13_Model1_EQA_CH1,Step14_Model2_EQC_CH1,Step15_Model1_EQC_CH2,Step16_Model2_EQA_CH4,Step17_Model1_EQA_CH1,Step18_Model3_EQA_CH3,Step19_Model2_EQC_CH1,Step20_Model2_EQB_CH4,Step21_Model2_EQB_CH2,Step22_Model2_EQA_CH2,Step23_Model2_EQC_CH3,Step24_Model2_EQA_CH2,Step25_Model2_EQC_CH1,Step26_Model2_EQA_CH4,Step27_Model2_EQC_CH4,Step28_Model3_EQB_CH2,Step29_Model1_EQB_CH2,Step30_Model1_EQB_CH2,,,,,,,49.52765491588226,,,,,,42.44146167,,,,,,59.99581499351457,,,,,47.06456297898573,,,48.967902487388855,,,,39.23994874857046,,,,,,,48.124039862254094,,,,50.56147145530318,,,,,58.40226184628681,,,,,,,,,,,,,,,,,
T015_W13,T015,13,Step1_Model1_EQC_CH3,Step2_Model2_EQC_CH1,Step3_Model2_EQB_CH3,Step4_Model3_EQA_CH1,Step5_Model2_EQC_CH3,Step6_Model3_EQC_CH3,Step7_Model3_EQB_CH4,Step8_Model2_EQA_CH3,Step9_Model2_EQA_CH1,Step10_Model2_EQA_CH3,Step11_Model1_EQA_CH1,Step12_Model1_EQC_CH3,Step13_Model1_EQA_CH4,Step14_Model2_EQC_CH3,Step15_Model1_EQC_CH4,Step16_Model2_EQA_CH1,Step17_Model1_EQA_CH4,Step18_Model3_EQA_CH2,Step19_Model2_EQC_CH2,Step20_Model2_EQB_CH1,Step21_Model2_EQB_CH3,Step22_Model2_EQA_CH2,Step23_Model2_EQC_CH4,Step24_Model2_EQA_CH1,Step25_Model2_EQC_CH2,Step26_Model2_EQA_CH3,Step27_Model2_EQC_CH4,Step28_Model3_EQB_CH1,Step29_Model1_EQB_CH4,Step30_Model1_EQB_CH2,,37.87293736983395,,,,72.77855971055003,,,,58.13228896442333,35.45409448241046,38.54615794470409,,,,61.67382765822295,,,61.98357711,,,,,,,,,,,,,,59.73538851896009,,,,,,36.66490206010675,,46.07830898498873,,,,,,,,,,,,,,,,,,,,,,,
T015_W14,T015,14,Step1_Model1_EQC_CH4,Step2_Model2_EQC_CH4,Step3_Model2_EQB_CH3,Step4_Model3_EQA_CH2,Step5_Model2_EQC_CH3,Step6_Model3_EQC_CH1,Step7_Model3_EQB_CH1,Step8_Model2_EQA_CH2,Step9_Model2_EQA_CH2,Step10_Model2_EQA_CH2,Step11_Model1_EQA_CH2,Step12_Model1_EQC_CH1,Step13_Model1_EQA_CH2,Step14_Model2_EQC_CH4,Step15_Model1_EQC_CH2,Step16_Model2_EQA_CH4,Step17_Model1_EQA_CH1,Step18_Model3_EQA_CH4,Step19_Model2_EQC_CH1,Step20_Model2_EQB_CH4,Step21_Model2_EQB_CH2,Step22_Model2_EQA_CH1,Step23_Model2_EQC_CH1,Step24_Model2_EQA_CH4,Step25_Model2_EQC_CH1,Step26_Model2_EQA_CH2,Step27_Model2_EQC_CH4,Step28_Model3_EQB_CH3,Step29_Model1_EQB_CH2,Step30_Model1_EQB_CH2,,,,,,,,,,,,,46.45975988406359,,,,,36.89509361173021,,36.63015056542321,,,,,49.98234019,,,,,,,,,,,,,,,,,,,,,,,,5,,,,,,,,,12,,,,,,
T015_W15,T015,15,Step1_Model1_EQC_CH4,Step2_Model2_EQC_CH2,Step3_Model2_EQB_CH3,Step4_Model3_EQA_CH4,Step5_Model2_EQC_CH1,Step6_Model3_EQC_CH1,Step7_Model3_EQB_CH4,Step8_Model2_EQA_CH3,Step9_Model2_EQA_CH4,Step10_Model2_EQA_CH4,Step11_Model1_EQA_CH2,Step12_Model1_EQC_CH3,Step13_Model1_EQA_CH4,Step14_Model2_EQC_CH4,Step15_Model1_EQC_CH2,Step16_Model2_EQA_CH4,Step17_Model1_EQA_CH3,Step18_Model3_EQA_CH1,Step19_Model2_EQC_CH3,Step20_Model2_EQB_CH3,Step21_Model2_EQB_CH3,Step22_Model2_EQA_CH3,Step23_Model2_EQC_CH2,Step24_Model2_EQA_CH3,Step25_Model2_EQC_CH3,Step26_Model2_EQA_CH2,Step27_Model2_EQC_CH3,Step28_Model3_EQB_CH4,Step29_Model1_EQB_CH2,Step30_Model1_EQB_CH3,,,,,61.90826269302972,,,,,,,,,,,,48.71795458930674,,,,,,,,,,,,,39.133285856926605,49.81579005209968,44.88350063443832,,,,,,,47.97623205327355,,,,,,56.963936187217904,36.29297155227691,,,,,,,,,,,,,,,,,,
T015_W16,T015,16,Step1_Model1_EQC_CH2,Step2_Model2_EQC_CH2,Step3_Model2_EQB_CH2,Step4_Model3_EQA_CH3,Step5_Model2_EQC_CH4,Step6_Model3_EQC_CH3,Step7_Model3_EQB_CH4,Step8_Model2_EQA_CH3,Step9_Model2_EQA_CH3,Step10_Model2_EQA_CH4,Step11_Model1_EQA_CH2,Step12_Model1_EQC_CH2,Step13_Model1_EQA_CH3,Step14_Model2_EQC_CH2,Step15_Model1_EQC_CH2,Step16_Model2_EQA_CH1,Step17_Model1_EQA_CH2,Step18_Model3_EQA_CH4,Step19_Model2_EQC_CH3,Step20_Model2_EQB_CH2,Step21_Model2_EQB_CH2,Step22_Model2_EQA_CH2,Step23_Model2_EQC_CH3,Step24_Model2_EQA_CH4,Step25_Model2_EQC_CH1,Step26_Model2_EQA_CH1,Step27_Model2_EQC_CH2,Step28_Model3_EQB_CH2,Step29_Model1_EQB_CH3,Step30_Model1_EQB_CH3,,,,,,,,39.437801934845595,,50.59863379719249,40.45154167625405,,,60.00294171462683,,63.66715508961598,,,,,,,70.43123712842919,,,,,,,,,,,,,61.76418118,,46.58847876285109,,,,,,,,,,47.95623529619917,,,,,,,,,,,,,,,,
T015_W17,T015,17,Step1_Model1_EQC_CH2,Step2_Model2_EQC_CH3,Step3_Model2_EQB_CH3,Step4_Model3_EQA_CH2,Step5_Model2_EQC_CH2,Step6_Model3_EQC_CH4,Step7_Model3_EQB_CH3,Step8_Model2_EQA_CH3,Step9_Model2_EQA_CH3,Step10_Model2_EQA_CH2,Step11_Model1_EQA_CH3,Step12_Model1_EQC_CH1,Step13_Model1_EQA_CH2,Step14_Model2_EQC_CH2,Step15_Model1_EQC_CH4,Step16_Model2_EQA_CH1,Step17_Model1_EQA_CH1,Step18_Model3_EQA_CH4,Step19_Model2_EQC_CH2,Step20_Model2_EQB_CH3,Step21_Model2_EQB_CH1,Step22_Model2_EQA_CH2,Step23_Model2_EQC_CH3,Step24_Model2_EQA_CH4,Step25_Model2_EQC_CH1,Step26_Model2_EQA_CH3,Step27_Model2_EQC_CH1,Step28_Model3_EQB_CH4,Step29_Model1_EQB_CH1,Step30_Model1_EQB_CH3,,,,,,,,,,,34.11592046466823,45.87946540786443,,,,,,,,36.738536238536284,,,,,,,,,49.708969495724105,,,,,,,,51.90315826208529,,,43.73876151837391,,,,,,36.803371610846405,,,,,,,,10,,,7,,,,,,,
T015_W18,T015,18,Step1_Model1_EQC_CH2,Step2_Model2_EQC_CH3,Step3_Model2_EQB_CH1,Step4_Model3_EQA_CH2,Step5_Model2_EQC_CH4,Step6_Model3_EQC_CH3,Step7_Model3_EQB_CH2,Step8_Model2_EQA_CH3,Step9_Model2_EQA_CH3,Step10_Model2_EQA_CH4,Step11_Model1_EQA_CH4,Step12_Model1_EQC_CH3,Step13_Model1_EQA_CH3,Step14_Model2_EQC_CH3,Step15_Model1_EQC_CH4,Step16_Model2_EQA_CH3,Step17_Model1_EQA_CH2,Step18_Model3_EQA_CH4,Step19_Model2_EQC_CH1,Step20_Model2_EQB_CH1,Step21_Model2_EQB_CH3,Step22_Model2_EQA_CH4,Step23_Model2_EQC_CH3,Step24_Model2_EQA_CH3,Step25_Model2_EQC_CH1,Step26_Model2_EQA_CH3,Step27_Model2_EQC_CH4,Step28_Model3_EQB_CH4,Step29_Model1_EQB_CH2,Step30_Model1_EQB_CH4,,,41.75273339804605,43.71629042,,,,,,,,,,56.05671918596931,36.99088444653518,,49.18863874046983,,,,31.685270071213886,,61.55231824679558,40.99823147255228,,,,,,,,,,,,,,,,,,,58.93397915419264,36.81473221811063,,,,45.58415753,,,,9,,,,,,,,,,,,
T015_W19,T015,19,Step1_Model1_EQC_CH2,Step2_Model2_EQC_CH4,Step3_Model2_EQB_CH4,Step4_Model3_EQA_CH2,Step5_Model2_EQC_CH4,Step6_Model3_EQC_CH4,Step7_Model3_EQB_CH2,Step8_Model2_EQA_CH4,Step9_Model2_EQA_CH3,Step10_Model2_EQA_CH1,Step11_Model1_EQA_CH4,Step12_Model1_EQC_CH2,Step13_Model1_EQA_CH2,Step14_Model2_EQC_CH2,Step15_Model1_EQC_CH2,Step16_Model2_EQA_CH3,Step17_Model1_EQA_CH3,Step18_Model3_EQA_CH3,Step19_Model2_EQC_CH3,Step20_Model2_EQB_CH2,Step21_Model2_EQB_CH4,Step22_Model2_EQA_CH4,Step23_Model2_EQC_CH1,Step24_Model2_EQA_CH4,Step25_Model2_EQC_CH4,Step26_Model2_EQA_CH4,Step27_Model2_EQC_CH3,Step28_Model3_EQB_CH1,Step29_Model1_EQB_CH1,Step30_Model1_EQB_CH3,,,,,,,,42.645794856522905,,,,,,,,,,,,,45.39454740948069,,,,,,60.22793460535259,65.74371940521253,48.54881699362215,,48.386769127082786,,,,,,,,,37.05050514,44.99558668201682,,,47.22360881260452,50.41241360020384,36.93069997647308,,,,,,,,,,,,,,,,,,
T015_W20,T015,20,Step1_Model1_EQC_CH1,Step2_Model2_EQC_CH1,Step3_Model2_EQB_CH4,Step4_Model3_EQA_CH2,Step5_Model2_EQC_CH2,Step6_Model3_EQC_CH2,Step7_Model3_EQB_CH2,Step8_Model2_EQA_CH3,Step9_Model2_EQA_CH3,Step10_Model2_EQA_CH4,Step11_Model1_EQA_CH2,Step12_Model1_EQC_CH4,Step13_Model1_EQA_CH3,Step14_Model2_EQC_CH4,Step15_Model1_EQC_CH2,Step16_Model2_EQA_CH2,Step17_Model1_EQA_CH4,Step18_Model3_EQA_CH1,Step19_Model2_EQC_CH4,Step20_Model2_EQB_CH3,Step21_Model2_EQB_CH4,Step22_Model2_EQA_CH1,Step23_Model2_EQC_CH4,Step24_Model2_EQA_CH4,Step25_Model2_EQC_CH2,Step26_Model2_EQA_CH2,Step27_Model2_EQC_CH1,Step28_Model3_EQB_CH4,Step29_Model1_EQB_CH3,Step30_Model1_EQB_CH3,,,,,,,,,50.25828050390798,54.07530901569562,,,,,,,,37.77369557981566,,,,,,,,,50.68611010968435,,,,,,,,,,,,,,,,,,43.81312637711226,,66.12002796047152,,,,,,11,,,,,,,,,,,
T015_W21,T015,21,Step1_Model1_EQC_CH3,Step2_Model2_EQC_CH4,Step3_Model2_EQB_CH4,Step4_Model3_EQA_CH3,Step5_Model2_EQC_CH2,Step6_Model3_EQC_CH2,Step7_Model3_EQB_CH3,Step8_Model2_EQA_CH3,Step9_Model2_EQA_CH3,Step10_Model2_EQA_CH1,Step11_Model1_EQA_CH3,Step12_Model1_EQC_CH4,Step13_Model1_EQA_CH1,Step14_Model2_EQC_CH4,Step15_Model1_EQC_CH1,Step16_Model2_EQA_CH1,Step17_Model1_EQA_CH1,Step18_Model3_EQA_CH4,Step19_Model2_EQC_CH3,Step20_Model2_EQB_CH1,Step21_Model2_EQB_CH4,Step22_Model2_EQA_CH1,Step23_Model2_EQC_CH4,Step24_Model2_EQA_CH1,Step25_Model2_EQC_CH2,Step26_Model2_EQA_CH2,Step27_Model2_EQC_CH1,Step28_Model3_EQB_CH2,Step29_Model1_EQB_CH3,Step30_Model1_EQB_CH4,,,,,,,,,56.35525077667788,55.25557687174693,40.53038636342871,,46.02373963273238,,,,,,,,,,,,,,,,,,,,,,,51.46818127834522,56.41702708145406,,,,,,,,,,,,,,,,,,,,,,,,,,,
T015_W22,T015,22,Step1_Model1_EQC_CH3,Step2_Model2_EQC_CH4,Step3_Model2_EQB_CH2,Step4_Model3_EQA_CH1,Step5_Model2_EQC_CH4,Step6_Model3_EQC_CH2,Step7_Model3_EQB_CH4,Step8_Model2_EQA_CH2,Step9_Model2_EQA_CH1,Step10_Model2_EQA_CH1,Step11_Model1_EQA_CH4,Step12_Model1_EQC_CH1,Step13_Model1_EQA_CH2,Step14_Model2_EQC_CH1,Step15_Model1_EQC_CH1,Step16_Model2_EQA_CH1,Step17_Model1_EQA_CH3,Step18_Model3_EQA_CH2,Step19_Model2_EQC_CH1,Step20_Model2_EQB_CH1,Step21_Model2_EQB_CH2,Step22_Model2_EQA_CH1,Step23_Model2_EQC_CH4,Step24_Model2_EQA_CH2,Step25_Model2_EQC_CH3,Step26_Model2_EQA_CH1,Step27_Model2_EQC_CH4,Step28_Model3_EQB_CH1,Step29_Model1_EQB_CH1,Step30_Model1_EQB_CH3,39.07428155329527,,,,,,,36.12536836957949,,,,,,53.899471926508504,,,,,,,,,,,,,,,,,39.830745651228575,,,,,,,,,,,,,,,,,,,,,,,,,,,,,,,,,
T015_W23,T015,23,Step1_Model1_EQC_CH4,Step2_Model2_EQC_CH1,Step3_Model2_EQB_CH3,Step4_Model3_EQA_CH4,Step5_Model2_EQC_CH3,Step6_Model3_EQC_CH2,Step7_Model3_EQB_CH3,Step8_Model2_EQA_CH2,Step9_Model2_EQA_CH1,Step10_Model2_EQA_CH1,Step11_Model1_EQA_CH2,Step12_Model1_EQC_CH4,Step13_Model1_EQA_CH2,Step14_Model2_EQC_CH1,Step15_Model1_EQC_CH2,Step16_Model2_EQA_CH3,Step17_Model1_EQA_CH3,Step18_Model3_EQA_CH1,Step19_Model2_EQC_CH3,Step20_Model2_EQB_CH3,Step21_Model2_EQB_CH4,Step22_Model2_EQA_CH1,Step23_Model2_EQC_CH4,Step24_Model2_EQA_CH3,Step25_Model2_EQC_CH3,Step26_Model2_EQA_CH3,Step27_Model2_EQC_CH2,Step28_Model3_EQB_CH4,Step29_Model1_EQB_CH3,Step30_Model1_EQB_CH1,,,,,,58.859094462787034,42.975043274939324,,,,,,48.87816387,,,,50.975048763446146,,,,,35.27274788148882,,,45.462765230623546,,,,,,,54.723304392429455,,,,,60.52817955972647,,44.72531183730589,,,,,,,,,,,,,,,,,,,,,,,,,
T015_W24,T015,24,Step1_Model1_EQC_CH1,Step2_Model2_EQC_CH4,Step3_Model2_EQB_CH1,Step4_Model3_EQA_CH4,Step5_Model2_EQC_CH1,Step6_Model3_EQC_CH3,Step7_Model3_EQB_CH4,Step8_Model2_EQA_CH4,Step9_Model2_EQA_CH2,Step10_Model2_EQA_CH1,Step11_Model1_EQA_CH4,Step12_Model1_EQC_CH4,Step13_Model1_EQA_CH2,Step14_Model2_EQC_CH1,Step15_Model1_EQC_CH4,Step16_Model2_EQA_CH2,Step17_Model1_EQA_CH3,Step18_Model3_EQA_CH2,Step19_Model2_EQC_CH3,Step20_Model2_EQB_CH3,Step21_Model2_EQB_CH3,Step22_Model2_EQA_CH3,Step23_Model2_EQC_CH4,Step24_Model2_EQA_CH3,Step25_Model2_EQC_CH1,Step26_Model2_EQA_CH3,Step27_Model2_EQC_CH2,Step28_Model3_EQB_CH2,Step29_Model1_EQB_CH2,Step30_Model1_EQB_CH2,,,37.904681349388454,,63.43021867777492,,48.862477399732754,,,,41.50663634808978,,51.22026468676835,,,,,,,30.776274990713922,,,,,43.53099873793054,,,,,,,,,,,,,,,44.02225694237962,,,,,48.41677531506589,,,48.19512876705719,,,,,,,,,,,,,,,,
T015_W25,T015,25,Step1_Model1_EQC_CH1,Step2_Model2_EQC_CH2,Step3_Model2_EQB_CH3,Step4_Model3_EQA_CH3,Step5_Model2_EQC_CH3,Step6_Model3_EQC_CH4,Step7_Model3_EQB_CH2,Step8_Model2_EQA_CH2,Step9_Model2_EQA_CH2,Step10_Model2_EQA_CH4,Step11_Model1_EQA_CH3,Step12_Model1_EQC_CH4,Step13_Model1_EQA_CH3,Step14_Model2_EQC_CH4,Step15_Model1_EQC_CH4,Step16_Model2_EQA_CH3,Step17_Model1_EQA_CH4,Step18_Model3_EQA_CH4,Step19_Model2_EQC_CH4,Step20_Model2_EQB_CH2,Step21_Model2_EQB_CH3,Step22_Model2_EQA_CH3,Step23_Model2_EQC_CH1,Step24_Model2_EQA_CH1,Step25_Model2_EQC_CH1,Step26_Model2_EQA_CH4,Step27_Model2_EQC_CH2,Step28_Model3_EQB_CH1,Step29_Model1_EQB_CH4,Step30_Model1_EQB_CH3,,,,,,53.84861085370572,41.62926493,,,,37.08511113237531,,,,,,,37.67120704211229,,,,,,,,,53.827757228262435,63.831073798197366,,38.404899901661096,,,56.078390996258825,,,,60.50844062961467,41.13738206056661,,37.290855047714444,,50.37836368403809,55.58116983352286,,,,,44.632249218745095,,,,,,,,,,,,,,,,
T016_W01,T016,1,Step1_Model2_EQA_CH3,Step2_Model1_EQC_CH1,Step3_Model2_EQB_CH4,Step4_Model3_EQA_CH2,Step5_Model2_EQC_CH3,Step6_Model1_EQC_CH4,Step7_Model3_EQA_CH4,Step8_Model2_EQC_CH3,Step9_Model1_EQC_CH1,Step10_Model1_EQC_CH3,Step11_Model3_EQA_CH2,Step12_Model3_EQC_CH3,Step13_Model3_EQC_CH3,Step14_Model3_EQB_CH2,Step15_Model2_EQA_CH4,Step16_Model3_EQC_CH4,Step17_Model2_EQC_CH3,Step18_Model1_EQA_CH2,Step19_Model1_EQC_CH3,Step20_Model3_EQC_CH1,Step21_Model3_EQB_CH3,Step22_Model3_EQA_CH2,Step23_Model2_EQC_CH4,Step24_Model3_EQB_CH4,Step25_Model1_EQB_CH1,Step26_Model2_EQA_CH4,Step27_Model3_EQB_CH4,Step28_Model3_EQB_CH1,Step29_Model3_EQA_CH2,Step30_Model2_EQA_CH1,,,,,,,,,,,34.79362385356356,,,,,62.71362661181785,,,,,,40.64281064,,,,,,,,,,,,60.27532081933215,,,,,,,,,,,49.57559007185728,35.663289185021306,56.72293625203453,,,,,,,,,,,,,,,,,
T016_W02,T016,2,Step1_Model2_EQA_CH4,Step2_Model1_EQC_CH3,Step3_Model2_EQB_CH3,Step4_Model3_EQA_CH2,Step5_Model2_EQC_CH1,Step6_Model1_EQC_CH4,Step7_Model3_EQA_CH3,Step8_Model2_EQC_CH4,Step9_Model1_EQC_CH1,Step10_Model1_EQC_CH4,Step11_Model3_EQA_CH4,Step12_Model3_EQC_CH2,Step13_Model3_EQC_CH4,Step14_Model3_EQB_CH2,Step15_Model2_EQA_CH3,Step16_Model3_EQC_CH3,Step17_Model2_EQC_CH2,Step18_Model1_EQA_CH1,Step19_Model1_EQC_CH2,Step20_Model3_EQC_CH1,Step21_Model3_EQB_CH4,Step22_Model3_EQA_CH2,Step23_Model2_EQC_CH2,Step24_Model3_EQB_CH4,Step25_Model1_EQB_CH1,Step26_Model2_EQA_CH3,Step27_Model3_EQB_CH2,Step28_Model3_EQB_CH2,Step29_Model3_EQA_CH1,Step30_Model2_EQA_CH3,,,,,,,,,,,,,,71.32223233492506,,,37.49294904,,,,34.89771287276028,,,43.36675159086649,,,,,,,,50.43237605309764,,,,,57.97374177007817,,,,48.181871580397136,59.41083296605644,,,,,,,,,,,,,8,,,,,,,,,
T016_W03,T016,3,Step1_Model2_EQA_CH3,Step2_Model1_EQC_CH1,Step3_Model2_EQB_CH1,Step4_Model3_EQA_CH3,Step5_Model2_EQC_CH1,Step6_Model1_EQC_CH1,Step7_Model3_EQA_CH4,Step8_Model2_EQC_CH1,Step9_Model1_EQC_CH3,Step10_Model1_EQC_CH2,Step11_Model3_EQA_CH3,Step12_Model3_EQC_CH4,Step13_Model3_EQC_CH2,Step14_Model3_EQB_CH3,Step15_Model2_EQA_CH3,Step16_Model3_EQC_CH3,Step17_Model2_EQC_CH3,Step18_Model1_EQA_CH1,Step19_Model1_EQC_CH1,Step20_Model3_EQC_CH3,Step21_Model3_EQB_CH3,Step22_Model3_EQA_CH3,Step23_Model2_EQC_CH1,Step24_Model3_EQB_CH4,Step25_Model1_EQB_CH2,Step26_Model2_EQA_CH2,Step27_Model3_EQB_CH3,Step28_Model3_EQB_CH2,Step29_Model3_EQA_CH4,Step30_Model2_EQA_CH2,,,,44.17350116211669,,,,,56.07289999525474,,32.796202174281404,,,,35.90621017253992,,,41.098761117956975,56.830634665455904,,,38.43061909566384,,,43.11532148,,,,,30.08116198283632,,,,,,,47.71858937080451,,,,,,63.26897248056952,,,,,,,,,,,,13,,,,,,,,,
T016_W04,T016,4,Step1_Model2_EQA_CH3,Step2_Model1_EQC_CH2,Step3_Model2_EQB_CH4,Step4_Model3_EQA_CH2,Step5_Model2_EQC_CH4,Step6_Model1_EQC_CH4,Step7_Model3_EQA_CH2,Step8_Model2_EQC_CH3,Step9_Model1_EQC_CH4,Step10_Model1_EQC_CH1,Step11_Model3_EQA_CH3,Step12_Model3_EQC_CH2,Step13_Model3_EQC_CH4,Step14_Model3_EQB_CH3,Step15_Model2_EQA_CH4,Step16_Model3_EQC_CH2,Step17_Model2_EQC_CH1,Step18_Model1_EQA_CH4,Step19_Model1_EQC_CH4,Step20_Model3_EQC_CH4,Step21_Model3_EQB_CH4,Step22_Model3_EQA_CH4,Step23_Model2_EQC_CH3,Step24_Model3_EQB_CH1,Step25_Model1_EQB_CH2,Step26_Model2_EQA_CH2,Step27_Model3_EQB_CH4,Step28_Model3_EQB_CH4,Step29_Model3_EQA_CH3,Step30_Model2_EQA_CH3,,,36.87941164675074,,,65.05861416554038,,,,,38.25847529224154,,,60.07777394069814,38.65780689184724,,,,55.45587239360534,,,,62.12566453671579,,,,,58.29192225214589,,,,,57.29974780322256,,,,,35.42829998199787,,,,,55.24255798233528,,,,,,,,,,,,,,,,,,,,,
T016_W05,T016,5,Step1_Model2_EQA_CH1,Step2_Model1_EQC_CH2,Step3_Model2_EQB_CH3,Step4_Model3_EQA_CH4,Step5_Model2_EQC_CH2,Step6_Model1_EQC_CH4,Step7_Model3_EQA_CH4,Step8_Model2_EQC_CH1,Step9_Model1_EQC_CH1,Step10_Model1_EQC_CH2,Step11_Model3_EQA_CH4,Step12_Model3_EQC_CH4,Step13_Model3_EQC_CH2,Step14_Model3_EQB_CH4,Step15_Model2_EQA_CH1,Step16_Model3_EQC_CH4,Step17_Model2_EQC_CH4,Step18_Model1_EQA_CH3,Step19_Model1_EQC_CH1,Step20_Model3_EQC_CH4,Step21_Model3_EQB_CH3,Step22_Model3_EQA_CH4,Step23_Model2_EQC_CH3,Step24_Model3_EQB_CH2,Step25_Model1_EQB_CH3,Step26_Model2_EQA_CH2,Step27_Model3_EQB_CH1,Step28_Model3_EQB_CH2,Step29_Model3_EQA_CH3,Step30_Model2_EQA_CH2,,29.17372732297404,,,62.70480184811335,,,,54.71774447074458,,,,,61.40708656384658,,,,,,,,,,,,,,,,37.63830825120298,,,54.03905546522607,,,,,,,,,,,,,,,,,,,,,,,,,,,,,,,
T016_W06,T016,6,Step1_Model2_EQA_CH2,Step2_Model1_EQC_CH2,Step3_Model2_EQB_CH1,Step4_Model3_EQA_CH3,Step5_Model2_EQC_CH4,Step6_Model1_EQC_CH3,Step7_Model3_EQA_CH3,Step8_Model2_EQC_CH2,Step9_Model1_EQC_CH1,Step10_Model1_EQC_CH4,Step11_Model3_EQA_CH4,Step12_Model3_EQC_CH3,Step13_Model3_EQC_CH3,Step14_Model3_EQB_CH1,Step15_Model2_EQA_CH4,Step16_Model3_EQC_CH4,Step17_Model2_EQC_CH2,Step18_Model1_EQA_CH4,Step19_Model1_EQC_CH1,Step20_Model3_EQC_CH1,Step21_Model3_EQB_CH1,Step22_Model3_EQA_CH2,Step23_Model2_EQC_CH3,Step24_Model3_EQB_CH3,Step25_Model1_EQB_CH3,Step26_Model2_EQA_CH4,Step27_Model3_EQB_CH1,Step28_Model3_EQB_CH4,Step29_Model3_EQA_CH3,Step30_Model2_EQA_CH3,,,,,,63.85886898180852,,35.58849597628006,,,,,41.38152268743912,,,,,,58.32045681765568,,,31.293406288938936,,,,,,58.946265083768225,,,,,,,,,,,,,,,,,,,,,,,,,,,,,,,,,,,,
T016_W07,T016,7,Step1_Model2_EQA_CH1,Step2_Model1_EQC_CH4,Step3_Model2_EQB_CH4,Step4_Model3_EQA_CH2,Step5_Model2_EQC_CH1,Step6_Model1_EQC_CH2,Step7_Model3_EQA_CH3,Step8_Model2_EQC_CH1,Step9_Model1_EQC_CH4,Step10_Model1_EQC_CH4,Step11_Model3_EQA_CH2,Step12_Model3_EQC_CH4,Step13_Model3_EQC_CH1,Step14_Model3_EQB_CH1,Step15_Model2_EQA_CH2,Step16_Model3_EQC_CH4,Step17_Model2_EQC_CH4,Step18_Model1_EQA_CH2,Step19_Model1_EQC_CH4,Step20_Model3_EQC_CH3,Step21_Model3_EQB_CH4,Step22_Model3_EQA_CH1,Step23_Model2_EQC_CH2,Step24_Model3_EQB_CH3,Step25_Model1_EQB_CH2,Step26_Model2_EQA_CH4,Step27_Model3_EQB_CH1,Step28_Model3_EQB_CH1,Step29_Model3_EQA_CH3,Step30_Model2_EQA_CH2,,,,,,,,42.79568361146408,,,26.708100592801888,,,,,,,,,,,,,,,,39.38990148382344,,55.09745330577734,,41.69647743869389,,60.093263773070326,,,,,,,,,,,,,42.17198234089485,,,,,,,,12,,,,,,,,,,
T016_W08,T016,8,Step1_Model2_EQA_CH4,Step2_Model1_EQC_CH1,Step3_Model2_EQB_CH3,Step4_Model3_EQA_CH3,Step5_Model2_EQC_CH4,Step6_Model1_EQC_CH4,Step7_Model3_EQA_CH1,Step8_Model2_EQC_CH3,Step9_Model1_EQC_CH1,Step10_Model1_EQC_CH3,Step11_Model3_EQA_CH4,Step12_Model3_EQC_CH1,Step13_Model3_EQC_CH2,Step14_Model3_EQB_CH4,Step15_Model2_EQA_CH4,Step16_Model3_EQC_CH1,Step17_Model2_EQC_CH2,Step18_Model1_EQA_CH2,Step19_Model1_EQC_CH4,Step20_Model3_EQC_CH2,Step21_Model3_EQB_CH4,Step22_Model3_EQA_CH2,Step23_Model2_EQC_CH2,Step24_Model3_EQB_CH3,Step25_Model1_EQB_CH1,Step26_Model2_EQA_CH4,Step27_Model3_EQB_CH3,Step28_Model3_EQB_CH2,Step29_Model3_EQA_CH1,Step30_Model2_EQA_CH3,,,,,,,,,,,,45.54084087876338,,64.71309649841821,37.582295278467726,,,,,,,,,,,,,,,42.83660908332652,,45.44413688708315,,,,53.29553994526752,52.21007737233814,,,,,,,35.73443132478548,51.05824982738645,,57.297518417479495,46.34003393455904,7,7,,,,,,,,,,,,,,
T016_W09,T016,9,Step1_Model2_EQA_CH3,Step2_Model1_EQC_CH2,Step3_Model2_EQB_CH1,Step4_Model3_EQA_CH4,Step5_Model2_EQC_CH4,Step6_Model1_EQC_CH4,Step7_Model3_EQA_CH4,Step8_Model2_EQC_CH1,Step9_Model1_EQC_CH2,Step10_Model1_EQC_CH2,Step11_Model3_EQA_CH4,Step12_Model3_EQC_CH4,Step13_Model3_EQC_CH1,Step14_Model3_EQB_CH1,Step15_Model2_EQA_CH1,Step16_Model3_EQC_CH1,Step17_Model2_EQC_CH4,Step18_Model1_EQA_CH1,Step19_Model1_EQC_CH1,Step20_Model3_EQC_CH2,Step21_Model3_EQB_CH2,Step22_Model3_EQA_CH1,Step23_Model2_EQC_CH3,Step24_Model3_EQB_CH3,Step25_Model1_EQB_CH4,Step26_Model2_EQA_CH4,Step27_Model3_EQB_CH2,Step28_Model3_EQB_CH1,Step29_Model3_EQA_CH3,Step30_Model2_EQA_CH4,38.146475754889984,,,,,,,,,57.92994127850382,39.22829291527109,41.59308071444049,,,,,47.61749004786665,35.703417282124335,,34.12990802615234,,,66.49609754976214,,,,,,,,,,60.58642779110269,64.32084758,,,,,,,,,,,,,54.25603976294225,49.35754669583899,,,,,,,,,,,,,,,,
T016_W10,T016,10,Step1_Model2_EQA_CH4,Step2_Model1_EQC_CH4,Step3_Model2_EQB_CH1,Step4_Model3_EQA_CH2,Step5_Model2_EQC_CH2,Step6_Model1_EQC_CH2,Step7_Model3_EQA_CH1,Step8_Model2_EQC_CH3,Step9_Model1_EQC_CH2,Step10_Model1_EQC_CH1,Step11_Model3_EQA_CH1,Step12_Model3_EQC_CH3,Step13_Model3_EQC_CH1,Step14_Model3_EQB_CH4,Step15_Model2_EQA_CH1,Step16_Model3_EQC_CH1,Step17_Model2_EQC_CH3,Step18_Model1_EQA_CH2,Step19_Model1_EQC_CH4,Step20_Model3_EQC_CH1,Step21_Model3_EQB_CH4,Step22_Model3_EQA_CH1,Step23_Model2_EQC_CH2,Step24_Model3_EQB_CH3,Step25_Model1_EQB_CH4,Step26_Model2_EQA_CH3,Step27_Model3_EQB_CH3,Step28_Model3_EQB_CH2,Step29_Model3_EQA_CH1,Step30_Model2_EQA_CH4,,,,,,,,,,,,,,,,70.87252983332155,,,,,,,,,,,,,,,,,,,,,,,,,44.21457130265923,,,,,,,,,8,,,,,,,,,,,,,,
T016_W11,T016,11,Step1_Model2_EQA_CH4,Step2_Model1_EQC_CH4,Step3_Model2_EQB_CH4,Step4_Model3_EQA_CH1,Step5_Model2_EQC_CH3,Step6_Model1_EQC_CH2,Step7_Model3_EQA_CH1,Step8_Model2_EQC_CH1,Step9_Model1_EQC_CH3,Step10_Model1_EQC_CH1,Step11_Model3_EQA_CH2,Step12_Model3_EQC_CH4,Step13_Model3_EQC_CH3,Step14_Model3_EQB_CH1,Step15_Model2_EQA_CH1,Step16_Model3_EQC_CH1,Step17_Model2_EQC_CH4,Step18_Model1_EQA_CH4,Step19_Model1_EQC_CH2,Step20_Model3_EQC_CH4,Step21_Model3_EQB_CH2,Step22_Model3_EQA_CH1,Step23_Model2_EQC_CH4,Step24_Model3_EQB_CH4,Step25_Model1_EQB_CH3,Step26_Model2_EQA_CH1,Step27_Model3_EQB_CH3,Step28_Model3_EQB_CH2,Step29_Model3_EQA_CH2,Step30_Model2_EQA_CH4,,,,,,,,,,53.909850937657154,31.587924723910227,,,57.90718225704475,34.26925143203645,,,35.564021070492295,62.805500250370834,,,,,,,,,,,,,,,62.16834383334911,,,,,,,,,,,,,,,,,,,,,,,,,,,,,,
T016_W12,T016,12,Step1_Model2_EQA_CH2,Step2_Model1_EQC_CH4,Step3_Model2_EQB_CH4,Step4_Model3_EQA_CH4,Step5_Model2_EQC_CH1,Step6_Model1_EQC_CH2,Step7_Model3_EQA_CH4,Step8_Model2_EQC_CH1,Step9_Model1_EQC_CH3,Step10_Model1_EQC_CH1,Step11_Model3_EQA_CH3,Step12_Model3_EQC_CH1,Step13_Model3_EQC_CH2,Step14_Model3_EQB_CH2,Step15_Model2_EQA_CH1,Step16_Model3_EQC_CH2,Step17_Model2_EQC_CH1,Step18_Model1_EQA_CH2,Step19_Model1_EQC_CH3,Step20_Model3_EQC_CH4,Step21_Model3_EQB_CH3,Step22_Model3_EQA_CH2,Step23_Model2_EQC_CH2,Step24_Model3_EQB_CH2,Step25_Model1_EQB_CH1,Step26_Model2_EQA_CH4,Step27_Model3_EQB_CH3,Step28_Model3_EQB_CH4,Step29_Model3_EQA_CH2,Step30_Model2_EQA_CH2,,,,,,,,,,,,,,,,62.28567163582558,,,,,,,63.746023984721376,,,,,,,,,36.04614029142094,,,,,,,,,,,,,,,56.410491910339054,,,,,,,,,,,,,,,,,
T016_W13,T016,13,Step1_Model2_EQA_CH1,Step2_Model1_EQC_CH1,Step3_Model2_EQB_CH1,Step4_Model3_EQA_CH1,Step5_Model2_EQC_CH1,Step6_Model1_EQC_CH1,Step7_Model3_EQA_CH3,Step8_Model2_EQC_CH1,Step9_Model1_EQC_CH1,Step10_Model1_EQC_CH2,Step11_Model3_EQA_CH2,Step12_Model3_EQC_CH1,Step13_Model3_EQC_CH3,Step14_Model3_EQB_CH4,Step15_Model2_EQA_CH2,Step16_Model3_EQC_CH1,Step17_Model2_EQC_CH1,Step18_Model1_EQA_CH2,Step19_Model1_EQC_CH3,Step20_Model3_EQC_CH2,Step21_Model3_EQB_CH1,Step22_Model3_EQA_CH4,Step23_Model2_EQC_CH2,Step24_Model3_EQB_CH2,Step25_Model1_EQB_CH4,Step26_Model2_EQA_CH1,Step27_Model3_EQB_CH1,Step28_Model3_EQB_CH4,Step29_Model3_EQA_CH4,Step30_Model2_EQA_CH3,,,,,,,,35.72306730099826,,,,,,,,64.41697299739099,,,,,,,,,,,,,,,,46.78675476348874,,,,57.031985493121695,,,,46.400330053109414,54.39252430511236,59.814056801537475,,,,,58.15588422358451,,,,,,,,,,,,,,,,,
T016_W14,T016,14,Step1_Model2_EQA_CH3,Step2_Model1_EQC_CH1,Step3_Model2_EQB_CH4,Step4_Model3_EQA_CH4,Step5_Model2_EQC_CH3,Step6_Model1_EQC_CH1,Step7_Model3_EQA_CH1,Step8_Model2_EQC_CH3,Step9_Model1_EQC_CH4,Step10_Model1_EQC_CH3,Step11_Model3_EQA_CH3,Step12_Model3_EQC_CH4,Step13_Model3_EQC_CH1,Step14_Model3_EQB_CH2,Step15_Model2_EQA_CH2,Step16_Model3_EQC_CH3,Step17_Model2_EQC_CH3,Step18_Model1_EQA_CH1,Step19_Model1_EQC_CH3,Step20_Model3_EQC_CH3,Step21_Model3_EQB_CH1,Step22_Model3_EQA_CH2,Step23_Model2_EQC_CH1,Step24_Model3_EQB_CH1,Step25_Model1_EQB_CH4,Step26_Model2_EQA_CH3,Step27_Model3_EQB_CH2,Step28_Model3_EQB_CH4,Step29_Model3_EQA_CH4,Step30_Model2_EQA_CH4,,,,,,65.56542496137426,,,,,,,49.98013097187048,,,,48.388130639820105,,,32.32838377723334,,,,,,,54.85232524678376,,,,41.807298321302184,,,,,,,,,,,,,,53.183987225602486,32.762322903218134,,,,,,7,,,,,,,,,,,,
T016_W15,T016,15,Step1_Model2_EQA_CH4,Step2_Model1_EQC_CH3,Step3_Model2_EQB_CH3,Step4_Model3_EQA_CH1,Step5_Model2_EQC_CH4,Step6_Model1_EQC_CH4,Step7_Model3_EQA_CH2,Step8_Model2_EQC_CH4,Step9_Model1_EQC_CH2,Step10_Model1_EQC_CH2,Step11_Model3_EQA_CH1,Step12_Model3_EQC_CH1,Step13_Model3_EQC_CH4,Step14_Model3_EQB_CH3,Step15_Model2_EQA_CH4,Step16_Model3_EQC_CH2,Step17_Model2_EQC_CH3,Step18_Model1_EQA_CH2,Step19_Model1_EQC_CH2,Step20_Model3_EQC_CH1,Step21_Model3_EQB_CH3,Step22_Model3_EQA_CH4,Step23_Model2_EQC_CH3,Step24_Model3_EQB_CH4,Step25_Model1_EQB_CH2,Step26_Model2_EQA_CH1,Step27_Model3_EQB_CH3,Step28_Model3_EQB_CH3,Step29_Model3_EQA_CH3,Step30_Model2_EQA_CH2,,,,,,,,,,,,,,,,,,,,35.20552964893207,,,,,41.91220508392473,,,,,,,,,63.73983057102266,,,,41.37197198,,,,,,,,,,,,,,,,,,,,,,,,,,
T016_W16,T016,16,Step1_Model2_EQA_CH1,Step2_Model1_EQC_CH3,Step3_Model2_EQB_CH2,Step4_Model3_EQA_CH2,Step5_Model2_EQC_CH4,Step6_Model1_EQC_CH2,Step7_Model3_EQA_CH4,Step8_Model2_EQC_CH1,Step9_Model1_EQC_CH3,Step10_Model1_EQC_CH3,Step11_Model3_EQA_CH2,Step12_Model3_EQC_CH2,Step13_Model3_EQC_CH3,Step14_Model3_EQB_CH4,Step15_Model2_EQA_CH4,Step16_Model3_EQC_CH2,Step17_Model2_EQC_CH3,Step18_Model1_EQA_CH2,Step19_Model1_EQC_CH1,Step20_Model3_EQC_CH3,Step21_Model3_EQB_CH3,Step22_Model3_EQA_CH4,Step23_Model2_EQC_CH1,Step24_Model3_EQB_CH4,Step25_Model1_EQB_CH4,Step26_Model2_EQA_CH1,Step27_Model3_EQB_CH2,Step28_Model3_EQB_CH2,Step29_Model3_EQA_CH4,Step30_Model2_EQA_CH3,,,,,,,,,,,,44.02323962652199,,,,,44.89593806281589,,,,,41.01903068672068,58.981831717841175,,,52.307113144394094,48.21473025202603,,,,,,,,,,,,,,,58.86876632482745,,,53.550682232556625,,,,,,,,,,,,,,,,,,,
T016_W17,T016,17,Step1_Model2_EQA_CH4,Step2_Model1_EQC_CH2,Step3_Model2_EQB_CH1,Step4_Model3_EQA_CH4,Step5_Model2_EQC_CH4,Step6_Model1_EQC_CH4,Step7_Model3_EQA_CH2,Step8_Model2_EQC_CH2,Step9_Model1_EQC_CH4,Step10_Model1_EQC_CH2,Step11_Model3_EQA_CH3,Step12_Model3_EQC_CH1,Step13_Model3_EQC_CH4,Step14_Model3_EQB_CH3,Step15_Model2_EQA_CH3,Step16_Model3_EQC_CH1,Step17_Model2_EQC_CH4,Step18_Model1_EQA_CH4,Step19_Model1_EQC_CH1,Step20_Model3_EQC_CH1,Step21_Model3_EQB_CH1,Step22_Model3_EQA_CH4,Step23_Model2_EQC_CH1,Step24_Model3_EQB_CH3,Step25_Model1_EQB_CH2,Step26_Model2_EQA_CH1,Step27_Model3_EQB_CH3,Step28_Model3_EQB_CH4,Step29_Model3_EQA_CH1,Step30_Model2_EQA_CH4,,37.42084668203825,,,61.83411948,,,,,,,,,,,,,,,,,,,51.095100088014654,,,,,,,,,,,,56.11457926904914,,,44.30524477032396,,,54.47084608155002,,,,,55.74547874323254,,,,,,,,,,,,,,,,,
T016_W18,T016,18,Step1_Model2_EQA_CH3,Step2_Model1_EQC_CH3,Step3_Model2_EQB_CH3,Step4_Model3_EQA_CH1,Step5_Model2_EQC_CH1,Step6_Model1_EQC_CH1,Step7_Model3_EQA_CH3,Step8_Model2_EQC_CH1,Step9_Model1_EQC_CH4,Step10_Model1_EQC_CH4,Step11_Model3_EQA_CH1,Step12_Model3_EQC_CH2,Step13_Model3_EQC_CH4,Step14_Model3_EQB_CH3,Step15_Model2_EQA_CH4,Step16_Model3_EQC_CH2,Step17_Model2_EQC_CH4,Step18_Model1_EQA_CH2,Step19_Model1_EQC_CH1,Step20_Model3_EQC_CH1,Step21_Model3_EQB_CH2,Step22_Model3_EQA_CH4,Step23_Model2_EQC_CH2,Step24_Model3_EQB_CH3,Step25_Model1_EQB_CH2,Step26_Model2_EQA_CH2,Step27_Model3_EQB_CH4,Step28_Model3_EQB_CH2,Step29_Model3_EQA_CH2,Step30_Model2_EQA_CH2,44.48941846938974,,,,,58.51496633698365,,30.31318140846285,,56.35645376459502,33.433367349301136,,,58.31640652183408,,,,34.056569672148775,,35.664643726294564,34.949436175280994,,,,,,,52.33471224044218,51.85286255285614,34.56020815882261,,,,,,57.04383557538427,53.200666068685074,,,43.62049249,,,,,,,,,,,,15,,,,,,,,,,,,
T016_W19,T016,19,Step1_Model2_EQA_CH4,Step2_Model1_EQC_CH1,Step3_Model2_EQB_CH4,Step4_Model3_EQA_CH4,Step5_Model2_EQC_CH1,Step6_Model1_EQC_CH4,Step7_Model3_EQA_CH1,Step8_Model2_EQC_CH4,Step9_Model1_EQC_CH3,Step10_Model1_EQC_CH2,Step11_Model3_EQA_CH2,Step12_Model3_EQC_CH1,Step13_Model3_EQC_CH3,Step14_Model3_EQB_CH4,Step15_Model2_EQA_CH3,Step16_Model3_EQC_CH4,Step17_Model2_EQC_CH2,Step18_Model1_EQA_CH2,Step19_Model1_EQC_CH1,Step20_Model3_EQC_CH2,Step21_Model3_EQB_CH3,Step22_Model3_EQA_CH2,Step23_Model2_EQC_CH3,Step24_Model3_EQB_CH2,Step25_Model1_EQB_CH1,Step26_Model2_EQA_CH1,Step27_Model3_EQB_CH3,Step28_Model3_EQB_CH1,Step29_Model3_EQA_CH4,Step30_Model2_EQA_CH3,,,,,,62.248964849899934,42.729675399903925,,,,,,,,,,,,,,,,,,,,44.91098899659864,,50.16208174184581,,,,,,,,,44.516668677528436,,,47.421987401973574,,,,,,,,,,,,,,,,,,,,,,,
T016_W20,T016,20,Step1_Model2_EQA_CH2,Step2_Model1_EQC_CH4,Step3_Model2_EQB_CH1,Step4_Model3_EQA_CH2,Step5_Model2_EQC_CH3,Step6_Model1_EQC_CH4,Step7_Model3_EQA_CH1,Step8_Model2_EQC_CH2,Step9_Model1_EQC_CH1,Step10_Model1_EQC_CH4,Step11_Model3_EQA_CH1,Step12_Model3_EQC_CH4,Step13_Model3_EQC_CH3,Step14_Model3_EQB_CH3,Step15_Model2_EQA_CH4,Step16_Model3_EQC_CH4,Step17_Model2_EQC_CH1,Step18_Model1_EQA_CH2,Step19_Model1_EQC_CH2,Step20_Model3_EQC_CH2,Step21_Model3_EQB_CH1,Step22_Model3_EQA_CH2,Step23_Model2_EQC_CH4,Step24_Model3_EQB_CH3,Step25_Model1_EQB_CH1,Step26_Model2_EQA_CH2,Step27_Model3_EQB_CH2,Step28_Model3_EQB_CH1,Step29_Model3_EQA_CH3,Step30_Model2_EQA_CH4,,,,,59.85707325706376,,,,,,,,,,42.64795453433422,,,,,,,,,,,56.21386841085395,,,,,,,,,,,,,,,,61.09911027487911,,38.04364695779073,45.07205421915573,39.66993723346593,,,,,,,,,,,,,,,,,,
T016_W21,T016,21,Step1_Model2_EQA_CH2,Step2_Model1_EQC_CH2,Step3_Model2_EQB_CH1,Step4_Model3_EQA_CH3,Step5_Model2_EQC_CH3,Step6_Model1_EQC_CH4,Step7_Model3_EQA_CH2,Step8_Model2_EQC_CH1,Step9_Model1_EQC_CH2,Step10_Model1_EQC_CH1,Step11_Model3_EQA_CH4,Step12_Model3_EQC_CH1,Step13_Model3_EQC_CH1,Step14_Model3_EQB_CH1,Step15_Model2_EQA_CH4,Step16_Model3_EQC_CH4,Step17_Model2_EQC_CH3,Step18_Model1_EQA_CH4,Step19_Model1_EQC_CH4,Step20_Model3_EQC_CH2,Step21_Model3_EQB_CH4,Step22_Model3_EQA_CH4,Step23_Model2_EQC_CH4,Step24_Model3_EQB_CH3,Step25_Model1_EQB_CH4,Step26_Model2_EQA_CH3,Step27_Model3_EQB_CH2,Step28_Model3_EQB_CH4,Step29_Model3_EQA_CH1,Step30_Model2_EQA_CH2,,33.41024858501602,,,,,51.77442550231443,,,,,,,,,,,,54.298477510430764,,,,,,,,,56.713779717275266,,,,,,,,58.54450207460535,53.65954264689656,,,,,,,,,43.95993979955207,,,,12,,,,,,,,,,,,,,
T016_W22,T016,22,Step1_Model2_EQA_CH2,Step2_Model1_EQC_CH4,Step3_Model2_EQB_CH2,Step4_Model3_EQA_CH1,Step5_Model2_EQC_CH4,Step6_Model1_EQC_CH1,Step7_Model3_EQA_CH2,Step8_Model2_EQC_CH4,Step9_Model1_EQC_CH2,Step10_Model1_EQC_CH4,Step11_Model3_EQA_CH4,Step12_Model3_EQC_CH2,Step13_Model3_EQC_CH4,Step14_Model3_EQB_CH1,Step15_Model2_EQA_CH3,Step16_Model3_EQC_CH1,Step17_Model2_EQC_CH3,Step18_Model1_EQA_CH4,Step19_Model1_EQC_CH4,Step20_Model3_EQC_CH2,Step21_Model3_EQB_CH3,Step22_Model3_EQA_CH2,Step23_Model2_EQC_CH3,Step24_Model3_EQB_CH1,Step25_Model1_EQB_CH1,Step26_Model2_EQA_CH4,Step27_Model3_EQB_CH2,Step28_Model3_EQB_CH1,Step29_Model3_EQA_CH1,Step30_Model2_EQA_CH4,,,,,,,45.028226155540146,,,,30.178104402687282,,,,,,,,,,39.156069038050276,,,,,,,,,,,,,,,,,,,,,,,,,,,36.343606979211216,,,9,8,,,,,,,,,,,,
T016_W23,T016,23,Step1_Model2_EQA_CH4,Step2_Model1_EQC_CH3,Step3_Model2_EQB_CH2,Step4_Model3_EQA_CH2,Step5_Model2_EQC_CH4,Step6_Model1_EQC_CH2,Step7_Model3_EQA_CH1,Step8_Model2_EQC_CH1,Step9_Model1_EQC_CH2,Step10_Model1_EQC_CH3,Step11_Model3_EQA_CH4,Step12_Model3_EQC_CH2,Step13_Model3_EQC_CH4,Step14_Model3_EQB_CH3,Step15_Model2_EQA_CH1,Step16_Model3_EQC_CH4,Step17_Model2_EQC_CH1,Step18_Model1_EQA_CH3,Step19_Model1_EQC_CH4,Step20_Model3_EQC_CH3,Step21_Model3_EQB_CH1,Step22_Model3_EQA_CH1,Step23_Model2_EQC_CH4,Step24_Model3_EQB_CH2,Step25_Model1_EQB_CH3,Step26_Model2_EQA_CH2,Step27_Model3_EQB_CH1,Step28_Model3_EQB_CH3,Step29_Model3_EQA_CH3,Step30_Model2_EQA_CH2,,,37.59322442193232,,58.285304828880754,,,,,50.626511197861724,,,,,,,,,,31.900418641285693,,,62.37018605243049,,43.37679856848537,55.73413366,52.30594339200247,,,34.81944839706072,,,53.19965548506225,,,,,,,,,,,,,41.930142603672266,,,,,,,,,,,,,,,,,,
T016_W24,T016,24,Step1_Model2_EQA_CH4,Step2_Model1_EQC_CH4,Step3_Model2_EQB_CH2,Step4_Model3_EQA_CH1,Step5_Model2_EQC_CH2,Step6_Model1_EQC_CH4,Step7_Model3_EQA_CH4,Step8_Model2_EQC_CH4,Step9_Model1_EQC_CH1,Step10_Model1_EQC_CH4,Step11_Model3_EQA_CH3,Step12_Model3_EQC_CH3,Step13_Model3_EQC_CH3,Step14_Model3_EQB_CH3,Step15_Model2_EQA_CH3,Step16_Model3_EQC_CH1,Step17_Model2_EQC_CH1,Step18_Model1_EQA_CH1,Step19_Model1_EQC_CH1,Step20_Model3_EQC_CH1,Step21_Model3_EQB_CH2,Step22_Model3_EQA_CH4,Step23_Model2_EQC_CH2,Step24_Model3_EQB_CH4,Step25_Model1_EQB_CH2,Step26_Model2_EQA_CH1,Step27_Model3_EQB_CH3,Step28_Model3_EQB_CH1,Step29_Model3_EQA_CH1,Step30_Model2_EQA_CH4,44.600498956975585,,,,,,48.752791209130265,,,,32.29189082812253,,,,,65.19698776348234,,,,,,,,,,,,,,,,,,,,,,,,43.285117289443185,,,60.62599442924502,,,,,,,,,8,,,6,,,,,,,,,
T016_W25,T016,25,Step1_Model2_EQA_CH2,Step2_Model1_EQC_CH3,Step3_Model2_EQB_CH4,Step4_Model3_EQA_CH2,Step5_Model2_EQC_CH4,Step6_Model1_EQC_CH2,Step7_Model3_EQA_CH1,Step8_Model2_EQC_CH3,Step9_Model1_EQC_CH2,Step10_Model1_EQC_CH2,Step11_Model3_EQA_CH1,Step12_Model3_EQC_CH2,Step13_Model3_EQC_CH4,Step14_Model3_EQB_CH4,Step15_Model2_EQA_CH3,Step16_Model3_EQC_CH2,Step17_Model2_EQC_CH3,Step18_Model1_EQA_CH4,Step19_Model1_EQC_CH3,Step20_Model3_EQC_CH4,Step21_Model3_EQB_CH3,Step22_Model3_EQA_CH2,Step23_Model2_EQC_CH1,Step24_Model3_EQB_CH3,Step25_Model1_EQB_CH4,Step26_Model2_EQA_CH1,Step27_Model3_EQB_CH3,Step28_Model3_EQB_CH3,Step29_Model3_EQA_CH4,Step30_Model2_EQA_CH1,,,,,,,,,,,30.81953954326137,44.80949828826327,,,,,,,,,,,62.84837473183292,,,62.09046935029011,,,,,,,,,,,,,,,55.379924646311984,,,,44.99093722543114,,,,,,,,,,,,,,,,,,,
T017_W01,T017,1,Step1_Model2_EQA_CH4,Step2_Model1_EQA_CH3,Step3_Model1_EQA_CH3,Step4_Model3_EQA_CH3,Step5_Model3_EQC_CH4,Step6_Model3_EQC_CH2,Step7_Model2_EQB_CH1,Step8_Model1_EQC_CH4,Step9_Model3_EQC_CH2,Step10_Model3_EQC_CH2,Step11_Model2_EQC_CH1,Step12_Model3_EQC_CH2,Step13_Model3_EQB_CH2,Step14_Model3_EQC_CH2,Step15_Model1_EQA_CH1,Step16_Model1_EQC_CH2,Step17_Model2_EQB_CH1,Step18_Model3_EQB_CH4,Step19_Model3_EQA_CH2,Step20_Model3_EQC_CH2,Step21_Model2_EQA_CH2,Step22_Model3_EQB_CH1,Step23_Model1_EQA_CH1,Step24_Model2_EQA_CH1,Step25_Model1_EQB_CH1,Step26_Model2_EQB_CH1,Step27_Model1_EQA_CH1,Step28_Model1_EQC_CH1,Step29_Model2_EQB_CH4,Step30_Model3_EQB_CH2,,36.03107017071368,,,65.07093777035746,,,,,,,,,,,,39.771715941687376,36.733330826062094,,,,47.79578823551321,,46.68846340865661,,,,,,,,45.03090570574479,,,,,54.27337371618963,,,,,,,,,39.348311433848124,,52.51426966,,,,,,,,,,8,,,,,,
T017_W02,T017,2,Step1_Model2_EQA_CH2,Step2_Model1_EQA_CH4,Step3_Model1_EQA_CH4,Step4_Model3_EQA_CH3,Step5_Model3_EQC_CH3,Step6_Model3_EQC_CH2,Step7_Model2_EQB_CH2,Step8_Model1_EQC_CH1,Step9_Model3_EQC_CH4,Step10_Model3_EQC_CH4,Step11_Model2_EQC_CH4,Step12_Model3_EQC_CH4,Step13_Model3_EQB_CH3,Step14_Model3_EQC_CH4,Step15_Model1_EQA_CH1,Step16_Model1_EQC_CH3,Step17_Model2_EQB_CH3,Step18_Model3_EQB_CH1,Step19_Model3_EQA_CH1,Step20_Model3_EQC_CH2,Step21_Model2_EQA_CH4,Step22_Model3_EQB_CH3,Step23_Model1_EQA_CH2,Step24_Model2_EQA_CH4,Step25_Model1_EQB_CH4,Step26_Model2_EQB_CH4,Step27_Model1_EQA_CH2,Step28_Model1_EQC_CH1,Step29_Model2_EQB_CH2,Step30_Model3_EQB_CH1,,,,,,68.45335651692037,,,,,,,,,,65.63559850786268,,43.91344743790313,,,43.26460864931732,,,,40.89640494959628,,,57.68459123339263,44.13897445901436,,,,,,48.94896227039293,,,,,,54.16109895834083,,,,,,,,,,,,8,,,,,,,,,,,
T017_W03,T017,3,Step1_Model2_EQA_CH3,Step2_Model1_EQA_CH2,Step3_Model1_EQA_CH3,Step4_Model3_EQA_CH1,Step5_Model3_EQC_CH1,Step6_Model3_EQC_CH1,Step7_Model2_EQB_CH1,Step8_Model1_EQC_CH3,Step9_Model3_EQC_CH4,Step10_Model3_EQC_CH2,Step11_Model2_EQC_CH1,Step12_Model3_EQC_CH1,Step13_Model3_EQB_CH2,Step14_Model3_EQC_CH3,Step15_Model1_EQA_CH4,Step16_Model1_EQC_CH4,Step17_Model2_EQB_CH4,Step18_Model3_EQB_CH3,Step19_Model3_EQA_CH3,Step20_Model3_EQC_CH3,Step21_Model2_EQA_CH4,Step22_Model3_EQB_CH3,Step23_Model1_EQA_CH2,Step24_Model2_EQA_CH1,Step25_Model1_EQB_CH3,Step26_Model2_EQB_CH1,Step27_Model1_EQA_CH4,Step28_Model1_EQC_CH3,Step29_Model2_EQB_CH1,Step30_Model3_EQB_CH3,,,,,,,,36.70620045138743,,,,39.87458122587091,,,,,,,66.85429855,,,,,,,,,,,,41.52978002548384,,,,,,,35.817925886851725,,,,,,,,,,,,,15,,,,,,,,,,,,,
T017_W04,T017,4,Step1_Model2_EQA_CH2,Step2_Model1_EQA_CH2,Step3_Model1_EQA_CH4,Step4_Model3_EQA_CH1,Step5_Model3_EQC_CH4,Step6_Model3_EQC_CH1,Step7_Model2_EQB_CH2,Step8_Model1_EQC_CH1,Step9_Model3_EQC_CH2,Step10_Model3_EQC_CH2,Step11_Model2_EQC_CH2,Step12_Model3_EQC_CH1,Step13_Model3_EQB_CH2,Step14_Model3_EQC_CH2,Step15_Model1_EQA_CH1,Step16_Model1_EQC_CH1,Step17_Model2_EQB_CH3,Step18_Model3_EQB_CH1,Step19_Model3_EQA_CH2,Step20_Model3_EQC_CH2,Step21_Model2_EQA_CH1,Step22_Model3_EQB_CH4,Step23_Model1_EQA_CH3,Step24_Model2_EQA_CH2,Step25_Model1_EQB_CH4,Step26_Model2_EQB_CH3,Step27_Model1_EQA_CH1,Step28_Model1_EQC_CH1,Step29_Model2_EQB_CH3,Step30_Model3_EQB_CH3,41.55571330802256,,,,,,,,66.78692446,,,,,54.91439038538488,,,47.10161863,,,,,,,,,,,,,,,,,65.61715282818635,,,,34.999907235631056,,,,,,,44.96326179345006,,55.90580899983828,,,,,,,,,,,,,,,,,
T017_W05,T017,5,Step1_Model2_EQA_CH3,Step2_Model1_EQA_CH3,Step3_Model1_EQA_CH4,Step4_Model3_EQA_CH3,Step5_Model3_EQC_CH4,Step6_Model3_EQC_CH3,Step7_Model2_EQB_CH1,Step8_Model1_EQC_CH1,Step9_Model3_EQC_CH3,Step10_Model3_EQC_CH1,Step11_Model2_EQC_CH4,Step12_Model3_EQC_CH2,Step13_Model3_EQB_CH3,Step14_Model3_EQC_CH3,Step15_Model1_EQA_CH1,Step16_Model1_EQC_CH3,Step17_Model2_EQB_CH4,Step18_Model3_EQB_CH2,Step19_Model3_EQA_CH1,Step20_Model3_EQC_CH1,Step21_Model2_EQA_CH1,Step22_Model3_EQB_CH4,Step23_Model1_EQA_CH2,Step24_Model2_EQA_CH4,Step25_Model1_EQB_CH4,Step26_Model2_EQB_CH4,Step27_Model1_EQA_CH1,Step28_Model1_EQC_CH4,Step29_Model2_EQB_CH3,Step30_Model3_EQB_CH2,,,,,,,,39.22688017,,,,,,,,,,,53.79316881379421,39.35748705124984,,,,,,,,,,,,,,,,,,,,,,,,,,,,,,,,,,,,,,,,,,,,
T017_W06,T017,6,Step1_Model2_EQA_CH1,Step2_Model1_EQA_CH3,Step3_Model1_EQA_CH3,Step4_Model3_EQA_CH2,Step5_Model3_EQC_CH4,Step6_Model3_EQC_CH4,Step7_Model2_EQB_CH4,Step8_Model1_EQC_CH2,Step9_Model3_EQC_CH2,Step10_Model3_EQC_CH2,Step11_Model2_EQC_CH1,Step12_Model3_EQC_CH4,Step13_Model3_EQB_CH3,Step14_Model3_EQC_CH3,Step15_Model1_EQA_CH2,Step16_Model1_EQC_CH1,Step17_Model2_EQB_CH1,Step18_Model3_EQB_CH1,Step19_Model3_EQA_CH4,Step20_Model3_EQC_CH3,Step21_Model2_EQA_CH1,Step22_Model3_EQB_CH3,Step23_Model1_EQA_CH4,Step24_Model2_EQA_CH4,Step25_Model1_EQB_CH2,Step26_Model2_EQB_CH1,Step27_Model1_EQA_CH4,Step28_Model1_EQC_CH2,Step29_Model2_EQB_CH2,Step30_Model3_EQB_CH4,,,,42.91557550913329,51.37805846525455,,,,,58.84767732167282,,42.10467135862872,,,,,48.98307908546146,,,44.14354489663489,,,,,,,,,,,,,57.46571144787507,,,,,,43.70637884239101,43.13157821790364,48.16787096780562,,,,,,,,,,,,,,,,,,,,,,,
T017_W07,T017,7,Step1_Model2_EQA_CH2,Step2_Model1_EQA_CH4,Step3_Model1_EQA_CH3,Step4_Model3_EQA_CH3,Step5_Model3_EQC_CH1,Step6_Model3_EQC_CH2,Step7_Model2_EQB_CH2,Step8_Model1_EQC_CH4,Step9_Model3_EQC_CH2,Step10_Model3_EQC_CH2,Step11_Model2_EQC_CH1,Step12_Model3_EQC_CH4,Step13_Model3_EQB_CH1,Step14_Model3_EQC_CH1,Step15_Model1_EQA_CH4,Step16_Model1_EQC_CH4,Step17_Model2_EQB_CH4,Step18_Model3_EQB_CH4,Step19_Model3_EQA_CH3,Step20_Model3_EQC_CH3,Step21_Model2_EQA_CH3,Step22_Model3_EQB_CH4,Step23_Model1_EQA_CH4,Step24_Model2_EQA_CH2,Step25_Model1_EQB_CH3,Step26_Model2_EQB_CH2,Step27_Model1_EQA_CH2,Step28_Model1_EQC_CH4,Step29_Model2_EQB_CH1,Step30_Model3_EQB_CH3,,,,,64.73699338289727,,,,,54.12136590614124,,,,64.40894856514694,,,47.41988923129917,,,,,,,,,,,65.30735241504162,51.090844678313616,41.87232847262608,,,,,,60.17235149837125,55.90549994831994,,,,,,,,,,,,,,,,,,,,,,,,,,,
T017_W08,T017,8,Step1_Model2_EQA_CH3,Step2_Model1_EQA_CH3,Step3_Model1_EQA_CH4,Step4_Model3_EQA_CH4,Step5_Model3_EQC_CH4,Step6_Model3_EQC_CH2,Step7_Model2_EQB_CH2,Step8_Model1_EQC_CH4,Step9_Model3_EQC_CH1,Step10_Model3_EQC_CH3,Step11_Model2_EQC_CH4,Step12_Model3_EQC_CH1,Step13_Model3_EQB_CH3,Step14_Model3_EQC_CH1,Step15_Model1_EQA_CH1,Step16_Model1_EQC_CH4,Step17_Model2_EQB_CH3,Step18_Model3_EQB_CH3,Step19_Model3_EQA_CH1,Step20_Model3_EQC_CH4,Step21_Model2_EQA_CH4,Step22_Model3_EQB_CH4,Step23_Model1_EQA_CH3,Step24_Model2_EQA_CH1,Step25_Model1_EQB_CH1,Step26_Model2_EQB_CH1,Step27_Model1_EQA_CH2,Step28_Model1_EQC_CH1,Step29_Model2_EQB_CH3,Step30_Model3_EQB_CH4,,37.10820423324442,,,,,39.61501136847102,,,,,,,,,,,32.710651344872474,,,,,,,,,,61.23705961305228,,,,45.99813963766073,,54.07327680847142,,,,,,,,,59.2925485,36.36298003085191,,,,,,,,,9,,,,,,,,,,,
T017_W09,T017,9,Step1_Model2_EQA_CH3,Step2_Model1_EQA_CH4,Step3_Model1_EQA_CH2,Step4_Model3_EQA_CH4,Step5_Model3_EQC_CH2,Step6_Model3_EQC_CH1,Step7_Model2_EQB_CH2,Step8_Model1_EQC_CH3,Step9_Model3_EQC_CH4,Step10_Model3_EQC_CH1,Step11_Model2_EQC_CH2,Step12_Model3_EQC_CH1,Step13_Model3_EQB_CH1,Step14_Model3_EQC_CH2,Step15_Model1_EQA_CH2,Step16_Model1_EQC_CH1,Step17_Model2_EQB_CH3,Step18_Model3_EQB_CH1,Step19_Model3_EQA_CH4,Step20_Model3_EQC_CH1,Step21_Model2_EQA_CH2,Step22_Model3_EQB_CH3,Step23_Model1_EQA_CH3,Step24_Model2_EQA_CH2,Step25_Model1_EQB_CH3,Step26_Model2_EQB_CH3,Step27_Model1_EQA_CH3,Step28_Model1_EQC_CH1,Step29_Model2_EQB_CH2,Step30_Model3_EQB_CH1,,,42.74655778417615,51.941379578074574,,,46.26676179954207,,,,36.377215413410966,,,,,,,,,35.15606609995245,,,67.78789741371249,,,,,,,,,,62.32210965714369,,,,,,,,,55.78853308208632,,,,,,,,,,,,,,,,11,,,,,,
T017_W10,T017,10,Step1_Model2_EQA_CH3,Step2_Model1_EQA_CH4,Step3_Model1_EQA_CH1,Step4_Model3_EQA_CH1,Step5_Model3_EQC_CH3,Step6_Model3_EQC_CH3,Step7_Model2_EQB_CH4,Step8_Model1_EQC_CH2,Step9_Model3_EQC_CH1,Step10_Model3_EQC_CH1,Step11_Model2_EQC_CH2,Step12_Model3_EQC_CH4,Step13_Model3_EQB_CH1,Step14_Model3_EQC_CH4,Step15_Model1_EQA_CH3,Step16_Model1_EQC_CH3,Step17_Model2_EQB_CH2,Step18_Model3_EQB_CH4,Step19_Model3_EQA_CH4,Step20_Model3_EQC_CH2,Step21_Model2_EQA_CH2,Step22_Model3_EQB_CH3,Step23_Model1_EQA_CH1,Step24_Model2_EQA_CH2,Step25_Model1_EQB_CH2,Step26_Model2_EQB_CH2,Step27_Model1_EQA_CH4,Step28_Model1_EQC_CH2,Step29_Model2_EQB_CH4,Step30_Model3_EQB_CH1,,,,,,,,,,,,,41.886879545346744,,,,,,,,,,,,43.92281347374637,,,,,,,,,,,50.63329506764218,,,,,,,61.57561795955403,,,,,,,,,,,,,,,,,,,,,
T017_W11,T017,11,Step1_Model2_EQA_CH4,Step2_Model1_EQA_CH3,Step3_Model1_EQA_CH1,Step4_Model3_EQA_CH3,Step5_Model3_EQC_CH3,Step6_Model3_EQC_CH4,Step7_Model2_EQB_CH4,Step8_Model1_EQC_CH4,Step9_Model3_EQC_CH4,Step10_Model3_EQC_CH2,Step11_Model2_EQC_CH3,Step12_Model3_EQC_CH2,Step13_Model3_EQB_CH3,Step14_Model3_EQC_CH1,Step15_Model1_EQA_CH3,Step16_Model1_EQC_CH1,Step17_Model2_EQB_CH1,Step18_Model3_EQB_CH4,Step19_Model3_EQA_CH4,Step20_Model3_EQC_CH1,Step21_Model2_EQA_CH2,Step22_Model3_EQB_CH2,Step23_Model1_EQA_CH2,Step24_Model2_EQA_CH3,Step25_Model1_EQB_CH4,Step26_Model2_EQB_CH3,Step27_Model1_EQA_CH3,Step28_Model1_EQC_CH2,Step29_Model2_EQB_CH3,Step30_Model3_EQB_CH1,,38.07554728627416,,,,,,,,,,,,,,,,,,,,,,,,,,,,,,,51.436829413279526,,54.113723011720104,,,,39.77108184193572,,,,65.15781470583379,,,,,,,,,,,,,,,11,,,,,,
T017_W12,T017,12,Step1_Model2_EQA_CH4,Step2_Model1_EQA_CH2,Step3_Model1_EQA_CH4,Step4_Model3_EQA_CH3,Step5_Model3_EQC_CH4,Step6_Model3_EQC_CH1,Step7_Model2_EQB_CH1,Step8_Model1_EQC_CH2,Step9_Model3_EQC_CH3,Step10_Model3_EQC_CH2,Step11_Model2_EQC_CH1,Step12_Model3_EQC_CH1,Step13_Model3_EQB_CH3,Step14_Model3_EQC_CH1,Step15_Model1_EQA_CH2,Step16_Model1_EQC_CH1,Step17_Model2_EQB_CH1,Step18_Model3_EQB_CH2,Step19_Model3_EQA_CH4,Step20_Model3_EQC_CH2,Step21_Model2_EQA_CH4,Step22_Model3_EQB_CH3,Step23_Model1_EQA_CH3,Step24_Model2_EQA_CH1,Step25_Model1_EQB_CH1,Step26_Model2_EQB_CH4,Step27_Model1_EQA_CH1,Step28_Model1_EQC_CH3,Step29_Model2_EQB_CH2,Step30_Model3_EQB_CH1,,42.69154511513403,,,,60.02421242674467,,,,,30.494107818690857,,,,,,,27.640123909167997,,,,,,,37.895228327404794,57.52612463955741,,,,,,,,,,,,,,47.66806275077823,,,,,51.64485244706725,,,,,,,,,,,,10,,,,,,,
T017_W13,T017,13,Step1_Model2_EQA_CH1,Step2_Model1_EQA_CH1,Step3_Model1_EQA_CH1,Step4_Model3_EQA_CH3,Step5_Model3_EQC_CH4,Step6_Model3_EQC_CH1,Step7_Model2_EQB_CH4,Step8_Model1_EQC_CH1,Step9_Model3_EQC_CH2,Step10_Model3_EQC_CH3,Step11_Model2_EQC_CH3,Step12_Model3_EQC_CH1,Step13_Model3_EQB_CH2,Step14_Model3_EQC_CH4,Step15_Model1_EQA_CH2,Step16_Model1_EQC_CH3,Step17_Model2_EQB_CH2,Step18_Model3_EQB_CH2,Step19_Model3_EQA_CH1,Step20_Model3_EQC_CH4,Step21_Model2_EQA_CH2,Step22_Model3_EQB_CH3,Step23_Model1_EQA_CH3,Step24_Model2_EQA_CH3,Step25_Model1_EQB_CH2,Step26_Model2_EQB_CH1,Step27_Model1_EQA_CH2,Step28_Model1_EQC_CH2,Step29_Model2_EQB_CH3,Step30_Model3_EQB_CH3,,,,,62.04785643313844,,,,,,,,51.07834659189588,,,,,,,,42.82852662366535,,,,,,,,,,,,,,,,51.58272269167311,,,,,,,,,,,,,,,,,,,,,,,,,,,
T017_W14,T017,14,Step1_Model2_EQA_CH3,Step2_Model1_EQA_CH2,Step3_Model1_EQA_CH2,Step4_Model3_EQA_CH2,Step5_Model3_EQC_CH4,Step6_Model3_EQC_CH1,Step7_Model2_EQB_CH1,Step8_Model1_EQC_CH4,Step9_Model3_EQC_CH3,Step10_Model3_EQC_CH3,Step11_Model2_EQC_CH3,Step12_Model3_EQC_CH1,Step13_Model3_EQB_CH4,Step14_Model3_EQC_CH3,Step15_Model1_EQA_CH2,Step16_Model1_EQC_CH4,Step17_Model2_EQB_CH2,Step18_Model3_EQB_CH2,Step19_Model3_EQA_CH2,Step20_Model3_EQC_CH4,Step21_Model2_EQA_CH2,Step22_Model3_EQB_CH3,Step23_Model1_EQA_CH1,Step24_Model2_EQA_CH1,Step25_Model1_EQB_CH4,Step26_Model2_EQB_CH1,Step27_Model1_EQA_CH3,Step28_Model1_EQC_CH2,Step29_Model2_EQB_CH4,Step30_Model3_EQB_CH2,,,,,,,,,,,,,,,32.35709407964157,,52.29378694581411,,,,,,,50.08289212349959,,59.26469671380067,,,,,,,,,,,,,,,,,,,55.68727568113094,,,,,,,,,,,,,,,,,,,
T017_W15,T017,15,Step1_Model2_EQA_CH4,Step2_Model1_EQA_CH2,Step3_Model1_EQA_CH1,Step4_Model3_EQA_CH4,Step5_Model3_EQC_CH2,Step6_Model3_EQC_CH1,Step7_Model2_EQB_CH2,Step8_Model1_EQC_CH3,Step9_Model3_EQC_CH3,Step10_Model3_EQC_CH1,Step11_Model2_EQC_CH1,Step12_Model3_EQC_CH3,Step13_Model3_EQB_CH4,Step14_Model3_EQC_CH2,Step15_Model1_EQA_CH3,Step16_Model1_EQC_CH1,Step17_Model2_EQB_CH4,Step18_Model3_EQB_CH4,Step19_Model3_EQA_CH2,Step20_Model3_EQC_CH2,Step21_Model2_EQA_CH1,Step22_Model3_EQB_CH4,Step23_Model1_EQA_CH3,Step24_Model2_EQA_CH1,Step25_Model1_EQB_CH1,Step26_Model2_EQB_CH3,Step27_Model1_EQA_CH2,Step28_Model1_EQC_CH4,Step29_Model2_EQB_CH4,Step30_Model3_EQB_CH3,,,,49.114467221429344,,67.58508866183529,,,,,,,,,,,,,,35.78749407168491,,31.622671753952293,,,,,,,,,,,,,,,,,,44.58051733554907,,,,,50.796941303190394,,,,,,,10,,,,,,,,,,,,
T017_W16,T017,16,Step1_Model2_EQA_CH1,Step2_Model1_EQA_CH2,Step3_Model1_EQA_CH2,Step4_Model3_EQA_CH2,Step5_Model3_EQC_CH4,Step6_Model3_EQC_CH4,Step7_Model2_EQB_CH2,Step8_Model1_EQC_CH1,Step9_Model3_EQC_CH3,Step10_Model3_EQC_CH4,Step11_Model2_EQC_CH3,Step12_Model3_EQC_CH4,Step13_Model3_EQB_CH1,Step14_Model3_EQC_CH4,Step15_Model1_EQA_CH1,Step16_Model1_EQC_CH2,Step17_Model2_EQB_CH3,Step18_Model3_EQB_CH2,Step19_Model3_EQA_CH1,Step20_Model3_EQC_CH4,Step21_Model2_EQA_CH2,Step22_Model3_EQB_CH3,Step23_Model1_EQA_CH3,Step24_Model2_EQA_CH4,Step25_Model1_EQB_CH1,Step26_Model2_EQB_CH4,Step27_Model1_EQA_CH4,Step28_Model1_EQC_CH1,Step29_Model2_EQB_CH3,Step30_Model3_EQB_CH4,,,38.840284705728976,56.018329215846904,63.436861906214695,,,,,,,,,,42.343763334764986,58.28946729048846,,41.40304290867485,,,42.744281897366875,,,,,,,55.18311547668374,,,,41.50216653771636,,,,,,,,,,,,,43.75729191004431,,,,,,,,,,,,,,,,,,,
T017_W17,T017,17,Step1_Model2_EQA_CH1,Step2_Model1_EQA_CH4,Step3_Model1_EQA_CH4,Step4_Model3_EQA_CH1,Step5_Model3_EQC_CH1,Step6_Model3_EQC_CH4,Step7_Model2_EQB_CH3,Step8_Model1_EQC_CH3,Step9_Model3_EQC_CH3,Step10_Model3_EQC_CH2,Step11_Model2_EQC_CH2,Step12_Model3_EQC_CH4,Step13_Model3_EQB_CH2,Step14_Model3_EQC_CH2,Step15_Model1_EQA_CH4,Step16_Model1_EQC_CH1,Step17_Model2_EQB_CH3,Step18_Model3_EQB_CH2,Step19_Model3_EQA_CH3,Step20_Model3_EQC_CH1,Step21_Model2_EQA_CH1,Step22_Model3_EQB_CH2,Step23_Model1_EQA_CH3,Step24_Model2_EQA_CH4,Step25_Model1_EQB_CH2,Step26_Model2_EQB_CH1,Step27_Model1_EQA_CH3,Step28_Model1_EQC_CH3,Step29_Model2_EQB_CH2,Step30_Model3_EQB_CH2,,,,,,,,,,58.53617775148101,,,,,,,,,,33.872442679466594,,29.723654679115874,,,,,,,49.50238409,,45.42979532120552,,,,,,,,,,,,,,,31.625038528213135,,,,,,,,,,,,,,,,,,
T017_W18,T017,18,Step1_Model2_EQA_CH2,Step2_Model1_EQA_CH3,Step3_Model1_EQA_CH4,Step4_Model3_EQA_CH4,Step5_Model3_EQC_CH1,Step6_Model3_EQC_CH3,Step7_Model2_EQB_CH3,Step8_Model1_EQC_CH4,Step9_Model3_EQC_CH1,Step10_Model3_EQC_CH1,Step11_Model2_EQC_CH3,Step12_Model3_EQC_CH1,Step13_Model3_EQB_CH4,Step14_Model3_EQC_CH4,Step15_Model1_EQA_CH2,Step16_Model1_EQC_CH3,Step17_Model2_EQB_CH4,Step18_Model3_EQB_CH1,Step19_Model3_EQA_CH2,Step20_Model3_EQC_CH2,Step21_Model2_EQA_CH2,Step22_Model3_EQB_CH1,Step23_Model1_EQA_CH3,Step24_Model2_EQA_CH4,Step25_Model1_EQB_CH1,Step26_Model2_EQB_CH3,Step27_Model1_EQA_CH4,Step28_Model1_EQC_CH1,Step29_Model2_EQB_CH2,Step30_Model3_EQB_CH2,,,,,59.85642446344255,,,36.27946408580246,,,,,49.94545684030592,,,62.19686434377147,,35.29496127505148,,33.69106566234853,,,,,,,,62.315429210520755,,,,,60.76934276564742,,52.11263881456743,,,,,,52.64814895815062,,,,,,,,,,,,,,,,,,,,,,,
T017_W19,T017,19,Step1_Model2_EQA_CH1,Step2_Model1_EQA_CH2,Step3_Model1_EQA_CH4,Step4_Model3_EQA_CH1,Step5_Model3_EQC_CH2,Step6_Model3_EQC_CH4,Step7_Model2_EQB_CH2,Step8_Model1_EQC_CH3,Step9_Model3_EQC_CH2,Step10_Model3_EQC_CH4,Step11_Model2_EQC_CH2,Step12_Model3_EQC_CH4,Step13_Model3_EQB_CH2,Step14_Model3_EQC_CH2,Step15_Model1_EQA_CH3,Step16_Model1_EQC_CH3,Step17_Model2_EQB_CH2,Step18_Model3_EQB_CH4,Step19_Model3_EQA_CH3,Step20_Model3_EQC_CH3,Step21_Model2_EQA_CH2,Step22_Model3_EQB_CH1,Step23_Model1_EQA_CH2,Step24_Model2_EQA_CH2,Step25_Model1_EQB_CH1,Step26_Model2_EQB_CH2,Step27_Model1_EQA_CH1,Step28_Model1_EQC_CH1,Step29_Model2_EQB_CH4,Step30_Model3_EQB_CH3,,,32.488317537108905,,,,49.92579862453793,,,,,,,,,,,,,,,,,44.14856271275038,45.62818811046799,,,,,,,,,,50.264128688278284,,,,,,,,,,,,61.13681541273875,,,,,,,,,,,,,,,,,
T017_W20,T017,20,Step1_Model2_EQA_CH3,Step2_Model1_EQA_CH4,Step3_Model1_EQA_CH2,Step4_Model3_EQA_CH2,Step5_Model3_EQC_CH1,Step6_Model3_EQC_CH3,Step7_Model2_EQB_CH3,Step8_Model1_EQC_CH3,Step9_Model3_EQC_CH2,Step10_Model3_EQC_CH3,Step11_Model2_EQC_CH3,Step12_Model3_EQC_CH3,Step13_Model3_EQB_CH3,Step14_Model3_EQC_CH3,Step15_Model1_EQA_CH4,Step16_Model1_EQC_CH2,Step17_Model2_EQB_CH2,Step18_Model3_EQB_CH3,Step19_Model3_EQA_CH2,Step20_Model3_EQC_CH4,Step21_Model2_EQA_CH3,Step22_Model3_EQB_CH3,Step23_Model1_EQA_CH3,Step24_Model2_EQA_CH2,Step25_Model1_EQB_CH3,Step26_Model2_EQB_CH3,Step27_Model1_EQA_CH3,Step28_Model1_EQC_CH1,Step29_Model2_EQB_CH3,Step30_Model3_EQB_CH4,,,,,59.18827143269347,,,32.873049393689875,57.80363286734417,,,42.246006726783754,,,,,,,,42.265013928747514,,,,,,60.73208560043262,,,,,,,,,,,,,,,,,,,,,,,,,,,,,,,,,,,,,,
T017_W21,T017,21,Step1_Model2_EQA_CH4,Step2_Model1_EQA_CH2,Step3_Model1_EQA_CH2,Step4_Model3_EQA_CH4,Step5_Model3_EQC_CH2,Step6_Model3_EQC_CH4,Step7_Model2_EQB_CH1,Step8_Model1_EQC_CH3,Step9_Model3_EQC_CH2,Step10_Model3_EQC_CH3,Step11_Model2_EQC_CH3,Step12_Model3_EQC_CH3,Step13_Model3_EQB_CH3,Step14_Model3_EQC_CH2,Step15_Model1_EQA_CH4,Step16_Model1_EQC_CH2,Step17_Model2_EQB_CH4,Step18_Model3_EQB_CH2,Step19_Model3_EQA_CH2,Step20_Model3_EQC_CH2,Step21_Model2_EQA_CH4,Step22_Model3_EQB_CH4,Step23_Model1_EQA_CH4,Step24_Model2_EQA_CH3,Step25_Model1_EQB_CH3,Step26_Model2_EQB_CH1,Step27_Model1_EQA_CH1,Step28_Model1_EQC_CH1,Step29_Model2_EQB_CH1,Step30_Model3_EQB_CH2,,35.16927452967845,,,,,,40.04493941536691,61.314913097856625,,,,,,,,,,,,41.14442887078855,,,,,,,,,,,,,,,,,,,47.13331633713896,,,,,,36.137815708468956,,,,,,,,,10,,,,,,,,,
T017_W22,T017,22,Step1_Model2_EQA_CH3,Step2_Model1_EQA_CH3,Step3_Model1_EQA_CH3,Step4_Model3_EQA_CH4,Step5_Model3_EQC_CH4,Step6_Model3_EQC_CH4,Step7_Model2_EQB_CH3,Step8_Model1_EQC_CH3,Step9_Model3_EQC_CH4,Step10_Model3_EQC_CH3,Step11_Model2_EQC_CH1,Step12_Model3_EQC_CH1,Step13_Model3_EQB_CH2,Step14_Model3_EQC_CH3,Step15_Model1_EQA_CH1,Step16_Model1_EQC_CH2,Step17_Model2_EQB_CH4,Step18_Model3_EQB_CH3,Step19_Model3_EQA_CH2,Step20_Model3_EQC_CH3,Step21_Model2_EQA_CH4,Step22_Model3_EQB_CH4,Step23_Model1_EQA_CH1,Step24_Model2_EQA_CH2,Step25_Model1_EQB_CH1,Step26_Model2_EQB_CH4,Step27_Model1_EQA_CH2,Step28_Model1_EQC_CH3,Step29_Model2_EQB_CH2,Step30_Model3_EQB_CH1,,,41.99022069,,59.43605308980432,,,,,,,,,56.09137610710795,,,,,,,,,,51.49896781,,,,,,,,,,,,,,,,,,,58.84957188431268,,,,,,,,,,,,,,,,,,,,,
T017_W23,T017,23,Step1_Model2_EQA_CH2,Step2_Model1_EQA_CH3,Step3_Model1_EQA_CH4,Step4_Model3_EQA_CH2,Step5_Model3_EQC_CH3,Step6_Model3_EQC_CH1,Step7_Model2_EQB_CH1,Step8_Model1_EQC_CH3,Step9_Model3_EQC_CH1,Step10_Model3_EQC_CH3,Step11_Model2_EQC_CH1,Step12_Model3_EQC_CH1,Step13_Model3_EQB_CH1,Step14_Model3_EQC_CH2,Step15_Model1_EQA_CH2,Step16_Model1_EQC_CH4,Step17_Model2_EQB_CH1,Step18_Model3_EQB_CH3,Step19_Model3_EQA_CH4,Step20_Model3_EQC_CH4,Step21_Model2_EQA_CH3,Step22_Model3_EQB_CH4,Step23_Model1_EQA_CH4,Step24_Model2_EQA_CH2,Step25_Model1_EQB_CH2,Step26_Model2_EQB_CH1,Step27_Model1_EQA_CH1,Step28_Model1_EQC_CH1,Step29_Model2_EQB_CH4,Step30_Model3_EQB_CH3,46.90542588,,,49.487991032089525,,,,,,,35.94022635300524,,,,,,,,,,,,,,,,49.438722511769306,55.859563767574116,,37.389060402915554,,43.562619127261506,,,,,,,,,,,,,,,,,,,,,,,,,,,,,,,,
T017_W24,T017,24,Step1_Model2_EQA_CH3,Step2_Model1_EQA_CH2,Step3_Model1_EQA_CH2,Step4_Model3_EQA_CH1,Step5_Model3_EQC_CH3,Step6_Model3_EQC_CH4,Step7_Model2_EQB_CH3,Step8_Model1_EQC_CH4,Step9_Model3_EQC_CH2,Step10_Model3_EQC_CH3,Step11_Model2_EQC_CH4,Step12_Model3_EQC_CH3,Step13_Model3_EQB_CH4,Step14_Model3_EQC_CH1,Step15_Model1_EQA_CH1,Step16_Model1_EQC_CH1,Step17_Model2_EQB_CH4,Step18_Model3_EQB_CH2,Step19_Model3_EQA_CH2,Step20_Model3_EQC_CH3,Step21_Model2_EQA_CH4,Step22_Model3_EQB_CH2,Step23_Model1_EQA_CH3,Step24_Model2_EQA_CH3,Step25_Model1_EQB_CH3,Step26_Model2_EQB_CH2,Step27_Model1_EQA_CH4,Step28_Model1_EQC_CH4,Step29_Model2_EQB_CH4,Step30_Model3_EQB_CH3,,35.79059820481618,,,60.89032379767558,,,,,,,,,,,,,,61.37556070864705,,,,60.45344902,,,,47.459929897581745,,,,,40.14666813305396,,,,,58.61289438118081,,,,48.17233078484959,,,33.94865909985786,,,,,8,,,,11,,,,,,,,,,,
T017_W25,T017,25,Step1_Model2_EQA_CH2,Step2_Model1_EQA_CH4,Step3_Model1_EQA_CH3,Step4_Model3_EQA_CH3,Step5_Model3_EQC_CH2,Step6_Model3_EQC_CH1,Step7_Model2_EQB_CH4,Step8_Model1_EQC_CH1,Step9_Model3_EQC_CH3,Step10_Model3_EQC_CH4,Step11_Model2_EQC_CH1,Step12_Model3_EQC_CH2,Step13_Model3_EQB_CH4,Step14_Model3_EQC_CH1,Step15_Model1_EQA_CH1,Step16_Model1_EQC_CH2,Step17_Model2_EQB_CH2,Step18_Model3_EQB_CH4,Step19_Model3_EQA_CH1,Step20_Model3_EQC_CH4,Step21_Model2_EQA_CH4,Step22_Model3_EQB_CH4,Step23_Model1_EQA_CH3,Step24_Model2_EQA_CH1,Step25_Model1_EQB_CH3,Step26_Model2_EQB_CH2,Step27_Model1_EQA_CH1,Step28_Model1_EQC_CH3,Step29_Model2_EQB_CH1,Step30_Model3_EQB_CH2,,42.40096527532098,,,,,,,,,,,,,,,41.839054505633115,34.75237540688296,,41.92080063078499,,,69.82565587555202,46.61693690072865,,,,,,41.31077099074034,,,,,,60.326922416432545,,,,39.471118771629044,,,,,,,,58.16736880895372,,,,,,10,,,,,,,,,,
T018_W01,T018,1,Step1_Model2_EQA_CH2,Step2_Model2_EQC_CH2,Step3_Model3_EQB_CH4,Step4_Model2_EQB_CH1,Step5_Model3_EQC_CH4,Step6_Model2_EQB_CH1,Step7_Model3_EQB_CH4,Step8_Model3_EQC_CH3,Step9_Model2_EQA_CH2,Step10_Model2_EQB_CH4,Step11_Model1_EQA_CH3,Step12_Model2_EQB_CH4,Step13_Model1_EQA_CH3,Step14_Model1_EQB_CH3,Step15_Model2_EQA_CH2,Step16_Model3_EQC_CH4,Step17_Model2_EQC_CH4,Step18_Model1_EQB_CH4,Step19_Model2_EQB_CH4,Step20_Model1_EQA_CH3,Step21_Model2_EQB_CH1,Step22_Model1_EQA_CH3,Step23_Model3_EQB_CH1,Step24_Model3_EQA_CH3,Step25_Model3_EQA_CH1,Step26_Model2_EQC_CH3,Step27_Model2_EQA_CH2,Step28_Model3_EQB_CH3,Step29_Model3_EQC_CH3,Step30_Model1_EQB_CH3,,,33.66473197555142,,,,,,62.231111556152776,,34.40068624509738,,,,,,,,,,38.56298896769179,,,52.549844464966384,40.663981026699986,60.88902673285261,,,47.237823998892175,,39.28605692872836,,,,,,,,,,,,,,,,,,,,,,,,,,,,,,,,,
T018_W02,T018,2,Step1_Model2_EQA_CH4,Step2_Model2_EQC_CH4,Step3_Model3_EQB_CH2,Step4_Model2_EQB_CH4,Step5_Model3_EQC_CH3,Step6_Model2_EQB_CH2,Step7_Model3_EQB_CH4,Step8_Model3_EQC_CH3,Step9_Model2_EQA_CH3,Step10_Model2_EQB_CH1,Step11_Model1_EQA_CH2,Step12_Model2_EQB_CH3,Step13_Model1_EQA_CH2,Step14_Model1_EQB_CH1,Step15_Model2_EQA_CH1,Step16_Model3_EQC_CH2,Step17_Model2_EQC_CH1,Step18_Model1_EQB_CH4,Step19_Model2_EQB_CH3,Step20_Model1_EQA_CH1,Step21_Model2_EQB_CH2,Step22_Model1_EQA_CH1,Step23_Model3_EQB_CH1,Step24_Model3_EQA_CH2,Step25_Model3_EQA_CH3,Step26_Model2_EQC_CH2,Step27_Model2_EQA_CH3,Step28_Model3_EQB_CH2,Step29_Model3_EQC_CH2,Step30_Model1_EQB_CH1,,28.843145546218327,,,,,,,,,,,,,,,,,,33.23976460315874,,,66.62598052319657,47.33577809,35.29285479,,,,,,,,63.62194526569465,,,,,38.70761476069485,,,,,,,44.09829726744712,48.771879713932535,,,,,,,,,,,,,,,,,,
T018_W03,T018,3,Step1_Model2_EQA_CH2,Step2_Model2_EQC_CH2,Step3_Model3_EQB_CH4,Step4_Model2_EQB_CH1,Step5_Model3_EQC_CH1,Step6_Model2_EQB_CH4,Step7_Model3_EQB_CH2,Step8_Model3_EQC_CH2,Step9_Model2_EQA_CH2,Step10_Model2_EQB_CH2,Step11_Model1_EQA_CH1,Step12_Model2_EQB_CH1,Step13_Model1_EQA_CH1,Step14_Model1_EQB_CH2,Step15_Model2_EQA_CH4,Step16_Model3_EQC_CH2,Step17_Model2_EQC_CH1,Step18_Model1_EQB_CH2,Step19_Model2_EQB_CH2,Step20_Model1_EQA_CH1,Step21_Model2_EQB_CH3,Step22_Model1_EQA_CH2,Step23_Model3_EQB_CH4,Step24_Model3_EQA_CH3,Step25_Model3_EQA_CH3,Step26_Model2_EQC_CH4,Step27_Model2_EQA_CH4,Step28_Model3_EQB_CH4,Step29_Model3_EQC_CH3,Step30_Model1_EQB_CH3,,,,,,61.20342763564925,,40.380165928915105,,,31.631965347236807,41.80126661038262,48.374979925352704,57.72615609015263,,68.87858485,,,,,,,,43.65857156685181,43.79972714002242,,,,,,35.508842160549214,47.90734562769263,,,,,,,,,,,,,,,,,,,,,,,,,,,,,,,,
T018_W04,T018,4,Step1_Model2_EQA_CH2,Step2_Model2_EQC_CH4,Step3_Model3_EQB_CH4,Step4_Model2_EQB_CH3,Step5_Model3_EQC_CH4,Step6_Model2_EQB_CH1,Step7_Model3_EQB_CH3,Step8_Model3_EQC_CH1,Step9_Model2_EQA_CH4,Step10_Model2_EQB_CH4,Step11_Model1_EQA_CH4,Step12_Model2_EQB_CH2,Step13_Model1_EQA_CH3,Step14_Model1_EQB_CH1,Step15_Model2_EQA_CH1,Step16_Model3_EQC_CH4,Step17_Model2_EQC_CH2,Step18_Model1_EQB_CH1,Step19_Model2_EQB_CH3,Step20_Model1_EQA_CH1,Step21_Model2_EQB_CH4,Step22_Model1_EQA_CH4,Step23_Model3_EQB_CH3,Step24_Model3_EQA_CH4,Step25_Model3_EQA_CH1,Step26_Model2_EQC_CH1,Step27_Model2_EQA_CH2,Step28_Model3_EQB_CH2,Step29_Model3_EQC_CH4,Step30_Model1_EQB_CH2,40.29300192805277,,,,,,,,,,,,,,,,,,,,52.18241771438693,,,,,,,54.264846569427256,,,,,,,,,,,,,,,,,,,,54.17524184842999,,,,,,,,,,,,,,,,
T018_W05,T018,5,Step1_Model2_EQA_CH3,Step2_Model2_EQC_CH1,Step3_Model3_EQB_CH4,Step4_Model2_EQB_CH2,Step5_Model3_EQC_CH4,Step6_Model2_EQB_CH2,Step7_Model3_EQB_CH4,Step8_Model3_EQC_CH1,Step9_Model2_EQA_CH1,Step10_Model2_EQB_CH1,Step11_Model1_EQA_CH4,Step12_Model2_EQB_CH1,Step13_Model1_EQA_CH2,Step14_Model1_EQB_CH4,Step15_Model2_EQA_CH4,Step16_Model3_EQC_CH2,Step17_Model2_EQC_CH4,Step18_Model1_EQB_CH2,Step19_Model2_EQB_CH1,Step20_Model1_EQA_CH2,Step21_Model2_EQB_CH3,Step22_Model1_EQA_CH2,Step23_Model3_EQB_CH4,Step24_Model3_EQA_CH2,Step25_Model3_EQA_CH1,Step26_Model2_EQC_CH1,Step27_Model2_EQA_CH3,Step28_Model3_EQB_CH3,Step29_Model3_EQC_CH1,Step30_Model1_EQB_CH2,,,,,,,,,,57.42497231547078,,,,,39.40726206716279,,,,,,,,,,,,,,46.08805854,,39.63049497518527,,,65.31561925853566,,,,,,,,,,44.053793065291686,,,,,,,,,,,,,,,,,,,,
T018_W06,T018,6,Step1_Model2_EQA_CH4,Step2_Model2_EQC_CH1,Step3_Model3_EQB_CH3,Step4_Model2_EQB_CH3,Step5_Model3_EQC_CH3,Step6_Model2_EQB_CH2,Step7_Model3_EQB_CH3,Step8_Model3_EQC_CH2,Step9_Model2_EQA_CH1,Step10_Model2_EQB_CH3,Step11_Model1_EQA_CH1,Step12_Model2_EQB_CH4,Step13_Model1_EQA_CH2,Step14_Model1_EQB_CH1,Step15_Model2_EQA_CH1,Step16_Model3_EQC_CH1,Step17_Model2_EQC_CH4,Step18_Model1_EQB_CH4,Step19_Model2_EQB_CH4,Step20_Model1_EQA_CH3,Step21_Model2_EQB_CH3,Step22_Model1_EQA_CH3,Step23_Model3_EQB_CH1,Step24_Model3_EQA_CH4,Step25_Model3_EQA_CH4,Step26_Model2_EQC_CH1,Step27_Model2_EQA_CH3,Step28_Model3_EQB_CH3,Step29_Model3_EQC_CH1,Step30_Model1_EQB_CH3,,,,,,,50.57135561543796,,,57.04961714645873,,,,,,,46.20464038506329,,,,,,,,,,57.19670592056819,,45.98374986382975,,,,,58.81190705896945,,,54.22260034058009,,,,,,,,57.12413639060808,,,,,,,,,8,,,,9,,,,,,
T018_W07,T018,7,Step1_Model2_EQA_CH3,Step2_Model2_EQC_CH4,Step3_Model3_EQB_CH4,Step4_Model2_EQB_CH2,Step5_Model3_EQC_CH1,Step6_Model2_EQB_CH2,Step7_Model3_EQB_CH4,Step8_Model3_EQC_CH3,Step9_Model2_EQA_CH3,Step10_Model2_EQB_CH1,Step11_Model1_EQA_CH3,Step12_Model2_EQB_CH2,Step13_Model1_EQA_CH1,Step14_Model1_EQB_CH3,Step15_Model2_EQA_CH4,Step16_Model3_EQC_CH4,Step17_Model2_EQC_CH1,Step18_Model1_EQB_CH4,Step19_Model2_EQB_CH2,Step20_Model1_EQA_CH1,Step21_Model2_EQB_CH4,Step22_Model1_EQA_CH2,Step23_Model3_EQB_CH3,Step24_Model3_EQA_CH3,Step25_Model3_EQA_CH4,Step26_Model2_EQC_CH3,Step27_Model2_EQA_CH4,Step28_Model3_EQB_CH3,Step29_Model3_EQC_CH4,Step30_Model1_EQB_CH1,,,,,,,,,,,,,,,,,,,,,,36.49351859765219,62.43903586295257,,,,,,,,,,,,,,,,45.817154010988396,46.795429401816385,,,,,,,,,,,10,,,,,,,,,,,,,
T018_W08,T018,8,Step1_Model2_EQA_CH1,Step2_Model2_EQC_CH3,Step3_Model3_EQB_CH4,Step4_Model2_EQB_CH1,Step5_Model3_EQC_CH2,Step6_Model2_EQB_CH4,Step7_Model3_EQB_CH3,Step8_Model3_EQC_CH2,Step9_Model2_EQA_CH1,Step10_Model2_EQB_CH4,Step11_Model1_EQA_CH3,Step12_Model2_EQB_CH4,Step13_Model1_EQA_CH3,Step14_Model1_EQB_CH4,Step15_Model2_EQA_CH3,Step16_Model3_EQC_CH4,Step17_Model2_EQC_CH3,Step18_Model1_EQB_CH3,Step19_Model2_EQB_CH3,Step20_Model1_EQA_CH4,Step21_Model2_EQB_CH1,Step22_Model1_EQA_CH1,Step23_Model3_EQB_CH2,Step24_Model3_EQA_CH3,Step25_Model3_EQA_CH4,Step26_Model2_EQC_CH1,Step27_Model2_EQA_CH4,Step28_Model3_EQB_CH3,Step29_Model3_EQC_CH3,Step30_Model1_EQB_CH4,36.18994037210477,,,,,,48.69453311423676,,,,42.76063067659763,,37.68579827662196,,39.27471895162961,,47.88646285450658,39.33771618953813,,38.885416376324464,,,,,,,,,,31.284579029474905,,,,,,,,,,,,,,,,,,,,,,,,,,,,,,,,,,
T018_W09,T018,9,Step1_Model2_EQA_CH2,Step2_Model2_EQC_CH3,Step3_Model3_EQB_CH3,Step4_Model2_EQB_CH4,Step5_Model3_EQC_CH2,Step6_Model2_EQB_CH4,Step7_Model3_EQB_CH3,Step8_Model3_EQC_CH4,Step9_Model2_EQA_CH4,Step10_Model2_EQB_CH4,Step11_Model1_EQA_CH4,Step12_Model2_EQB_CH1,Step13_Model1_EQA_CH1,Step14_Model1_EQB_CH3,Step15_Model2_EQA_CH4,Step16_Model3_EQC_CH3,Step17_Model2_EQC_CH1,Step18_Model1_EQB_CH3,Step19_Model2_EQB_CH1,Step20_Model1_EQA_CH4,Step21_Model2_EQB_CH3,Step22_Model1_EQA_CH3,Step23_Model3_EQB_CH1,Step24_Model3_EQA_CH1,Step25_Model3_EQA_CH1,Step26_Model2_EQC_CH3,Step27_Model2_EQA_CH1,Step28_Model3_EQB_CH2,Step29_Model3_EQC_CH1,Step30_Model1_EQB_CH4,,40.792957785337194,,,,,,32.35611566094255,,,,,,,,,,38.60370782658382,,35.603279947479216,,32.779201697593265,,,,,,,,35.91949944582813,,,,,,,,,,,,,,,,,,,,14,,,,,,,,,,,,,,
T018_W10,T018,10,Step1_Model2_EQA_CH3,Step2_Model2_EQC_CH3,Step3_Model3_EQB_CH2,Step4_Model2_EQB_CH4,Step5_Model3_EQC_CH4,Step6_Model2_EQB_CH4,Step7_Model3_EQB_CH2,Step8_Model3_EQC_CH4,Step9_Model2_EQA_CH2,Step10_Model2_EQB_CH4,Step11_Model1_EQA_CH2,Step12_Model2_EQB_CH2,Step13_Model1_EQA_CH3,Step14_Model1_EQB_CH3,Step15_Model2_EQA_CH1,Step16_Model3_EQC_CH3,Step17_Model2_EQC_CH2,Step18_Model1_EQB_CH1,Step19_Model2_EQB_CH2,Step20_Model1_EQA_CH3,Step21_Model2_EQB_CH3,Step22_Model1_EQA_CH1,Step23_Model3_EQB_CH3,Step24_Model3_EQA_CH2,Step25_Model3_EQA_CH1,Step26_Model2_EQC_CH4,Step27_Model2_EQA_CH1,Step28_Model3_EQB_CH2,Step29_Model3_EQC_CH2,Step30_Model1_EQB_CH2,,,,,,,,,,,,,,,,,,36.137138898900034,,,,,,,,,,,,,,,,,,,,33.905680607413295,,,,,,,,,,,,,,,6,,,,,,,,,,,
T018_W11,T018,11,Step1_Model2_EQA_CH4,Step2_Model2_EQC_CH2,Step3_Model3_EQB_CH4,Step4_Model2_EQB_CH3,Step5_Model3_EQC_CH1,Step6_Model2_EQB_CH3,Step7_Model3_EQB_CH2,Step8_Model3_EQC_CH4,Step9_Model2_EQA_CH2,Step10_Model2_EQB_CH4,Step11_Model1_EQA_CH4,Step12_Model2_EQB_CH3,Step13_Model1_EQA_CH2,Step14_Model1_EQB_CH2,Step15_Model2_EQA_CH4,Step16_Model3_EQC_CH4,Step17_Model2_EQC_CH1,Step18_Model1_EQB_CH3,Step19_Model2_EQB_CH1,Step20_Model1_EQA_CH4,Step21_Model2_EQB_CH3,Step22_Model1_EQA_CH3,Step23_Model3_EQB_CH4,Step24_Model3_EQA_CH4,Step25_Model3_EQA_CH4,Step26_Model2_EQC_CH3,Step27_Model2_EQA_CH3,Step28_Model3_EQB_CH4,Step29_Model3_EQC_CH3,Step30_Model1_EQB_CH4,,,32.03701633674035,49.33436485614646,59.14435943267205,,42.155167033011345,,,52.647407068853425,,,,,,,,,,,,,62.78944666976542,,,,39.84575613115592,,48.56872548708111,,,,60.32478722760892,,,,,,,,,,56.30488998544832,,,,,,,,,,,,,7,,,,,,,,
T018_W12,T018,12,Step1_Model2_EQA_CH4,Step2_Model2_EQC_CH4,Step3_Model3_EQB_CH3,Step4_Model2_EQB_CH1,Step5_Model3_EQC_CH3,Step6_Model2_EQB_CH4,Step7_Model3_EQB_CH1,Step8_Model3_EQC_CH1,Step9_Model2_EQA_CH3,Step10_Model2_EQB_CH1,Step11_Model1_EQA_CH2,Step12_Model2_EQB_CH3,Step13_Model1_EQA_CH3,Step14_Model1_EQB_CH4,Step15_Model2_EQA_CH3,Step16_Model3_EQC_CH2,Step17_Model2_EQC_CH2,Step18_Model1_EQB_CH1,Step19_Model2_EQB_CH3,Step20_Model1_EQA_CH1,Step21_Model2_EQB_CH4,Step22_Model1_EQA_CH2,Step23_Model3_EQB_CH4,Step24_Model3_EQA_CH4,Step25_Model3_EQA_CH1,Step26_Model2_EQC_CH2,Step27_Model2_EQA_CH2,Step28_Model3_EQB_CH2,Step29_Model3_EQC_CH3,Step30_Model1_EQB_CH2,,,,,,,43.77912832168409,,,,,,,,37.37351057650507,,,,,,45.897565627727936,38.38857475935147,,,,54.52837263612617,,,43.47929453771813,,,,,59.48318390057203,,,,39.09760266377979,,,,,,,,33.48126556,52.78787632,,,,10,,,,,,,,,,,,,
T018_W13,T018,13,Step1_Model2_EQA_CH3,Step2_Model2_EQC_CH2,Step3_Model3_EQB_CH2,Step4_Model2_EQB_CH3,Step5_Model3_EQC_CH1,Step6_Model2_EQB_CH4,Step7_Model3_EQB_CH4,Step8_Model3_EQC_CH2,Step9_Model2_EQA_CH1,Step10_Model2_EQB_CH4,Step11_Model1_EQA_CH2,Step12_Model2_EQB_CH1,Step13_Model1_EQA_CH2,Step14_Model1_EQB_CH4,Step15_Model2_EQA_CH4,Step16_Model3_EQC_CH4,Step17_Model2_EQC_CH2,Step18_Model1_EQB_CH4,Step19_Model2_EQB_CH2,Step20_Model1_EQA_CH4,Step21_Model2_EQB_CH2,Step22_Model1_EQA_CH4,Step23_Model3_EQB_CH3,Step24_Model3_EQA_CH2,Step25_Model3_EQA_CH3,Step26_Model2_EQC_CH2,Step27_Model2_EQA_CH1,Step28_Model3_EQB_CH1,Step29_Model3_EQC_CH2,Step30_Model1_EQB_CH2,,,,,,,,,,,,,42.06953040044728,,,,,,,33.43245540210982,,,,45.40691602909783,,,,,,,45.408828372864036,,,,,,,,45.43733869891607,41.334966079990465,39.99582790021163,,,,,35.752930825999584,,,,,,,,,,11,19,,,,,,,
T018_W14,T018,14,Step1_Model2_EQA_CH2,Step2_Model2_EQC_CH1,Step3_Model3_EQB_CH3,Step4_Model2_EQB_CH3,Step5_Model3_EQC_CH4,Step6_Model2_EQB_CH4,Step7_Model3_EQB_CH1,Step8_Model3_EQC_CH4,Step9_Model2_EQA_CH4,Step10_Model2_EQB_CH2,Step11_Model1_EQA_CH4,Step12_Model2_EQB_CH1,Step13_Model1_EQA_CH1,Step14_Model1_EQB_CH1,Step15_Model2_EQA_CH3,Step16_Model3_EQC_CH3,Step17_Model2_EQC_CH4,Step18_Model1_EQB_CH4,Step19_Model2_EQB_CH4,Step20_Model1_EQA_CH4,Step21_Model2_EQB_CH3,Step22_Model1_EQA_CH2,Step23_Model3_EQB_CH3,Step24_Model3_EQA_CH4,Step25_Model3_EQA_CH3,Step26_Model2_EQC_CH3,Step27_Model2_EQA_CH4,Step28_Model3_EQB_CH2,Step29_Model3_EQC_CH3,Step30_Model1_EQB_CH4,,,41.49943822727287,,,,42.75207901717854,,,,,,,,,,50.617081101253724,,,,39.08577914862129,35.89575732472668,,,,,,,,,,,,55.94716968251983,,,,,,,,,,,,,,,,,,,,,,,,,,,,,,
T018_W15,T018,15,Step1_Model2_EQA_CH2,Step2_Model2_EQC_CH1,Step3_Model3_EQB_CH3,Step4_Model2_EQB_CH4,Step5_Model3_EQC_CH1,Step6_Model2_EQB_CH1,Step7_Model3_EQB_CH3,Step8_Model3_EQC_CH2,Step9_Model2_EQA_CH2,Step10_Model2_EQB_CH1,Step11_Model1_EQA_CH3,Step12_Model2_EQB_CH4,Step13_Model1_EQA_CH1,Step14_Model1_EQB_CH1,Step15_Model2_EQA_CH1,Step16_Model3_EQC_CH2,Step17_Model2_EQC_CH1,Step18_Model1_EQB_CH4,Step19_Model2_EQB_CH3,Step20_Model1_EQA_CH3,Step21_Model2_EQB_CH1,Step22_Model1_EQA_CH2,Step23_Model3_EQB_CH2,Step24_Model3_EQA_CH3,Step25_Model3_EQA_CH1,Step26_Model2_EQC_CH1,Step27_Model2_EQA_CH1,Step28_Model3_EQB_CH1,Step29_Model3_EQC_CH4,Step30_Model1_EQB_CH2,,,,,,,38.69712476777004,,,,,52.82402374562765,,,,,,,,,43.55543858755231,,65.02562585944277,,,,,,,,,,,,,,,31.35503683063517,,41.713859864917794,,,61.264469805125415,,,,,,,,,,,,,,,,,,,,,
T018_W16,T018,16,Step1_Model2_EQA_CH3,Step2_Model2_EQC_CH1,Step3_Model3_EQB_CH4,Step4_Model2_EQB_CH1,Step5_Model3_EQC_CH4,Step6_Model2_EQB_CH2,Step7_Model3_EQB_CH1,Step8_Model3_EQC_CH1,Step9_Model2_EQA_CH3,Step10_Model2_EQB_CH2,Step11_Model1_EQA_CH1,Step12_Model2_EQB_CH1,Step13_Model1_EQA_CH2,Step14_Model1_EQB_CH3,Step15_Model2_EQA_CH1,Step16_Model3_EQC_CH1,Step17_Model2_EQC_CH4,Step18_Model1_EQB_CH1,Step19_Model2_EQB_CH2,Step20_Model1_EQA_CH1,Step21_Model2_EQB_CH3,Step22_Model1_EQA_CH4,Step23_Model3_EQB_CH2,Step24_Model3_EQA_CH1,Step25_Model3_EQA_CH2,Step26_Model2_EQC_CH1,Step27_Model2_EQA_CH1,Step28_Model3_EQB_CH2,Step29_Model3_EQC_CH4,Step30_Model1_EQB_CH2,,,,,,,,,,,,,44.53005884198224,,36.08085156301764,57.83108736132039,,,,40.60204747876255,,,,42.187016662891075,49.654615528715574,60.20974662,,,,,,,,,,,,,,43.478005848131794,,,,,41.43410365235557,46.61236421792076,,,,,14,,,,,,,11,,,,,,
T018_W17,T018,17,Step1_Model2_EQA_CH3,Step2_Model2_EQC_CH4,Step3_Model3_EQB_CH2,Step4_Model2_EQB_CH3,Step5_Model3_EQC_CH1,Step6_Model2_EQB_CH1,Step7_Model3_EQB_CH1,Step8_Model3_EQC_CH3,Step9_Model2_EQA_CH3,Step10_Model2_EQB_CH3,Step11_Model1_EQA_CH1,Step12_Model2_EQB_CH4,Step13_Model1_EQA_CH3,Step14_Model1_EQB_CH1,Step15_Model2_EQA_CH2,Step16_Model3_EQC_CH4,Step17_Model2_EQC_CH1,Step18_Model1_EQB_CH3,Step19_Model2_EQB_CH2,Step20_Model1_EQA_CH4,Step21_Model2_EQB_CH2,Step22_Model1_EQA_CH2,Step23_Model3_EQB_CH2,Step24_Model3_EQA_CH4,Step25_Model3_EQA_CH2,Step26_Model2_EQC_CH2,Step27_Model2_EQA_CH2,Step28_Model3_EQB_CH2,Step29_Model3_EQC_CH3,Step30_Model1_EQB_CH4,,,,,,,,,57.014991952205406,,,,,,,,,,,,,32.662686001848314,,,,,,,,,,,,,,58.92291056,,,,,,,54.27425797745184,,47.45445584409351,,,,,,,,,,,,,,,,,,,
T018_W18,T018,18,Step1_Model2_EQA_CH4,Step2_Model2_EQC_CH4,Step3_Model3_EQB_CH1,Step4_Model2_EQB_CH1,Step5_Model3_EQC_CH2,Step6_Model2_EQB_CH2,Step7_Model3_EQB_CH2,Step8_Model3_EQC_CH3,Step9_Model2_EQA_CH4,Step10_Model2_EQB_CH2,Step11_Model1_EQA_CH3,Step12_Model2_EQB_CH2,Step13_Model1_EQA_CH1,Step14_Model1_EQB_CH2,Step15_Model2_EQA_CH2,Step16_Model3_EQC_CH3,Step17_Model2_EQC_CH1,Step18_Model1_EQB_CH4,Step19_Model2_EQB_CH2,Step20_Model1_EQA_CH4,Step21_Model2_EQB_CH1,Step22_Model1_EQA_CH1,Step23_Model3_EQB_CH2,Step24_Model3_EQA_CH4,Step25_Model3_EQA_CH4,Step26_Model2_EQC_CH3,Step27_Model2_EQA_CH3,Step28_Model3_EQB_CH1,Step29_Model3_EQC_CH1,Step30_Model1_EQB_CH4,,,,,,,,,,,36.333290202481926,,,,,,,,,,,,,,,,,51.795611769300045,,,40.78618742039554,,,,,,44.41585027986615,,,,,,,,,,,,,,,,7,,,,,,,,,,,
T018_W19,T018,19,Step1_Model2_EQA_CH2,Step2_Model2_EQC_CH3,Step3_Model3_EQB_CH1,Step4_Model2_EQB_CH1,Step5_Model3_EQC_CH1,Step6_Model2_EQB_CH4,Step7_Model3_EQB_CH4,Step8_Model3_EQC_CH2,Step9_Model2_EQA_CH2,Step10_Model2_EQB_CH3,Step11_Model1_EQA_CH2,Step12_Model2_EQB_CH3,Step13_Model1_EQA_CH2,Step14_Model1_EQB_CH3,Step15_Model2_EQA_CH2,Step16_Model3_EQC_CH1,Step17_Model2_EQC_CH1,Step18_Model1_EQB_CH3,Step19_Model2_EQB_CH1,Step20_Model1_EQA_CH2,Step21_Model2_EQB_CH3,Step22_Model1_EQA_CH4,Step23_Model3_EQB_CH1,Step24_Model3_EQA_CH4,Step25_Model3_EQA_CH2,Step26_Model2_EQC_CH4,Step27_Model2_EQA_CH2,Step28_Model3_EQB_CH4,Step29_Model3_EQC_CH4,Step30_Model1_EQB_CH4,,30.143460503410868,,,,56.36331598322672,,,56.41221308765558,51.68445286638043,,,41.37655331935379,66.42676118,,,,,,35.66190387875239,,,,,,,,,,,,,57.58987485800668,,,61.949970040275964,,,,,,61.923633216899624,,,,,55.711401951678546,,,,,,,,,,,,,,,,,
T018_W20,T018,20,Step1_Model2_EQA_CH2,Step2_Model2_EQC_CH3,Step3_Model3_EQB_CH1,Step4_Model2_EQB_CH4,Step5_Model3_EQC_CH4,Step6_Model2_EQB_CH2,Step7_Model3_EQB_CH3,Step8_Model3_EQC_CH4,Step9_Model2_EQA_CH4,Step10_Model2_EQB_CH2,Step11_Model1_EQA_CH3,Step12_Model2_EQB_CH2,Step13_Model1_EQA_CH1,Step14_Model1_EQB_CH2,Step15_Model2_EQA_CH1,Step16_Model3_EQC_CH3,Step17_Model2_EQC_CH3,Step18_Model1_EQB_CH3,Step19_Model2_EQB_CH4,Step20_Model1_EQA_CH3,Step21_Model2_EQB_CH3,Step22_Model1_EQA_CH1,Step23_Model3_EQB_CH1,Step24_Model3_EQA_CH1,Step25_Model3_EQA_CH3,Step26_Model2_EQC_CH4,Step27_Model2_EQA_CH3,Step28_Model3_EQB_CH2,Step29_Model3_EQC_CH2,Step30_Model1_EQB_CH1,42.135500390008524,,,49.73616981588752,,,,,,,,45.046979664225816,47.80329951,,,,,,,38.25771650656012,,,66.81348647711896,,36.80132730126889,,,58.05228409700285,,,,,,,,,,,45.76824850858689,,,,56.228933066108624,42.93161125643643,,,,,,,,,3,,,,,,,,,,,
T018_W21,T018,21,Step1_Model2_EQA_CH1,Step2_Model2_EQC_CH2,Step3_Model3_EQB_CH1,Step4_Model2_EQB_CH2,Step5_Model3_EQC_CH1,Step6_Model2_EQB_CH3,Step7_Model3_EQB_CH4,Step8_Model3_EQC_CH2,Step9_Model2_EQA_CH3,Step10_Model2_EQB_CH4,Step11_Model1_EQA_CH1,Step12_Model2_EQB_CH2,Step13_Model1_EQA_CH4,Step14_Model1_EQB_CH3,Step15_Model2_EQA_CH1,Step16_Model3_EQC_CH3,Step17_Model2_EQC_CH2,Step18_Model1_EQB_CH3,Step19_Model2_EQB_CH2,Step20_Model1_EQA_CH3,Step21_Model2_EQB_CH2,Step22_Model1_EQA_CH3,Step23_Model3_EQB_CH3,Step24_Model3_EQA_CH3,Step25_Model3_EQA_CH4,Step26_Model2_EQC_CH2,Step27_Model2_EQA_CH4,Step28_Model3_EQB_CH4,Step29_Model3_EQC_CH2,Step30_Model1_EQB_CH2,,41.74634107092395,,,,,,,,,,,,,,,,,,,,,,,,,54.66449036442782,64.54599113355819,,,,49.728516773528206,,,,58.14903029577092,,,,,,,,,,,,,14,,,,,,,,,8,,,,,,
T018_W22,T018,22,Step1_Model2_EQA_CH3,Step2_Model2_EQC_CH4,Step3_Model3_EQB_CH1,Step4_Model2_EQB_CH2,Step5_Model3_EQC_CH1,Step6_Model2_EQB_CH3,Step7_Model3_EQB_CH1,Step8_Model3_EQC_CH4,Step9_Model2_EQA_CH1,Step10_Model2_EQB_CH3,Step11_Model1_EQA_CH4,Step12_Model2_EQB_CH1,Step13_Model1_EQA_CH2,Step14_Model1_EQB_CH4,Step15_Model2_EQA_CH2,Step16_Model3_EQC_CH2,Step17_Model2_EQC_CH2,Step18_Model1_EQB_CH3,Step19_Model2_EQB_CH4,Step20_Model1_EQA_CH3,Step21_Model2_EQB_CH2,Step22_Model1_EQA_CH4,Step23_Model3_EQB_CH4,Step24_Model3_EQA_CH2,Step25_Model3_EQA_CH1,Step26_Model2_EQC_CH4,Step27_Model2_EQA_CH4,Step28_Model3_EQB_CH3,Step29_Model3_EQC_CH1,Step30_Model1_EQB_CH1,,,,,,,,,,,,,,,43.12242174455518,,,,,,,,,,,,,,,,,,,,,,,,,,51.96530896447683,,,,,,,49.81107600724101,,,,,,,,,,,,,,,,
T018_W23,T018,23,Step1_Model2_EQA_CH2,Step2_Model2_EQC_CH4,Step3_Model3_EQB_CH3,Step4_Model2_EQB_CH2,Step5_Model3_EQC_CH2,Step6_Model2_EQB_CH2,Step7_Model3_EQB_CH1,Step8_Model3_EQC_CH2,Step9_Model2_EQA_CH1,Step10_Model2_EQB_CH4,Step11_Model1_EQA_CH3,Step12_Model2_EQB_CH1,Step13_Model1_EQA_CH4,Step14_Model1_EQB_CH4,Step15_Model2_EQA_CH1,Step16_Model3_EQC_CH4,Step17_Model2_EQC_CH4,Step18_Model1_EQB_CH1,Step19_Model2_EQB_CH3,Step20_Model1_EQA_CH2,Step21_Model2_EQB_CH3,Step22_Model1_EQA_CH3,Step23_Model3_EQB_CH2,Step24_Model3_EQA_CH1,Step25_Model3_EQA_CH4,Step26_Model2_EQC_CH2,Step27_Model2_EQA_CH3,Step28_Model3_EQB_CH3,Step29_Model3_EQC_CH4,Step30_Model1_EQB_CH3,,,,,,59.830398157085114,,,,50.42470116756634,,,,,,,,,,,,,,,,,,50.91991068076794,,,39.07920446324559,,,,,,,,39.71856910053521,,,,,,,39.895587115808524,,,,,,,,,,,,,,,,,,
T018_W24,T018,24,Step1_Model2_EQA_CH2,Step2_Model2_EQC_CH3,Step3_Model3_EQB_CH4,Step4_Model2_EQB_CH2,Step5_Model3_EQC_CH1,Step6_Model2_EQB_CH4,Step7_Model3_EQB_CH3,Step8_Model3_EQC_CH2,Step9_Model2_EQA_CH2,Step10_Model2_EQB_CH3,Step11_Model1_EQA_CH2,Step12_Model2_EQB_CH2,Step13_Model1_EQA_CH2,Step14_Model1_EQB_CH1,Step15_Model2_EQA_CH3,Step16_Model3_EQC_CH3,Step17_Model2_EQC_CH3,Step18_Model1_EQB_CH1,Step19_Model2_EQB_CH3,Step20_Model1_EQA_CH3,Step21_Model2_EQB_CH1,Step22_Model1_EQA_CH3,Step23_Model3_EQB_CH2,Step24_Model3_EQA_CH3,Step25_Model3_EQA_CH3,Step26_Model2_EQC_CH4,Step27_Model2_EQA_CH2,Step28_Model3_EQB_CH2,Step29_Model3_EQC_CH4,Step30_Model1_EQB_CH2,,,,37.75146659321268,,59.29496683289459,,,,,,,,,,,,,,,38.76198122604328,,,,,,,,,41.03352695782184,,,,,,62.975175189640886,49.44959719190589,,,,,,,,50.675389955962466,,62.54543170840703,,,,,,,,,,11,9,,,,,,
T018_W25,T018,25,Step1_Model2_EQA_CH3,Step2_Model2_EQC_CH2,Step3_Model3_EQB_CH4,Step4_Model2_EQB_CH4,Step5_Model3_EQC_CH3,Step6_Model2_EQB_CH3,Step7_Model3_EQB_CH3,Step8_Model3_EQC_CH3,Step9_Model2_EQA_CH3,Step10_Model2_EQB_CH3,Step11_Model1_EQA_CH1,Step12_Model2_EQB_CH4,Step13_Model1_EQA_CH1,Step14_Model1_EQB_CH2,Step15_Model2_EQA_CH2,Step16_Model3_EQC_CH4,Step17_Model2_EQC_CH3,Step18_Model1_EQB_CH1,Step19_Model2_EQB_CH2,Step20_Model1_EQA_CH4,Step21_Model2_EQB_CH2,Step22_Model1_EQA_CH4,Step23_Model3_EQB_CH2,Step24_Model3_EQA_CH1,Step25_Model3_EQA_CH2,Step26_Model2_EQC_CH2,Step27_Model2_EQA_CH1,Step28_Model3_EQB_CH1,Step29_Model3_EQC_CH1,Step30_Model1_EQB_CH3,,41.284766789403335,,55.18955255071618,,67.91513153639573,,,,,,,,,,66.58928092161817,,,,,,,,54.435302817046626,,,,49.23066916350807,,,,40.630497827072716,,,,,52.93483081883652,,,,,55.890050858171364,59.606956517434654,27.008716215397364,,,,,,,,,,,,,,,,,,,,
T019_W01,T019,1,Step1_Model2_EQB_CH4,Step2_Model2_EQC_CH3,Step3_Model2_EQB_CH4,Step4_Model1_EQA_CH4,Step5_Model3_EQA_CH3,Step6_Model1_EQB_CH2,Step7_Model3_EQC_CH1,Step8_Model2_EQC_CH4,Step9_Model2_EQC_CH1,Step10_Model2_EQC_CH3,Step11_Model3_EQA_CH3,Step12_Model3_EQB_CH1,Step13_Model2_EQA_CH2,Step14_Model2_EQB_CH3,Step15_Model1_EQB_CH2,Step16_Model3_EQB_CH2,Step17_Model3_EQC_CH1,Step18_Model1_EQA_CH3,Step19_Model2_EQA_CH2,Step20_Model1_EQA_CH1,Step21_Model3_EQC_CH4,Step22_Model1_EQA_CH1,Step23_Model1_EQB_CH1,Step24_Model1_EQC_CH2,Step25_Model2_EQC_CH4,Step26_Model3_EQB_CH2,Step27_Model1_EQA_CH3,Step28_Model3_EQB_CH4,Step29_Model2_EQC_CH4,Step30_Model3_EQC_CH2,,,,,,,,,,,,,43.699450694986034,,,,,,,,,,,,,,,,,43.000629493354154,,,53.83971369853452,,50.062774405557136,,,,43.08857003771662,41.98019979815529,,,,37.96547628939568,,38.95501122471103,,,,,,,,,,,,,,,,,,
T019_W02,T019,2,Step1_Model2_EQB_CH4,Step2_Model2_EQC_CH1,Step3_Model2_EQB_CH1,Step4_Model1_EQA_CH2,Step5_Model3_EQA_CH1,Step6_Model1_EQB_CH2,Step7_Model3_EQC_CH2,Step8_Model2_EQC_CH4,Step9_Model2_EQC_CH1,Step10_Model2_EQC_CH4,Step11_Model3_EQA_CH1,Step12_Model3_EQB_CH2,Step13_Model2_EQA_CH4,Step14_Model2_EQB_CH3,Step15_Model1_EQB_CH4,Step16_Model3_EQB_CH1,Step17_Model3_EQC_CH2,Step18_Model1_EQA_CH3,Step19_Model2_EQA_CH4,Step20_Model1_EQA_CH1,Step21_Model3_EQC_CH3,Step22_Model1_EQA_CH1,Step23_Model1_EQB_CH3,Step24_Model1_EQC_CH3,Step25_Model2_EQC_CH1,Step26_Model3_EQB_CH2,Step27_Model1_EQA_CH1,Step28_Model3_EQB_CH2,Step29_Model2_EQC_CH3,Step30_Model3_EQC_CH2,,,,,,65.94518514349262,,,,,,,,,,,,,54.85543364085959,36.77378666375521,,,,,,58.82181657,,50.39811261370385,,,,50.02891285003537,,,,,51.907990571424705,27.78827584315085,,,,,,,,,,,,,,13,,,,7,,,,,,,,
T019_W03,T019,3,Step1_Model2_EQB_CH2,Step2_Model2_EQC_CH3,Step3_Model2_EQB_CH4,Step4_Model1_EQA_CH2,Step5_Model3_EQA_CH1,Step6_Model1_EQB_CH2,Step7_Model3_EQC_CH2,Step8_Model2_EQC_CH4,Step9_Model2_EQC_CH2,Step10_Model2_EQC_CH3,Step11_Model3_EQA_CH4,Step12_Model3_EQB_CH1,Step13_Model2_EQA_CH1,Step14_Model2_EQB_CH3,Step15_Model1_EQB_CH1,Step16_Model3_EQB_CH3,Step17_Model3_EQC_CH1,Step18_Model1_EQA_CH2,Step19_Model2_EQA_CH2,Step20_Model1_EQA_CH2,Step21_Model3_EQC_CH4,Step22_Model1_EQA_CH4,Step23_Model1_EQB_CH3,Step24_Model1_EQC_CH1,Step25_Model2_EQC_CH4,Step26_Model3_EQB_CH1,Step27_Model1_EQA_CH3,Step28_Model3_EQB_CH3,Step29_Model2_EQC_CH1,Step30_Model3_EQC_CH1,,,,52.17091162091013,,,,,,,,45.53445667,,,,,,,67.70196767562459,,,,,,,,,,,36.705782649900634,,,,,,,,,,,54.14287753539776,,,,,,,,,,,,,,,,9,,,,,,,
T019_W04,T019,4,Step1_Model2_EQB_CH3,Step2_Model2_EQC_CH3,Step3_Model2_EQB_CH2,Step4_Model1_EQA_CH1,Step5_Model3_EQA_CH2,Step6_Model1_EQB_CH4,Step7_Model3_EQC_CH2,Step8_Model2_EQC_CH4,Step9_Model2_EQC_CH1,Step10_Model2_EQC_CH1,Step11_Model3_EQA_CH2,Step12_Model3_EQB_CH4,Step13_Model2_EQA_CH1,Step14_Model2_EQB_CH3,Step15_Model1_EQB_CH2,Step16_Model3_EQB_CH1,Step17_Model3_EQC_CH4,Step18_Model1_EQA_CH1,Step19_Model2_EQA_CH2,Step20_Model1_EQA_CH2,Step21_Model3_EQC_CH2,Step22_Model1_EQA_CH4,Step23_Model1_EQB_CH2,Step24_Model1_EQC_CH2,Step25_Model2_EQC_CH2,Step26_Model3_EQB_CH1,Step27_Model1_EQA_CH2,Step28_Model3_EQB_CH1,Step29_Model2_EQC_CH4,Step30_Model3_EQC_CH3,,,,,,,,,,,,,46.26180719684018,,,70.10822127932727,44.022855990017995,,,,,,,,,56.23942872012506,,61.278779648051746,52.022174424401975,,,,,,,,54.95797286,,37.59519241038311,,,,,,,,52.59442188499735,,,,,,,,8,,,,,,,,,
T019_W05,T019,5,Step1_Model2_EQB_CH3,Step2_Model2_EQC_CH1,Step3_Model2_EQB_CH3,Step4_Model1_EQA_CH4,Step5_Model3_EQA_CH1,Step6_Model1_EQB_CH1,Step7_Model3_EQC_CH2,Step8_Model2_EQC_CH2,Step9_Model2_EQC_CH4,Step10_Model2_EQC_CH4,Step11_Model3_EQA_CH4,Step12_Model3_EQB_CH4,Step13_Model2_EQA_CH3,Step14_Model2_EQB_CH1,Step15_Model1_EQB_CH1,Step16_Model3_EQB_CH4,Step17_Model3_EQC_CH2,Step18_Model1_EQA_CH4,Step19_Model2_EQA_CH2,Step20_Model1_EQA_CH3,Step21_Model3_EQC_CH1,Step22_Model1_EQA_CH1,Step23_Model1_EQB_CH1,Step24_Model1_EQC_CH3,Step25_Model2_EQC_CH1,Step26_Model3_EQB_CH3,Step27_Model1_EQA_CH3,Step28_Model3_EQB_CH2,Step29_Model2_EQC_CH3,Step30_Model3_EQC_CH1,36.76523342135386,,,,,,,,,58.150307454767955,,,45.59376539693477,,,,42.88247528,32.31163118369091,,,,,,,,,,,,,,43.00268553855888,,,,,,,,40.71970814679684,,,,,,,,,,,,,,,,,,,,,,,,
T019_W06,T019,6,Step1_Model2_EQB_CH1,Step2_Model2_EQC_CH3,Step3_Model2_EQB_CH1,Step4_Model1_EQA_CH3,Step5_Model3_EQA_CH4,Step6_Model1_EQB_CH2,Step7_Model3_EQC_CH3,Step8_Model2_EQC_CH1,Step9_Model2_EQC_CH4,Step10_Model2_EQC_CH2,Step11_Model3_EQA_CH2,Step12_Model3_EQB_CH4,Step13_Model2_EQA_CH3,Step14_Model2_EQB_CH4,Step15_Model1_EQB_CH3,Step16_Model3_EQB_CH1,Step17_Model3_EQC_CH4,Step18_Model1_EQA_CH1,Step19_Model2_EQA_CH1,Step20_Model1_EQA_CH3,Step21_Model3_EQC_CH3,Step22_Model1_EQA_CH1,Step23_Model1_EQB_CH3,Step24_Model1_EQC_CH3,Step25_Model2_EQC_CH4,Step26_Model3_EQB_CH1,Step27_Model1_EQA_CH2,Step28_Model3_EQB_CH4,Step29_Model2_EQC_CH4,Step30_Model3_EQC_CH3,,31.162774119572298,,43.725480346665805,,,,,,,,,,,40.067755793253355,,,,,,,,,,,,,,45.24808974939118,,,,,,,,50.64501368092445,,,,,57.75676917298411,,,,,,,,,,,,,,,,,,,,,,
T019_W07,T019,7,Step1_Model2_EQB_CH1,Step2_Model2_EQC_CH1,Step3_Model2_EQB_CH2,Step4_Model1_EQA_CH1,Step5_Model3_EQA_CH3,Step6_Model1_EQB_CH4,Step7_Model3_EQC_CH2,Step8_Model2_EQC_CH2,Step9_Model2_EQC_CH4,Step10_Model2_EQC_CH3,Step11_Model3_EQA_CH2,Step12_Model3_EQB_CH3,Step13_Model2_EQA_CH3,Step14_Model2_EQB_CH4,Step15_Model1_EQB_CH1,Step16_Model3_EQB_CH1,Step17_Model3_EQC_CH1,Step18_Model1_EQA_CH3,Step19_Model2_EQA_CH1,Step20_Model1_EQA_CH3,Step21_Model3_EQC_CH4,Step22_Model1_EQA_CH2,Step23_Model1_EQB_CH3,Step24_Model1_EQC_CH3,Step25_Model2_EQC_CH2,Step26_Model3_EQB_CH3,Step27_Model1_EQA_CH3,Step28_Model3_EQB_CH4,Step29_Model2_EQC_CH2,Step30_Model3_EQC_CH1,,,,47.34799475867197,,,44.19916912304009,34.30852324950529,60.21774890273989,,,,,,,,,33.80003010258114,,,,,,,,,,,,,,50.024964052699424,,,56.28202275522035,,,,,,,,,,,,,55.54085791391923,,,,,,,,,,,,,,,,
T019_W08,T019,8,Step1_Model2_EQB_CH2,Step2_Model2_EQC_CH3,Step3_Model2_EQB_CH1,Step4_Model1_EQA_CH3,Step5_Model3_EQA_CH1,Step6_Model1_EQB_CH2,Step7_Model3_EQC_CH3,Step8_Model2_EQC_CH3,Step9_Model2_EQC_CH3,Step10_Model2_EQC_CH3,Step11_Model3_EQA_CH1,Step12_Model3_EQB_CH1,Step13_Model2_EQA_CH4,Step14_Model2_EQB_CH2,Step15_Model1_EQB_CH2,Step16_Model3_EQB_CH3,Step17_Model3_EQC_CH1,Step18_Model1_EQA_CH1,Step19_Model2_EQA_CH3,Step20_Model1_EQA_CH4,Step21_Model3_EQC_CH1,Step22_Model1_EQA_CH1,Step23_Model1_EQB_CH3,Step24_Model1_EQC_CH4,Step25_Model2_EQC_CH2,Step26_Model3_EQB_CH3,Step27_Model1_EQA_CH2,Step28_Model3_EQB_CH2,Step29_Model2_EQC_CH2,Step30_Model3_EQC_CH2,,,,49.37395731150956,,,,,,,,,41.544542954890346,,,57.935117073744955,,,,,49.27290827458142,,,,,,,,45.27135175444053,,,,,,,,,,43.051005369362386,,,,,,,,64.10251411,,,,,,,,,,,,,,,,,
T019_W09,T019,9,Step1_Model2_EQB_CH4,Step2_Model2_EQC_CH2,Step3_Model2_EQB_CH4,Step4_Model1_EQA_CH4,Step5_Model3_EQA_CH1,Step6_Model1_EQB_CH1,Step7_Model3_EQC_CH2,Step8_Model2_EQC_CH4,Step9_Model2_EQC_CH3,Step10_Model2_EQC_CH3,Step11_Model3_EQA_CH3,Step12_Model3_EQB_CH1,Step13_Model2_EQA_CH4,Step14_Model2_EQB_CH4,Step15_Model1_EQB_CH3,Step16_Model3_EQB_CH4,Step17_Model3_EQC_CH4,Step18_Model1_EQA_CH2,Step19_Model2_EQA_CH1,Step20_Model1_EQA_CH1,Step21_Model3_EQC_CH4,Step22_Model1_EQA_CH1,Step23_Model1_EQB_CH4,Step24_Model1_EQC_CH3,Step25_Model2_EQC_CH4,Step26_Model3_EQB_CH3,Step27_Model1_EQA_CH1,Step28_Model3_EQB_CH1,Step29_Model2_EQC_CH1,Step30_Model3_EQC_CH2,,,,,,,33.54750893990163,,,,,,,,38.79854527065051,,37.63539489511149,,,,,,,,,59.67819614839445,,,,40.107299159080874,,,,,,,,,,45.410401036590876,,,,,49.50637528459432,,,,,,,,,,,,,,,,,,,
T019_W10,T019,10,Step1_Model2_EQB_CH2,Step2_Model2_EQC_CH3,Step3_Model2_EQB_CH1,Step4_Model1_EQA_CH4,Step5_Model3_EQA_CH1,Step6_Model1_EQB_CH3,Step7_Model3_EQC_CH1,Step8_Model2_EQC_CH4,Step9_Model2_EQC_CH2,Step10_Model2_EQC_CH1,Step11_Model3_EQA_CH4,Step12_Model3_EQB_CH4,Step13_Model2_EQA_CH3,Step14_Model2_EQB_CH1,Step15_Model1_EQB_CH1,Step16_Model3_EQB_CH4,Step17_Model3_EQC_CH3,Step18_Model1_EQA_CH1,Step19_Model2_EQA_CH1,Step20_Model1_EQA_CH3,Step21_Model3_EQC_CH4,Step22_Model1_EQA_CH1,Step23_Model1_EQB_CH4,Step24_Model1_EQC_CH1,Step25_Model2_EQC_CH4,Step26_Model3_EQB_CH1,Step27_Model1_EQA_CH2,Step28_Model3_EQB_CH2,Step29_Model2_EQC_CH4,Step30_Model3_EQC_CH2,,,,,,,,39.995675822194464,,,,,,,,,,,,,46.39992813,,,,,,,,,,,,,,,,,,,,,,,,,,,,,,,,,,,,,,,,,,,
T019_W11,T019,11,Step1_Model2_EQB_CH4,Step2_Model2_EQC_CH4,Step3_Model2_EQB_CH2,Step4_Model1_EQA_CH2,Step5_Model3_EQA_CH4,Step6_Model1_EQB_CH2,Step7_Model3_EQC_CH2,Step8_Model2_EQC_CH3,Step9_Model2_EQC_CH1,Step10_Model2_EQC_CH4,Step11_Model3_EQA_CH2,Step12_Model3_EQB_CH3,Step13_Model2_EQA_CH1,Step14_Model2_EQB_CH3,Step15_Model1_EQB_CH4,Step16_Model3_EQB_CH2,Step17_Model3_EQC_CH4,Step18_Model1_EQA_CH2,Step19_Model2_EQA_CH2,Step20_Model1_EQA_CH2,Step21_Model3_EQC_CH4,Step22_Model1_EQA_CH1,Step23_Model1_EQB_CH4,Step24_Model1_EQC_CH4,Step25_Model2_EQC_CH3,Step26_Model3_EQB_CH3,Step27_Model1_EQA_CH2,Step28_Model3_EQB_CH4,Step29_Model2_EQC_CH1,Step30_Model3_EQC_CH1,40.77744860589422,,,,,57.74157802572069,,,,,,,,59.137136436920464,40.30033249451194,,,,,,,,63.44979388238872,,,,,,,,,,,,,,,,,,57.33460086080694,,,,,,,,,,,,,,,,,,,,,,,
T019_W12,T019,12,Step1_Model2_EQB_CH1,Step2_Model2_EQC_CH3,Step3_Model2_EQB_CH1,Step4_Model1_EQA_CH1,Step5_Model3_EQA_CH4,Step6_Model1_EQB_CH2,Step7_Model3_EQC_CH3,Step8_Model2_EQC_CH3,Step9_Model2_EQC_CH1,Step10_Model2_EQC_CH3,Step11_Model3_EQA_CH4,Step12_Model3_EQB_CH1,Step13_Model2_EQA_CH1,Step14_Model2_EQB_CH1,Step15_Model1_EQB_CH1,Step16_Model3_EQB_CH2,Step17_Model3_EQC_CH4,Step18_Model1_EQA_CH3,Step19_Model2_EQA_CH2,Step20_Model1_EQA_CH1,Step21_Model3_EQC_CH2,Step22_Model1_EQA_CH2,Step23_Model1_EQB_CH4,Step24_Model1_EQC_CH3,Step25_Model2_EQC_CH4,Step26_Model3_EQB_CH3,Step27_Model1_EQA_CH3,Step28_Model3_EQB_CH3,Step29_Model2_EQC_CH3,Step30_Model3_EQC_CH1,,,,,,,,,,,,,,,,66.70157631745491,,,,36.96852784671923,,,,,,,,,,,41.65884801217642,,,,,,,,39.52844541508032,,,61.62490066066334,,,,,,,,,,,,,,10,,,,,,,,
T019_W13,T019,13,Step1_Model2_EQB_CH1,Step2_Model2_EQC_CH1,Step3_Model2_EQB_CH4,Step4_Model1_EQA_CH1,Step5_Model3_EQA_CH4,Step6_Model1_EQB_CH3,Step7_Model3_EQC_CH4,Step8_Model2_EQC_CH2,Step9_Model2_EQC_CH2,Step10_Model2_EQC_CH1,Step11_Model3_EQA_CH4,Step12_Model3_EQB_CH1,Step13_Model2_EQA_CH3,Step14_Model2_EQB_CH4,Step15_Model1_EQB_CH4,Step16_Model3_EQB_CH3,Step17_Model3_EQC_CH3,Step18_Model1_EQA_CH2,Step19_Model2_EQA_CH2,Step20_Model1_EQA_CH1,Step21_Model3_EQC_CH2,Step22_Model1_EQA_CH4,Step23_Model1_EQB_CH4,Step24_Model1_EQC_CH2,Step25_Model2_EQC_CH2,Step26_Model3_EQB_CH2,Step27_Model1_EQA_CH2,Step28_Model3_EQB_CH3,Step29_Model2_EQC_CH2,Step30_Model3_EQC_CH2,47.547331051695785,,,,,,,,,,,,,,,,,,64.63462477781141,,,33.55078706790057,,,38.68198321438433,,47.072762761589786,,,,,,,,49.39252528069931,,,,,43.39164091737116,,,,,42.32653557615747,,,46.96630502832184,,,,8,,,,,,12,,,,,,
T019_W14,T019,14,Step1_Model2_EQB_CH1,Step2_Model2_EQC_CH1,Step3_Model2_EQB_CH4,Step4_Model1_EQA_CH1,Step5_Model3_EQA_CH3,Step6_Model1_EQB_CH4,Step7_Model3_EQC_CH3,Step8_Model2_EQC_CH2,Step9_Model2_EQC_CH1,Step10_Model2_EQC_CH3,Step11_Model3_EQA_CH3,Step12_Model3_EQB_CH4,Step13_Model2_EQA_CH4,Step14_Model2_EQB_CH3,Step15_Model1_EQB_CH4,Step16_Model3_EQB_CH1,Step17_Model3_EQC_CH3,Step18_Model1_EQA_CH2,Step19_Model2_EQA_CH2,Step20_Model1_EQA_CH3,Step21_Model3_EQC_CH3,Step22_Model1_EQA_CH3,Step23_Model1_EQB_CH1,Step24_Model1_EQC_CH3,Step25_Model2_EQC_CH3,Step26_Model3_EQB_CH1,Step27_Model1_EQA_CH4,Step28_Model3_EQB_CH1,Step29_Model2_EQC_CH4,Step30_Model3_EQC_CH3,,,,,,,46.82559317680489,,,,,,,,,,,,,,,,,,,,,,,,,,,,,,54.64009086042749,,47.62655068616368,,51.39576649515503,,,,49.859588556303954,,,57.60424598452003,,,,,,,,,,,,,,,,
T019_W15,T019,15,Step1_Model2_EQB_CH1,Step2_Model2_EQC_CH4,Step3_Model2_EQB_CH1,Step4_Model1_EQA_CH1,Step5_Model3_EQA_CH3,Step6_Model1_EQB_CH2,Step7_Model3_EQC_CH4,Step8_Model2_EQC_CH1,Step9_Model2_EQC_CH3,Step10_Model2_EQC_CH1,Step11_Model3_EQA_CH2,Step12_Model3_EQB_CH2,Step13_Model2_EQA_CH3,Step14_Model2_EQB_CH3,Step15_Model1_EQB_CH2,Step16_Model3_EQB_CH1,Step17_Model3_EQC_CH1,Step18_Model1_EQA_CH3,Step19_Model2_EQA_CH4,Step20_Model1_EQA_CH3,Step21_Model3_EQC_CH2,Step22_Model1_EQA_CH4,Step23_Model1_EQB_CH1,Step24_Model1_EQC_CH1,Step25_Model2_EQC_CH2,Step26_Model3_EQB_CH1,Step27_Model1_EQA_CH2,Step28_Model3_EQB_CH2,Step29_Model2_EQC_CH3,Step30_Model3_EQC_CH2,,,,,,,,,,,,,,,,59.58799048836438,,,64.51573554885567,,37.98391619800289,,,,,,,,,,,,,,,,,,,,56.15303918565824,,,,,,55.58700529290956,,,,,,,,,,,,,,,,,
T019_W16,T019,16,Step1_Model2_EQB_CH1,Step2_Model2_EQC_CH2,Step3_Model2_EQB_CH3,Step4_Model1_EQA_CH4,Step5_Model3_EQA_CH3,Step6_Model1_EQB_CH2,Step7_Model3_EQC_CH1,Step8_Model2_EQC_CH3,Step9_Model2_EQC_CH2,Step10_Model2_EQC_CH1,Step11_Model3_EQA_CH4,Step12_Model3_EQB_CH3,Step13_Model2_EQA_CH2,Step14_Model2_EQB_CH3,Step15_Model1_EQB_CH3,Step16_Model3_EQB_CH2,Step17_Model3_EQC_CH4,Step18_Model1_EQA_CH4,Step19_Model2_EQA_CH3,Step20_Model1_EQA_CH4,Step21_Model3_EQC_CH4,Step22_Model1_EQA_CH4,Step23_Model1_EQB_CH2,Step24_Model1_EQC_CH2,Step25_Model2_EQC_CH3,Step26_Model3_EQB_CH2,Step27_Model1_EQA_CH1,Step28_Model3_EQB_CH4,Step29_Model2_EQC_CH2,Step30_Model3_EQC_CH3,,,41.27260196149884,53.06910526323401,,53.68961638815481,46.44775331029564,,,,37.48726665,,,58.46092117730516,33.71647178201683,61.74136801245225,,,,,,,,,,,53.83816552799641,,,,,,,,,54.28443114401945,,39.288904534314746,,,,,,33.580865687946314,,,,,,8,,,,,,,,,,,,,,
T019_W17,T019,17,Step1_Model2_EQB_CH4,Step2_Model2_EQC_CH1,Step3_Model2_EQB_CH2,Step4_Model1_EQA_CH1,Step5_Model3_EQA_CH4,Step6_Model1_EQB_CH4,Step7_Model3_EQC_CH4,Step8_Model2_EQC_CH2,Step9_Model2_EQC_CH4,Step10_Model2_EQC_CH1,Step11_Model3_EQA_CH4,Step12_Model3_EQB_CH2,Step13_Model2_EQA_CH2,Step14_Model2_EQB_CH3,Step15_Model1_EQB_CH3,Step16_Model3_EQB_CH4,Step17_Model3_EQC_CH4,Step18_Model1_EQA_CH4,Step19_Model2_EQA_CH1,Step20_Model1_EQA_CH3,Step21_Model3_EQC_CH3,Step22_Model1_EQA_CH3,Step23_Model1_EQB_CH2,Step24_Model1_EQC_CH3,Step25_Model2_EQC_CH1,Step26_Model3_EQB_CH3,Step27_Model1_EQA_CH3,Step28_Model3_EQB_CH4,Step29_Model2_EQC_CH3,Step30_Model3_EQC_CH1,,,,,63.18766173904668,,,,,,,,,,,,,,,,,37.35929699552457,,,44.19066454727777,,44.00734138173407,55.31476926051612,,,,,,,,,,,,,,,,30.718539821021693,,,66.31081992537898,,,,,,,,,,,,,,,,,
T019_W18,T019,18,Step1_Model2_EQB_CH4,Step2_Model2_EQC_CH1,Step3_Model2_EQB_CH1,Step4_Model1_EQA_CH3,Step5_Model3_EQA_CH2,Step6_Model1_EQB_CH1,Step7_Model3_EQC_CH4,Step8_Model2_EQC_CH3,Step9_Model2_EQC_CH4,Step10_Model2_EQC_CH3,Step11_Model3_EQA_CH1,Step12_Model3_EQB_CH3,Step13_Model2_EQA_CH3,Step14_Model2_EQB_CH1,Step15_Model1_EQB_CH3,Step16_Model3_EQB_CH4,Step17_Model3_EQC_CH1,Step18_Model1_EQA_CH4,Step19_Model2_EQA_CH3,Step20_Model1_EQA_CH2,Step21_Model3_EQC_CH4,Step22_Model1_EQA_CH1,Step23_Model1_EQB_CH1,Step24_Model1_EQC_CH3,Step25_Model2_EQC_CH4,Step26_Model3_EQB_CH1,Step27_Model1_EQA_CH4,Step28_Model3_EQB_CH4,Step29_Model2_EQC_CH3,Step30_Model3_EQC_CH2,,,,,,,,39.28558215410795,,,,,45.572091775410684,56.58095735667382,,,,39.23980299003394,58.34675574577981,38.320552422795586,,,,48.579417954651575,,,,,,41.69311967,,,,,,,,,,37.46113410079974,,51.760605061529034,,,,31.96973494019755,,,,,,,,,,,,,,,,,,
T019_W19,T019,19,Step1_Model2_EQB_CH1,Step2_Model2_EQC_CH2,Step3_Model2_EQB_CH3,Step4_Model1_EQA_CH3,Step5_Model3_EQA_CH2,Step6_Model1_EQB_CH2,Step7_Model3_EQC_CH1,Step8_Model2_EQC_CH4,Step9_Model2_EQC_CH1,Step10_Model2_EQC_CH2,Step11_Model3_EQA_CH1,Step12_Model3_EQB_CH3,Step13_Model2_EQA_CH2,Step14_Model2_EQB_CH1,Step15_Model1_EQB_CH3,Step16_Model3_EQB_CH2,Step17_Model3_EQC_CH4,Step18_Model1_EQA_CH1,Step19_Model2_EQA_CH2,Step20_Model1_EQA_CH4,Step21_Model3_EQC_CH1,Step22_Model1_EQA_CH1,Step23_Model1_EQB_CH1,Step24_Model1_EQC_CH3,Step25_Model2_EQC_CH2,Step26_Model3_EQB_CH4,Step27_Model1_EQA_CH2,Step28_Model3_EQB_CH4,Step29_Model2_EQC_CH3,Step30_Model3_EQC_CH2,37.03316952558841,,,,,,,,,66.72443852660338,,,,,,,,,,,,,,,,,,,,,,,,,54.24071045,,,,,,51.315392276660646,,50.27291164063386,,44.36900351,,,,,,,,,,,,,7,,,,,,
T019_W20,T019,20,Step1_Model2_EQB_CH2,Step2_Model2_EQC_CH1,Step3_Model2_EQB_CH2,Step4_Model1_EQA_CH3,Step5_Model3_EQA_CH4,Step6_Model1_EQB_CH1,Step7_Model3_EQC_CH1,Step8_Model2_EQC_CH3,Step9_Model2_EQC_CH2,Step10_Model2_EQC_CH3,Step11_Model3_EQA_CH2,Step12_Model3_EQB_CH4,Step13_Model2_EQA_CH2,Step14_Model2_EQB_CH4,Step15_Model1_EQB_CH1,Step16_Model3_EQB_CH4,Step17_Model3_EQC_CH3,Step18_Model1_EQA_CH3,Step19_Model2_EQA_CH2,Step20_Model1_EQA_CH4,Step21_Model3_EQC_CH3,Step22_Model1_EQA_CH3,Step23_Model1_EQB_CH4,Step24_Model1_EQC_CH3,Step25_Model2_EQC_CH4,Step26_Model3_EQB_CH3,Step27_Model1_EQA_CH3,Step28_Model3_EQB_CH2,Step29_Model2_EQC_CH4,Step30_Model3_EQC_CH1,,,,,,,,,,,,,,64.83127075786402,,64.49853697943479,,,,,40.211420551042494,27.08916314537484,,47.59134303011523,,,,,47.17592372602072,,,,65.49050510723083,61.071501374198334,54.047664227100015,,,33.28407467979632,44.117582014813586,,,,,,,,57.90908930890338,,,,,,,,,,,,,,,,,
T019_W21,T019,21,Step1_Model2_EQB_CH1,Step2_Model2_EQC_CH4,Step3_Model2_EQB_CH2,Step4_Model1_EQA_CH1,Step5_Model3_EQA_CH2,Step6_Model1_EQB_CH1,Step7_Model3_EQC_CH3,Step8_Model2_EQC_CH4,Step9_Model2_EQC_CH1,Step10_Model2_EQC_CH1,Step11_Model3_EQA_CH2,Step12_Model3_EQB_CH2,Step13_Model2_EQA_CH3,Step14_Model2_EQB_CH4,Step15_Model1_EQB_CH1,Step16_Model3_EQB_CH3,Step17_Model3_EQC_CH4,Step18_Model1_EQA_CH3,Step19_Model2_EQA_CH3,Step20_Model1_EQA_CH4,Step21_Model3_EQC_CH3,Step22_Model1_EQA_CH4,Step23_Model1_EQB_CH3,Step24_Model1_EQC_CH4,Step25_Model2_EQC_CH3,Step26_Model3_EQB_CH2,Step27_Model1_EQA_CH4,Step28_Model3_EQB_CH3,Step29_Model2_EQC_CH2,Step30_Model3_EQC_CH3,39.37656546018456,,,,,,,41.15905061696229,,,,,47.580279120714415,,,,,,59.589811052656266,,40.43171845427283,,,,,,,,,,,,,56.865356691539816,,,,,,,,,,,,,,,,,,,8,,,,,,,,,,,
T019_W22,T019,22,Step1_Model2_EQB_CH4,Step2_Model2_EQC_CH1,Step3_Model2_EQB_CH4,Step4_Model1_EQA_CH1,Step5_Model3_EQA_CH4,Step6_Model1_EQB_CH2,Step7_Model3_EQC_CH1,Step8_Model2_EQC_CH4,Step9_Model2_EQC_CH4,Step10_Model2_EQC_CH2,Step11_Model3_EQA_CH2,Step12_Model3_EQB_CH3,Step13_Model2_EQA_CH3,Step14_Model2_EQB_CH4,Step15_Model1_EQB_CH1,Step16_Model3_EQB_CH3,Step17_Model3_EQC_CH2,Step18_Model1_EQA_CH4,Step19_Model2_EQA_CH4,Step20_Model1_EQA_CH2,Step21_Model3_EQC_CH2,Step22_Model1_EQA_CH1,Step23_Model1_EQB_CH2,Step24_Model1_EQC_CH4,Step25_Model2_EQC_CH2,Step26_Model3_EQB_CH3,Step27_Model1_EQA_CH1,Step28_Model3_EQB_CH4,Step29_Model2_EQC_CH1,Step30_Model3_EQC_CH4,46.06113715704523,,,,58.92983132148872,,,,,,,,,,50.80411617385992,,,,,,44.021298401982165,,,,,,,,,,,,,,,,,,,,,,,,,,,50.385924168725445,,,,14,,,,,,,,,,,,
T019_W23,T019,23,Step1_Model2_EQB_CH3,Step2_Model2_EQC_CH1,Step3_Model2_EQB_CH4,Step4_Model1_EQA_CH1,Step5_Model3_EQA_CH4,Step6_Model1_EQB_CH3,Step7_Model3_EQC_CH3,Step8_Model2_EQC_CH2,Step9_Model2_EQC_CH2,Step10_Model2_EQC_CH4,Step11_Model3_EQA_CH3,Step12_Model3_EQB_CH4,Step13_Model2_EQA_CH1,Step14_Model2_EQB_CH4,Step15_Model1_EQB_CH1,Step16_Model3_EQB_CH4,Step17_Model3_EQC_CH2,Step18_Model1_EQA_CH1,Step19_Model2_EQA_CH2,Step20_Model1_EQA_CH4,Step21_Model3_EQC_CH2,Step22_Model1_EQA_CH2,Step23_Model1_EQB_CH4,Step24_Model1_EQC_CH4,Step25_Model2_EQC_CH3,Step26_Model3_EQB_CH1,Step27_Model1_EQA_CH3,Step28_Model3_EQB_CH1,Step29_Model2_EQC_CH3,Step30_Model3_EQC_CH3,,,34.59517994552514,,60.57540322645458,66.67305088112587,,,,,35.04878994289202,,,69.60937919375877,,,38.48602520000613,,,,,,62.027037692580116,,,,47.229763228630155,,,,,,,,,,,,,,,,,,48.045486681666134,,,,,,,,,,,,,,,,,,,
T019_W24,T019,24,Step1_Model2_EQB_CH2,Step2_Model2_EQC_CH2,Step3_Model2_EQB_CH3,Step4_Model1_EQA_CH3,Step5_Model3_EQA_CH2,Step6_Model1_EQB_CH3,Step7_Model3_EQC_CH3,Step8_Model2_EQC_CH4,Step9_Model2_EQC_CH2,Step10_Model2_EQC_CH1,Step11_Model3_EQA_CH4,Step12_Model3_EQB_CH4,Step13_Model2_EQA_CH2,Step14_Model2_EQB_CH2,Step15_Model1_EQB_CH1,Step16_Model3_EQB_CH1,Step17_Model3_EQC_CH3,Step18_Model1_EQA_CH2,Step19_Model2_EQA_CH2,Step20_Model1_EQA_CH4,Step21_Model3_EQC_CH4,Step22_Model1_EQA_CH2,Step23_Model1_EQB_CH3,Step24_Model1_EQC_CH2,Step25_Model2_EQC_CH2,Step26_Model3_EQB_CH4,Step27_Model1_EQA_CH4,Step28_Model3_EQB_CH2,Step29_Model2_EQC_CH2,Step30_Model3_EQC_CH3,,,,,61.37096942079041,,46.152457081137335,,,,32.85771719572774,,,,,62.07006940596395,,38.57195311907879,,,,30.913773998382027,58.58494038275534,,,,,,,,,,58.228120250784485,,,,53.51662309786889,42.81333023478119,43.34243996,,,,,,,,,,3,9,,,,,,,,,,,,,,
T019_W25,T019,25,Step1_Model2_EQB_CH2,Step2_Model2_EQC_CH4,Step3_Model2_EQB_CH2,Step4_Model1_EQA_CH3,Step5_Model3_EQA_CH4,Step6_Model1_EQB_CH3,Step7_Model3_EQC_CH1,Step8_Model2_EQC_CH3,Step9_Model2_EQC_CH4,Step10_Model2_EQC_CH3,Step11_Model3_EQA_CH1,Step12_Model3_EQB_CH1,Step13_Model2_EQA_CH2,Step14_Model2_EQB_CH4,Step15_Model1_EQB_CH1,Step16_Model3_EQB_CH1,Step17_Model3_EQC_CH1,Step18_Model1_EQA_CH1,Step19_Model2_EQA_CH3,Step20_Model1_EQA_CH3,Step21_Model3_EQC_CH3,Step22_Model1_EQA_CH3,Step23_Model1_EQB_CH2,Step24_Model1_EQC_CH3,Step25_Model2_EQC_CH4,Step26_Model3_EQB_CH2,Step27_Model1_EQA_CH3,Step28_Model3_EQB_CH1,Step29_Model2_EQC_CH3,Step30_Model3_EQC_CH2,,,36.61491353833359,44.81068083853576,,,,,,,,,,64.15104298823896,,,,,,,,,,,39.095495572244474,54.19908361005836,,,42.433902342061046,,,,,,,,,,,,,,,,45.51953225377198,,,48.22865557879804,,,,,,,,,,,,,,,,
T020_W01,T020,1,Step1_Model1_EQC_CH4,Step2_Model1_EQC_CH4,Step3_Model2_EQA_CH4,Step4_Model2_EQB_CH1,Step5_Model3_EQB_CH1,Step6_Model2_EQA_CH4,Step7_Model3_EQA_CH2,Step8_Model1_EQB_CH3,Step9_Model1_EQB_CH3,Step10_Model1_EQB_CH4,Step11_Model3_EQC_CH4,Step12_Model3_EQB_CH4,Step13_Model3_EQB_CH1,Step14_Model1_EQB_CH1,Step15_Model2_EQB_CH2,Step16_Model3_EQB_CH2,Step17_Model3_EQB_CH1,Step18_Model2_EQC_CH2,Step19_Model2_EQA_CH4,Step20_Model2_EQC_CH4,Step21_Model2_EQC_CH3,Step22_Model2_EQA_CH1,Step23_Model2_EQC_CH4,Step24_Model3_EQC_CH2,Step25_Model3_EQA_CH3,Step26_Model1_EQA_CH1,Step27_Model3_EQB_CH1,Step28_Model1_EQC_CH1,Step29_Model1_EQA_CH1,Step30_Model3_EQC_CH4,,29.60103516944512,,,60.34800208364134,,,,,,,,,,,,,,,,,,64.31797875378443,,,62.810064055122275,,,,,,,,,,,,,,,,62.694051719182504,,,,,,59.27988941434889,,,,,,,,,,,,,,,,
T020_W02,T020,2,Step1_Model1_EQC_CH4,Step2_Model1_EQC_CH3,Step3_Model2_EQA_CH1,Step4_Model2_EQB_CH2,Step5_Model3_EQB_CH1,Step6_Model2_EQA_CH3,Step7_Model3_EQA_CH2,Step8_Model1_EQB_CH3,Step9_Model1_EQB_CH3,Step10_Model1_EQB_CH3,Step11_Model3_EQC_CH4,Step12_Model3_EQB_CH1,Step13_Model3_EQB_CH4,Step14_Model1_EQB_CH3,Step15_Model2_EQB_CH2,Step16_Model3_EQB_CH1,Step17_Model3_EQB_CH2,Step18_Model2_EQC_CH3,Step19_Model2_EQA_CH4,Step20_Model2_EQC_CH4,Step21_Model2_EQC_CH2,Step22_Model2_EQA_CH4,Step23_Model2_EQC_CH3,Step24_Model3_EQC_CH4,Step25_Model3_EQA_CH4,Step26_Model1_EQA_CH4,Step27_Model3_EQB_CH3,Step28_Model1_EQC_CH4,Step29_Model1_EQA_CH2,Step30_Model3_EQC_CH3,,,,,,,,37.96461522717959,,,,,,,,,,,66.53950728110134,,,,62.175265405479735,,,,,63.173371867105935,,,,,,,,63.55917167041851,,39.41663957911453,,38.89366533871802,,,,,40.59455049,,,,,,,,,,,,,,,,,,,
T020_W03,T020,3,Step1_Model1_EQC_CH1,Step2_Model1_EQC_CH1,Step3_Model2_EQA_CH3,Step4_Model2_EQB_CH4,Step5_Model3_EQB_CH2,Step6_Model2_EQA_CH1,Step7_Model3_EQA_CH3,Step8_Model1_EQB_CH3,Step9_Model1_EQB_CH1,Step10_Model1_EQB_CH3,Step11_Model3_EQC_CH1,Step12_Model3_EQB_CH2,Step13_Model3_EQB_CH4,Step14_Model1_EQB_CH2,Step15_Model2_EQB_CH2,Step16_Model3_EQB_CH3,Step17_Model3_EQB_CH3,Step18_Model2_EQC_CH4,Step19_Model2_EQA_CH1,Step20_Model2_EQC_CH4,Step21_Model2_EQC_CH1,Step22_Model2_EQA_CH4,Step23_Model2_EQC_CH2,Step24_Model3_EQC_CH1,Step25_Model3_EQA_CH4,Step26_Model1_EQA_CH3,Step27_Model3_EQB_CH1,Step28_Model1_EQC_CH3,Step29_Model1_EQA_CH2,Step30_Model3_EQC_CH1,,,,,,,43.258562550102546,30.82995117467669,,,,,42.96728499079955,,,,,,,,,,58.06365209,,,59.509485474839984,,53.88373077868996,,40.23211098451574,,,,,,,,47.86829127754159,,,49.490552336349126,,,30.32499046332953,,,,,,,,,,,,,,,,,,,,
T020_W04,T020,4,Step1_Model1_EQC_CH2,Step2_Model1_EQC_CH4,Step3_Model2_EQA_CH4,Step4_Model2_EQB_CH4,Step5_Model3_EQB_CH1,Step6_Model2_EQA_CH1,Step7_Model3_EQA_CH3,Step8_Model1_EQB_CH3,Step9_Model1_EQB_CH1,Step10_Model1_EQB_CH4,Step11_Model3_EQC_CH4,Step12_Model3_EQB_CH1,Step13_Model3_EQB_CH4,Step14_Model1_EQB_CH4,Step15_Model2_EQB_CH2,Step16_Model3_EQB_CH4,Step17_Model3_EQB_CH2,Step18_Model2_EQC_CH3,Step19_Model2_EQA_CH1,Step20_Model2_EQC_CH4,Step21_Model2_EQC_CH4,Step22_Model2_EQA_CH2,Step23_Model2_EQC_CH4,Step24_Model3_EQC_CH3,Step25_Model3_EQA_CH4,Step26_Model1_EQA_CH3,Step27_Model3_EQB_CH2,Step28_Model1_EQC_CH1,Step29_Model1_EQA_CH4,Step30_Model3_EQC_CH1,,,,,61.587628823001374,,,,58.91509043883322,,,,,,,,,,,,,,,,36.44621637832852,,49.989378506682044,,,,,48.877559885337256,,,,,,,,,,,,36.399821303535305,,,53.03554780141793,,,,,,,,,,,,,,,,,
T020_W05,T020,5,Step1_Model1_EQC_CH2,Step2_Model1_EQC_CH1,Step3_Model2_EQA_CH1,Step4_Model2_EQB_CH3,Step5_Model3_EQB_CH4,Step6_Model2_EQA_CH1,Step7_Model3_EQA_CH2,Step8_Model1_EQB_CH1,Step9_Model1_EQB_CH4,Step10_Model1_EQB_CH3,Step11_Model3_EQC_CH4,Step12_Model3_EQB_CH4,Step13_Model3_EQB_CH2,Step14_Model1_EQB_CH3,Step15_Model2_EQB_CH2,Step16_Model3_EQB_CH4,Step17_Model3_EQB_CH3,Step18_Model2_EQC_CH3,Step19_Model2_EQA_CH3,Step20_Model2_EQC_CH2,Step21_Model2_EQC_CH2,Step22_Model2_EQA_CH4,Step23_Model2_EQC_CH1,Step24_Model3_EQC_CH1,Step25_Model3_EQA_CH4,Step26_Model1_EQA_CH2,Step27_Model3_EQB_CH2,Step28_Model1_EQC_CH3,Step29_Model1_EQA_CH4,Step30_Model3_EQC_CH1,39.13317361385845,,,,,,,,,,,,,,47.73718708663337,,,34.420715081523916,,,,,,,,,,59.14732143119373,,47.13122086,,,,66.23041512322627,,64.96824358637122,,,,,,,,,,,,39.84256516421302,,,,,6,,,,,,,,,,,
T020_W06,T020,6,Step1_Model1_EQC_CH2,Step2_Model1_EQC_CH3,Step3_Model2_EQA_CH2,Step4_Model2_EQB_CH2,Step5_Model3_EQB_CH2,Step6_Model2_EQA_CH2,Step7_Model3_EQA_CH2,Step8_Model1_EQB_CH1,Step9_Model1_EQB_CH3,Step10_Model1_EQB_CH1,Step11_Model3_EQC_CH4,Step12_Model3_EQB_CH4,Step13_Model3_EQB_CH4,Step14_Model1_EQB_CH2,Step15_Model2_EQB_CH3,Step16_Model3_EQB_CH4,Step17_Model3_EQB_CH3,Step18_Model2_EQC_CH1,Step19_Model2_EQA_CH1,Step20_Model2_EQC_CH4,Step21_Model2_EQC_CH2,Step22_Model2_EQA_CH3,Step23_Model2_EQC_CH1,Step24_Model3_EQC_CH4,Step25_Model3_EQA_CH1,Step26_Model1_EQA_CH3,Step27_Model3_EQB_CH2,Step28_Model1_EQC_CH1,Step29_Model1_EQA_CH3,Step30_Model3_EQC_CH2,,,,,61.43598638715127,,,,,,,,,,46.33616588911599,,53.06718790538279,,,,,,,,,60.944569924043044,,,52.02637528599009,,,,,,,,55.57482719791511,,37.895816175262624,,,,,,53.36837365998195,,,,,,6,,,,,,,,,,,,,
T020_W07,T020,7,Step1_Model1_EQC_CH1,Step2_Model1_EQC_CH2,Step3_Model2_EQA_CH2,Step4_Model2_EQB_CH4,Step5_Model3_EQB_CH1,Step6_Model2_EQA_CH4,Step7_Model3_EQA_CH1,Step8_Model1_EQB_CH2,Step9_Model1_EQB_CH3,Step10_Model1_EQB_CH2,Step11_Model3_EQC_CH3,Step12_Model3_EQB_CH2,Step13_Model3_EQB_CH2,Step14_Model1_EQB_CH4,Step15_Model2_EQB_CH2,Step16_Model3_EQB_CH3,Step17_Model3_EQB_CH1,Step18_Model2_EQC_CH1,Step19_Model2_EQA_CH2,Step20_Model2_EQC_CH4,Step21_Model2_EQC_CH4,Step22_Model2_EQA_CH4,Step23_Model2_EQC_CH4,Step24_Model3_EQC_CH3,Step25_Model3_EQA_CH3,Step26_Model1_EQA_CH3,Step27_Model3_EQB_CH4,Step28_Model1_EQC_CH4,Step29_Model1_EQA_CH4,Step30_Model3_EQC_CH3,,32.26101150090233,,52.624247735260724,,74.90556689455897,44.506204336442345,,48.57393073529009,,,38.93106741212957,,,,,,,,,,,,,,,,,,,,,,,52.40400090649533,,56.11819680250447,,,45.95993152776723,,,,,,,,,,,,,,,,,,,,,,,,
T020_W08,T020,8,Step1_Model1_EQC_CH3,Step2_Model1_EQC_CH4,Step3_Model2_EQA_CH1,Step4_Model2_EQB_CH3,Step5_Model3_EQB_CH2,Step6_Model2_EQA_CH4,Step7_Model3_EQA_CH4,Step8_Model1_EQB_CH4,Step9_Model1_EQB_CH2,Step10_Model1_EQB_CH1,Step11_Model3_EQC_CH4,Step12_Model3_EQB_CH2,Step13_Model3_EQB_CH4,Step14_Model1_EQB_CH2,Step15_Model2_EQB_CH4,Step16_Model3_EQB_CH1,Step17_Model3_EQB_CH3,Step18_Model2_EQC_CH1,Step19_Model2_EQA_CH2,Step20_Model2_EQC_CH1,Step21_Model2_EQC_CH4,Step22_Model2_EQA_CH4,Step23_Model2_EQC_CH3,Step24_Model3_EQC_CH2,Step25_Model3_EQA_CH3,Step26_Model1_EQA_CH2,Step27_Model3_EQB_CH1,Step28_Model1_EQC_CH4,Step29_Model1_EQA_CH3,Step30_Model3_EQC_CH2,,,,,,,,,,52.78035722192199,,,,,,,,,,,,,,45.12953479893851,,66.48791923387219,,,,,,,,,50.964786959407895,49.20978385956859,,,,45.59082779082585,,,,35.875827699891495,42.59310607,,,,,,,,,,,,,,,,,,,
T020_W09,T020,9,Step1_Model1_EQC_CH2,Step2_Model1_EQC_CH2,Step3_Model2_EQA_CH1,Step4_Model2_EQB_CH3,Step5_Model3_EQB_CH2,Step6_Model2_EQA_CH4,Step7_Model3_EQA_CH4,Step8_Model1_EQB_CH2,Step9_Model1_EQB_CH3,Step10_Model1_EQB_CH1,Step11_Model3_EQC_CH3,Step12_Model3_EQB_CH1,Step13_Model3_EQB_CH1,Step14_Model1_EQB_CH1,Step15_Model2_EQB_CH2,Step16_Model3_EQB_CH2,Step17_Model3_EQB_CH2,Step18_Model2_EQC_CH3,Step19_Model2_EQA_CH1,Step20_Model2_EQC_CH4,Step21_Model2_EQC_CH3,Step22_Model2_EQA_CH1,Step23_Model2_EQC_CH4,Step24_Model3_EQC_CH1,Step25_Model3_EQA_CH1,Step26_Model1_EQA_CH4,Step27_Model3_EQB_CH4,Step28_Model1_EQC_CH2,Step29_Model1_EQA_CH4,Step30_Model3_EQC_CH4,,,,,,,,,,,,,,57.872079808019976,,,,,54.44296465384242,,,,,,,,,56.554005120131734,,,,,,,,,,,,,,,,29.136674612981633,,,,55.807005566875944,,,,,,,,,,,,,,,,
T020_W10,T020,10,Step1_Model1_EQC_CH3,Step2_Model1_EQC_CH3,Step3_Model2_EQA_CH1,Step4_Model2_EQB_CH4,Step5_Model3_EQB_CH2,Step6_Model2_EQA_CH2,Step7_Model3_EQA_CH1,Step8_Model1_EQB_CH2,Step9_Model1_EQB_CH2,Step10_Model1_EQB_CH1,Step11_Model3_EQC_CH3,Step12_Model3_EQB_CH4,Step13_Model3_EQB_CH3,Step14_Model1_EQB_CH4,Step15_Model2_EQB_CH3,Step16_Model3_EQB_CH4,Step17_Model3_EQB_CH4,Step18_Model2_EQC_CH2,Step19_Model2_EQA_CH3,Step20_Model2_EQC_CH1,Step21_Model2_EQC_CH1,Step22_Model2_EQA_CH3,Step23_Model2_EQC_CH2,Step24_Model3_EQC_CH4,Step25_Model3_EQA_CH2,Step26_Model1_EQA_CH4,Step27_Model3_EQB_CH2,Step28_Model1_EQC_CH2,Step29_Model1_EQA_CH4,Step30_Model3_EQC_CH1,,,,,,,,,,,,,,,,57.547252145716875,,44.49553418057927,,,,,,,,59.388033585658526,,,,,43.95954941271048,,,,,,,,49.811798682858495,47.01574468605696,,,,,,,,,10,,,,,,,,,,,,,,,
T020_W11,T020,11,Step1_Model1_EQC_CH3,Step2_Model1_EQC_CH3,Step3_Model2_EQA_CH4,Step4_Model2_EQB_CH4,Step5_Model3_EQB_CH2,Step6_Model2_EQA_CH2,Step7_Model3_EQA_CH4,Step8_Model1_EQB_CH4,Step9_Model1_EQB_CH3,Step10_Model1_EQB_CH3,Step11_Model3_EQC_CH1,Step12_Model3_EQB_CH1,Step13_Model3_EQB_CH4,Step14_Model1_EQB_CH2,Step15_Model2_EQB_CH1,Step16_Model3_EQB_CH1,Step17_Model3_EQB_CH3,Step18_Model2_EQC_CH2,Step19_Model2_EQA_CH1,Step20_Model2_EQC_CH1,Step21_Model2_EQC_CH4,Step22_Model2_EQA_CH2,Step23_Model2_EQC_CH1,Step24_Model3_EQC_CH2,Step25_Model3_EQA_CH3,Step26_Model1_EQA_CH3,Step27_Model3_EQB_CH4,Step28_Model1_EQC_CH3,Step29_Model1_EQA_CH1,Step30_Model3_EQC_CH1,,,,,,,46.579720374802555,,62.13066289828709,,,41.49342494329893,,,,,,,,32.57548129845667,,,,,,60.01227727690548,,,47.929768259921815,,,,,,48.63285734461153,,,,,,,,,52.99033511745758,,,59.56124415916259,,,,,,,,,,,,,,,,,
T020_W12,T020,12,Step1_Model1_EQC_CH3,Step2_Model1_EQC_CH4,Step3_Model2_EQA_CH1,Step4_Model2_EQB_CH3,Step5_Model3_EQB_CH4,Step6_Model2_EQA_CH3,Step7_Model3_EQA_CH2,Step8_Model1_EQB_CH2,Step9_Model1_EQB_CH4,Step10_Model1_EQB_CH4,Step11_Model3_EQC_CH3,Step12_Model3_EQB_CH3,Step13_Model3_EQB_CH4,Step14_Model1_EQB_CH2,Step15_Model2_EQB_CH1,Step16_Model3_EQB_CH4,Step17_Model3_EQB_CH3,Step18_Model2_EQC_CH2,Step19_Model2_EQA_CH4,Step20_Model2_EQC_CH4,Step21_Model2_EQC_CH1,Step22_Model2_EQA_CH1,Step23_Model2_EQC_CH2,Step24_Model3_EQC_CH4,Step25_Model3_EQA_CH2,Step26_Model1_EQA_CH1,Step27_Model3_EQB_CH2,Step28_Model1_EQC_CH4,Step29_Model1_EQA_CH2,Step30_Model3_EQC_CH1,,34.12975627104772,,,,,,31.635946569238172,,,,,44.135387776198115,,,,,,,,,,62.910586654968675,,,,,,,,,,,,50.36485195812204,,49.997727971584624,38.97032267611649,50.53449034515666,,,,,,,,,,,,,,,,,,,,,,,,,
T020_W13,T020,13,Step1_Model1_EQC_CH4,Step2_Model1_EQC_CH2,Step3_Model2_EQA_CH4,Step4_Model2_EQB_CH3,Step5_Model3_EQB_CH2,Step6_Model2_EQA_CH2,Step7_Model3_EQA_CH4,Step8_Model1_EQB_CH3,Step9_Model1_EQB_CH3,Step10_Model1_EQB_CH2,Step11_Model3_EQC_CH1,Step12_Model3_EQB_CH2,Step13_Model3_EQB_CH1,Step14_Model1_EQB_CH4,Step15_Model2_EQB_CH2,Step16_Model3_EQB_CH4,Step17_Model3_EQB_CH4,Step18_Model2_EQC_CH2,Step19_Model2_EQA_CH3,Step20_Model2_EQC_CH4,Step21_Model2_EQC_CH2,Step22_Model2_EQA_CH2,Step23_Model2_EQC_CH1,Step24_Model3_EQC_CH4,Step25_Model3_EQA_CH4,Step26_Model1_EQA_CH2,Step27_Model3_EQB_CH2,Step28_Model1_EQC_CH4,Step29_Model1_EQA_CH2,Step30_Model3_EQC_CH3,,,,,,,,,,,,,,,,,,,,40.18126067721186,,,,,,,,,49.35190507735122,,,43.006232048887306,,,,,,,,,,,,,,,54.84580617507747,,,,,,,,,,,,,,,,,
T020_W14,T020,14,Step1_Model1_EQC_CH3,Step2_Model1_EQC_CH4,Step3_Model2_EQA_CH2,Step4_Model2_EQB_CH2,Step5_Model3_EQB_CH4,Step6_Model2_EQA_CH4,Step7_Model3_EQA_CH4,Step8_Model1_EQB_CH3,Step9_Model1_EQB_CH3,Step10_Model1_EQB_CH3,Step11_Model3_EQC_CH3,Step12_Model3_EQB_CH1,Step13_Model3_EQB_CH4,Step14_Model1_EQB_CH4,Step15_Model2_EQB_CH3,Step16_Model3_EQB_CH1,Step17_Model3_EQB_CH3,Step18_Model2_EQC_CH2,Step19_Model2_EQA_CH2,Step20_Model2_EQC_CH2,Step21_Model2_EQC_CH4,Step22_Model2_EQA_CH3,Step23_Model2_EQC_CH3,Step24_Model3_EQC_CH1,Step25_Model3_EQA_CH1,Step26_Model1_EQA_CH4,Step27_Model3_EQB_CH3,Step28_Model1_EQC_CH3,Step29_Model1_EQA_CH2,Step30_Model3_EQC_CH1,34.793033736108974,,,,,,,,,59.99561733144321,,,,,,,,,,,,,,47.13412714,,,,50.833515684875046,,29.13193627977639,,,60.66757621074017,,,,,,,,,,,,,,,56.46179756504859,,,,,,,,,,15,,,,,,
T020_W15,T020,15,Step1_Model1_EQC_CH2,Step2_Model1_EQC_CH1,Step3_Model2_EQA_CH1,Step4_Model2_EQB_CH1,Step5_Model3_EQB_CH3,Step6_Model2_EQA_CH3,Step7_Model3_EQA_CH2,Step8_Model1_EQB_CH3,Step9_Model1_EQB_CH2,Step10_Model1_EQB_CH3,Step11_Model3_EQC_CH4,Step12_Model3_EQB_CH1,Step13_Model3_EQB_CH3,Step14_Model1_EQB_CH4,Step15_Model2_EQB_CH3,Step16_Model3_EQB_CH3,Step17_Model3_EQB_CH3,Step18_Model2_EQC_CH3,Step19_Model2_EQA_CH3,Step20_Model2_EQC_CH2,Step21_Model2_EQC_CH1,Step22_Model2_EQA_CH3,Step23_Model2_EQC_CH4,Step24_Model3_EQC_CH3,Step25_Model3_EQA_CH4,Step26_Model1_EQA_CH4,Step27_Model3_EQB_CH1,Step28_Model1_EQC_CH1,Step29_Model1_EQA_CH3,Step30_Model3_EQC_CH4,,,,,,,,,,,,,,,,64.1442437,,,,40.79792004957041,,,,,,56.849897542390565,47.463527483924764,,,,,,52.69128553004871,61.81330452168258,,62.33559177860101,,,,,48.25051996413752,,60.45032269104311,,51.86889329368032,,,53.31130077297909,,7,,,,,,,,,,,,,,
T020_W16,T020,16,Step1_Model1_EQC_CH2,Step2_Model1_EQC_CH2,Step3_Model2_EQA_CH3,Step4_Model2_EQB_CH4,Step5_Model3_EQB_CH4,Step6_Model2_EQA_CH1,Step7_Model3_EQA_CH1,Step8_Model1_EQB_CH4,Step9_Model1_EQB_CH3,Step10_Model1_EQB_CH4,Step11_Model3_EQC_CH4,Step12_Model3_EQB_CH2,Step13_Model3_EQB_CH4,Step14_Model1_EQB_CH1,Step15_Model2_EQB_CH3,Step16_Model3_EQB_CH4,Step17_Model3_EQB_CH4,Step18_Model2_EQC_CH3,Step19_Model2_EQA_CH3,Step20_Model2_EQC_CH4,Step21_Model2_EQC_CH1,Step22_Model2_EQA_CH3,Step23_Model2_EQC_CH4,Step24_Model3_EQC_CH4,Step25_Model3_EQA_CH4,Step26_Model1_EQA_CH3,Step27_Model3_EQB_CH3,Step28_Model1_EQC_CH2,Step29_Model1_EQA_CH2,Step30_Model3_EQC_CH1,,,,48.789433994191285,,,,,53.15604679171054,,,,,,,,,,,,,,,,,54.49725680490219,,,,45.324108623435755,,,,,,,,,42.54065755491745,,58.77579310161137,,,28.145843750589513,48.32038055735218,,58.62511328985227,56.084462517618135,,,,,,,,,8,,,,,,,
T020_W17,T020,17,Step1_Model1_EQC_CH3,Step2_Model1_EQC_CH3,Step3_Model2_EQA_CH4,Step4_Model2_EQB_CH2,Step5_Model3_EQB_CH2,Step6_Model2_EQA_CH2,Step7_Model3_EQA_CH3,Step8_Model1_EQB_CH3,Step9_Model1_EQB_CH1,Step10_Model1_EQB_CH2,Step11_Model3_EQC_CH2,Step12_Model3_EQB_CH2,Step13_Model3_EQB_CH2,Step14_Model1_EQB_CH1,Step15_Model2_EQB_CH4,Step16_Model3_EQB_CH1,Step17_Model3_EQB_CH1,Step18_Model2_EQC_CH4,Step19_Model2_EQA_CH4,Step20_Model2_EQC_CH2,Step21_Model2_EQC_CH1,Step22_Model2_EQA_CH4,Step23_Model2_EQC_CH4,Step24_Model3_EQC_CH3,Step25_Model3_EQA_CH3,Step26_Model1_EQA_CH3,Step27_Model3_EQB_CH4,Step28_Model1_EQC_CH1,Step29_Model1_EQA_CH3,Step30_Model3_EQC_CH4,,,,,,,,,,,,,,,,,,33.49764723707984,,,,,,,,,,,,39.27412067775443,,,,,,52.88238809826766,,,48.81544698336097,,,,,,,,,52.783808563499974,,,,,,,,,,,,,,,,
T020_W18,T020,18,Step1_Model1_EQC_CH4,Step2_Model1_EQC_CH2,Step3_Model2_EQA_CH1,Step4_Model2_EQB_CH3,Step5_Model3_EQB_CH4,Step6_Model2_EQA_CH2,Step7_Model3_EQA_CH3,Step8_Model1_EQB_CH1,Step9_Model1_EQB_CH2,Step10_Model1_EQB_CH3,Step11_Model3_EQC_CH4,Step12_Model3_EQB_CH1,Step13_Model3_EQB_CH1,Step14_Model1_EQB_CH2,Step15_Model2_EQB_CH4,Step16_Model3_EQB_CH4,Step17_Model3_EQB_CH2,Step18_Model2_EQC_CH4,Step19_Model2_EQA_CH2,Step20_Model2_EQC_CH4,Step21_Model2_EQC_CH4,Step22_Model2_EQA_CH1,Step23_Model2_EQC_CH1,Step24_Model3_EQC_CH1,Step25_Model3_EQA_CH3,Step26_Model1_EQA_CH4,Step27_Model3_EQB_CH4,Step28_Model1_EQC_CH3,Step29_Model1_EQA_CH4,Step30_Model3_EQC_CH4,,,,,,,,,58.29579382378138,,,,39.96314718322768,,,,,,,,,,,,,,,,,,,,,,48.79339302,,,,,,,,,,,,,,,,,,9,,,,,,,,,,,
T020_W19,T020,19,Step1_Model1_EQC_CH1,Step2_Model1_EQC_CH3,Step3_Model2_EQA_CH4,Step4_Model2_EQB_CH1,Step5_Model3_EQB_CH4,Step6_Model2_EQA_CH3,Step7_Model3_EQA_CH4,Step8_Model1_EQB_CH1,Step9_Model1_EQB_CH3,Step10_Model1_EQB_CH3,Step11_Model3_EQC_CH2,Step12_Model3_EQB_CH4,Step13_Model3_EQB_CH4,Step14_Model1_EQB_CH2,Step15_Model2_EQB_CH3,Step16_Model3_EQB_CH2,Step17_Model3_EQB_CH2,Step18_Model2_EQC_CH1,Step19_Model2_EQA_CH2,Step20_Model2_EQC_CH2,Step21_Model2_EQC_CH4,Step22_Model2_EQA_CH4,Step23_Model2_EQC_CH3,Step24_Model3_EQC_CH4,Step25_Model3_EQA_CH2,Step26_Model1_EQA_CH1,Step27_Model3_EQB_CH4,Step28_Model1_EQC_CH2,Step29_Model1_EQA_CH1,Step30_Model3_EQC_CH2,,,,,,,,42.5089495,,,,,,,,,,,,,47.20318390228444,35.80437367640272,,,,,,,,,,,56.338068504466015,,,,,41.971832581953436,44.32830416481657,,,,,,,,,,,,,,,8,,,,,,,,,,
T020_W20,T020,20,Step1_Model1_EQC_CH4,Step2_Model1_EQC_CH2,Step3_Model2_EQA_CH2,Step4_Model2_EQB_CH4,Step5_Model3_EQB_CH4,Step6_Model2_EQA_CH3,Step7_Model3_EQA_CH1,Step8_Model1_EQB_CH2,Step9_Model1_EQB_CH3,Step10_Model1_EQB_CH4,Step11_Model3_EQC_CH2,Step12_Model3_EQB_CH2,Step13_Model3_EQB_CH4,Step14_Model1_EQB_CH4,Step15_Model2_EQB_CH2,Step16_Model3_EQB_CH1,Step17_Model3_EQB_CH4,Step18_Model2_EQC_CH2,Step19_Model2_EQA_CH2,Step20_Model2_EQC_CH3,Step21_Model2_EQC_CH2,Step22_Model2_EQA_CH1,Step23_Model2_EQC_CH4,Step24_Model3_EQC_CH2,Step25_Model3_EQA_CH1,Step26_Model1_EQA_CH1,Step27_Model3_EQB_CH4,Step28_Model1_EQC_CH1,Step29_Model1_EQA_CH4,Step30_Model3_EQC_CH1,36.98869981756689,42.78261238076517,,48.19120554300472,,,,,,,,,,,,,,,,,,,,,,,,,,,,,,,,,,,39.719647801184124,,,,,29.188167939342115,,,,,,,,,,,,10,8,,,,,,,
T020_W21,T020,21,Step1_Model1_EQC_CH1,Step2_Model1_EQC_CH2,Step3_Model2_EQA_CH3,Step4_Model2_EQB_CH3,Step5_Model3_EQB_CH1,Step6_Model2_EQA_CH4,Step7_Model3_EQA_CH3,Step8_Model1_EQB_CH1,Step9_Model1_EQB_CH3,Step10_Model1_EQB_CH1,Step11_Model3_EQC_CH2,Step12_Model3_EQB_CH3,Step13_Model3_EQB_CH1,Step14_Model1_EQB_CH1,Step15_Model2_EQB_CH3,Step16_Model3_EQB_CH1,Step17_Model3_EQB_CH4,Step18_Model2_EQC_CH1,Step19_Model2_EQA_CH1,Step20_Model2_EQC_CH3,Step21_Model2_EQC_CH1,Step22_Model2_EQA_CH3,Step23_Model2_EQC_CH2,Step24_Model3_EQC_CH1,Step25_Model3_EQA_CH2,Step26_Model1_EQA_CH1,Step27_Model3_EQB_CH2,Step28_Model1_EQC_CH4,Step29_Model1_EQA_CH2,Step30_Model3_EQC_CH2,,,,,62.13454704969665,,,35.70651424781886,,58.71707949146136,,,,,,,,,,,,,,,,,40.38197815812117,54.12944329631134,,,,47.84887920475355,55.17663896467248,,,,,,,,,,,,,38.73362412896731,,,,,,,,,,,,,,,,,,
T020_W22,T020,22,Step1_Model1_EQC_CH3,Step2_Model1_EQC_CH4,Step3_Model2_EQA_CH1,Step4_Model2_EQB_CH1,Step5_Model3_EQB_CH3,Step6_Model2_EQA_CH4,Step7_Model3_EQA_CH3,Step8_Model1_EQB_CH2,Step9_Model1_EQB_CH2,Step10_Model1_EQB_CH1,Step11_Model3_EQC_CH3,Step12_Model3_EQB_CH2,Step13_Model3_EQB_CH3,Step14_Model1_EQB_CH3,Step15_Model2_EQB_CH1,Step16_Model3_EQB_CH2,Step17_Model3_EQB_CH1,Step18_Model2_EQC_CH2,Step19_Model2_EQA_CH3,Step20_Model2_EQC_CH3,Step21_Model2_EQC_CH3,Step22_Model2_EQA_CH3,Step23_Model2_EQC_CH3,Step24_Model3_EQC_CH4,Step25_Model3_EQA_CH2,Step26_Model1_EQA_CH1,Step27_Model3_EQB_CH1,Step28_Model1_EQC_CH3,Step29_Model1_EQA_CH1,Step30_Model3_EQC_CH2,,,,46.69709872293722,60.51152074160881,,,,,,,,,,,,46.181109372744125,36.42045592,,,,38.74169192860668,66.35710098363357,,,,,,,,,44.80507583039614,48.59178082020809,,,67.99065344834318,,,,40.65944903570112,,,,32.559712245591726,,,,,,,,,,,,,,,,,,,,
T020_W23,T020,23,Step1_Model1_EQC_CH4,Step2_Model1_EQC_CH1,Step3_Model2_EQA_CH2,Step4_Model2_EQB_CH2,Step5_Model3_EQB_CH3,Step6_Model2_EQA_CH4,Step7_Model3_EQA_CH2,Step8_Model1_EQB_CH4,Step9_Model1_EQB_CH3,Step10_Model1_EQB_CH1,Step11_Model3_EQC_CH3,Step12_Model3_EQB_CH3,Step13_Model3_EQB_CH1,Step14_Model1_EQB_CH1,Step15_Model2_EQB_CH1,Step16_Model3_EQB_CH2,Step17_Model3_EQB_CH2,Step18_Model2_EQC_CH3,Step19_Model2_EQA_CH1,Step20_Model2_EQC_CH1,Step21_Model2_EQC_CH1,Step22_Model2_EQA_CH3,Step23_Model2_EQC_CH3,Step24_Model3_EQC_CH1,Step25_Model3_EQA_CH3,Step26_Model1_EQA_CH2,Step27_Model3_EQB_CH3,Step28_Model1_EQC_CH2,Step29_Model1_EQA_CH4,Step30_Model3_EQC_CH2,,,37.69881611107352,,,,,,52.27583269078519,,,42.95250559999674,,,,,46.20543779601093,,,,,,,44.009558101904716,46.15889411205641,,,,,,,,,,,,,,,38.63673039976892,,,,,39.77875165045046,,,,,,,,12,,,,,,,,,,,
T020_W24,T020,24,Step1_Model1_EQC_CH3,Step2_Model1_EQC_CH3,Step3_Model2_EQA_CH4,Step4_Model2_EQB_CH4,Step5_Model3_EQB_CH4,Step6_Model2_EQA_CH4,Step7_Model3_EQA_CH2,Step8_Model1_EQB_CH1,Step9_Model1_EQB_CH1,Step10_Model1_EQB_CH4,Step11_Model3_EQC_CH2,Step12_Model3_EQB_CH2,Step13_Model3_EQB_CH4,Step14_Model1_EQB_CH4,Step15_Model2_EQB_CH2,Step16_Model3_EQB_CH1,Step17_Model3_EQB_CH1,Step18_Model2_EQC_CH2,Step19_Model2_EQA_CH4,Step20_Model2_EQC_CH2,Step21_Model2_EQC_CH4,Step22_Model2_EQA_CH3,Step23_Model2_EQC_CH1,Step24_Model3_EQC_CH1,Step25_Model3_EQA_CH3,Step26_Model1_EQA_CH3,Step27_Model3_EQB_CH3,Step28_Model1_EQC_CH2,Step29_Model1_EQA_CH2,Step30_Model3_EQC_CH3,,,41.83101873261654,51.356192084464965,,,,,55.43801625923966,,,,,,,,,,,32.63974758941957,,,,,37.72718994677991,,,,,,,,,,,,,,,,,,,,56.83469660333023,,,,,,,,,14,,,,,,,,,,
T020_W25,T020,25,Step1_Model1_EQC_CH1,Step2_Model1_EQC_CH3,Step3_Model2_EQA_CH1,Step4_Model2_EQB_CH4,Step5_Model3_EQB_CH1,Step6_Model2_EQA_CH3,Step7_Model3_EQA_CH1,Step8_Model1_EQB_CH4,Step9_Model1_EQB_CH4,Step10_Model1_EQB_CH2,Step11_Model3_EQC_CH4,Step12_Model3_EQB_CH1,Step13_Model3_EQB_CH4,Step14_Model1_EQB_CH1,Step15_Model2_EQB_CH2,Step16_Model3_EQB_CH1,Step17_Model3_EQB_CH3,Step18_Model2_EQC_CH1,Step19_Model2_EQA_CH1,Step20_Model2_EQC_CH3,Step21_Model2_EQC_CH3,Step22_Model2_EQA_CH1,Step23_Model2_EQC_CH2,Step24_Model3_EQC_CH3,Step25_Model3_EQA_CH4,Step26_Model1_EQA_CH4,Step27_Model3_EQB_CH4,Step28_Model1_EQC_CH4,Step29_Model1_EQA_CH4,Step30_Model3_EQC_CH2,,35.10961599284628,,,55.90958208246562,71.56918393788804,,28.69698627400941,,,,,,,,,,,,,,28.127103119742088,,,,57.47383749,,,,40.48910504349878,,,57.28837189837731,,,,,,42.23222495628893,,,,54.00893874305981,,,,,,,,,,,,,,12,,,,,,,
T021_W01,T021,1,Step1_Model2_EQA_CH3,Step2_Model1_EQA_CH1,Step3_Model2_EQB_CH1,Step4_Model3_EQB_CH3,Step5_Model3_EQB_CH3,Step6_Model2_EQA_CH4,Step7_Model2_EQC_CH3,Step8_Model2_EQC_CH2,Step9_Model1_EQB_CH3,Step10_Model1_EQB_CH2,Step11_Model3_EQA_CH1,Step12_Model1_EQB_CH4,Step13_Model2_EQC_CH2,Step14_Model1_EQB_CH2,Step15_Model3_EQA_CH1,Step16_Model1_EQB_CH2,Step17_Model2_EQA_CH2,Step18_Model3_EQC_CH3,Step19_Model3_EQA_CH1,Step20_Model2_EQB_CH4,Step21_Model3_EQA_CH3,Step22_Model2_EQB_CH1,Step23_Model2_EQA_CH1,Step24_Model1_EQC_CH4,Step25_Model3_EQC_CH4,Step26_Model3_EQA_CH1,Step27_Model2_EQB_CH3,Step28_Model2_EQA_CH4,Step29_Model2_EQA_CH3,Step30_Model2_EQC_CH1,33.25229726282962,29.83528505,,,,,,,,,,,,,,,,,55.51319381255502,,46.25777867500522,,,46.54433825186061,,,47.566204321871034,,,,,,,,,,,,,,,,,,,,,,,7,,9,,,,,,16,,,,,,
T021_W02,T021,2,Step1_Model2_EQA_CH1,Step2_Model1_EQA_CH4,Step3_Model2_EQB_CH4,Step4_Model3_EQB_CH2,Step5_Model3_EQB_CH4,Step6_Model2_EQA_CH3,Step7_Model2_EQC_CH2,Step8_Model2_EQC_CH1,Step9_Model1_EQB_CH4,Step10_Model1_EQB_CH1,Step11_Model3_EQA_CH1,Step12_Model1_EQB_CH4,Step13_Model2_EQC_CH4,Step14_Model1_EQB_CH2,Step15_Model3_EQA_CH2,Step16_Model1_EQB_CH1,Step17_Model2_EQA_CH1,Step18_Model3_EQC_CH2,Step19_Model3_EQA_CH4,Step20_Model2_EQB_CH3,Step21_Model3_EQA_CH3,Step22_Model2_EQB_CH1,Step23_Model2_EQA_CH2,Step24_Model1_EQC_CH2,Step25_Model3_EQC_CH2,Step26_Model3_EQA_CH1,Step27_Model2_EQB_CH2,Step28_Model2_EQA_CH2,Step29_Model2_EQA_CH3,Step30_Model2_EQC_CH4,,,36.04915101564321,,,70.68378051284664,,,,,,,,,,59.88819513332155,43.46166517206066,,,,,,,,,,,,,34.22736954747522,48.182034660874116,,,,,,,,,,,,59.65626508788596,,,,,,,,,,,,,,,,,,,,,
T021_W03,T021,3,Step1_Model2_EQA_CH3,Step2_Model1_EQA_CH3,Step3_Model2_EQB_CH1,Step4_Model3_EQB_CH1,Step5_Model3_EQB_CH4,Step6_Model2_EQA_CH3,Step7_Model2_EQC_CH1,Step8_Model2_EQC_CH1,Step9_Model1_EQB_CH2,Step10_Model1_EQB_CH2,Step11_Model3_EQA_CH2,Step12_Model1_EQB_CH2,Step13_Model2_EQC_CH1,Step14_Model1_EQB_CH3,Step15_Model3_EQA_CH1,Step16_Model1_EQB_CH2,Step17_Model2_EQA_CH4,Step18_Model3_EQC_CH4,Step19_Model3_EQA_CH3,Step20_Model2_EQB_CH3,Step21_Model3_EQA_CH4,Step22_Model2_EQB_CH2,Step23_Model2_EQA_CH2,Step24_Model1_EQC_CH2,Step25_Model3_EQC_CH3,Step26_Model3_EQA_CH4,Step27_Model2_EQB_CH4,Step28_Model2_EQA_CH4,Step29_Model2_EQA_CH2,Step30_Model2_EQC_CH2,,,,,,,,,,,,,43.025558440749066,,,,,,,35.27480629804496,,,,,,65.50060408837004,,,,,45.35519527469851,41.20331536,,61.85907757362072,49.78945378488418,,,44.49583317846179,,,,,60.66074644043237,,,,,,,,,,,,,,,,,,,,,
T021_W04,T021,4,Step1_Model2_EQA_CH4,Step2_Model1_EQA_CH4,Step3_Model2_EQB_CH1,Step4_Model3_EQB_CH3,Step5_Model3_EQB_CH1,Step6_Model2_EQA_CH3,Step7_Model2_EQC_CH1,Step8_Model2_EQC_CH3,Step9_Model1_EQB_CH3,Step10_Model1_EQB_CH3,Step11_Model3_EQA_CH2,Step12_Model1_EQB_CH3,Step13_Model2_EQC_CH3,Step14_Model1_EQB_CH2,Step15_Model3_EQA_CH1,Step16_Model1_EQB_CH3,Step17_Model2_EQA_CH2,Step18_Model3_EQC_CH4,Step19_Model3_EQA_CH1,Step20_Model2_EQB_CH3,Step21_Model3_EQA_CH4,Step22_Model2_EQB_CH1,Step23_Model2_EQA_CH1,Step24_Model1_EQC_CH4,Step25_Model3_EQC_CH1,Step26_Model3_EQA_CH1,Step27_Model2_EQB_CH1,Step28_Model2_EQA_CH2,Step29_Model2_EQA_CH3,Step30_Model2_EQC_CH2,,,,,61.158913264478876,,,,,,,,54.49870512746633,,,,,35.37419193622218,,,,,,,,,,,,,31.97064853971196,42.103492580613235,,,,,,,,,,,,,,,,48.68823393188218,,,,,,,,,,,,,,,,
T021_W05,T021,5,Step1_Model2_EQA_CH3,Step2_Model1_EQA_CH1,Step3_Model2_EQB_CH4,Step4_Model3_EQB_CH1,Step5_Model3_EQB_CH2,Step6_Model2_EQA_CH2,Step7_Model2_EQC_CH3,Step8_Model2_EQC_CH4,Step9_Model1_EQB_CH1,Step10_Model1_EQB_CH2,Step11_Model3_EQA_CH4,Step12_Model1_EQB_CH4,Step13_Model2_EQC_CH1,Step14_Model1_EQB_CH2,Step15_Model3_EQA_CH4,Step16_Model1_EQB_CH4,Step17_Model2_EQA_CH1,Step18_Model3_EQC_CH4,Step19_Model3_EQA_CH3,Step20_Model2_EQB_CH1,Step21_Model3_EQA_CH2,Step22_Model2_EQB_CH1,Step23_Model2_EQA_CH1,Step24_Model1_EQC_CH2,Step25_Model3_EQC_CH1,Step26_Model3_EQA_CH4,Step27_Model2_EQB_CH3,Step28_Model2_EQA_CH4,Step29_Model2_EQA_CH1,Step30_Model2_EQC_CH2,,,,59.05103180213586,,,,,,,,,,,,,42.95569909492515,,,,,,,,,,,,,35.84526562943066,,,,,,,,,,,,,,,,,,,,,,,,,8,,,,,,,,,
T021_W06,T021,6,Step1_Model2_EQA_CH3,Step2_Model1_EQA_CH2,Step3_Model2_EQB_CH3,Step4_Model3_EQB_CH2,Step5_Model3_EQB_CH4,Step6_Model2_EQA_CH2,Step7_Model2_EQC_CH2,Step8_Model2_EQC_CH2,Step9_Model1_EQB_CH2,Step10_Model1_EQB_CH2,Step11_Model3_EQA_CH4,Step12_Model1_EQB_CH3,Step13_Model2_EQC_CH3,Step14_Model1_EQB_CH3,Step15_Model3_EQA_CH2,Step16_Model1_EQB_CH3,Step17_Model2_EQA_CH1,Step18_Model3_EQC_CH1,Step19_Model3_EQA_CH4,Step20_Model2_EQB_CH2,Step21_Model3_EQA_CH1,Step22_Model2_EQB_CH3,Step23_Model2_EQA_CH3,Step24_Model1_EQC_CH1,Step25_Model3_EQC_CH1,Step26_Model3_EQA_CH3,Step27_Model2_EQB_CH3,Step28_Model2_EQA_CH3,Step29_Model2_EQA_CH2,Step30_Model2_EQC_CH1,,,,,63.014189797488655,,,,,,,,,,,71.17392797352588,,,,,,,66.23373231712365,,,,,49.24184937656271,,,,,,,,,,,,,52.04255323249572,,,,,,,,,,,,,,,,,,,,,,,
T021_W07,T021,7,Step1_Model2_EQA_CH3,Step2_Model1_EQA_CH2,Step3_Model2_EQB_CH2,Step4_Model3_EQB_CH1,Step5_Model3_EQB_CH3,Step6_Model2_EQA_CH4,Step7_Model2_EQC_CH1,Step8_Model2_EQC_CH4,Step9_Model1_EQB_CH3,Step10_Model1_EQB_CH1,Step11_Model3_EQA_CH4,Step12_Model1_EQB_CH2,Step13_Model2_EQC_CH4,Step14_Model1_EQB_CH2,Step15_Model3_EQA_CH2,Step16_Model1_EQB_CH4,Step17_Model2_EQA_CH1,Step18_Model3_EQC_CH3,Step19_Model3_EQA_CH1,Step20_Model2_EQB_CH3,Step21_Model3_EQA_CH3,Step22_Model2_EQB_CH4,Step23_Model2_EQA_CH1,Step24_Model1_EQC_CH4,Step25_Model3_EQC_CH4,Step26_Model3_EQA_CH4,Step27_Model2_EQB_CH4,Step28_Model2_EQA_CH3,Step29_Model2_EQA_CH1,Step30_Model2_EQC_CH4,,,,58.4839818,,,,,,,,,,,,,,,,,,32.09751748635762,63.47754193310109,,,,,64.12634593438513,,38.40240638971731,,,,,52.417698329752504,,,,,,53.824577614941354,,,,,,,,,,,,,,,,13,,,,,,,
T021_W08,T021,8,Step1_Model2_EQA_CH3,Step2_Model1_EQA_CH2,Step3_Model2_EQB_CH1,Step4_Model3_EQB_CH4,Step5_Model3_EQB_CH3,Step6_Model2_EQA_CH4,Step7_Model2_EQC_CH2,Step8_Model2_EQC_CH1,Step9_Model1_EQB_CH4,Step10_Model1_EQB_CH4,Step11_Model3_EQA_CH4,Step12_Model1_EQB_CH1,Step13_Model2_EQC_CH4,Step14_Model1_EQB_CH1,Step15_Model3_EQA_CH2,Step16_Model1_EQB_CH4,Step17_Model2_EQA_CH2,Step18_Model3_EQC_CH2,Step19_Model3_EQA_CH3,Step20_Model2_EQB_CH4,Step21_Model3_EQA_CH3,Step22_Model2_EQB_CH3,Step23_Model2_EQA_CH3,Step24_Model1_EQC_CH4,Step25_Model3_EQC_CH1,Step26_Model3_EQA_CH4,Step27_Model2_EQB_CH2,Step28_Model2_EQA_CH2,Step29_Model2_EQA_CH1,Step30_Model2_EQC_CH2,40.030047480234316,,,,,,,,,51.89723038237302,28.013573318966056,,,,,,,33.54477334055313,,,,32.35989963206862,,,,,,,,,,,,,,,53.432685731902005,,,,,,,,50.44997644777836,,57.64064866290723,51.32633962190921,,,,,,,,,,,,,,,,
T021_W09,T021,9,Step1_Model2_EQA_CH3,Step2_Model1_EQA_CH2,Step3_Model2_EQB_CH4,Step4_Model3_EQB_CH3,Step5_Model3_EQB_CH3,Step6_Model2_EQA_CH4,Step7_Model2_EQC_CH4,Step8_Model2_EQC_CH2,Step9_Model1_EQB_CH2,Step10_Model1_EQB_CH1,Step11_Model3_EQA_CH1,Step12_Model1_EQB_CH1,Step13_Model2_EQC_CH1,Step14_Model1_EQB_CH2,Step15_Model3_EQA_CH3,Step16_Model1_EQB_CH1,Step17_Model2_EQA_CH1,Step18_Model3_EQC_CH4,Step19_Model3_EQA_CH1,Step20_Model2_EQB_CH3,Step21_Model3_EQA_CH3,Step22_Model2_EQB_CH2,Step23_Model2_EQA_CH3,Step24_Model1_EQC_CH2,Step25_Model3_EQC_CH3,Step26_Model3_EQA_CH2,Step27_Model2_EQB_CH4,Step28_Model2_EQA_CH3,Step29_Model2_EQA_CH2,Step30_Model2_EQC_CH4,,38.88878649245941,,,,,,,,,,,,,,,,36.747979251963855,,,,,,,41.66917581385906,,,,,,,,,,,,54.27172624957372,,,,,,,,,,,,,,,,,,,,,,,,,,,
T021_W10,T021,10,Step1_Model2_EQA_CH1,Step2_Model1_EQA_CH4,Step3_Model2_EQB_CH2,Step4_Model3_EQB_CH3,Step5_Model3_EQB_CH1,Step6_Model2_EQA_CH2,Step7_Model2_EQC_CH4,Step8_Model2_EQC_CH1,Step9_Model1_EQB_CH3,Step10_Model1_EQB_CH2,Step11_Model3_EQA_CH1,Step12_Model1_EQB_CH1,Step13_Model2_EQC_CH4,Step14_Model1_EQB_CH1,Step15_Model3_EQA_CH3,Step16_Model1_EQB_CH1,Step17_Model2_EQA_CH3,Step18_Model3_EQC_CH4,Step19_Model3_EQA_CH4,Step20_Model2_EQB_CH2,Step21_Model3_EQA_CH3,Step22_Model2_EQB_CH3,Step23_Model2_EQA_CH2,Step24_Model1_EQC_CH4,Step25_Model3_EQC_CH1,Step26_Model3_EQA_CH4,Step27_Model2_EQB_CH4,Step28_Model2_EQA_CH1,Step29_Model2_EQA_CH2,Step30_Model2_EQC_CH3,44.04084111479136,,,,,,,,,,,,,,43.63621553341988,,,,,,,30.356760877853723,,,,,,,,,,,,61.233760464099795,,,,,,,,,,,,,,,14,,5,,,,,,,,,,,,,
T021_W11,T021,11,Step1_Model2_EQA_CH1,Step2_Model1_EQA_CH2,Step3_Model2_EQB_CH1,Step4_Model3_EQB_CH2,Step5_Model3_EQB_CH3,Step6_Model2_EQA_CH1,Step7_Model2_EQC_CH2,Step8_Model2_EQC_CH1,Step9_Model1_EQB_CH3,Step10_Model1_EQB_CH2,Step11_Model3_EQA_CH1,Step12_Model1_EQB_CH3,Step13_Model2_EQC_CH1,Step14_Model1_EQB_CH1,Step15_Model3_EQA_CH1,Step16_Model1_EQB_CH4,Step17_Model2_EQA_CH1,Step18_Model3_EQC_CH2,Step19_Model3_EQA_CH4,Step20_Model2_EQB_CH2,Step21_Model3_EQA_CH4,Step22_Model2_EQB_CH1,Step23_Model2_EQA_CH4,Step24_Model1_EQC_CH4,Step25_Model3_EQC_CH1,Step26_Model3_EQA_CH1,Step27_Model2_EQB_CH1,Step28_Model2_EQA_CH3,Step29_Model2_EQA_CH3,Step30_Model2_EQC_CH2,,,,,58.43041862988754,59.95961434685873,,,50.76421853749181,58.58317539036839,,,47.04769550350568,,,63.875484164190716,,,,,,,,,,,,,,,53.43650049330882,,,,,,,47.47787655192205,,,,,,33.37979365686679,,,52.58206245546917,48.982704181137734,,,,,,,,,,,,,,,,
T021_W12,T021,12,Step1_Model2_EQA_CH3,Step2_Model1_EQA_CH4,Step3_Model2_EQB_CH3,Step4_Model3_EQB_CH2,Step5_Model3_EQB_CH2,Step6_Model2_EQA_CH2,Step7_Model2_EQC_CH4,Step8_Model2_EQC_CH2,Step9_Model1_EQB_CH1,Step10_Model1_EQB_CH1,Step11_Model3_EQA_CH3,Step12_Model1_EQB_CH3,Step13_Model2_EQC_CH1,Step14_Model1_EQB_CH1,Step15_Model3_EQA_CH4,Step16_Model1_EQB_CH2,Step17_Model2_EQA_CH4,Step18_Model3_EQC_CH3,Step19_Model3_EQA_CH1,Step20_Model2_EQB_CH2,Step21_Model3_EQA_CH3,Step22_Model2_EQB_CH1,Step23_Model2_EQA_CH1,Step24_Model1_EQC_CH4,Step25_Model3_EQC_CH3,Step26_Model3_EQA_CH4,Step27_Model2_EQB_CH3,Step28_Model2_EQA_CH4,Step29_Model2_EQA_CH2,Step30_Model2_EQC_CH1,,,,,,,,39.842023042224476,,,,,,,,,,,55.920648157774785,,,,,,,,,,,,,,,57.92773558016346,,,54.30367580264998,34.8838369,,,,,,,48.704451908230745,,,,,,,,,,,,,,,,,,,
T021_W13,T021,13,Step1_Model2_EQA_CH1,Step2_Model1_EQA_CH3,Step3_Model2_EQB_CH4,Step4_Model3_EQB_CH1,Step5_Model3_EQB_CH4,Step6_Model2_EQA_CH2,Step7_Model2_EQC_CH4,Step8_Model2_EQC_CH3,Step9_Model1_EQB_CH2,Step10_Model1_EQB_CH3,Step11_Model3_EQA_CH3,Step12_Model1_EQB_CH3,Step13_Model2_EQC_CH2,Step14_Model1_EQB_CH3,Step15_Model3_EQA_CH4,Step16_Model1_EQB_CH1,Step17_Model2_EQA_CH1,Step18_Model3_EQC_CH4,Step19_Model3_EQA_CH1,Step20_Model2_EQB_CH2,Step21_Model3_EQA_CH4,Step22_Model2_EQB_CH3,Step23_Model2_EQA_CH4,Step24_Model1_EQC_CH3,Step25_Model3_EQC_CH1,Step26_Model3_EQA_CH1,Step27_Model2_EQB_CH3,Step28_Model2_EQA_CH2,Step29_Model2_EQA_CH3,Step30_Model2_EQC_CH4,,,,,,,,,63.68980196,,,,46.999066881969135,,27.56365444352332,,,,,,,,,,,,,,,37.79885949212266,,,,,,,,,,,,,,,,,52.234119603225956,,,,,,,,,,,,,,,,,
T021_W14,T021,14,Step1_Model2_EQA_CH4,Step2_Model1_EQA_CH4,Step3_Model2_EQB_CH1,Step4_Model3_EQB_CH2,Step5_Model3_EQB_CH3,Step6_Model2_EQA_CH4,Step7_Model2_EQC_CH2,Step8_Model2_EQC_CH1,Step9_Model1_EQB_CH2,Step10_Model1_EQB_CH3,Step11_Model3_EQA_CH2,Step12_Model1_EQB_CH3,Step13_Model2_EQC_CH2,Step14_Model1_EQB_CH2,Step15_Model3_EQA_CH3,Step16_Model1_EQB_CH3,Step17_Model2_EQA_CH3,Step18_Model3_EQC_CH3,Step19_Model3_EQA_CH1,Step20_Model2_EQB_CH3,Step21_Model3_EQA_CH4,Step22_Model2_EQB_CH1,Step23_Model2_EQA_CH1,Step24_Model1_EQC_CH1,Step25_Model3_EQC_CH2,Step26_Model3_EQA_CH2,Step27_Model2_EQB_CH1,Step28_Model2_EQA_CH4,Step29_Model2_EQA_CH4,Step30_Model2_EQC_CH2,,,,,,,42.303386063990025,,,,,,,,,,,,,,,,,45.21237032935084,,,46.61041741771514,,,,,,57.123431338674806,,38.31503797730866,,,,,45.81586939186852,,,,,,38.6998575,,46.77047874441415,,,,,,,,5,,,,,,,,
T021_W15,T021,15,Step1_Model2_EQA_CH3,Step2_Model1_EQA_CH3,Step3_Model2_EQB_CH1,Step4_Model3_EQB_CH4,Step5_Model3_EQB_CH3,Step6_Model2_EQA_CH4,Step7_Model2_EQC_CH1,Step8_Model2_EQC_CH1,Step9_Model1_EQB_CH1,Step10_Model1_EQB_CH1,Step11_Model3_EQA_CH2,Step12_Model1_EQB_CH2,Step13_Model2_EQC_CH4,Step14_Model1_EQB_CH3,Step15_Model3_EQA_CH1,Step16_Model1_EQB_CH1,Step17_Model2_EQA_CH4,Step18_Model3_EQC_CH1,Step19_Model3_EQA_CH2,Step20_Model2_EQB_CH1,Step21_Model3_EQA_CH4,Step22_Model2_EQB_CH3,Step23_Model2_EQA_CH4,Step24_Model1_EQC_CH2,Step25_Model3_EQC_CH1,Step26_Model3_EQA_CH3,Step27_Model2_EQB_CH2,Step28_Model2_EQA_CH1,Step29_Model2_EQA_CH4,Step30_Model2_EQC_CH4,,,,,,,54.77346314303924,35.92847909977164,,,,,,,,,,,57.42199815476516,,,,,,,,,,,,,,,,,,,,,,,,,,,,,,,,,,,,,,,,,,,,,
T021_W16,T021,16,Step1_Model2_EQA_CH1,Step2_Model1_EQA_CH3,Step3_Model2_EQB_CH2,Step4_Model3_EQB_CH3,Step5_Model3_EQB_CH1,Step6_Model2_EQA_CH1,Step7_Model2_EQC_CH4,Step8_Model2_EQC_CH1,Step9_Model1_EQB_CH4,Step10_Model1_EQB_CH4,Step11_Model3_EQA_CH3,Step12_Model1_EQB_CH2,Step13_Model2_EQC_CH1,Step14_Model1_EQB_CH1,Step15_Model3_EQA_CH1,Step16_Model1_EQB_CH3,Step17_Model2_EQA_CH4,Step18_Model3_EQC_CH1,Step19_Model3_EQA_CH4,Step20_Model2_EQB_CH4,Step21_Model3_EQA_CH4,Step22_Model2_EQB_CH3,Step23_Model2_EQA_CH1,Step24_Model1_EQC_CH4,Step25_Model3_EQC_CH3,Step26_Model3_EQA_CH1,Step27_Model2_EQB_CH2,Step28_Model2_EQA_CH4,Step29_Model2_EQA_CH4,Step30_Model2_EQC_CH3,40.516730119860995,,,,61.53452218677932,,54.85031572930348,,48.301517443788946,54.483963924675145,,,,,,,,,,36.75101424901158,51.28384470228717,,66.56171980663588,,,,,,,,40.97604802324272,,,,,,,,,42.67455250758305,,,,43.82504481581992,,,,49.795935395619345,,,,,,,,,,,,,,,,
T021_W17,T021,17,Step1_Model2_EQA_CH1,Step2_Model1_EQA_CH2,Step3_Model2_EQB_CH1,Step4_Model3_EQB_CH3,Step5_Model3_EQB_CH4,Step6_Model2_EQA_CH1,Step7_Model2_EQC_CH4,Step8_Model2_EQC_CH2,Step9_Model1_EQB_CH3,Step10_Model1_EQB_CH4,Step11_Model3_EQA_CH1,Step12_Model1_EQB_CH1,Step13_Model2_EQC_CH4,Step14_Model1_EQB_CH2,Step15_Model3_EQA_CH4,Step16_Model1_EQB_CH1,Step17_Model2_EQA_CH3,Step18_Model3_EQC_CH1,Step19_Model3_EQA_CH3,Step20_Model2_EQB_CH2,Step21_Model3_EQA_CH1,Step22_Model2_EQB_CH4,Step23_Model2_EQA_CH2,Step24_Model1_EQC_CH4,Step25_Model3_EQC_CH1,Step26_Model3_EQA_CH3,Step27_Model2_EQB_CH2,Step28_Model2_EQA_CH2,Step29_Model2_EQA_CH3,Step30_Model2_EQC_CH1,,,39.196196627921886,,,,,,,,,,,,35.937167453723994,58.19106824826744,,35.04912298772064,,,,,62.56444417093637,,39.70066669952095,,,,44.58546661426073,,,,,55.53287361115612,,,,,,,,,,,,38.327775309048235,,,,,,,,,,,,,,,,,,
T021_W18,T021,18,Step1_Model2_EQA_CH3,Step2_Model1_EQA_CH3,Step3_Model2_EQB_CH3,Step4_Model3_EQB_CH1,Step5_Model3_EQB_CH1,Step6_Model2_EQA_CH4,Step7_Model2_EQC_CH4,Step8_Model2_EQC_CH4,Step9_Model1_EQB_CH2,Step10_Model1_EQB_CH4,Step11_Model3_EQA_CH3,Step12_Model1_EQB_CH3,Step13_Model2_EQC_CH3,Step14_Model1_EQB_CH2,Step15_Model3_EQA_CH2,Step16_Model1_EQB_CH3,Step17_Model2_EQA_CH1,Step18_Model3_EQC_CH1,Step19_Model3_EQA_CH4,Step20_Model2_EQB_CH2,Step21_Model3_EQA_CH4,Step22_Model2_EQB_CH3,Step23_Model2_EQA_CH3,Step24_Model1_EQC_CH3,Step25_Model3_EQC_CH4,Step26_Model3_EQA_CH4,Step27_Model2_EQB_CH2,Step28_Model2_EQA_CH2,Step29_Model2_EQA_CH3,Step30_Model2_EQC_CH1,,,,50.66142070398847,,,,,,,,,,61.54267309757974,,,,,,,,,59.19818200862149,,,,,,,,,,,,,55.99698320315164,,,,,52.918523307675414,,63.75698763975102,,49.167158805239474,,,,,,,,,,,,,,,,,,,
T021_W19,T021,19,Step1_Model2_EQA_CH2,Step2_Model1_EQA_CH1,Step3_Model2_EQB_CH4,Step4_Model3_EQB_CH2,Step5_Model3_EQB_CH2,Step6_Model2_EQA_CH3,Step7_Model2_EQC_CH4,Step8_Model2_EQC_CH2,Step9_Model1_EQB_CH1,Step10_Model1_EQB_CH3,Step11_Model3_EQA_CH3,Step12_Model1_EQB_CH1,Step13_Model2_EQC_CH2,Step14_Model1_EQB_CH4,Step15_Model3_EQA_CH4,Step16_Model1_EQB_CH4,Step17_Model2_EQA_CH1,Step18_Model3_EQC_CH3,Step19_Model3_EQA_CH1,Step20_Model2_EQB_CH3,Step21_Model3_EQA_CH2,Step22_Model2_EQB_CH2,Step23_Model2_EQA_CH4,Step24_Model1_EQC_CH1,Step25_Model3_EQC_CH4,Step26_Model3_EQA_CH3,Step27_Model2_EQB_CH4,Step28_Model2_EQA_CH2,Step29_Model2_EQA_CH4,Step30_Model2_EQC_CH4,,34.37868325035842,,52.241234699225906,,,,,,,,,,,,65.68775825724515,45.61908676,,52.14768563383041,,,,,,,,,,,31.733921036560837,,,,,,,,,,,,,,,,,,,,,,,,,,,,,,,,,,
T021_W20,T021,20,Step1_Model2_EQA_CH2,Step2_Model1_EQA_CH4,Step3_Model2_EQB_CH1,Step4_Model3_EQB_CH2,Step5_Model3_EQB_CH1,Step6_Model2_EQA_CH3,Step7_Model2_EQC_CH3,Step8_Model2_EQC_CH1,Step9_Model1_EQB_CH1,Step10_Model1_EQB_CH4,Step11_Model3_EQA_CH4,Step12_Model1_EQB_CH1,Step13_Model2_EQC_CH4,Step14_Model1_EQB_CH4,Step15_Model3_EQA_CH3,Step16_Model1_EQB_CH1,Step17_Model2_EQA_CH3,Step18_Model3_EQC_CH4,Step19_Model3_EQA_CH4,Step20_Model2_EQB_CH1,Step21_Model3_EQA_CH3,Step22_Model2_EQB_CH4,Step23_Model2_EQA_CH4,Step24_Model1_EQC_CH1,Step25_Model3_EQC_CH2,Step26_Model3_EQA_CH3,Step27_Model2_EQB_CH4,Step28_Model2_EQA_CH2,Step29_Model2_EQA_CH4,Step30_Model2_EQC_CH4,,,,,,,50.849446952446705,,,,,,,,48.41920041048982,60.762774246108705,51.168249477141565,,,,,,59.86738023114795,,,,,72.62868265837352,,25.39038041728839,,,,57.172722835036666,49.680102049249754,,51.19288586054835,,,,,,,,,36.716534598201704,,,,,,,,,,,,,,,,,,
T021_W21,T021,21,Step1_Model2_EQA_CH1,Step2_Model1_EQA_CH2,Step3_Model2_EQB_CH3,Step4_Model3_EQB_CH3,Step5_Model3_EQB_CH2,Step6_Model2_EQA_CH3,Step7_Model2_EQC_CH1,Step8_Model2_EQC_CH2,Step9_Model1_EQB_CH1,Step10_Model1_EQB_CH3,Step11_Model3_EQA_CH2,Step12_Model1_EQB_CH2,Step13_Model2_EQC_CH2,Step14_Model1_EQB_CH4,Step15_Model3_EQA_CH4,Step16_Model1_EQB_CH3,Step17_Model2_EQA_CH3,Step18_Model3_EQC_CH2,Step19_Model3_EQA_CH4,Step20_Model2_EQB_CH4,Step21_Model3_EQA_CH2,Step22_Model2_EQB_CH4,Step23_Model2_EQA_CH4,Step24_Model1_EQC_CH1,Step25_Model3_EQC_CH1,Step26_Model3_EQA_CH1,Step27_Model2_EQB_CH2,Step28_Model2_EQA_CH4,Step29_Model2_EQA_CH1,Step30_Model2_EQC_CH2,,,,,61.20408914537408,,,,,,,,,,,,,,61.01200546400742,,,,,48.45308079409539,,,,,,,,44.44976681387681,,71.18284854429352,,,,,40.88129877101575,,,,,,,28.52299356475413,,44.03313501969971,,,14,,,,,5,,,,,,,,
T021_W22,T021,22,Step1_Model2_EQA_CH3,Step2_Model1_EQA_CH4,Step3_Model2_EQB_CH2,Step4_Model3_EQB_CH3,Step5_Model3_EQB_CH4,Step6_Model2_EQA_CH2,Step7_Model2_EQC_CH2,Step8_Model2_EQC_CH3,Step9_Model1_EQB_CH2,Step10_Model1_EQB_CH3,Step11_Model3_EQA_CH4,Step12_Model1_EQB_CH4,Step13_Model2_EQC_CH4,Step14_Model1_EQB_CH1,Step15_Model3_EQA_CH1,Step16_Model1_EQB_CH1,Step17_Model2_EQA_CH4,Step18_Model3_EQC_CH3,Step19_Model3_EQA_CH1,Step20_Model2_EQB_CH3,Step21_Model3_EQA_CH2,Step22_Model2_EQB_CH4,Step23_Model2_EQA_CH3,Step24_Model1_EQC_CH1,Step25_Model3_EQC_CH2,Step26_Model3_EQA_CH1,Step27_Model2_EQB_CH4,Step28_Model2_EQA_CH2,Step29_Model2_EQA_CH3,Step30_Model2_EQC_CH4,,,,,,,,36.60236580847583,,,40.140119375672384,,47.619052677428435,,36.13647176,,,,,,43.89949245457985,20.815653624295066,,,,,,63.753312396219144,,,,,,,,55.446362769933366,46.44965587547711,,,,,,,,,,,,,,,,,,,,,8,,,,,,
T021_W23,T021,23,Step1_Model2_EQA_CH4,Step2_Model1_EQA_CH1,Step3_Model2_EQB_CH3,Step4_Model3_EQB_CH1,Step5_Model3_EQB_CH1,Step6_Model2_EQA_CH3,Step7_Model2_EQC_CH1,Step8_Model2_EQC_CH4,Step9_Model1_EQB_CH4,Step10_Model1_EQB_CH3,Step11_Model3_EQA_CH1,Step12_Model1_EQB_CH4,Step13_Model2_EQC_CH2,Step14_Model1_EQB_CH1,Step15_Model3_EQA_CH1,Step16_Model1_EQB_CH2,Step17_Model2_EQA_CH3,Step18_Model3_EQC_CH2,Step19_Model3_EQA_CH4,Step20_Model2_EQB_CH2,Step21_Model3_EQA_CH1,Step22_Model2_EQB_CH2,Step23_Model2_EQA_CH3,Step24_Model1_EQC_CH2,Step25_Model3_EQC_CH3,Step26_Model3_EQA_CH2,Step27_Model2_EQB_CH1,Step28_Model2_EQA_CH1,Step29_Model2_EQA_CH1,Step30_Model2_EQC_CH1,,,,,,,,,,53.72512089854717,,,,,,,,,,,,,,,,55.45393573297277,,,,,,45.73020529242677,53.14728502594745,,,,,,,43.834262540348135,54.63090736323477,,,,,,,,,,,,,,,,,,,,,,,
T021_W24,T021,24,Step1_Model2_EQA_CH1,Step2_Model1_EQA_CH3,Step3_Model2_EQB_CH1,Step4_Model3_EQB_CH3,Step5_Model3_EQB_CH3,Step6_Model2_EQA_CH2,Step7_Model2_EQC_CH2,Step8_Model2_EQC_CH2,Step9_Model1_EQB_CH4,Step10_Model1_EQB_CH4,Step11_Model3_EQA_CH4,Step12_Model1_EQB_CH4,Step13_Model2_EQC_CH4,Step14_Model1_EQB_CH4,Step15_Model3_EQA_CH1,Step16_Model1_EQB_CH4,Step17_Model2_EQA_CH4,Step18_Model3_EQC_CH1,Step19_Model3_EQA_CH3,Step20_Model2_EQB_CH1,Step21_Model3_EQA_CH3,Step22_Model2_EQB_CH4,Step23_Model2_EQA_CH4,Step24_Model1_EQC_CH2,Step25_Model3_EQC_CH4,Step26_Model3_EQA_CH1,Step27_Model2_EQB_CH3,Step28_Model2_EQA_CH1,Step29_Model2_EQA_CH3,Step30_Model2_EQC_CH1,,,,,,,,,,,,,,,,,,43.370788061100676,,,,,,,,,,,,,,,,,,,,,,,44.40506591384655,,,,,,,,,,,,7,4,,,,,,,,,,
T021_W25,T021,25,Step1_Model2_EQA_CH1,Step2_Model1_EQA_CH2,Step3_Model2_EQB_CH1,Step4_Model3_EQB_CH4,Step5_Model3_EQB_CH3,Step6_Model2_EQA_CH2,Step7_Model2_EQC_CH3,Step8_Model2_EQC_CH3,Step9_Model1_EQB_CH2,Step10_Model1_EQB_CH4,Step11_Model3_EQA_CH2,Step12_Model1_EQB_CH2,Step13_Model2_EQC_CH3,Step14_Model1_EQB_CH2,Step15_Model3_EQA_CH4,Step16_Model1_EQB_CH1,Step17_Model2_EQA_CH3,Step18_Model3_EQC_CH4,Step19_Model3_EQA_CH3,Step20_Model2_EQB_CH4,Step21_Model3_EQA_CH2,Step22_Model2_EQB_CH4,Step23_Model2_EQA_CH3,Step24_Model1_EQC_CH4,Step25_Model3_EQC_CH1,Step26_Model3_EQA_CH4,Step27_Model2_EQB_CH2,Step28_Model2_EQA_CH2,Step29_Model2_EQA_CH4,Step30_Model2_EQC_CH1,,,,,,69.07564479913837,,,,,,,,,,,,,,,,,,,,,,,,,42.41437110962032,,,66.16604442,,,,,,,,,,42.76029563,,,,,,,,,,11,,,,,,,,,,
T022_W01,T022,1,Step1_Model3_EQC_CH4,Step2_Model1_EQB_CH3,Step3_Model2_EQA_CH1,Step4_Model2_EQA_CH1,Step5_Model3_EQA_CH2,Step6_Model2_EQC_CH2,Step7_Model3_EQA_CH4,Step8_Model1_EQB_CH2,Step9_Model3_EQA_CH1,Step10_Model1_EQB_CH1,Step11_Model3_EQA_CH2,Step12_Model1_EQB_CH1,Step13_Model2_EQB_CH1,Step14_Model1_EQB_CH4,Step15_Model1_EQB_CH3,Step16_Model3_EQC_CH3,Step17_Model2_EQC_CH1,Step18_Model1_EQC_CH2,Step19_Model1_EQA_CH4,Step20_Model1_EQB_CH4,Step21_Model1_EQB_CH1,Step22_Model3_EQC_CH3,Step23_Model1_EQA_CH4,Step24_Model3_EQA_CH1,Step25_Model2_EQB_CH2,Step26_Model1_EQB_CH3,Step27_Model2_EQC_CH4,Step28_Model1_EQA_CH4,Step29_Model2_EQA_CH4,Step30_Model3_EQA_CH2,,,,,,,,,,,,,,,,,,,,,43.41979590358268,,63.22342150177735,51.39858337646128,,,,,,,,,,56.642287912593076,,,,,45.94998795543313,,,,,,,,,,,,,9,,,,,,,,,,,,
T022_W02,T022,2,Step1_Model3_EQC_CH1,Step2_Model1_EQB_CH1,Step3_Model2_EQA_CH3,Step4_Model2_EQA_CH3,Step5_Model3_EQA_CH2,Step6_Model2_EQC_CH1,Step7_Model3_EQA_CH3,Step8_Model1_EQB_CH1,Step9_Model3_EQA_CH3,Step10_Model1_EQB_CH1,Step11_Model3_EQA_CH4,Step12_Model1_EQB_CH1,Step13_Model2_EQB_CH1,Step14_Model1_EQB_CH4,Step15_Model1_EQB_CH1,Step16_Model3_EQC_CH3,Step17_Model2_EQC_CH2,Step18_Model1_EQC_CH1,Step19_Model1_EQA_CH1,Step20_Model1_EQB_CH1,Step21_Model1_EQB_CH1,Step22_Model3_EQC_CH2,Step23_Model1_EQA_CH3,Step24_Model3_EQA_CH4,Step25_Model2_EQB_CH3,Step26_Model1_EQB_CH4,Step27_Model2_EQC_CH2,Step28_Model1_EQA_CH3,Step29_Model2_EQA_CH3,Step30_Model3_EQA_CH1,,,40.95954277388396,,,63.09347313,,,,,,,,,39.40665137020935,,,,,,,,,,,,46.43980251014367,,,,,,54.47922047333701,,,,56.89274765314861,34.07543690390689,,,52.16821316876045,55.260115174270354,,,,,,,,,,9,,,,,,,,,,,,
T022_W03,T022,3,Step1_Model3_EQC_CH4,Step2_Model1_EQB_CH4,Step3_Model2_EQA_CH3,Step4_Model2_EQA_CH3,Step5_Model3_EQA_CH4,Step6_Model2_EQC_CH1,Step7_Model3_EQA_CH4,Step8_Model1_EQB_CH2,Step9_Model3_EQA_CH3,Step10_Model1_EQB_CH1,Step11_Model3_EQA_CH1,Step12_Model1_EQB_CH3,Step13_Model2_EQB_CH3,Step14_Model1_EQB_CH3,Step15_Model1_EQB_CH1,Step16_Model3_EQC_CH4,Step17_Model2_EQC_CH4,Step18_Model1_EQC_CH3,Step19_Model1_EQA_CH4,Step20_Model1_EQB_CH3,Step21_Model1_EQB_CH4,Step22_Model3_EQC_CH4,Step23_Model1_EQA_CH1,Step24_Model3_EQA_CH1,Step25_Model2_EQB_CH4,Step26_Model1_EQB_CH1,Step27_Model2_EQC_CH3,Step28_Model1_EQA_CH4,Step29_Model2_EQA_CH3,Step30_Model3_EQA_CH2,37.80530555404815,,,,,53.30333571349365,,,,,,53.62706203,,,,,40.73920922521938,,,,39.742751099276276,,,,,,55.193482402016855,,,,,,67.00696425422286,,,,,,,46.41177358361454,,,,,,,,,,,,,,,,,,,,,,,,
T022_W04,T022,4,Step1_Model3_EQC_CH3,Step2_Model1_EQB_CH4,Step3_Model2_EQA_CH2,Step4_Model2_EQA_CH1,Step5_Model3_EQA_CH2,Step6_Model2_EQC_CH1,Step7_Model3_EQA_CH3,Step8_Model1_EQB_CH3,Step9_Model3_EQA_CH4,Step10_Model1_EQB_CH3,Step11_Model3_EQA_CH4,Step12_Model1_EQB_CH3,Step13_Model2_EQB_CH1,Step14_Model1_EQB_CH4,Step15_Model1_EQB_CH4,Step16_Model3_EQC_CH4,Step17_Model2_EQC_CH2,Step18_Model1_EQC_CH4,Step19_Model1_EQA_CH2,Step20_Model1_EQB_CH3,Step21_Model1_EQB_CH3,Step22_Model3_EQC_CH4,Step23_Model1_EQA_CH2,Step24_Model3_EQA_CH1,Step25_Model2_EQB_CH4,Step26_Model1_EQB_CH1,Step27_Model2_EQC_CH4,Step28_Model1_EQA_CH3,Step29_Model2_EQA_CH4,Step30_Model3_EQA_CH2,,,,,,,,,,,,,,,,,,,,,,,,,,61.32617219375963,,,,,,,,,,,,,,,,,,39.682095839933964,,,,,,,,,,,,,,,,,,,,
T022_W05,T022,5,Step1_Model3_EQC_CH2,Step2_Model1_EQB_CH2,Step3_Model2_EQA_CH3,Step4_Model2_EQA_CH1,Step5_Model3_EQA_CH3,Step6_Model2_EQC_CH3,Step7_Model3_EQA_CH1,Step8_Model1_EQB_CH3,Step9_Model3_EQA_CH1,Step10_Model1_EQB_CH4,Step11_Model3_EQA_CH2,Step12_Model1_EQB_CH1,Step13_Model2_EQB_CH1,Step14_Model1_EQB_CH3,Step15_Model1_EQB_CH1,Step16_Model3_EQC_CH3,Step17_Model2_EQC_CH4,Step18_Model1_EQC_CH2,Step19_Model1_EQA_CH1,Step20_Model1_EQB_CH4,Step21_Model1_EQB_CH3,Step22_Model3_EQC_CH2,Step23_Model1_EQA_CH3,Step24_Model3_EQA_CH2,Step25_Model2_EQB_CH4,Step26_Model1_EQB_CH2,Step27_Model2_EQC_CH1,Step28_Model1_EQA_CH4,Step29_Model2_EQA_CH1,Step30_Model3_EQA_CH3,31.943602567086717,,,,,,,,,,,,,,,65.26017147933834,,,,,36.08483182,,,,41.70635533414399,,,,,,,,49.107253859032745,,,,,,,,,,57.680597343178185,,,,,,,,,,,,,,,,,,,,,
T022_W06,T022,6,Step1_Model3_EQC_CH4,Step2_Model1_EQB_CH3,Step3_Model2_EQA_CH2,Step4_Model2_EQA_CH3,Step5_Model3_EQA_CH4,Step6_Model2_EQC_CH4,Step7_Model3_EQA_CH3,Step8_Model1_EQB_CH2,Step9_Model3_EQA_CH1,Step10_Model1_EQB_CH4,Step11_Model3_EQA_CH2,Step12_Model1_EQB_CH2,Step13_Model2_EQB_CH2,Step14_Model1_EQB_CH3,Step15_Model1_EQB_CH3,Step16_Model3_EQC_CH3,Step17_Model2_EQC_CH4,Step18_Model1_EQC_CH3,Step19_Model1_EQA_CH4,Step20_Model1_EQB_CH2,Step21_Model1_EQB_CH1,Step22_Model3_EQC_CH2,Step23_Model1_EQA_CH1,Step24_Model3_EQA_CH4,Step25_Model2_EQB_CH4,Step26_Model1_EQB_CH1,Step27_Model2_EQC_CH3,Step28_Model1_EQA_CH4,Step29_Model2_EQA_CH2,Step30_Model3_EQA_CH1,,,,,61.573783132859546,,,,,,42.92826553755776,,,,,,,,,,,,,,,,,,53.42896432987655,,,,,68.97061707337065,,,,,,,,,,,,,,,8,,,,,,,,,,,,,,,
T022_W07,T022,7,Step1_Model3_EQC_CH2,Step2_Model1_EQB_CH3,Step3_Model2_EQA_CH4,Step4_Model2_EQA_CH3,Step5_Model3_EQA_CH4,Step6_Model2_EQC_CH1,Step7_Model3_EQA_CH3,Step8_Model1_EQB_CH1,Step9_Model3_EQA_CH1,Step10_Model1_EQB_CH1,Step11_Model3_EQA_CH2,Step12_Model1_EQB_CH1,Step13_Model2_EQB_CH3,Step14_Model1_EQB_CH3,Step15_Model1_EQB_CH1,Step16_Model3_EQC_CH1,Step17_Model2_EQC_CH1,Step18_Model1_EQC_CH4,Step19_Model1_EQA_CH4,Step20_Model1_EQB_CH2,Step21_Model1_EQB_CH1,Step22_Model3_EQC_CH1,Step23_Model1_EQA_CH3,Step24_Model3_EQA_CH1,Step25_Model2_EQB_CH1,Step26_Model1_EQB_CH3,Step27_Model2_EQC_CH3,Step28_Model1_EQA_CH1,Step29_Model2_EQA_CH4,Step30_Model3_EQA_CH2,,33.014858339471026,,,,,,,,,,,38.64027338640991,,,,,,,,,,68.68947507378013,,,,,,,,,43.84565665346993,,,48.922077555145705,,,36.41420741674022,,,,,,,51.913733483254376,,,,,,,,,14,,,,,,,,,,
T022_W08,T022,8,Step1_Model3_EQC_CH3,Step2_Model1_EQB_CH4,Step3_Model2_EQA_CH4,Step4_Model2_EQA_CH1,Step5_Model3_EQA_CH4,Step6_Model2_EQC_CH4,Step7_Model3_EQA_CH3,Step8_Model1_EQB_CH1,Step9_Model3_EQA_CH2,Step10_Model1_EQB_CH1,Step11_Model3_EQA_CH1,Step12_Model1_EQB_CH1,Step13_Model2_EQB_CH4,Step14_Model1_EQB_CH2,Step15_Model1_EQB_CH4,Step16_Model3_EQC_CH1,Step17_Model2_EQC_CH4,Step18_Model1_EQC_CH1,Step19_Model1_EQA_CH2,Step20_Model1_EQB_CH1,Step21_Model1_EQB_CH3,Step22_Model3_EQC_CH3,Step23_Model1_EQA_CH2,Step24_Model3_EQA_CH2,Step25_Model2_EQB_CH4,Step26_Model1_EQB_CH3,Step27_Model2_EQC_CH1,Step28_Model1_EQA_CH3,Step29_Model2_EQA_CH3,Step30_Model3_EQA_CH2,,,,,,57.46360519152323,,,,,30.37684299926104,,,,34.48531836967665,,,,59.21667197472578,,,,59.45148510366372,,,56.660275401551104,,,,,,42.86947946373823,,,47.02954650710487,,,,,,,,,,,,,,,,,,,,,,,,,,,,,
T022_W09,T022,9,Step1_Model3_EQC_CH4,Step2_Model1_EQB_CH1,Step3_Model2_EQA_CH1,Step4_Model2_EQA_CH2,Step5_Model3_EQA_CH3,Step6_Model2_EQC_CH3,Step7_Model3_EQA_CH2,Step8_Model1_EQB_CH2,Step9_Model3_EQA_CH3,Step10_Model1_EQB_CH4,Step11_Model3_EQA_CH3,Step12_Model1_EQB_CH2,Step13_Model2_EQB_CH3,Step14_Model1_EQB_CH4,Step15_Model1_EQB_CH3,Step16_Model3_EQC_CH1,Step17_Model2_EQC_CH3,Step18_Model1_EQC_CH3,Step19_Model1_EQA_CH2,Step20_Model1_EQB_CH3,Step21_Model1_EQB_CH2,Step22_Model3_EQC_CH2,Step23_Model1_EQA_CH1,Step24_Model3_EQA_CH1,Step25_Model2_EQB_CH4,Step26_Model1_EQB_CH4,Step27_Model2_EQC_CH2,Step28_Model1_EQA_CH1,Step29_Model2_EQA_CH1,Step30_Model3_EQA_CH3,,,,,,,,,,,,,47.98605084088664,,,65.32626516,,29.23612901846941,,,,,,,,,,,,,42.70801557,,,,,61.24236438861631,57.965356615076445,,,,,51.86930900535568,,25.405151478464138,,,,,,,,6,,,8,,,,,,,,,
T022_W10,T022,10,Step1_Model3_EQC_CH1,Step2_Model1_EQB_CH3,Step3_Model2_EQA_CH4,Step4_Model2_EQA_CH3,Step5_Model3_EQA_CH2,Step6_Model2_EQC_CH4,Step7_Model3_EQA_CH4,Step8_Model1_EQB_CH4,Step9_Model3_EQA_CH3,Step10_Model1_EQB_CH3,Step11_Model3_EQA_CH1,Step12_Model1_EQB_CH1,Step13_Model2_EQB_CH3,Step14_Model1_EQB_CH4,Step15_Model1_EQB_CH3,Step16_Model3_EQC_CH4,Step17_Model2_EQC_CH3,Step18_Model1_EQC_CH4,Step19_Model1_EQA_CH2,Step20_Model1_EQB_CH1,Step21_Model1_EQB_CH4,Step22_Model3_EQC_CH4,Step23_Model1_EQA_CH2,Step24_Model3_EQA_CH3,Step25_Model2_EQB_CH2,Step26_Model1_EQB_CH2,Step27_Model2_EQC_CH2,Step28_Model1_EQA_CH2,Step29_Model2_EQA_CH3,Step30_Model3_EQA_CH3,,,41.09514161966805,,,,,,58.99003302061966,,,39.65920989804708,,,,,,,,,,,,,,,,,54.81983019018378,,,,,,,,,,,,,58.63606330782413,,,,42.14506088915637,,,9,,,6,,,,,,,,,,,,
T022_W11,T022,11,Step1_Model3_EQC_CH3,Step2_Model1_EQB_CH4,Step3_Model2_EQA_CH2,Step4_Model2_EQA_CH4,Step5_Model3_EQA_CH1,Step6_Model2_EQC_CH4,Step7_Model3_EQA_CH4,Step8_Model1_EQB_CH4,Step9_Model3_EQA_CH1,Step10_Model1_EQB_CH2,Step11_Model3_EQA_CH2,Step12_Model1_EQB_CH3,Step13_Model2_EQB_CH4,Step14_Model1_EQB_CH1,Step15_Model1_EQB_CH4,Step16_Model3_EQC_CH4,Step17_Model2_EQC_CH4,Step18_Model1_EQC_CH1,Step19_Model1_EQA_CH1,Step20_Model1_EQB_CH2,Step21_Model1_EQB_CH2,Step22_Model3_EQC_CH2,Step23_Model1_EQA_CH3,Step24_Model3_EQA_CH4,Step25_Model2_EQB_CH2,Step26_Model1_EQB_CH4,Step27_Model2_EQC_CH2,Step28_Model1_EQA_CH1,Step29_Model2_EQA_CH4,Step30_Model3_EQA_CH2,,,,,,,,,,,,,,,29.019584442311725,,,,,,,,,,,,,,,,,,,,,,,,,,,,,,,,,50.75800774,,,,,7,,,,,,,,,,,
T022_W12,T022,12,Step1_Model3_EQC_CH1,Step2_Model1_EQB_CH4,Step3_Model2_EQA_CH1,Step4_Model2_EQA_CH1,Step5_Model3_EQA_CH4,Step6_Model2_EQC_CH4,Step7_Model3_EQA_CH2,Step8_Model1_EQB_CH2,Step9_Model3_EQA_CH2,Step10_Model1_EQB_CH2,Step11_Model3_EQA_CH3,Step12_Model1_EQB_CH3,Step13_Model2_EQB_CH1,Step14_Model1_EQB_CH1,Step15_Model1_EQB_CH4,Step16_Model3_EQC_CH1,Step17_Model2_EQC_CH1,Step18_Model1_EQC_CH2,Step19_Model1_EQA_CH2,Step20_Model1_EQB_CH2,Step21_Model1_EQB_CH2,Step22_Model3_EQC_CH4,Step23_Model1_EQA_CH2,Step24_Model3_EQA_CH4,Step25_Model2_EQB_CH3,Step26_Model1_EQB_CH1,Step27_Model2_EQC_CH1,Step28_Model1_EQA_CH3,Step29_Model2_EQA_CH2,Step30_Model3_EQA_CH1,,43.979165445191235,,,,62.44657492503712,48.59594542,,53.20820583160967,,,,,,,,50.66068710389581,35.07505595,53.18269721,,,,56.36612016602903,,,,,,,34.532595718667714,,,,,,,,,,,56.256041891940235,,,,,,,,,,,,,,,,,,,,,,,
T022_W13,T022,13,Step1_Model3_EQC_CH4,Step2_Model1_EQB_CH3,Step3_Model2_EQA_CH2,Step4_Model2_EQA_CH2,Step5_Model3_EQA_CH1,Step6_Model2_EQC_CH3,Step7_Model3_EQA_CH1,Step8_Model1_EQB_CH2,Step9_Model3_EQA_CH3,Step10_Model1_EQB_CH1,Step11_Model3_EQA_CH3,Step12_Model1_EQB_CH3,Step13_Model2_EQB_CH4,Step14_Model1_EQB_CH1,Step15_Model1_EQB_CH1,Step16_Model3_EQC_CH4,Step17_Model2_EQC_CH1,Step18_Model1_EQC_CH2,Step19_Model1_EQA_CH1,Step20_Model1_EQB_CH2,Step21_Model1_EQB_CH3,Step22_Model3_EQC_CH4,Step23_Model1_EQA_CH2,Step24_Model3_EQA_CH2,Step25_Model2_EQB_CH4,Step26_Model1_EQB_CH3,Step27_Model2_EQC_CH2,Step28_Model1_EQA_CH2,Step29_Model2_EQA_CH2,Step30_Model3_EQA_CH4,,29.935892886063765,35.49845009588762,49.01391374382087,,,,,,,,,,,42.125067642697935,,,,,,,,,,,,,,,,,,,,52.259624815242276,,,,42.63368486473971,,,,,38.28242119681344,,,,,,,,,,,,,,,,,,,,
T022_W14,T022,14,Step1_Model3_EQC_CH2,Step2_Model1_EQB_CH4,Step3_Model2_EQA_CH3,Step4_Model2_EQA_CH1,Step5_Model3_EQA_CH3,Step6_Model2_EQC_CH3,Step7_Model3_EQA_CH3,Step8_Model1_EQB_CH4,Step9_Model3_EQA_CH1,Step10_Model1_EQB_CH1,Step11_Model3_EQA_CH1,Step12_Model1_EQB_CH2,Step13_Model2_EQB_CH3,Step14_Model1_EQB_CH1,Step15_Model1_EQB_CH3,Step16_Model3_EQC_CH3,Step17_Model2_EQC_CH2,Step18_Model1_EQC_CH2,Step19_Model1_EQA_CH4,Step20_Model1_EQB_CH2,Step21_Model1_EQB_CH4,Step22_Model3_EQC_CH1,Step23_Model1_EQA_CH4,Step24_Model3_EQA_CH1,Step25_Model2_EQB_CH3,Step26_Model1_EQB_CH1,Step27_Model2_EQC_CH3,Step28_Model1_EQA_CH3,Step29_Model2_EQA_CH2,Step30_Model3_EQA_CH1,,,,,,69.26726230672925,,,,,,,,,,,48.848329984321225,32.495238589991295,,,,31.372724102290018,,,,,,,,,43.67975857599845,,,63.91750422371816,,67.02418357387263,,,,,,,59.01171949,,,,,,,,,,,,,,,,,,,,,
T022_W15,T022,15,Step1_Model3_EQC_CH3,Step2_Model1_EQB_CH1,Step3_Model2_EQA_CH2,Step4_Model2_EQA_CH3,Step5_Model3_EQA_CH3,Step6_Model2_EQC_CH4,Step7_Model3_EQA_CH4,Step8_Model1_EQB_CH1,Step9_Model3_EQA_CH3,Step10_Model1_EQB_CH3,Step11_Model3_EQA_CH2,Step12_Model1_EQB_CH3,Step13_Model2_EQB_CH4,Step14_Model1_EQB_CH1,Step15_Model1_EQB_CH2,Step16_Model3_EQC_CH4,Step17_Model2_EQC_CH2,Step18_Model1_EQC_CH3,Step19_Model1_EQA_CH4,Step20_Model1_EQB_CH4,Step21_Model1_EQB_CH4,Step22_Model3_EQC_CH2,Step23_Model1_EQA_CH1,Step24_Model3_EQA_CH4,Step25_Model2_EQB_CH3,Step26_Model1_EQB_CH3,Step27_Model2_EQC_CH3,Step28_Model1_EQA_CH2,Step29_Model2_EQA_CH2,Step30_Model3_EQA_CH4,46.623469447552246,,,,,61.265277616288365,52.99299418669067,39.566616622610326,,,,,45.27508876120597,62.11927738806611,33.60345444788475,,,,,42.009638584022696,,40.87389562141898,,,,,,,,,,,,,,,,38.282552551396314,39.6282247,,,,,,,,,,,,,,,6,,,,,,,,,,
T022_W16,T022,16,Step1_Model3_EQC_CH2,Step2_Model1_EQB_CH1,Step3_Model2_EQA_CH3,Step4_Model2_EQA_CH2,Step5_Model3_EQA_CH3,Step6_Model2_EQC_CH4,Step7_Model3_EQA_CH4,Step8_Model1_EQB_CH1,Step9_Model3_EQA_CH2,Step10_Model1_EQB_CH2,Step11_Model3_EQA_CH4,Step12_Model1_EQB_CH3,Step13_Model2_EQB_CH3,Step14_Model1_EQB_CH1,Step15_Model1_EQB_CH1,Step16_Model3_EQC_CH3,Step17_Model2_EQC_CH2,Step18_Model1_EQC_CH2,Step19_Model1_EQA_CH4,Step20_Model1_EQB_CH4,Step21_Model1_EQB_CH1,Step22_Model3_EQC_CH4,Step23_Model1_EQA_CH2,Step24_Model3_EQA_CH4,Step25_Model2_EQB_CH2,Step26_Model1_EQB_CH4,Step27_Model2_EQC_CH1,Step28_Model1_EQA_CH1,Step29_Model2_EQA_CH1,Step30_Model3_EQA_CH3,,,,,,,,,,,,,,,,64.59707973620567,,,,,,,,,,,55.42713529814573,,,,,,,61.451599250971924,,63.96343548,,,,,,,57.89487967160237,,52.44876203,,,,,,,,,,,,,,,,,,,
T022_W17,T022,17,Step1_Model3_EQC_CH1,Step2_Model1_EQB_CH1,Step3_Model2_EQA_CH2,Step4_Model2_EQA_CH4,Step5_Model3_EQA_CH4,Step6_Model2_EQC_CH2,Step7_Model3_EQA_CH2,Step8_Model1_EQB_CH3,Step9_Model3_EQA_CH2,Step10_Model1_EQB_CH3,Step11_Model3_EQA_CH2,Step12_Model1_EQB_CH4,Step13_Model2_EQB_CH3,Step14_Model1_EQB_CH4,Step15_Model1_EQB_CH1,Step16_Model3_EQC_CH3,Step17_Model2_EQC_CH3,Step18_Model1_EQC_CH2,Step19_Model1_EQA_CH4,Step20_Model1_EQB_CH1,Step21_Model1_EQB_CH3,Step22_Model3_EQC_CH2,Step23_Model1_EQA_CH2,Step24_Model3_EQA_CH2,Step25_Model2_EQB_CH4,Step26_Model1_EQB_CH2,Step27_Model2_EQC_CH3,Step28_Model1_EQA_CH2,Step29_Model2_EQA_CH3,Step30_Model3_EQA_CH4,,,,,,,,,,,,,,,,,53.312089382368065,,,39.17668431,,,,,,,47.80837666856195,,,,43.19759868885263,,,58.22105902,,,,39.84022864493777,,,46.47224810741593,,,,,,52.38692481888955,,,,,,,,,,,,,,,,,
T022_W18,T022,18,Step1_Model3_EQC_CH3,Step2_Model1_EQB_CH2,Step3_Model2_EQA_CH2,Step4_Model2_EQA_CH1,Step5_Model3_EQA_CH3,Step6_Model2_EQC_CH4,Step7_Model3_EQA_CH2,Step8_Model1_EQB_CH2,Step9_Model3_EQA_CH1,Step10_Model1_EQB_CH3,Step11_Model3_EQA_CH2,Step12_Model1_EQB_CH2,Step13_Model2_EQB_CH4,Step14_Model1_EQB_CH2,Step15_Model1_EQB_CH1,Step16_Model3_EQC_CH1,Step17_Model2_EQC_CH4,Step18_Model1_EQC_CH4,Step19_Model1_EQA_CH2,Step20_Model1_EQB_CH2,Step21_Model1_EQB_CH4,Step22_Model3_EQC_CH2,Step23_Model1_EQA_CH1,Step24_Model3_EQA_CH2,Step25_Model2_EQB_CH2,Step26_Model1_EQB_CH4,Step27_Model2_EQC_CH4,Step28_Model1_EQA_CH3,Step29_Model2_EQA_CH1,Step30_Model3_EQA_CH1,35.49409712994539,,,,,,,36.76467677538339,,,,,,,,,,,,,,,,,,,,,,,,,,,,,,,,,,,56.577124393952126,,,,,,,,,,,,,,,,,,,,,
T022_W19,T022,19,Step1_Model3_EQC_CH1,Step2_Model1_EQB_CH2,Step3_Model2_EQA_CH1,Step4_Model2_EQA_CH4,Step5_Model3_EQA_CH2,Step6_Model2_EQC_CH1,Step7_Model3_EQA_CH4,Step8_Model1_EQB_CH4,Step9_Model3_EQA_CH1,Step10_Model1_EQB_CH3,Step11_Model3_EQA_CH1,Step12_Model1_EQB_CH3,Step13_Model2_EQB_CH2,Step14_Model1_EQB_CH2,Step15_Model1_EQB_CH4,Step16_Model3_EQC_CH1,Step17_Model2_EQC_CH3,Step18_Model1_EQC_CH3,Step19_Model1_EQA_CH1,Step20_Model1_EQB_CH2,Step21_Model1_EQB_CH2,Step22_Model3_EQC_CH4,Step23_Model1_EQA_CH3,Step24_Model3_EQA_CH4,Step25_Model2_EQB_CH3,Step26_Model1_EQB_CH1,Step27_Model2_EQC_CH3,Step28_Model1_EQA_CH1,Step29_Model2_EQA_CH3,Step30_Model3_EQA_CH2,,,,,66.88505380437353,,,,,,,,,51.39133339264097,,,,,,,,35.18153464030631,,,,,,61.09355792505348,,,,,,,,,,,,,,,,,,,,,,,,,,,,,,,,,,,,
T022_W20,T022,20,Step1_Model3_EQC_CH2,Step2_Model1_EQB_CH3,Step3_Model2_EQA_CH1,Step4_Model2_EQA_CH4,Step5_Model3_EQA_CH1,Step6_Model2_EQC_CH3,Step7_Model3_EQA_CH1,Step8_Model1_EQB_CH1,Step9_Model3_EQA_CH2,Step10_Model1_EQB_CH3,Step11_Model3_EQA_CH2,Step12_Model1_EQB_CH3,Step13_Model2_EQB_CH3,Step14_Model1_EQB_CH3,Step15_Model1_EQB_CH3,Step16_Model3_EQC_CH3,Step17_Model2_EQC_CH2,Step18_Model1_EQC_CH3,Step19_Model1_EQA_CH4,Step20_Model1_EQB_CH2,Step21_Model1_EQB_CH3,Step22_Model3_EQC_CH2,Step23_Model1_EQA_CH4,Step24_Model3_EQA_CH4,Step25_Model2_EQB_CH3,Step26_Model1_EQB_CH2,Step27_Model2_EQC_CH2,Step28_Model1_EQA_CH2,Step29_Model2_EQA_CH2,Step30_Model3_EQA_CH2,,,,,,,,37.025523502241754,,,,,,,,,,,,,,,63.81024595143198,,,61.92807356,47.77220956960804,,,,,,,,,,,,,42.96458591582862,,,,,,35.57406099,,,,,,,,,,,,,,,,,,
T022_W21,T022,21,Step1_Model3_EQC_CH4,Step2_Model1_EQB_CH3,Step3_Model2_EQA_CH3,Step4_Model2_EQA_CH4,Step5_Model3_EQA_CH1,Step6_Model2_EQC_CH4,Step7_Model3_EQA_CH1,Step8_Model1_EQB_CH1,Step9_Model3_EQA_CH4,Step10_Model1_EQB_CH4,Step11_Model3_EQA_CH3,Step12_Model1_EQB_CH2,Step13_Model2_EQB_CH4,Step14_Model1_EQB_CH1,Step15_Model1_EQB_CH4,Step16_Model3_EQC_CH4,Step17_Model2_EQC_CH2,Step18_Model1_EQC_CH1,Step19_Model1_EQA_CH2,Step20_Model1_EQB_CH3,Step21_Model1_EQB_CH4,Step22_Model3_EQC_CH3,Step23_Model1_EQA_CH4,Step24_Model3_EQA_CH2,Step25_Model2_EQB_CH1,Step26_Model1_EQB_CH3,Step27_Model2_EQC_CH3,Step28_Model1_EQA_CH3,Step29_Model2_EQA_CH1,Step30_Model3_EQA_CH2,,,,,,,41.317249833611484,,,,32.5103019,,,,,,,36.248826054239714,60.42239666222776,38.42374427348675,,,,,42.16435531844438,,,,,,48.85414513444089,48.643520953486664,51.17888561668757,59.57438271165046,,,,,,,,,,,,36.764508566796025,,,,,,,,,,,,,,,,,,
T022_W22,T022,22,Step1_Model3_EQC_CH1,Step2_Model1_EQB_CH3,Step3_Model2_EQA_CH2,Step4_Model2_EQA_CH1,Step5_Model3_EQA_CH2,Step6_Model2_EQC_CH3,Step7_Model3_EQA_CH1,Step8_Model1_EQB_CH3,Step9_Model3_EQA_CH2,Step10_Model1_EQB_CH2,Step11_Model3_EQA_CH4,Step12_Model1_EQB_CH3,Step13_Model2_EQB_CH2,Step14_Model1_EQB_CH3,Step15_Model1_EQB_CH2,Step16_Model3_EQC_CH1,Step17_Model2_EQC_CH3,Step18_Model1_EQC_CH2,Step19_Model1_EQA_CH1,Step20_Model1_EQB_CH1,Step21_Model1_EQB_CH3,Step22_Model3_EQC_CH4,Step23_Model1_EQA_CH1,Step24_Model3_EQA_CH2,Step25_Model2_EQB_CH2,Step26_Model1_EQB_CH3,Step27_Model2_EQC_CH1,Step28_Model1_EQA_CH1,Step29_Model2_EQA_CH2,Step30_Model3_EQA_CH3,,,,,,62.37574148286763,,,,,,,,,,,,41.877580652649684,59.35838376,,,,,,,,,,52.270072480479165,,,,,,,,51.19759117036416,,45.931378021931074,,51.024444526358764,,,,,,,,,,,,,,,,,,,,,,,
T022_W23,T022,23,Step1_Model3_EQC_CH3,Step2_Model1_EQB_CH3,Step3_Model2_EQA_CH3,Step4_Model2_EQA_CH2,Step5_Model3_EQA_CH1,Step6_Model2_EQC_CH2,Step7_Model3_EQA_CH1,Step8_Model1_EQB_CH1,Step9_Model3_EQA_CH2,Step10_Model1_EQB_CH4,Step11_Model3_EQA_CH3,Step12_Model1_EQB_CH2,Step13_Model2_EQB_CH4,Step14_Model1_EQB_CH4,Step15_Model1_EQB_CH2,Step16_Model3_EQC_CH4,Step17_Model2_EQC_CH2,Step18_Model1_EQC_CH1,Step19_Model1_EQA_CH2,Step20_Model1_EQB_CH4,Step21_Model1_EQB_CH2,Step22_Model3_EQC_CH1,Step23_Model1_EQA_CH3,Step24_Model3_EQA_CH3,Step25_Model2_EQB_CH3,Step26_Model1_EQB_CH2,Step27_Model2_EQC_CH3,Step28_Model1_EQA_CH1,Step29_Model2_EQA_CH2,Step30_Model3_EQA_CH3,,,,52.363754429650335,,,,,,,,,48.10219620269127,,40.42859103834812,,,37.43724328145523,,,41.738355857350136,,,,43.655039200152295,,,,,,,,,,,,60.26126995677121,,,,,,,,,38.14359100753131,54.20851890832561,,,,,,,,,,,,,,,,,
T022_W24,T022,24,Step1_Model3_EQC_CH3,Step2_Model1_EQB_CH4,Step3_Model2_EQA_CH3,Step4_Model2_EQA_CH2,Step5_Model3_EQA_CH4,Step6_Model2_EQC_CH1,Step7_Model3_EQA_CH4,Step8_Model1_EQB_CH4,Step9_Model3_EQA_CH1,Step10_Model1_EQB_CH3,Step11_Model3_EQA_CH2,Step12_Model1_EQB_CH4,Step13_Model2_EQB_CH4,Step14_Model1_EQB_CH4,Step15_Model1_EQB_CH3,Step16_Model3_EQC_CH2,Step17_Model2_EQC_CH3,Step18_Model1_EQC_CH2,Step19_Model1_EQA_CH2,Step20_Model1_EQB_CH3,Step21_Model1_EQB_CH1,Step22_Model3_EQC_CH4,Step23_Model1_EQA_CH1,Step24_Model3_EQA_CH2,Step25_Model2_EQB_CH3,Step26_Model1_EQB_CH3,Step27_Model2_EQC_CH1,Step28_Model1_EQA_CH3,Step29_Model2_EQA_CH1,Step30_Model3_EQA_CH1,,,,,,70.65283359379276,,,,,,,,,,57.941272784631344,,,,,38.63117136540547,,64.62351639205528,,,,,,,,36.65557213882738,,,67.45091315411776,,,57.89864892137966,,,,,53.95171766805591,,,,,,,,10,,,,,,,,,,,,,,
T022_W25,T022,25,Step1_Model3_EQC_CH4,Step2_Model1_EQB_CH3,Step3_Model2_EQA_CH3,Step4_Model2_EQA_CH4,Step5_Model3_EQA_CH2,Step6_Model2_EQC_CH1,Step7_Model3_EQA_CH3,Step8_Model1_EQB_CH1,Step9_Model3_EQA_CH1,Step10_Model1_EQB_CH4,Step11_Model3_EQA_CH1,Step12_Model1_EQB_CH3,Step13_Model2_EQB_CH1,Step14_Model1_EQB_CH1,Step15_Model1_EQB_CH1,Step16_Model3_EQC_CH4,Step17_Model2_EQC_CH4,Step18_Model1_EQC_CH2,Step19_Model1_EQA_CH1,Step20_Model1_EQB_CH1,Step21_Model1_EQB_CH4,Step22_Model3_EQC_CH2,Step23_Model1_EQA_CH4,Step24_Model3_EQA_CH4,Step25_Model2_EQB_CH2,Step26_Model1_EQB_CH1,Step27_Model2_EQC_CH2,Step28_Model1_EQA_CH2,Step29_Model2_EQA_CH4,Step30_Model3_EQA_CH3,,,,,,,,34.81072435,,,,,48.606238963451275,,,,,,,,,35.90190802355852,65.68033897299259,,,,,,,,42.16754651826354,,,,,58.10783283026578,,43.45305456539033,,,,,67.58847337318356,,,38.564291095547006,,,,,,,,,,,,,,,,,,
T023_W01,T023,1,Step1_Model2_EQC_CH1,Step2_Model1_EQA_CH4,Step3_Model2_EQA_CH2,Step4_Model3_EQA_CH1,Step5_Model3_EQB_CH1,Step6_Model3_EQC_CH1,Step7_Model3_EQB_CH2,Step8_Model3_EQA_CH1,Step9_Model1_EQA_CH3,Step10_Model2_EQC_CH3,Step11_Model2_EQA_CH2,Step12_Model1_EQC_CH4,Step13_Model2_EQB_CH4,Step14_Model1_EQC_CH4,Step15_Model1_EQB_CH3,Step16_Model3_EQB_CH4,Step17_Model3_EQB_CH2,Step18_Model1_EQA_CH2,Step19_Model1_EQC_CH4,Step20_Model2_EQC_CH3,Step21_Model2_EQB_CH2,Step22_Model3_EQA_CH4,Step23_Model3_EQA_CH3,Step24_Model2_EQB_CH1,Step25_Model2_EQB_CH3,Step26_Model2_EQA_CH1,Step27_Model2_EQC_CH2,Step28_Model3_EQA_CH4,Step29_Model1_EQA_CH1,Step30_Model1_EQC_CH4,,36.85547441261208,,,,,46.823605356923856,,,58.88971905985845,,,46.66544665004341,,,,,,,,46.388155612018245,39.45438044942203,61.63345479210005,47.34607798728521,,,,,,,,52.53708753452765,,,,,,,,,,55.264041577426056,,,,,,,,,,,,,,,,,,,,,,
T023_W02,T023,2,Step1_Model2_EQC_CH1,Step2_Model1_EQA_CH1,Step3_Model2_EQA_CH4,Step4_Model3_EQA_CH3,Step5_Model3_EQB_CH4,Step6_Model3_EQC_CH3,Step7_Model3_EQB_CH3,Step8_Model3_EQA_CH4,Step9_Model1_EQA_CH2,Step10_Model2_EQC_CH1,Step11_Model2_EQA_CH1,Step12_Model1_EQC_CH2,Step13_Model2_EQB_CH1,Step14_Model1_EQC_CH2,Step15_Model1_EQB_CH3,Step16_Model3_EQB_CH3,Step17_Model3_EQB_CH4,Step18_Model1_EQA_CH3,Step19_Model1_EQC_CH2,Step20_Model2_EQC_CH3,Step21_Model2_EQB_CH4,Step22_Model3_EQA_CH2,Step23_Model3_EQA_CH3,Step24_Model2_EQB_CH2,Step25_Model2_EQB_CH3,Step26_Model2_EQA_CH3,Step27_Model2_EQC_CH1,Step28_Model3_EQA_CH2,Step29_Model1_EQA_CH3,Step30_Model1_EQC_CH3,37.647311074819086,,42.532076683811226,,,,,,,,,,,,,,47.20869412369465,38.87539119955667,,,,41.48737859075996,,,,,,,,,,,,68.79851662118632,,,,,,,,,64.25497827521517,,,46.65256896400439,,46.55543754255977,,,,,,,,,,,,,,,,
T023_W03,T023,3,Step1_Model2_EQC_CH3,Step2_Model1_EQA_CH3,Step3_Model2_EQA_CH3,Step4_Model3_EQA_CH2,Step5_Model3_EQB_CH3,Step6_Model3_EQC_CH2,Step7_Model3_EQB_CH3,Step8_Model3_EQA_CH1,Step9_Model1_EQA_CH2,Step10_Model2_EQC_CH1,Step11_Model2_EQA_CH1,Step12_Model1_EQC_CH1,Step13_Model2_EQB_CH4,Step14_Model1_EQC_CH2,Step15_Model1_EQB_CH4,Step16_Model3_EQB_CH2,Step17_Model3_EQB_CH3,Step18_Model1_EQA_CH2,Step19_Model1_EQC_CH4,Step20_Model2_EQC_CH2,Step21_Model2_EQB_CH2,Step22_Model3_EQA_CH2,Step23_Model3_EQA_CH3,Step24_Model2_EQB_CH1,Step25_Model2_EQB_CH3,Step26_Model2_EQA_CH4,Step27_Model2_EQC_CH2,Step28_Model3_EQA_CH3,Step29_Model1_EQA_CH3,Step30_Model1_EQC_CH3,,,,,,,,37.95072103,,,,,,,,,,,65.88186268338583,,,,,,,59.62406146575095,,,,,,,51.387077049406564,,50.577786366283874,,,,41.560836948146026,43.29983996598956,54.57352049701638,,,,,,,,,4,,,,,,,,,,,,,,
T023_W04,T023,4,Step1_Model2_EQC_CH4,Step2_Model1_EQA_CH4,Step3_Model2_EQA_CH1,Step4_Model3_EQA_CH4,Step5_Model3_EQB_CH1,Step6_Model3_EQC_CH3,Step7_Model3_EQB_CH1,Step8_Model3_EQA_CH4,Step9_Model1_EQA_CH1,Step10_Model2_EQC_CH2,Step11_Model2_EQA_CH1,Step12_Model1_EQC_CH2,Step13_Model2_EQB_CH4,Step14_Model1_EQC_CH2,Step15_Model1_EQB_CH3,Step16_Model3_EQB_CH2,Step17_Model3_EQB_CH2,Step18_Model1_EQA_CH1,Step19_Model1_EQC_CH2,Step20_Model2_EQC_CH4,Step21_Model2_EQB_CH2,Step22_Model3_EQA_CH1,Step23_Model3_EQA_CH2,Step24_Model2_EQB_CH2,Step25_Model2_EQB_CH2,Step26_Model2_EQA_CH4,Step27_Model2_EQC_CH1,Step28_Model3_EQA_CH4,Step29_Model1_EQA_CH3,Step30_Model1_EQC_CH3,,,,,,,,,,,,41.220095125405976,,,,,47.80036631,,,,,,,,,,,,,,,,,,,,,,,,53.907477758950634,,,,,31.362957714363713,,,,,,,,,,9,,,,,,,,
T023_W05,T023,5,Step1_Model2_EQC_CH1,Step2_Model1_EQA_CH4,Step3_Model2_EQA_CH2,Step4_Model3_EQA_CH2,Step5_Model3_EQB_CH2,Step6_Model3_EQC_CH3,Step7_Model3_EQB_CH4,Step8_Model3_EQA_CH4,Step9_Model1_EQA_CH4,Step10_Model2_EQC_CH3,Step11_Model2_EQA_CH4,Step12_Model1_EQC_CH2,Step13_Model2_EQB_CH2,Step14_Model1_EQC_CH1,Step15_Model1_EQB_CH4,Step16_Model3_EQB_CH1,Step17_Model3_EQB_CH3,Step18_Model1_EQA_CH1,Step19_Model1_EQC_CH1,Step20_Model2_EQC_CH1,Step21_Model2_EQB_CH4,Step22_Model3_EQA_CH4,Step23_Model3_EQA_CH4,Step24_Model2_EQB_CH4,Step25_Model2_EQB_CH1,Step26_Model2_EQA_CH2,Step27_Model2_EQC_CH1,Step28_Model3_EQA_CH3,Step29_Model1_EQA_CH3,Step30_Model1_EQC_CH3,,,,,,,,,,,,,,,,63.98539781006105,,,62.87136695179292,,,,,46.876473707366124,36.92529847798559,,,,,,,41.56935349450779,,,,,,,,,,,,,44.21961999515188,38.38561540812084,,,,,,,,,,,,,,,,,,
T023_W06,T023,6,Step1_Model2_EQC_CH4,Step2_Model1_EQA_CH4,Step3_Model2_EQA_CH1,Step4_Model3_EQA_CH2,Step5_Model3_EQB_CH3,Step6_Model3_EQC_CH1,Step7_Model3_EQB_CH4,Step8_Model3_EQA_CH3,Step9_Model1_EQA_CH2,Step10_Model2_EQC_CH1,Step11_Model2_EQA_CH2,Step12_Model1_EQC_CH2,Step13_Model2_EQB_CH3,Step14_Model1_EQC_CH4,Step15_Model1_EQB_CH3,Step16_Model3_EQB_CH3,Step17_Model3_EQB_CH3,Step18_Model1_EQA_CH1,Step19_Model1_EQC_CH1,Step20_Model2_EQC_CH1,Step21_Model2_EQB_CH3,Step22_Model3_EQA_CH4,Step23_Model3_EQA_CH4,Step24_Model2_EQB_CH4,Step25_Model2_EQB_CH1,Step26_Model2_EQA_CH3,Step27_Model2_EQC_CH3,Step28_Model3_EQA_CH2,Step29_Model1_EQA_CH1,Step30_Model1_EQC_CH3,,,,,,,,,,57.739414603169536,,,45.43606257904924,,,,,,,,,,,,,59.07341656,,57.539638653166186,,,,,,,51.26143908363318,,,,,40.90465702125774,,60.87102464589871,,,,36.632719762068035,,,,,,,,,,,,,,,,,,
T023_W07,T023,7,Step1_Model2_EQC_CH3,Step2_Model1_EQA_CH4,Step3_Model2_EQA_CH1,Step4_Model3_EQA_CH2,Step5_Model3_EQB_CH2,Step6_Model3_EQC_CH1,Step7_Model3_EQB_CH1,Step8_Model3_EQA_CH4,Step9_Model1_EQA_CH2,Step10_Model2_EQC_CH1,Step11_Model2_EQA_CH3,Step12_Model1_EQC_CH1,Step13_Model2_EQB_CH1,Step14_Model1_EQC_CH1,Step15_Model1_EQB_CH4,Step16_Model3_EQB_CH1,Step17_Model3_EQB_CH1,Step18_Model1_EQA_CH4,Step19_Model1_EQC_CH2,Step20_Model2_EQC_CH1,Step21_Model2_EQB_CH3,Step22_Model3_EQA_CH3,Step23_Model3_EQA_CH4,Step24_Model2_EQB_CH3,Step25_Model2_EQB_CH4,Step26_Model2_EQA_CH2,Step27_Model2_EQC_CH2,Step28_Model3_EQA_CH1,Step29_Model1_EQA_CH1,Step30_Model1_EQC_CH1,,,,47.10884932,,,,,,55.175535244028055,,,,,,72.68859285,42.562149386413004,,,,,,,,,56.74903238123942,,,,39.92149474539013,,,,,,,,,,,,,,,,,,,,,,,,,,,,,,,,,,
T023_W08,T023,8,Step1_Model2_EQC_CH4,Step2_Model1_EQA_CH2,Step3_Model2_EQA_CH2,Step4_Model3_EQA_CH2,Step5_Model3_EQB_CH1,Step6_Model3_EQC_CH2,Step7_Model3_EQB_CH2,Step8_Model3_EQA_CH3,Step9_Model1_EQA_CH1,Step10_Model2_EQC_CH4,Step11_Model2_EQA_CH4,Step12_Model1_EQC_CH2,Step13_Model2_EQB_CH2,Step14_Model1_EQC_CH1,Step15_Model1_EQB_CH1,Step16_Model3_EQB_CH2,Step17_Model3_EQB_CH1,Step18_Model1_EQA_CH2,Step19_Model1_EQC_CH1,Step20_Model2_EQC_CH1,Step21_Model2_EQB_CH3,Step22_Model3_EQA_CH4,Step23_Model3_EQA_CH4,Step24_Model2_EQB_CH3,Step25_Model2_EQB_CH3,Step26_Model2_EQA_CH2,Step27_Model2_EQC_CH1,Step28_Model3_EQA_CH1,Step29_Model1_EQA_CH4,Step30_Model1_EQC_CH4,,,,41.36167151393669,,,,,59.33307817,,,,,,,60.105897098994255,,,58.69471567251487,,,,,47.59797904848997,,,,,,43.85107811750123,40.26785381095596,,59.89812689440636,,,,,,,,,,63.40013814898206,,44.34280104901457,,,,,,,,,,,,,,,,,,,
T023_W09,T023,9,Step1_Model2_EQC_CH2,Step2_Model1_EQA_CH2,Step3_Model2_EQA_CH3,Step4_Model3_EQA_CH4,Step5_Model3_EQB_CH1,Step6_Model3_EQC_CH1,Step7_Model3_EQB_CH2,Step8_Model3_EQA_CH1,Step9_Model1_EQA_CH2,Step10_Model2_EQC_CH1,Step11_Model2_EQA_CH2,Step12_Model1_EQC_CH1,Step13_Model2_EQB_CH1,Step14_Model1_EQC_CH2,Step15_Model1_EQB_CH4,Step16_Model3_EQB_CH1,Step17_Model3_EQB_CH4,Step18_Model1_EQA_CH3,Step19_Model1_EQC_CH3,Step20_Model2_EQC_CH2,Step21_Model2_EQB_CH2,Step22_Model3_EQA_CH2,Step23_Model3_EQA_CH2,Step24_Model2_EQB_CH4,Step25_Model2_EQB_CH3,Step26_Model2_EQA_CH1,Step27_Model2_EQC_CH4,Step28_Model3_EQA_CH1,Step29_Model1_EQA_CH1,Step30_Model1_EQC_CH3,,,,,58.971454784682905,57.09951422577011,,,53.877235942465276,,,,,,,,,,,,,,,,,,,,,,44.53963717480484,,,,,55.50921472263481,,,,,,,,,,34.24394885,,,,9,,,,,,,,,,,,,,
T023_W10,T023,10,Step1_Model2_EQC_CH1,Step2_Model1_EQA_CH2,Step3_Model2_EQA_CH3,Step4_Model3_EQA_CH3,Step5_Model3_EQB_CH3,Step6_Model3_EQC_CH4,Step7_Model3_EQB_CH1,Step8_Model3_EQA_CH4,Step9_Model1_EQA_CH2,Step10_Model2_EQC_CH2,Step11_Model2_EQA_CH1,Step12_Model1_EQC_CH3,Step13_Model2_EQB_CH4,Step14_Model1_EQC_CH4,Step15_Model1_EQB_CH3,Step16_Model3_EQB_CH1,Step17_Model3_EQB_CH4,Step18_Model1_EQA_CH1,Step19_Model1_EQC_CH4,Step20_Model2_EQC_CH1,Step21_Model2_EQB_CH3,Step22_Model3_EQA_CH1,Step23_Model3_EQA_CH3,Step24_Model2_EQB_CH2,Step25_Model2_EQB_CH1,Step26_Model2_EQA_CH2,Step27_Model2_EQC_CH4,Step28_Model3_EQA_CH4,Step29_Model1_EQA_CH1,Step30_Model1_EQC_CH4,,,35.68794480507854,,,65.33047526,,,,,,,,,,,,,,,,,,,,,,,,39.60504262591073,47.44283465866868,,,,,,,,,39.29996892526657,47.648198330474415,50.767476966881745,,,,,,,14,,,,,,,,,,,,,,,
T023_W11,T023,11,Step1_Model2_EQC_CH1,Step2_Model1_EQA_CH4,Step3_Model2_EQA_CH1,Step4_Model3_EQA_CH3,Step5_Model3_EQB_CH1,Step6_Model3_EQC_CH4,Step7_Model3_EQB_CH1,Step8_Model3_EQA_CH4,Step9_Model1_EQA_CH3,Step10_Model2_EQC_CH4,Step11_Model2_EQA_CH1,Step12_Model1_EQC_CH3,Step13_Model2_EQB_CH2,Step14_Model1_EQC_CH3,Step15_Model1_EQB_CH1,Step16_Model3_EQB_CH4,Step17_Model3_EQB_CH4,Step18_Model1_EQA_CH3,Step19_Model1_EQC_CH2,Step20_Model2_EQC_CH2,Step21_Model2_EQB_CH1,Step22_Model3_EQA_CH3,Step23_Model3_EQA_CH2,Step24_Model2_EQB_CH2,Step25_Model2_EQB_CH2,Step26_Model2_EQA_CH2,Step27_Model2_EQC_CH1,Step28_Model3_EQA_CH3,Step29_Model1_EQA_CH3,Step30_Model1_EQC_CH2,,,32.15868570898981,,,,,,,,,,,,,,,,,,,,,,,63.201511262872934,44.82999312,,,44.01701414821596,,,52.31685021053438,,,,,,,,,,,,,,,,,,,,,,5,,,,,,,,,
T023_W12,T023,12,Step1_Model2_EQC_CH2,Step2_Model1_EQA_CH4,Step3_Model2_EQA_CH2,Step4_Model3_EQA_CH4,Step5_Model3_EQB_CH3,Step6_Model3_EQC_CH4,Step7_Model3_EQB_CH4,Step8_Model3_EQA_CH3,Step9_Model1_EQA_CH4,Step10_Model2_EQC_CH4,Step11_Model2_EQA_CH2,Step12_Model1_EQC_CH4,Step13_Model2_EQB_CH4,Step14_Model1_EQC_CH3,Step15_Model1_EQB_CH3,Step16_Model3_EQB_CH3,Step17_Model3_EQB_CH1,Step18_Model1_EQA_CH4,Step19_Model1_EQC_CH1,Step20_Model2_EQC_CH4,Step21_Model2_EQB_CH4,Step22_Model3_EQA_CH4,Step23_Model3_EQA_CH3,Step24_Model2_EQB_CH2,Step25_Model2_EQB_CH1,Step26_Model2_EQA_CH3,Step27_Model2_EQC_CH1,Step28_Model3_EQA_CH4,Step29_Model1_EQA_CH1,Step30_Model1_EQC_CH4,,,,37.350191000365484,,,,,54.39031742148613,,,,,,,,,,,,45.994362940216675,,,,,,,,,,,,,,,,43.995541056498865,,,,,,58.07992869675167,,,,,,,,,,,,,,,,,,,,,
T023_W13,T023,13,Step1_Model2_EQC_CH2,Step2_Model1_EQA_CH2,Step3_Model2_EQA_CH1,Step4_Model3_EQA_CH3,Step5_Model3_EQB_CH2,Step6_Model3_EQC_CH4,Step7_Model3_EQB_CH1,Step8_Model3_EQA_CH1,Step9_Model1_EQA_CH3,Step10_Model2_EQC_CH3,Step11_Model2_EQA_CH1,Step12_Model1_EQC_CH3,Step13_Model2_EQB_CH4,Step14_Model1_EQC_CH1,Step15_Model1_EQB_CH3,Step16_Model3_EQB_CH3,Step17_Model3_EQB_CH4,Step18_Model1_EQA_CH4,Step19_Model1_EQC_CH3,Step20_Model2_EQC_CH1,Step21_Model2_EQB_CH3,Step22_Model3_EQA_CH2,Step23_Model3_EQA_CH3,Step24_Model2_EQB_CH1,Step25_Model2_EQB_CH4,Step26_Model2_EQA_CH1,Step27_Model2_EQC_CH1,Step28_Model3_EQA_CH1,Step29_Model1_EQA_CH4,Step30_Model1_EQC_CH3,37.95646530902194,,37.400201102650385,,,,34.864377646410205,,,,,,,55.02569245695561,,60.77249529306454,,,,,,,,,,,,54.78117895306686,,35.064918,,,,,48.61279462822212,,,,,,,,,,54.001788239262865,,,,,,,,,,,,,,,,,,,
T023_W14,T023,14,Step1_Model2_EQC_CH4,Step2_Model1_EQA_CH2,Step3_Model2_EQA_CH1,Step4_Model3_EQA_CH4,Step5_Model3_EQB_CH1,Step6_Model3_EQC_CH4,Step7_Model3_EQB_CH1,Step8_Model3_EQA_CH4,Step9_Model1_EQA_CH4,Step10_Model2_EQC_CH4,Step11_Model2_EQA_CH3,Step12_Model1_EQC_CH4,Step13_Model2_EQB_CH3,Step14_Model1_EQC_CH4,Step15_Model1_EQB_CH2,Step16_Model3_EQB_CH3,Step17_Model3_EQB_CH4,Step18_Model1_EQA_CH1,Step19_Model1_EQC_CH2,Step20_Model2_EQC_CH3,Step21_Model2_EQB_CH2,Step22_Model3_EQA_CH3,Step23_Model3_EQA_CH4,Step24_Model2_EQB_CH4,Step25_Model2_EQB_CH1,Step26_Model2_EQA_CH3,Step27_Model2_EQC_CH4,Step28_Model3_EQA_CH1,Step29_Model1_EQA_CH3,Step30_Model1_EQC_CH4,,,26.87160069458558,,,,,,,,,40.74021507794846,,,,61.68590574814673,49.940171576307634,,,,37.090719511879016,,,,,,55.01750765544255,,43.93795924321861,,,,55.932072844413696,,,,,,,42.53255694,,,,,,,,,,,,,,8,,,,7,,,,,,
T023_W15,T023,15,Step1_Model2_EQC_CH4,Step2_Model1_EQA_CH1,Step3_Model2_EQA_CH4,Step4_Model3_EQA_CH4,Step5_Model3_EQB_CH2,Step6_Model3_EQC_CH1,Step7_Model3_EQB_CH4,Step8_Model3_EQA_CH1,Step9_Model1_EQA_CH2,Step10_Model2_EQC_CH2,Step11_Model2_EQA_CH4,Step12_Model1_EQC_CH1,Step13_Model2_EQB_CH1,Step14_Model1_EQC_CH4,Step15_Model1_EQB_CH2,Step16_Model3_EQB_CH3,Step17_Model3_EQB_CH2,Step18_Model1_EQA_CH2,Step19_Model1_EQC_CH4,Step20_Model2_EQC_CH3,Step21_Model2_EQB_CH3,Step22_Model3_EQA_CH2,Step23_Model3_EQA_CH3,Step24_Model2_EQB_CH2,Step25_Model2_EQB_CH4,Step26_Model2_EQA_CH1,Step27_Model2_EQC_CH3,Step28_Model3_EQA_CH3,Step29_Model1_EQA_CH1,Step30_Model1_EQC_CH1,,,36.06274471918994,,63.96297338303959,,,39.37702980086485,,,,,,,,,,,,,,,,,46.44657994459766,64.58319844,,,,,,,,,55.01713018353036,,,,,38.95344812745537,,,,,,,58.76026169412473,,,,,,,,,,,,,,,,,
T023_W16,T023,16,Step1_Model2_EQC_CH1,Step2_Model1_EQA_CH3,Step3_Model2_EQA_CH1,Step4_Model3_EQA_CH2,Step5_Model3_EQB_CH4,Step6_Model3_EQC_CH2,Step7_Model3_EQB_CH4,Step8_Model3_EQA_CH1,Step9_Model1_EQA_CH4,Step10_Model2_EQC_CH2,Step11_Model2_EQA_CH1,Step12_Model1_EQC_CH4,Step13_Model2_EQB_CH3,Step14_Model1_EQC_CH2,Step15_Model1_EQB_CH3,Step16_Model3_EQB_CH3,Step17_Model3_EQB_CH2,Step18_Model1_EQA_CH1,Step19_Model1_EQC_CH3,Step20_Model2_EQC_CH4,Step21_Model2_EQB_CH3,Step22_Model3_EQA_CH2,Step23_Model3_EQA_CH4,Step24_Model2_EQB_CH3,Step25_Model2_EQB_CH1,Step26_Model2_EQA_CH4,Step27_Model2_EQC_CH4,Step28_Model3_EQA_CH4,Step29_Model1_EQA_CH1,Step30_Model1_EQC_CH1,,,,44.2896949,,,,,53.55611589417699,54.13865240726038,34.750897226478585,,43.990028310922064,,,,,,,,,,,46.68695828,,,50.51074671134577,,,,,42.017894529470176,52.62052201176196,,,52.545946795857844,,,43.32546791779332,47.48642300501679,,,51.69588911058689,,,,,,11,,,,,11,,,,,,,,,,
T023_W17,T023,17,Step1_Model2_EQC_CH3,Step2_Model1_EQA_CH2,Step3_Model2_EQA_CH1,Step4_Model3_EQA_CH2,Step5_Model3_EQB_CH3,Step6_Model3_EQC_CH4,Step7_Model3_EQB_CH1,Step8_Model3_EQA_CH3,Step9_Model1_EQA_CH4,Step10_Model2_EQC_CH2,Step11_Model2_EQA_CH1,Step12_Model1_EQC_CH1,Step13_Model2_EQB_CH3,Step14_Model1_EQC_CH4,Step15_Model1_EQB_CH1,Step16_Model3_EQB_CH4,Step17_Model3_EQB_CH1,Step18_Model1_EQA_CH3,Step19_Model1_EQC_CH2,Step20_Model2_EQC_CH2,Step21_Model2_EQB_CH2,Step22_Model3_EQA_CH4,Step23_Model3_EQA_CH3,Step24_Model2_EQB_CH3,Step25_Model2_EQB_CH3,Step26_Model2_EQA_CH2,Step27_Model2_EQC_CH1,Step28_Model3_EQA_CH3,Step29_Model1_EQA_CH2,Step30_Model1_EQC_CH4,39.83604659676807,,,,,,,,,,,,,,,,,,,,39.012826601797904,,,,,57.14431021807013,,62.09812111818419,,,,,,,,,,,,,,,,,,,,,,,,,,7,,,,,,,,,,
T023_W18,T023,18,Step1_Model2_EQC_CH1,Step2_Model1_EQA_CH4,Step3_Model2_EQA_CH1,Step4_Model3_EQA_CH1,Step5_Model3_EQB_CH1,Step6_Model3_EQC_CH2,Step7_Model3_EQB_CH1,Step8_Model3_EQA_CH2,Step9_Model1_EQA_CH4,Step10_Model2_EQC_CH1,Step11_Model2_EQA_CH2,Step12_Model1_EQC_CH2,Step13_Model2_EQB_CH3,Step14_Model1_EQC_CH3,Step15_Model1_EQB_CH1,Step16_Model3_EQB_CH3,Step17_Model3_EQB_CH1,Step18_Model1_EQA_CH3,Step19_Model1_EQC_CH2,Step20_Model2_EQC_CH1,Step21_Model2_EQB_CH4,Step22_Model3_EQA_CH1,Step23_Model3_EQA_CH2,Step24_Model2_EQB_CH2,Step25_Model2_EQB_CH3,Step26_Model2_EQA_CH2,Step27_Model2_EQC_CH1,Step28_Model3_EQA_CH1,Step29_Model1_EQA_CH4,Step30_Model1_EQC_CH1,40.22850242732461,34.83406927847234,,48.82331082730047,,67.17769551,,,,,,,,,,,,,,,,,,46.431095250041025,,,,,,39.31121606375536,,,,,,,,,,,,,,,,,,,,,,,,,,,,,,,,,,
T023_W19,T023,19,Step1_Model2_EQC_CH3,Step2_Model1_EQA_CH2,Step3_Model2_EQA_CH1,Step4_Model3_EQA_CH3,Step5_Model3_EQB_CH3,Step6_Model3_EQC_CH4,Step7_Model3_EQB_CH2,Step8_Model3_EQA_CH1,Step9_Model1_EQA_CH4,Step10_Model2_EQC_CH4,Step11_Model2_EQA_CH1,Step12_Model1_EQC_CH3,Step13_Model2_EQB_CH2,Step14_Model1_EQC_CH4,Step15_Model1_EQB_CH1,Step16_Model3_EQB_CH1,Step17_Model3_EQB_CH4,Step18_Model1_EQA_CH2,Step19_Model1_EQC_CH3,Step20_Model2_EQC_CH3,Step21_Model2_EQB_CH4,Step22_Model3_EQA_CH4,Step23_Model3_EQA_CH1,Step24_Model2_EQB_CH2,Step25_Model2_EQB_CH4,Step26_Model2_EQA_CH4,Step27_Model2_EQC_CH1,Step28_Model3_EQA_CH3,Step29_Model1_EQA_CH1,Step30_Model1_EQC_CH1,,,,,,,,,,,40.84508081706395,,46.72900566193813,,,,,,,,,,,,43.785765681493615,,,,,,,,,,,,,,,45.003741992314914,,,,,,30.09386180185372,,,,,,,,,,,,,,,,,,
T023_W20,T023,20,Step1_Model2_EQC_CH2,Step2_Model1_EQA_CH2,Step3_Model2_EQA_CH4,Step4_Model3_EQA_CH1,Step5_Model3_EQB_CH2,Step6_Model3_EQC_CH3,Step7_Model3_EQB_CH3,Step8_Model3_EQA_CH1,Step9_Model1_EQA_CH2,Step10_Model2_EQC_CH2,Step11_Model2_EQA_CH3,Step12_Model1_EQC_CH3,Step13_Model2_EQB_CH4,Step14_Model1_EQC_CH4,Step15_Model1_EQB_CH2,Step16_Model3_EQB_CH1,Step17_Model3_EQB_CH1,Step18_Model1_EQA_CH3,Step19_Model1_EQC_CH2,Step20_Model2_EQC_CH3,Step21_Model2_EQB_CH3,Step22_Model3_EQA_CH3,Step23_Model3_EQA_CH1,Step24_Model2_EQB_CH4,Step25_Model2_EQB_CH1,Step26_Model2_EQA_CH4,Step27_Model2_EQC_CH2,Step28_Model3_EQA_CH3,Step29_Model1_EQA_CH3,Step30_Model1_EQC_CH4,,,,,,,,,,,,,,,,64.37210866050872,,,,,,,,,,,,,,36.57405070159813,40.179861770976906,,,,,,,,,53.12225965532775,51.09700205,,,,,,,44.206933786172044,,,,,,,,8,,,,,,,,
T023_W21,T023,21,Step1_Model2_EQC_CH3,Step2_Model1_EQA_CH2,Step3_Model2_EQA_CH2,Step4_Model3_EQA_CH3,Step5_Model3_EQB_CH2,Step6_Model3_EQC_CH2,Step7_Model3_EQB_CH1,Step8_Model3_EQA_CH4,Step9_Model1_EQA_CH2,Step10_Model2_EQC_CH4,Step11_Model2_EQA_CH1,Step12_Model1_EQC_CH1,Step13_Model2_EQB_CH1,Step14_Model1_EQC_CH4,Step15_Model1_EQB_CH1,Step16_Model3_EQB_CH4,Step17_Model3_EQB_CH3,Step18_Model1_EQA_CH3,Step19_Model1_EQC_CH3,Step20_Model2_EQC_CH3,Step21_Model2_EQB_CH4,Step22_Model3_EQA_CH2,Step23_Model3_EQA_CH4,Step24_Model2_EQB_CH1,Step25_Model2_EQB_CH4,Step26_Model2_EQA_CH3,Step27_Model2_EQC_CH4,Step28_Model3_EQA_CH2,Step29_Model1_EQA_CH4,Step30_Model1_EQC_CH4,,,,,,,,,63.372692612582256,,,,45.723056469274006,,,,,,58.17537190078629,,,,,,45.76369794,,,,,,,43.72716297427242,,,,,48.781053795662906,,,,55.91827970010213,52.527338048900404,,,,,,,,,,,,,,13,,,,,,,,
T023_W22,T023,22,Step1_Model2_EQC_CH1,Step2_Model1_EQA_CH3,Step3_Model2_EQA_CH4,Step4_Model3_EQA_CH3,Step5_Model3_EQB_CH3,Step6_Model3_EQC_CH3,Step7_Model3_EQB_CH1,Step8_Model3_EQA_CH2,Step9_Model1_EQA_CH4,Step10_Model2_EQC_CH1,Step11_Model2_EQA_CH4,Step12_Model1_EQC_CH2,Step13_Model2_EQB_CH4,Step14_Model1_EQC_CH3,Step15_Model1_EQB_CH3,Step16_Model3_EQB_CH4,Step17_Model3_EQB_CH3,Step18_Model1_EQA_CH4,Step19_Model1_EQC_CH3,Step20_Model2_EQC_CH2,Step21_Model2_EQB_CH3,Step22_Model3_EQA_CH2,Step23_Model3_EQA_CH2,Step24_Model2_EQB_CH2,Step25_Model2_EQB_CH3,Step26_Model2_EQA_CH3,Step27_Model2_EQC_CH3,Step28_Model3_EQA_CH1,Step29_Model1_EQA_CH4,Step30_Model1_EQC_CH4,,42.92141312676827,,,,,,,,,,,47.93556934302463,,,63.59654312,,,,33.027364652005055,,39.59950110883197,,,,,,,,,,,,,,,,,,,,,,,47.76397866851437,,,,,,,,,,,,,,,,,,,
T023_W23,T023,23,Step1_Model2_EQC_CH4,Step2_Model1_EQA_CH1,Step3_Model2_EQA_CH1,Step4_Model3_EQA_CH4,Step5_Model3_EQB_CH2,Step6_Model3_EQC_CH2,Step7_Model3_EQB_CH2,Step8_Model3_EQA_CH2,Step9_Model1_EQA_CH2,Step10_Model2_EQC_CH3,Step11_Model2_EQA_CH2,Step12_Model1_EQC_CH1,Step13_Model2_EQB_CH4,Step14_Model1_EQC_CH4,Step15_Model1_EQB_CH1,Step16_Model3_EQB_CH1,Step17_Model3_EQB_CH3,Step18_Model1_EQA_CH4,Step19_Model1_EQC_CH2,Step20_Model2_EQC_CH3,Step21_Model2_EQB_CH1,Step22_Model3_EQA_CH1,Step23_Model3_EQA_CH2,Step24_Model2_EQB_CH1,Step25_Model2_EQB_CH2,Step26_Model2_EQA_CH2,Step27_Model2_EQC_CH2,Step28_Model3_EQA_CH3,Step29_Model1_EQA_CH4,Step30_Model1_EQC_CH4,,,,,,,,,,,,,,53.64821922,38.148742660115005,,,,60.099095311869696,,,,,,,,54.46845806766963,,45.29466786184803,26.072461014284194,,,50.87479936688235,,,,,,,,,,,35.96170783354075,,30.68237331850794,,,,,,,,,,,,,,,,,,
T023_W24,T023,24,Step1_Model2_EQC_CH4,Step2_Model1_EQA_CH4,Step3_Model2_EQA_CH1,Step4_Model3_EQA_CH3,Step5_Model3_EQB_CH1,Step6_Model3_EQC_CH2,Step7_Model3_EQB_CH1,Step8_Model3_EQA_CH4,Step9_Model1_EQA_CH3,Step10_Model2_EQC_CH2,Step11_Model2_EQA_CH3,Step12_Model1_EQC_CH3,Step13_Model2_EQB_CH3,Step14_Model1_EQC_CH1,Step15_Model1_EQB_CH1,Step16_Model3_EQB_CH4,Step17_Model3_EQB_CH1,Step18_Model1_EQA_CH3,Step19_Model1_EQC_CH1,Step20_Model2_EQC_CH1,Step21_Model2_EQB_CH4,Step22_Model3_EQA_CH1,Step23_Model3_EQA_CH3,Step24_Model2_EQB_CH4,Step25_Model2_EQB_CH4,Step26_Model2_EQA_CH3,Step27_Model2_EQC_CH2,Step28_Model3_EQA_CH4,Step29_Model1_EQA_CH2,Step30_Model1_EQC_CH2,,,,,61.71715809561318,,,,,,,,,,,,52.952790974206565,,,,,,,,,,,,,,,,,63.438751756036616,50.350684738515604,,,,,,,,,,,,,,,,,,,,,2,,,,,,,,
T023_W25,T023,25,Step1_Model2_EQC_CH2,Step2_Model1_EQA_CH2,Step3_Model2_EQA_CH1,Step4_Model3_EQA_CH1,Step5_Model3_EQB_CH1,Step6_Model3_EQC_CH3,Step7_Model3_EQB_CH4,Step8_Model3_EQA_CH3,Step9_Model1_EQA_CH4,Step10_Model2_EQC_CH1,Step11_Model2_EQA_CH4,Step12_Model1_EQC_CH2,Step13_Model2_EQB_CH2,Step14_Model1_EQC_CH1,Step15_Model1_EQB_CH3,Step16_Model3_EQB_CH4,Step17_Model3_EQB_CH4,Step18_Model1_EQA_CH1,Step19_Model1_EQC_CH3,Step20_Model2_EQC_CH3,Step21_Model2_EQB_CH2,Step22_Model3_EQA_CH3,Step23_Model3_EQA_CH3,Step24_Model2_EQB_CH4,Step25_Model2_EQB_CH1,Step26_Model2_EQA_CH3,Step27_Model2_EQC_CH4,Step28_Model3_EQA_CH4,Step29_Model1_EQA_CH2,Step30_Model1_EQC_CH2,41.75767849012443,30.658385444584525,,,,,44.46618878,,,,36.677612834764425,42.41112236774311,,,,,,,,,,,60.194866046970844,,,58.86774735707448,,,,,,,58.05105294565644,,,,,,,,,,,38.164734642606504,,34.63350790794441,,,,,,,,,,,,,,,,,,
T024_W01,T024,1,Step1_Model2_EQC_CH3,Step2_Model1_EQA_CH3,Step3_Model1_EQC_CH2,Step4_Model1_EQB_CH1,Step5_Model1_EQC_CH3,Step6_Model3_EQC_CH3,Step7_Model2_EQA_CH2,Step8_Model1_EQC_CH3,Step9_Model2_EQA_CH4,Step10_Model2_EQC_CH4,Step11_Model1_EQB_CH3,Step12_Model2_EQB_CH3,Step13_Model3_EQA_CH1,Step14_Model2_EQB_CH3,Step15_Model3_EQA_CH2,Step16_Model3_EQC_CH2,Step17_Model3_EQA_CH1,Step18_Model2_EQB_CH2,Step19_Model2_EQB_CH4,Step20_Model2_EQB_CH3,Step21_Model2_EQB_CH4,Step22_Model2_EQC_CH2,Step23_Model1_EQB_CH4,Step24_Model1_EQA_CH3,Step25_Model1_EQA_CH1,Step26_Model2_EQB_CH3,Step27_Model2_EQA_CH4,Step28_Model3_EQB_CH1,Step29_Model1_EQB_CH3,Step30_Model1_EQB_CH2,,,,,,,,35.404714735706904,,54.882392707909275,,,46.94729814376912,,,,,,,36.04052237346133,39.207564176079714,,,,,60.98842864251202,,,,33.19566287084639,,,54.975285890726155,,,,,,,,,,59.75312936141069,,,36.73864480846851,,,,,,,,,,,13,,,,,,,
T024_W02,T024,2,Step1_Model2_EQC_CH2,Step2_Model1_EQA_CH4,Step3_Model1_EQC_CH2,Step4_Model1_EQB_CH3,Step5_Model1_EQC_CH3,Step6_Model3_EQC_CH3,Step7_Model2_EQA_CH1,Step8_Model1_EQC_CH1,Step9_Model2_EQA_CH2,Step10_Model2_EQC_CH3,Step11_Model1_EQB_CH4,Step12_Model2_EQB_CH2,Step13_Model3_EQA_CH3,Step14_Model2_EQB_CH1,Step15_Model3_EQA_CH2,Step16_Model3_EQC_CH3,Step17_Model3_EQA_CH4,Step18_Model2_EQB_CH3,Step19_Model2_EQB_CH1,Step20_Model2_EQB_CH1,Step21_Model2_EQB_CH1,Step22_Model2_EQC_CH4,Step23_Model1_EQB_CH3,Step24_Model1_EQA_CH2,Step25_Model1_EQA_CH1,Step26_Model2_EQB_CH4,Step27_Model2_EQA_CH1,Step28_Model3_EQB_CH4,Step29_Model1_EQB_CH1,Step30_Model1_EQB_CH4,,,,,,,50.05319609898768,,,,,,,,,,,,,,,,,51.58265022968953,,,,,,,,46.62727316844178,,62.582044201263265,,,,,,,,,,,,35.685904657847985,,,,,10,,,,,,,,,,,,,
T024_W03,T024,3,Step1_Model2_EQC_CH2,Step2_Model1_EQA_CH2,Step3_Model1_EQC_CH4,Step4_Model1_EQB_CH2,Step5_Model1_EQC_CH3,Step6_Model3_EQC_CH2,Step7_Model2_EQA_CH2,Step8_Model1_EQC_CH1,Step9_Model2_EQA_CH4,Step10_Model2_EQC_CH4,Step11_Model1_EQB_CH2,Step12_Model2_EQB_CH1,Step13_Model3_EQA_CH1,Step14_Model2_EQB_CH4,Step15_Model3_EQA_CH1,Step16_Model3_EQC_CH2,Step17_Model3_EQA_CH3,Step18_Model2_EQB_CH2,Step19_Model2_EQB_CH3,Step20_Model2_EQB_CH3,Step21_Model2_EQB_CH1,Step22_Model2_EQC_CH4,Step23_Model1_EQB_CH3,Step24_Model1_EQA_CH1,Step25_Model1_EQA_CH1,Step26_Model2_EQB_CH3,Step27_Model2_EQA_CH4,Step28_Model3_EQB_CH1,Step29_Model1_EQB_CH1,Step30_Model1_EQB_CH2,,,,41.18460804664249,58.54603310738819,,,,,,,,,,45.09224985711628,,,35.428573536541116,,,,,,,,,,,,,,,,,,,,,,,,59.82417103040447,,,,,,,,,,,,,,,,,,,,,,
T024_W04,T024,4,Step1_Model2_EQC_CH1,Step2_Model1_EQA_CH1,Step3_Model1_EQC_CH3,Step4_Model1_EQB_CH4,Step5_Model1_EQC_CH3,Step6_Model3_EQC_CH4,Step7_Model2_EQA_CH2,Step8_Model1_EQC_CH2,Step9_Model2_EQA_CH4,Step10_Model2_EQC_CH4,Step11_Model1_EQB_CH4,Step12_Model2_EQB_CH3,Step13_Model3_EQA_CH1,Step14_Model2_EQB_CH4,Step15_Model3_EQA_CH3,Step16_Model3_EQC_CH3,Step17_Model3_EQA_CH2,Step18_Model2_EQB_CH2,Step19_Model2_EQB_CH3,Step20_Model2_EQB_CH3,Step21_Model2_EQB_CH3,Step22_Model2_EQC_CH2,Step23_Model1_EQB_CH4,Step24_Model1_EQA_CH2,Step25_Model1_EQA_CH1,Step26_Model2_EQB_CH3,Step27_Model2_EQA_CH3,Step28_Model3_EQB_CH1,Step29_Model1_EQB_CH1,Step30_Model1_EQB_CH3,,,,57.64091683422648,,,,44.20410197664923,,,,,,,,,41.64284397152974,,,,32.13788128428283,,,45.94239185949404,47.44460275,,,,,,,,,59.36355416266889,,,,,42.6998923,,,,,,,,,,,,,,,,,,,,,,,,,
T024_W05,T024,5,Step1_Model2_EQC_CH1,Step2_Model1_EQA_CH2,Step3_Model1_EQC_CH1,Step4_Model1_EQB_CH3,Step5_Model1_EQC_CH3,Step6_Model3_EQC_CH2,Step7_Model2_EQA_CH4,Step8_Model1_EQC_CH1,Step9_Model2_EQA_CH1,Step10_Model2_EQC_CH4,Step11_Model1_EQB_CH3,Step12_Model2_EQB_CH3,Step13_Model3_EQA_CH4,Step14_Model2_EQB_CH3,Step15_Model3_EQA_CH2,Step16_Model3_EQC_CH4,Step17_Model3_EQA_CH1,Step18_Model2_EQB_CH2,Step19_Model2_EQB_CH2,Step20_Model2_EQB_CH1,Step21_Model2_EQB_CH3,Step22_Model2_EQC_CH4,Step23_Model1_EQB_CH2,Step24_Model1_EQA_CH2,Step25_Model1_EQA_CH1,Step26_Model2_EQB_CH3,Step27_Model2_EQA_CH3,Step28_Model3_EQB_CH4,Step29_Model1_EQB_CH4,Step30_Model1_EQB_CH4,,,,44.61917612332361,71.35880920889568,,,,,,41.551940745383575,,,56.307569011614824,,,45.54417820103828,39.97642509130401,,37.017569701240596,,,,46.751018594677184,42.85109621473187,,,,44.23702307,,51.26878085717308,43.772829691229475,,,,65.98351247906855,,,,,,,,,,39.46505373,61.709360959793486,55.59402548108774,,,,,,,,,,,,,,,,
T024_W06,T024,6,Step1_Model2_EQC_CH3,Step2_Model1_EQA_CH2,Step3_Model1_EQC_CH2,Step4_Model1_EQB_CH3,Step5_Model1_EQC_CH4,Step6_Model3_EQC_CH2,Step7_Model2_EQA_CH3,Step8_Model1_EQC_CH3,Step9_Model2_EQA_CH2,Step10_Model2_EQC_CH3,Step11_Model1_EQB_CH2,Step12_Model2_EQB_CH2,Step13_Model3_EQA_CH2,Step14_Model2_EQB_CH3,Step15_Model3_EQA_CH4,Step16_Model3_EQC_CH4,Step17_Model3_EQA_CH1,Step18_Model2_EQB_CH2,Step19_Model2_EQB_CH2,Step20_Model2_EQB_CH1,Step21_Model2_EQB_CH2,Step22_Model2_EQC_CH1,Step23_Model1_EQB_CH2,Step24_Model1_EQA_CH4,Step25_Model1_EQA_CH1,Step26_Model2_EQB_CH4,Step27_Model2_EQA_CH3,Step28_Model3_EQB_CH3,Step29_Model1_EQB_CH1,Step30_Model1_EQB_CH2,,,39.757291014780925,,,,,,,,,,,,,,,,,,,,,,,,48.00222662341899,,,42.76339435763445,,,,,,58.002709973906356,,,,,,,,23.65785112741306,54.76542371414726,,62.68600678631815,,,,,13,,,,,,,,,,,,
T024_W07,T024,7,Step1_Model2_EQC_CH1,Step2_Model1_EQA_CH2,Step3_Model1_EQC_CH1,Step4_Model1_EQB_CH3,Step5_Model1_EQC_CH1,Step6_Model3_EQC_CH1,Step7_Model2_EQA_CH1,Step8_Model1_EQC_CH2,Step9_Model2_EQA_CH1,Step10_Model2_EQC_CH2,Step11_Model1_EQB_CH2,Step12_Model2_EQB_CH1,Step13_Model3_EQA_CH3,Step14_Model2_EQB_CH3,Step15_Model3_EQA_CH1,Step16_Model3_EQC_CH1,Step17_Model3_EQA_CH1,Step18_Model2_EQB_CH2,Step19_Model2_EQB_CH1,Step20_Model2_EQB_CH3,Step21_Model2_EQB_CH2,Step22_Model2_EQC_CH2,Step23_Model1_EQB_CH3,Step24_Model1_EQA_CH3,Step25_Model1_EQA_CH2,Step26_Model2_EQB_CH2,Step27_Model2_EQA_CH3,Step28_Model3_EQB_CH4,Step29_Model1_EQB_CH3,Step30_Model1_EQB_CH3,43.21068134,,,,,53.71905519497371,,,,,,,,,35.54998840143165,63.605670971796805,,,,,,,63.024636992299214,,,,37.16682906679629,,,,,,,,,,,,,,50.42723155766328,59.61256789780668,,,,,,,,,,,,,,,,,,,,,,
T024_W08,T024,8,Step1_Model2_EQC_CH2,Step2_Model1_EQA_CH1,Step3_Model1_EQC_CH1,Step4_Model1_EQB_CH2,Step5_Model1_EQC_CH3,Step6_Model3_EQC_CH1,Step7_Model2_EQA_CH3,Step8_Model1_EQC_CH4,Step9_Model2_EQA_CH2,Step10_Model2_EQC_CH1,Step11_Model1_EQB_CH4,Step12_Model2_EQB_CH4,Step13_Model3_EQA_CH4,Step14_Model2_EQB_CH2,Step15_Model3_EQA_CH3,Step16_Model3_EQC_CH1,Step17_Model3_EQA_CH1,Step18_Model2_EQB_CH2,Step19_Model2_EQB_CH2,Step20_Model2_EQB_CH4,Step21_Model2_EQB_CH4,Step22_Model2_EQC_CH1,Step23_Model1_EQB_CH2,Step24_Model1_EQA_CH4,Step25_Model1_EQA_CH4,Step26_Model2_EQB_CH3,Step27_Model2_EQA_CH3,Step28_Model3_EQB_CH2,Step29_Model1_EQB_CH4,Step30_Model1_EQB_CH3,,,35.533268661959326,,,,,,,,,,,,,,,32.557885542704255,61.50082820410151,,,,,54.40732097005109,,,,,,39.678186957445355,,,,,44.03715750613566,,,,,,,,,,,,,,,,,,,,,12,,,,,,,,
T024_W09,T024,9,Step1_Model2_EQC_CH1,Step2_Model1_EQA_CH3,Step3_Model1_EQC_CH1,Step4_Model1_EQB_CH3,Step5_Model1_EQC_CH4,Step6_Model3_EQC_CH1,Step7_Model2_EQA_CH1,Step8_Model1_EQC_CH2,Step9_Model2_EQA_CH3,Step10_Model2_EQC_CH4,Step11_Model1_EQB_CH3,Step12_Model2_EQB_CH3,Step13_Model3_EQA_CH2,Step14_Model2_EQB_CH2,Step15_Model3_EQA_CH4,Step16_Model3_EQC_CH1,Step17_Model3_EQA_CH2,Step18_Model2_EQB_CH2,Step19_Model2_EQB_CH3,Step20_Model2_EQB_CH1,Step21_Model2_EQB_CH4,Step22_Model2_EQC_CH1,Step23_Model1_EQB_CH1,Step24_Model1_EQA_CH1,Step25_Model1_EQA_CH2,Step26_Model2_EQB_CH1,Step27_Model2_EQA_CH4,Step28_Model3_EQB_CH4,Step29_Model1_EQB_CH3,Step30_Model1_EQB_CH1,42.76144254767935,,,,,63.23591688830916,,,,,,46.72486356566216,,,42.85696818778983,,,35.51883764798895,,,,,,,,,,,,,,,,,,55.32841221575284,59.08962911523865,,40.19479673400827,,,,,38.127479164145214,59.69436904788265,,,,,,,,,,,,,,,,,,,
T024_W10,T024,10,Step1_Model2_EQC_CH3,Step2_Model1_EQA_CH2,Step3_Model1_EQC_CH1,Step4_Model1_EQB_CH1,Step5_Model1_EQC_CH4,Step6_Model3_EQC_CH2,Step7_Model2_EQA_CH2,Step8_Model1_EQC_CH4,Step9_Model2_EQA_CH3,Step10_Model2_EQC_CH3,Step11_Model1_EQB_CH2,Step12_Model2_EQB_CH4,Step13_Model3_EQA_CH4,Step14_Model2_EQB_CH3,Step15_Model3_EQA_CH2,Step16_Model3_EQC_CH1,Step17_Model3_EQA_CH2,Step18_Model2_EQB_CH4,Step19_Model2_EQB_CH1,Step20_Model2_EQB_CH2,Step21_Model2_EQB_CH2,Step22_Model2_EQC_CH2,Step23_Model1_EQB_CH1,Step24_Model1_EQA_CH1,Step25_Model1_EQA_CH4,Step26_Model2_EQB_CH3,Step27_Model2_EQA_CH1,Step28_Model3_EQB_CH4,Step29_Model1_EQB_CH2,Step30_Model1_EQB_CH1,,,,51.50448589330609,62.860386811428285,,,38.18625299625088,51.95033457745403,51.814036175770504,,,,,,,,,65.14739457274486,,,,,45.95491923883744,49.99722398840197,,,53.76797409985072,,,,,,,,,,44.69407002591399,46.432762396275066,,,,,,,,,,,,,,,,,,,,,,,,,
T024_W11,T024,11,Step1_Model2_EQC_CH3,Step2_Model1_EQA_CH2,Step3_Model1_EQC_CH2,Step4_Model1_EQB_CH3,Step5_Model1_EQC_CH1,Step6_Model3_EQC_CH3,Step7_Model2_EQA_CH1,Step8_Model1_EQC_CH2,Step9_Model2_EQA_CH2,Step10_Model2_EQC_CH1,Step11_Model1_EQB_CH1,Step12_Model2_EQB_CH4,Step13_Model3_EQA_CH2,Step14_Model2_EQB_CH1,Step15_Model3_EQA_CH3,Step16_Model3_EQC_CH3,Step17_Model3_EQA_CH1,Step18_Model2_EQB_CH2,Step19_Model2_EQB_CH2,Step20_Model2_EQB_CH2,Step21_Model2_EQB_CH4,Step22_Model2_EQC_CH1,Step23_Model1_EQB_CH2,Step24_Model1_EQA_CH1,Step25_Model1_EQA_CH1,Step26_Model2_EQB_CH3,Step27_Model2_EQA_CH1,Step28_Model3_EQB_CH1,Step29_Model1_EQB_CH3,Step30_Model1_EQB_CH3,,,40.87981573558582,,,,,,,52.41426418331097,,46.68281407797125,,,32.31258950948092,,,,,,,29.146132939618678,,,,,,57.19357749468898,,,,,55.24494153252283,,,61.94800137615451,52.37005271001558,,,,,55.897327477097825,,,,,,,,,,,,,,,,,,,,,,
T024_W12,T024,12,Step1_Model2_EQC_CH1,Step2_Model1_EQA_CH4,Step3_Model1_EQC_CH4,Step4_Model1_EQB_CH2,Step5_Model1_EQC_CH1,Step6_Model3_EQC_CH4,Step7_Model2_EQA_CH2,Step8_Model1_EQC_CH3,Step9_Model2_EQA_CH3,Step10_Model2_EQC_CH3,Step11_Model1_EQB_CH2,Step12_Model2_EQB_CH3,Step13_Model3_EQA_CH4,Step14_Model2_EQB_CH3,Step15_Model3_EQA_CH3,Step16_Model3_EQC_CH2,Step17_Model3_EQA_CH2,Step18_Model2_EQB_CH1,Step19_Model2_EQB_CH3,Step20_Model2_EQB_CH2,Step21_Model2_EQB_CH4,Step22_Model2_EQC_CH1,Step23_Model1_EQB_CH4,Step24_Model1_EQA_CH3,Step25_Model1_EQA_CH1,Step26_Model2_EQB_CH1,Step27_Model2_EQA_CH4,Step28_Model3_EQB_CH1,Step29_Model1_EQB_CH2,Step30_Model1_EQB_CH4,,,,,,69.13827549394634,,,54.76699152039595,,,46.97081598000121,,,,,,,,,,,,,,,,,,,,,53.38447033217322,,51.68517703533101,,,,,,,55.743689114031106,,,,32.410246296703114,58.94918791606363,,,,,,10,,,,,,,,,,,
T024_W13,T024,13,Step1_Model2_EQC_CH4,Step2_Model1_EQA_CH4,Step3_Model1_EQC_CH1,Step4_Model1_EQB_CH4,Step5_Model1_EQC_CH2,Step6_Model3_EQC_CH1,Step7_Model2_EQA_CH3,Step8_Model1_EQC_CH4,Step9_Model2_EQA_CH3,Step10_Model2_EQC_CH4,Step11_Model1_EQB_CH2,Step12_Model2_EQB_CH3,Step13_Model3_EQA_CH4,Step14_Model2_EQB_CH3,Step15_Model3_EQA_CH4,Step16_Model3_EQC_CH1,Step17_Model3_EQA_CH3,Step18_Model2_EQB_CH4,Step19_Model2_EQB_CH2,Step20_Model2_EQB_CH1,Step21_Model2_EQB_CH1,Step22_Model2_EQC_CH4,Step23_Model1_EQB_CH1,Step24_Model1_EQA_CH3,Step25_Model1_EQA_CH2,Step26_Model2_EQB_CH4,Step27_Model2_EQA_CH1,Step28_Model3_EQB_CH2,Step29_Model1_EQB_CH3,Step30_Model1_EQB_CH3,,,,,,,,31.200753716832924,,,,,,,40.24089854173912,,,,,,,,,,,,,,,,41.264933507993845,,,,,,,,,,,,61.41084684459841,,,,,,,,,,7,,10,,13,,,,,,,
T024_W14,T024,14,Step1_Model2_EQC_CH1,Step2_Model1_EQA_CH3,Step3_Model1_EQC_CH4,Step4_Model1_EQB_CH3,Step5_Model1_EQC_CH4,Step6_Model3_EQC_CH1,Step7_Model2_EQA_CH1,Step8_Model1_EQC_CH3,Step9_Model2_EQA_CH4,Step10_Model2_EQC_CH1,Step11_Model1_EQB_CH2,Step12_Model2_EQB_CH4,Step13_Model3_EQA_CH3,Step14_Model2_EQB_CH1,Step15_Model3_EQA_CH2,Step16_Model3_EQC_CH4,Step17_Model3_EQA_CH1,Step18_Model2_EQB_CH1,Step19_Model2_EQB_CH2,Step20_Model2_EQB_CH1,Step21_Model2_EQB_CH2,Step22_Model2_EQC_CH1,Step23_Model1_EQB_CH4,Step24_Model1_EQA_CH4,Step25_Model1_EQA_CH1,Step26_Model2_EQB_CH2,Step27_Model2_EQA_CH2,Step28_Model3_EQB_CH3,Step29_Model1_EQB_CH3,Step30_Model1_EQB_CH3,,,,,,,,,,,,,46.15125572320739,,31.741236833927665,,,,,,,,,,,,40.67331311723889,,56.79741338374765,,,,,,,,,34.24773752594626,,,46.237720503913025,,,,,,,,,,,,,,,,,,,,,,,
T024_W15,T024,15,Step1_Model2_EQC_CH4,Step2_Model1_EQA_CH1,Step3_Model1_EQC_CH2,Step4_Model1_EQB_CH2,Step5_Model1_EQC_CH1,Step6_Model3_EQC_CH1,Step7_Model2_EQA_CH4,Step8_Model1_EQC_CH3,Step9_Model2_EQA_CH1,Step10_Model2_EQC_CH1,Step11_Model1_EQB_CH1,Step12_Model2_EQB_CH4,Step13_Model3_EQA_CH4,Step14_Model2_EQB_CH4,Step15_Model3_EQA_CH2,Step16_Model3_EQC_CH1,Step17_Model3_EQA_CH3,Step18_Model2_EQB_CH3,Step19_Model2_EQB_CH3,Step20_Model2_EQB_CH2,Step21_Model2_EQB_CH2,Step22_Model2_EQC_CH3,Step23_Model1_EQB_CH1,Step24_Model1_EQA_CH2,Step25_Model1_EQA_CH4,Step26_Model2_EQB_CH1,Step27_Model2_EQA_CH1,Step28_Model3_EQB_CH2,Step29_Model1_EQB_CH1,Step30_Model1_EQB_CH3,,,,,,,,,,,,,48.51781751,64.34710009113618,,,,37.788221166829345,64.61839001090252,,,,,,45.51426351523601,,,,,,,,,,,,,,,,43.23448006,,,,,,,56.140813093384985,,,,,13,,,,,,,,,,,
T024_W16,T024,16,Step1_Model2_EQC_CH3,Step2_Model1_EQA_CH4,Step3_Model1_EQC_CH4,Step4_Model1_EQB_CH1,Step5_Model1_EQC_CH1,Step6_Model3_EQC_CH4,Step7_Model2_EQA_CH4,Step8_Model1_EQC_CH3,Step9_Model2_EQA_CH3,Step10_Model2_EQC_CH1,Step11_Model1_EQB_CH4,Step12_Model2_EQB_CH2,Step13_Model3_EQA_CH3,Step14_Model2_EQB_CH3,Step15_Model3_EQA_CH1,Step16_Model3_EQC_CH2,Step17_Model3_EQA_CH1,Step18_Model2_EQB_CH3,Step19_Model2_EQB_CH4,Step20_Model2_EQB_CH4,Step21_Model2_EQB_CH3,Step22_Model2_EQC_CH3,Step23_Model1_EQB_CH4,Step24_Model1_EQA_CH4,Step25_Model1_EQA_CH3,Step26_Model2_EQB_CH4,Step27_Model2_EQA_CH1,Step28_Model3_EQB_CH4,Step29_Model1_EQB_CH1,Step30_Model1_EQB_CH3,,38.87368943852424,,,67.46002745523191,,,,,50.71908889789553,,,41.983025141410366,,,,45.175548886068356,,,,37.99602876374735,,,,,,,,,,,,,,47.13726599637098,,,,,43.42361144389609,,,,,,,,,,,,,,,,,,,,,,,,
T024_W17,T024,17,Step1_Model2_EQC_CH4,Step2_Model1_EQA_CH3,Step3_Model1_EQC_CH3,Step4_Model1_EQB_CH4,Step5_Model1_EQC_CH2,Step6_Model3_EQC_CH2,Step7_Model2_EQA_CH1,Step8_Model1_EQC_CH4,Step9_Model2_EQA_CH3,Step10_Model2_EQC_CH1,Step11_Model1_EQB_CH4,Step12_Model2_EQB_CH4,Step13_Model3_EQA_CH1,Step14_Model2_EQB_CH3,Step15_Model3_EQA_CH1,Step16_Model3_EQC_CH2,Step17_Model3_EQA_CH2,Step18_Model2_EQB_CH2,Step19_Model2_EQB_CH1,Step20_Model2_EQB_CH2,Step21_Model2_EQB_CH3,Step22_Model2_EQC_CH4,Step23_Model1_EQB_CH4,Step24_Model1_EQA_CH4,Step25_Model1_EQA_CH1,Step26_Model2_EQB_CH1,Step27_Model2_EQA_CH3,Step28_Model3_EQB_CH3,Step29_Model1_EQB_CH2,Step30_Model1_EQB_CH1,34.936384289495386,,,,,,,,,54.84380686027048,36.044545257972494,,,,,,42.106016796950684,,,,,46.06864867380925,,,,,,,49.748029447305875,,,48.55797285929407,,,,,,,,,,,,,,,60.80852447627399,,,,14,,,,,,,,,,,,,
T024_W18,T024,18,Step1_Model2_EQC_CH4,Step2_Model1_EQA_CH2,Step3_Model1_EQC_CH1,Step4_Model1_EQB_CH1,Step5_Model1_EQC_CH2,Step6_Model3_EQC_CH3,Step7_Model2_EQA_CH4,Step8_Model1_EQC_CH3,Step9_Model2_EQA_CH3,Step10_Model2_EQC_CH1,Step11_Model1_EQB_CH1,Step12_Model2_EQB_CH1,Step13_Model3_EQA_CH2,Step14_Model2_EQB_CH4,Step15_Model3_EQA_CH1,Step16_Model3_EQC_CH1,Step17_Model3_EQA_CH2,Step18_Model2_EQB_CH1,Step19_Model2_EQB_CH4,Step20_Model2_EQB_CH1,Step21_Model2_EQB_CH3,Step22_Model2_EQC_CH3,Step23_Model1_EQB_CH3,Step24_Model1_EQA_CH1,Step25_Model1_EQA_CH4,Step26_Model2_EQB_CH3,Step27_Model2_EQA_CH2,Step28_Model3_EQB_CH3,Step29_Model1_EQB_CH4,Step30_Model1_EQB_CH3,44.077037840863824,,,56.16643636,,,,,,,,,,,,,,,58.98301549427985,,,42.46224463257134,,,,,,63.631679670556146,,,,,,60.62816925951437,,,,,,,,,,,,,,,,,,,,,11,,,,,,,,,
T024_W19,T024,19,Step1_Model2_EQC_CH3,Step2_Model1_EQA_CH2,Step3_Model1_EQC_CH3,Step4_Model1_EQB_CH4,Step5_Model1_EQC_CH2,Step6_Model3_EQC_CH2,Step7_Model2_EQA_CH3,Step8_Model1_EQC_CH2,Step9_Model2_EQA_CH4,Step10_Model2_EQC_CH2,Step11_Model1_EQB_CH4,Step12_Model2_EQB_CH4,Step13_Model3_EQA_CH2,Step14_Model2_EQB_CH3,Step15_Model3_EQA_CH2,Step16_Model3_EQC_CH1,Step17_Model3_EQA_CH1,Step18_Model2_EQB_CH1,Step19_Model2_EQB_CH3,Step20_Model2_EQB_CH1,Step21_Model2_EQB_CH4,Step22_Model2_EQC_CH1,Step23_Model1_EQB_CH3,Step24_Model1_EQA_CH3,Step25_Model1_EQA_CH1,Step26_Model2_EQB_CH3,Step27_Model2_EQA_CH1,Step28_Model3_EQB_CH2,Step29_Model1_EQB_CH1,Step30_Model1_EQB_CH3,,,,,,,53.457280936188816,,56.645203309654995,,,,,,,,42.213767610778824,,,,,36.44143810486378,64.44532377906623,,,,,,,,,,,,,,,,,,,,,27.731222664681415,,34.78089635,,,,,,,,,,,,,,,,,,
T024_W20,T024,20,Step1_Model2_EQC_CH3,Step2_Model1_EQA_CH1,Step3_Model1_EQC_CH4,Step4_Model1_EQB_CH1,Step5_Model1_EQC_CH1,Step6_Model3_EQC_CH1,Step7_Model2_EQA_CH2,Step8_Model1_EQC_CH3,Step9_Model2_EQA_CH2,Step10_Model2_EQC_CH1,Step11_Model1_EQB_CH4,Step12_Model2_EQB_CH2,Step13_Model3_EQA_CH3,Step14_Model2_EQB_CH1,Step15_Model3_EQA_CH3,Step16_Model3_EQC_CH4,Step17_Model3_EQA_CH1,Step18_Model2_EQB_CH4,Step19_Model2_EQB_CH3,Step20_Model2_EQB_CH2,Step21_Model2_EQB_CH2,Step22_Model2_EQC_CH1,Step23_Model1_EQB_CH3,Step24_Model1_EQA_CH4,Step25_Model1_EQA_CH2,Step26_Model2_EQB_CH2,Step27_Model2_EQA_CH4,Step28_Model3_EQB_CH2,Step29_Model1_EQB_CH3,Step30_Model1_EQB_CH3,,,,,,70.63802057383613,43.531094282323025,41.48450057658687,,,,49.79495373220286,,,,,,,,,,,,,33.78929996546842,,,,,,,,,,,,,,,44.35277068313081,,,,,47.57802509676044,,,,,,,,,,,,,,,,,,,
T024_W21,T024,21,Step1_Model2_EQC_CH3,Step2_Model1_EQA_CH3,Step3_Model1_EQC_CH3,Step4_Model1_EQB_CH4,Step5_Model1_EQC_CH3,Step6_Model3_EQC_CH4,Step7_Model2_EQA_CH2,Step8_Model1_EQC_CH3,Step9_Model2_EQA_CH1,Step10_Model2_EQC_CH3,Step11_Model1_EQB_CH3,Step12_Model2_EQB_CH4,Step13_Model3_EQA_CH1,Step14_Model2_EQB_CH1,Step15_Model3_EQA_CH2,Step16_Model3_EQC_CH2,Step17_Model3_EQA_CH3,Step18_Model2_EQB_CH1,Step19_Model2_EQB_CH2,Step20_Model2_EQB_CH2,Step21_Model2_EQB_CH4,Step22_Model2_EQC_CH2,Step23_Model1_EQB_CH3,Step24_Model1_EQA_CH3,Step25_Model1_EQA_CH3,Step26_Model2_EQB_CH1,Step27_Model2_EQA_CH2,Step28_Model3_EQB_CH3,Step29_Model1_EQB_CH2,Step30_Model1_EQB_CH1,,,,,62.25201049,,38.20658718,,68.51114726994466,,,,,,,62.78276699013388,,,,,,,,50.84861743642537,,63.426070499766176,,,,,,,,,,,,,,,,55.677947389760334,,,,,55.29772584,,,,,,,,,,,,,,,,,
T024_W22,T024,22,Step1_Model2_EQC_CH4,Step2_Model1_EQA_CH3,Step3_Model1_EQC_CH2,Step4_Model1_EQB_CH2,Step5_Model1_EQC_CH4,Step6_Model3_EQC_CH3,Step7_Model2_EQA_CH1,Step8_Model1_EQC_CH1,Step9_Model2_EQA_CH3,Step10_Model2_EQC_CH4,Step11_Model1_EQB_CH3,Step12_Model2_EQB_CH2,Step13_Model3_EQA_CH1,Step14_Model2_EQB_CH2,Step15_Model3_EQA_CH4,Step16_Model3_EQC_CH3,Step17_Model3_EQA_CH2,Step18_Model2_EQB_CH4,Step19_Model2_EQB_CH2,Step20_Model2_EQB_CH1,Step21_Model2_EQB_CH3,Step22_Model2_EQC_CH4,Step23_Model1_EQB_CH3,Step24_Model1_EQA_CH4,Step25_Model1_EQA_CH3,Step26_Model2_EQB_CH3,Step27_Model2_EQA_CH1,Step28_Model3_EQB_CH2,Step29_Model1_EQB_CH4,Step30_Model1_EQB_CH3,,,,,,,,,56.91566131658896,,,,,,,,,,,,,,,47.91890835473773,,,,,,,,,,66.99825759956994,,,,,,,,,54.80611400172753,,,,,,,,,,,,,,,,,,,,,
T024_W23,T024,23,Step1_Model2_EQC_CH4,Step2_Model1_EQA_CH2,Step3_Model1_EQC_CH2,Step4_Model1_EQB_CH1,Step5_Model1_EQC_CH2,Step6_Model3_EQC_CH1,Step7_Model2_EQA_CH3,Step8_Model1_EQC_CH2,Step9_Model2_EQA_CH3,Step10_Model2_EQC_CH4,Step11_Model1_EQB_CH4,Step12_Model2_EQB_CH4,Step13_Model3_EQA_CH3,Step14_Model2_EQB_CH3,Step15_Model3_EQA_CH3,Step16_Model3_EQC_CH3,Step17_Model3_EQA_CH4,Step18_Model2_EQB_CH4,Step19_Model2_EQB_CH1,Step20_Model2_EQB_CH1,Step21_Model2_EQB_CH1,Step22_Model2_EQC_CH3,Step23_Model1_EQB_CH3,Step24_Model1_EQA_CH1,Step25_Model1_EQA_CH1,Step26_Model2_EQB_CH2,Step27_Model2_EQA_CH1,Step28_Model3_EQB_CH3,Step29_Model1_EQB_CH3,Step30_Model1_EQB_CH1,,,,,62.5765762,,44.43752427179034,,,,,,,60.28840064791432,,,,,62.25964007361355,,37.94661992048943,,,,,,,59.08037342263003,49.47630879146529,,44.65980785544702,,,,,,,,,,,,60.36713065782964,,,,,,,,,,,,,,,,,,,,,
T024_W24,T024,24,Step1_Model2_EQC_CH4,Step2_Model1_EQA_CH4,Step3_Model1_EQC_CH4,Step4_Model1_EQB_CH4,Step5_Model1_EQC_CH1,Step6_Model3_EQC_CH1,Step7_Model2_EQA_CH1,Step8_Model1_EQC_CH2,Step9_Model2_EQA_CH2,Step10_Model2_EQC_CH3,Step11_Model1_EQB_CH1,Step12_Model2_EQB_CH3,Step13_Model3_EQA_CH1,Step14_Model2_EQB_CH2,Step15_Model3_EQA_CH3,Step16_Model3_EQC_CH2,Step17_Model3_EQA_CH4,Step18_Model2_EQB_CH3,Step19_Model2_EQB_CH2,Step20_Model2_EQB_CH4,Step21_Model2_EQB_CH2,Step22_Model2_EQC_CH4,Step23_Model1_EQB_CH1,Step24_Model1_EQA_CH2,Step25_Model1_EQA_CH1,Step26_Model2_EQB_CH1,Step27_Model2_EQA_CH3,Step28_Model3_EQB_CH1,Step29_Model1_EQB_CH4,Step30_Model1_EQB_CH3,,,,,,,,,,,,42.436571721043684,,61.11476454784008,41.65370705488664,,,,55.13861806,,,36.334652769849406,,,,,,,,,,,,,,,,,,,,,,,,,,48.21202935541468,,,,,,,,,,,,,,,,
T024_W25,T024,25,Step1_Model2_EQC_CH1,Step2_Model1_EQA_CH3,Step3_Model1_EQC_CH2,Step4_Model1_EQB_CH3,Step5_Model1_EQC_CH2,Step6_Model3_EQC_CH4,Step7_Model2_EQA_CH3,Step8_Model1_EQC_CH4,Step9_Model2_EQA_CH1,Step10_Model2_EQC_CH1,Step11_Model1_EQB_CH4,Step12_Model2_EQB_CH4,Step13_Model3_EQA_CH2,Step14_Model2_EQB_CH2,Step15_Model3_EQA_CH2,Step16_Model3_EQC_CH2,Step17_Model3_EQA_CH4,Step18_Model2_EQB_CH3,Step19_Model2_EQB_CH1,Step20_Model2_EQB_CH1,Step21_Model2_EQB_CH2,Step22_Model2_EQC_CH2,Step23_Model1_EQB_CH1,Step24_Model1_EQA_CH3,Step25_Model1_EQA_CH4,Step26_Model2_EQB_CH4,Step27_Model2_EQA_CH1,Step28_Model3_EQB_CH3,Step29_Model1_EQB_CH2,Step30_Model1_EQB_CH3,40.80355200683675,,,,,,,38.46648326134036,,,,,,,,,48.02579770285506,,,,,,,42.81474346081114,,,,,,,,,,,51.59425627626806,,,,,,,,,,,,,,,,,,,,,,,,,,,,,
T025_W01,T025,1,Step1_Model1_EQA_CH4,Step2_Model3_EQA_CH3,Step3_Model2_EQB_CH2,Step4_Model3_EQA_CH2,Step5_Model2_EQC_CH2,Step6_Model2_EQA_CH3,Step7_Model1_EQA_CH3,Step8_Model2_EQC_CH4,Step9_Model2_EQB_CH1,Step10_Model3_EQB_CH2,Step11_Model1_EQA_CH1,Step12_Model1_EQB_CH4,Step13_Model3_EQB_CH1,Step14_Model2_EQC_CH4,Step15_Model2_EQC_CH4,Step16_Model2_EQA_CH4,Step17_Model2_EQC_CH3,Step18_Model2_EQC_CH2,Step19_Model1_EQC_CH3,Step20_Model2_EQC_CH4,Step21_Model2_EQA_CH1,Step22_Model3_EQC_CH3,Step23_Model2_EQC_CH3,Step24_Model2_EQC_CH1,Step25_Model2_EQC_CH4,Step26_Model3_EQA_CH2,Step27_Model3_EQC_CH3,Step28_Model2_EQA_CH1,Step29_Model2_EQC_CH2,Step30_Model2_EQA_CH2,41.89345116,,,,,,,,,,,,,59.334632160029194,,,,,,,,30.435095732780265,,48.280605885016826,,,,,,,,,,,,,,,,,,,,37.932544975585024,,,61.08347016741441,47.128117213177234,,,,,,,,,,,,,,,,
T025_W02,T025,2,Step1_Model1_EQA_CH3,Step2_Model3_EQA_CH3,Step3_Model2_EQB_CH3,Step4_Model3_EQA_CH4,Step5_Model2_EQC_CH3,Step6_Model2_EQA_CH3,Step7_Model1_EQA_CH4,Step8_Model2_EQC_CH1,Step9_Model2_EQB_CH1,Step10_Model3_EQB_CH1,Step11_Model1_EQA_CH3,Step12_Model1_EQB_CH3,Step13_Model3_EQB_CH4,Step14_Model2_EQC_CH3,Step15_Model2_EQC_CH4,Step16_Model2_EQA_CH1,Step17_Model2_EQC_CH1,Step18_Model2_EQC_CH3,Step19_Model1_EQC_CH4,Step20_Model2_EQC_CH2,Step21_Model2_EQA_CH3,Step22_Model3_EQC_CH2,Step23_Model2_EQC_CH1,Step24_Model2_EQC_CH1,Step25_Model2_EQC_CH1,Step26_Model3_EQA_CH2,Step27_Model3_EQC_CH4,Step28_Model2_EQA_CH3,Step29_Model2_EQC_CH3,Step30_Model2_EQA_CH1,,,,,,,,,,,,,,,,,,40.95094995302941,,,35.13569197493661,,63.84839546466792,50.627490976388366,,,44.57910878007386,,,,,,,,,,,,45.18411399885006,,,,,,,,60.73600670493743,,,,10,,,,,,,,,,,,,
T025_W03,T025,3,Step1_Model1_EQA_CH1,Step2_Model3_EQA_CH2,Step3_Model2_EQB_CH1,Step4_Model3_EQA_CH1,Step5_Model2_EQC_CH4,Step6_Model2_EQA_CH4,Step7_Model1_EQA_CH3,Step8_Model2_EQC_CH3,Step9_Model2_EQB_CH1,Step10_Model3_EQB_CH1,Step11_Model1_EQA_CH4,Step12_Model1_EQB_CH3,Step13_Model3_EQB_CH4,Step14_Model2_EQC_CH3,Step15_Model2_EQC_CH2,Step16_Model2_EQA_CH3,Step17_Model2_EQC_CH3,Step18_Model2_EQC_CH4,Step19_Model1_EQC_CH4,Step20_Model2_EQC_CH3,Step21_Model2_EQA_CH1,Step22_Model3_EQC_CH1,Step23_Model2_EQC_CH1,Step24_Model2_EQC_CH1,Step25_Model2_EQC_CH2,Step26_Model3_EQA_CH3,Step27_Model3_EQC_CH3,Step28_Model2_EQA_CH1,Step29_Model2_EQC_CH1,Step30_Model2_EQA_CH3,32.98225084103415,,,,58.225894803853656,,,,,,,43.48403120079041,,,,,,42.12754485,,,,,,,,,,,51.308419769483045,,,,,,,,50.48147190095711,,,,,,,,,,61.886979288690256,,,,,,,,6,,,,,,,,,
T025_W04,T025,4,Step1_Model1_EQA_CH3,Step2_Model3_EQA_CH1,Step3_Model2_EQB_CH2,Step4_Model3_EQA_CH4,Step5_Model2_EQC_CH1,Step6_Model2_EQA_CH4,Step7_Model1_EQA_CH1,Step8_Model2_EQC_CH4,Step9_Model2_EQB_CH3,Step10_Model3_EQB_CH2,Step11_Model1_EQA_CH4,Step12_Model1_EQB_CH2,Step13_Model3_EQB_CH3,Step14_Model2_EQC_CH4,Step15_Model2_EQC_CH4,Step16_Model2_EQA_CH2,Step17_Model2_EQC_CH1,Step18_Model2_EQC_CH3,Step19_Model1_EQC_CH4,Step20_Model2_EQC_CH4,Step21_Model2_EQA_CH1,Step22_Model3_EQC_CH1,Step23_Model2_EQC_CH1,Step24_Model2_EQC_CH1,Step25_Model2_EQC_CH1,Step26_Model3_EQA_CH1,Step27_Model3_EQC_CH2,Step28_Model2_EQA_CH3,Step29_Model2_EQC_CH1,Step30_Model2_EQA_CH2,,,,,,,,,,53.528461173402654,37.65907991587937,48.332664861554036,,,,,,,,,,,58.01420042,,,,,57.82055035398532,50.62864512898267,,,,,,,,,,,,,,,34.79596193169525,,,,,,,,,,,,,,,,,,,,
T025_W05,T025,5,Step1_Model1_EQA_CH4,Step2_Model3_EQA_CH1,Step3_Model2_EQB_CH4,Step4_Model3_EQA_CH1,Step5_Model2_EQC_CH1,Step6_Model2_EQA_CH3,Step7_Model1_EQA_CH2,Step8_Model2_EQC_CH4,Step9_Model2_EQB_CH1,Step10_Model3_EQB_CH1,Step11_Model1_EQA_CH4,Step12_Model1_EQB_CH4,Step13_Model3_EQB_CH3,Step14_Model2_EQC_CH4,Step15_Model2_EQC_CH3,Step16_Model2_EQA_CH1,Step17_Model2_EQC_CH1,Step18_Model2_EQC_CH4,Step19_Model1_EQC_CH3,Step20_Model2_EQC_CH4,Step21_Model2_EQA_CH2,Step22_Model3_EQC_CH4,Step23_Model2_EQC_CH4,Step24_Model2_EQC_CH4,Step25_Model2_EQC_CH3,Step26_Model3_EQA_CH3,Step27_Model3_EQC_CH2,Step28_Model2_EQA_CH3,Step29_Model2_EQC_CH1,Step30_Model2_EQA_CH4,,38.36406112084384,,,,,,,,50.65295662175547,,,,,,,,,,,,,60.20180052123084,,,55.97998658128852,,,,,,,,60.51432345337687,,,,,,51.79440482894776,,,,,,,,43.93825450196322,,,,,,,,,,,,,,,,
T025_W06,T025,6,Step1_Model1_EQA_CH3,Step2_Model3_EQA_CH2,Step3_Model2_EQB_CH4,Step4_Model3_EQA_CH3,Step5_Model2_EQC_CH4,Step6_Model2_EQA_CH4,Step7_Model1_EQA_CH3,Step8_Model2_EQC_CH2,Step9_Model2_EQB_CH2,Step10_Model3_EQB_CH4,Step11_Model1_EQA_CH1,Step12_Model1_EQB_CH1,Step13_Model3_EQB_CH1,Step14_Model2_EQC_CH2,Step15_Model2_EQC_CH3,Step16_Model2_EQA_CH4,Step17_Model2_EQC_CH2,Step18_Model2_EQC_CH3,Step19_Model1_EQC_CH1,Step20_Model2_EQC_CH4,Step21_Model2_EQA_CH3,Step22_Model3_EQC_CH4,Step23_Model2_EQC_CH3,Step24_Model2_EQC_CH3,Step25_Model2_EQC_CH1,Step26_Model3_EQA_CH2,Step27_Model3_EQC_CH2,Step28_Model2_EQA_CH4,Step29_Model2_EQC_CH3,Step30_Model2_EQA_CH2,,,,,,,,,,,,,,,,,42.86356784157651,,,,,,,,,,,,,38.37950646677334,,,,69.10214135216353,,,,38.305062899903916,,,54.39269845,,,,,,,,,,,,,,,,,,,,,,,
T025_W07,T025,7,Step1_Model1_EQA_CH2,Step2_Model3_EQA_CH1,Step3_Model2_EQB_CH3,Step4_Model3_EQA_CH1,Step5_Model2_EQC_CH2,Step6_Model2_EQA_CH2,Step7_Model1_EQA_CH2,Step8_Model2_EQC_CH3,Step9_Model2_EQB_CH2,Step10_Model3_EQB_CH4,Step11_Model1_EQA_CH4,Step12_Model1_EQB_CH3,Step13_Model3_EQB_CH3,Step14_Model2_EQC_CH3,Step15_Model2_EQC_CH3,Step16_Model2_EQA_CH1,Step17_Model2_EQC_CH2,Step18_Model2_EQC_CH3,Step19_Model1_EQC_CH4,Step20_Model2_EQC_CH2,Step21_Model2_EQA_CH3,Step22_Model3_EQC_CH2,Step23_Model2_EQC_CH1,Step24_Model2_EQC_CH4,Step25_Model2_EQC_CH2,Step26_Model3_EQA_CH3,Step27_Model3_EQC_CH2,Step28_Model2_EQA_CH1,Step29_Model2_EQC_CH3,Step30_Model2_EQA_CH3,,,,,,61.12205329047694,,,,,,,,,,61.86089618067048,,,,,,,,,42.53310513894458,,,,49.08402738311621,,47.274863,,57.68401205580222,,,56.04960659027655,,,46.43387793017632,,,,,,,,,,,,,,,,,,,,,,,,,
T025_W08,T025,8,Step1_Model1_EQA_CH4,Step2_Model3_EQA_CH3,Step3_Model2_EQB_CH3,Step4_Model3_EQA_CH4,Step5_Model2_EQC_CH4,Step6_Model2_EQA_CH3,Step7_Model1_EQA_CH2,Step8_Model2_EQC_CH2,Step9_Model2_EQB_CH2,Step10_Model3_EQB_CH1,Step11_Model1_EQA_CH4,Step12_Model1_EQB_CH2,Step13_Model3_EQB_CH3,Step14_Model2_EQC_CH3,Step15_Model2_EQC_CH4,Step16_Model2_EQA_CH1,Step17_Model2_EQC_CH2,Step18_Model2_EQC_CH4,Step19_Model1_EQC_CH3,Step20_Model2_EQC_CH2,Step21_Model2_EQA_CH4,Step22_Model3_EQC_CH1,Step23_Model2_EQC_CH2,Step24_Model2_EQC_CH2,Step25_Model2_EQC_CH2,Step26_Model3_EQA_CH1,Step27_Model3_EQC_CH3,Step28_Model2_EQA_CH4,Step29_Model2_EQC_CH2,Step30_Model2_EQA_CH1,,,,,,,,,,52.53880595154498,,,,,,67.05482937868874,,,,,32.32638667023788,,,,,,,,,,,,,,,,,,,39.431758711676814,,,58.227239419980265,,,40.214200893206346,,,,,,,,,,,,,,,,,,
T025_W09,T025,9,Step1_Model1_EQA_CH1,Step2_Model3_EQA_CH1,Step3_Model2_EQB_CH4,Step4_Model3_EQA_CH4,Step5_Model2_EQC_CH1,Step6_Model2_EQA_CH1,Step7_Model1_EQA_CH3,Step8_Model2_EQC_CH4,Step9_Model2_EQB_CH2,Step10_Model3_EQB_CH1,Step11_Model1_EQA_CH4,Step12_Model1_EQB_CH4,Step13_Model3_EQB_CH4,Step14_Model2_EQC_CH3,Step15_Model2_EQC_CH1,Step16_Model2_EQA_CH1,Step17_Model2_EQC_CH4,Step18_Model2_EQC_CH3,Step19_Model1_EQC_CH2,Step20_Model2_EQC_CH2,Step21_Model2_EQA_CH4,Step22_Model3_EQC_CH3,Step23_Model2_EQC_CH3,Step24_Model2_EQC_CH3,Step25_Model2_EQC_CH4,Step26_Model3_EQA_CH1,Step27_Model3_EQC_CH2,Step28_Model2_EQA_CH2,Step29_Model2_EQC_CH1,Step30_Model2_EQA_CH2,,,,,,,,,64.04585517635647,,,,,,,,,,,,,,,,,,48.12095866646986,,,,,,,,,,,,,,,,,,,32.68309089332359,,59.58824949147177,,,,,,,,,,,,,,,,
T025_W10,T025,10,Step1_Model1_EQA_CH3,Step2_Model3_EQA_CH1,Step3_Model2_EQB_CH3,Step4_Model3_EQA_CH3,Step5_Model2_EQC_CH1,Step6_Model2_EQA_CH2,Step7_Model1_EQA_CH3,Step8_Model2_EQC_CH3,Step9_Model2_EQB_CH2,Step10_Model3_EQB_CH4,Step11_Model1_EQA_CH2,Step12_Model1_EQB_CH2,Step13_Model3_EQB_CH2,Step14_Model2_EQC_CH3,Step15_Model2_EQC_CH4,Step16_Model2_EQA_CH3,Step17_Model2_EQC_CH1,Step18_Model2_EQC_CH1,Step19_Model1_EQC_CH2,Step20_Model2_EQC_CH3,Step21_Model2_EQA_CH3,Step22_Model3_EQC_CH3,Step23_Model2_EQC_CH3,Step24_Model2_EQC_CH1,Step25_Model2_EQC_CH4,Step26_Model3_EQA_CH2,Step27_Model3_EQC_CH3,Step28_Model2_EQA_CH2,Step29_Model2_EQC_CH1,Step30_Model2_EQA_CH3,,,,,,64.51813938,,36.01005139006839,60.44444207,,,,,,,,,,,,,,,,40.78781159808854,,,,,,,,,63.62145656395165,,,,,,,50.25529371984279,,,,55.16838399381456,,,,,,,,,,,,,,,,,,,
T025_W11,T025,11,Step1_Model1_EQA_CH4,Step2_Model3_EQA_CH1,Step3_Model2_EQB_CH1,Step4_Model3_EQA_CH2,Step5_Model2_EQC_CH2,Step6_Model2_EQA_CH1,Step7_Model1_EQA_CH3,Step8_Model2_EQC_CH1,Step9_Model2_EQB_CH2,Step10_Model3_EQB_CH1,Step11_Model1_EQA_CH1,Step12_Model1_EQB_CH3,Step13_Model3_EQB_CH2,Step14_Model2_EQC_CH1,Step15_Model2_EQC_CH4,Step16_Model2_EQA_CH1,Step17_Model2_EQC_CH3,Step18_Model2_EQC_CH3,Step19_Model1_EQC_CH3,Step20_Model2_EQC_CH1,Step21_Model2_EQA_CH3,Step22_Model3_EQC_CH3,Step23_Model2_EQC_CH1,Step24_Model2_EQC_CH1,Step25_Model2_EQC_CH2,Step26_Model3_EQA_CH1,Step27_Model3_EQC_CH3,Step28_Model2_EQA_CH1,Step29_Model2_EQC_CH2,Step30_Model2_EQA_CH1,,36.41691756249298,,,,,,,,,36.263637610409866,,,,,,38.91887885101951,32.449105672029354,,,,,,,,64.13409563902557,,,53.222469023089644,,,45.43972435528818,,,,,,,,47.507348632600845,,,,,52.19653717969194,,61.07368960085132,,,,,,,,,,,8,,,,,,
T025_W12,T025,12,Step1_Model1_EQA_CH1,Step2_Model3_EQA_CH3,Step3_Model2_EQB_CH2,Step4_Model3_EQA_CH4,Step5_Model2_EQC_CH1,Step6_Model2_EQA_CH3,Step7_Model1_EQA_CH2,Step8_Model2_EQC_CH2,Step9_Model2_EQB_CH4,Step10_Model3_EQB_CH1,Step11_Model1_EQA_CH3,Step12_Model1_EQB_CH1,Step13_Model3_EQB_CH2,Step14_Model2_EQC_CH1,Step15_Model2_EQC_CH1,Step16_Model2_EQA_CH4,Step17_Model2_EQC_CH3,Step18_Model2_EQC_CH2,Step19_Model1_EQC_CH2,Step20_Model2_EQC_CH3,Step21_Model2_EQA_CH3,Step22_Model3_EQC_CH4,Step23_Model2_EQC_CH2,Step24_Model2_EQC_CH2,Step25_Model2_EQC_CH3,Step26_Model3_EQA_CH1,Step27_Model3_EQC_CH4,Step28_Model2_EQA_CH1,Step29_Model2_EQC_CH4,Step30_Model2_EQA_CH3,,,45.51960472000301,,,,,,,,,,,61.48417538667764,,,,39.59965917745273,,,,,,,,,,,,,,,54.294439310607935,,,,,,,43.14831663609692,,,,,54.60563386121072,,,,,,,,,,,,,,,,,,,
T025_W13,T025,13,Step1_Model1_EQA_CH1,Step2_Model3_EQA_CH4,Step3_Model2_EQB_CH1,Step4_Model3_EQA_CH4,Step5_Model2_EQC_CH3,Step6_Model2_EQA_CH1,Step7_Model1_EQA_CH3,Step8_Model2_EQC_CH3,Step9_Model2_EQB_CH3,Step10_Model3_EQB_CH1,Step11_Model1_EQA_CH4,Step12_Model1_EQB_CH1,Step13_Model3_EQB_CH3,Step14_Model2_EQC_CH1,Step15_Model2_EQC_CH3,Step16_Model2_EQA_CH2,Step17_Model2_EQC_CH4,Step18_Model2_EQC_CH1,Step19_Model1_EQC_CH1,Step20_Model2_EQC_CH2,Step21_Model2_EQA_CH4,Step22_Model3_EQC_CH1,Step23_Model2_EQC_CH2,Step24_Model2_EQC_CH3,Step25_Model2_EQC_CH4,Step26_Model3_EQA_CH4,Step27_Model3_EQC_CH2,Step28_Model2_EQA_CH3,Step29_Model2_EQC_CH1,Step30_Model2_EQA_CH4,,34.2488751,,,,,43.77401481595665,,62.49882400934019,,,,,,,,45.652130446066565,,,,,,61.89278737883979,,,59.59374449754624,41.95084003765036,,,,,,,67.99507447,,,,44.49523153803718,,,,,,,,39.34199174487481,,,,,,,,,,,,,,,,,,
T025_W14,T025,14,Step1_Model1_EQA_CH2,Step2_Model3_EQA_CH4,Step3_Model2_EQB_CH4,Step4_Model3_EQA_CH2,Step5_Model2_EQC_CH4,Step6_Model2_EQA_CH2,Step7_Model1_EQA_CH2,Step8_Model2_EQC_CH2,Step9_Model2_EQB_CH4,Step10_Model3_EQB_CH2,Step11_Model1_EQA_CH2,Step12_Model1_EQB_CH2,Step13_Model3_EQB_CH1,Step14_Model2_EQC_CH4,Step15_Model2_EQC_CH3,Step16_Model2_EQA_CH4,Step17_Model2_EQC_CH2,Step18_Model2_EQC_CH3,Step19_Model1_EQC_CH3,Step20_Model2_EQC_CH4,Step21_Model2_EQA_CH3,Step22_Model3_EQC_CH4,Step23_Model2_EQC_CH4,Step24_Model2_EQC_CH1,Step25_Model2_EQC_CH3,Step26_Model3_EQA_CH4,Step27_Model3_EQC_CH3,Step28_Model2_EQA_CH2,Step29_Model2_EQC_CH3,Step30_Model2_EQA_CH2,39.943645144760104,,,,,,48.67210104227925,,51.76417618959977,,,46.336981787472965,,,,,,,,,,,,,,,,,47.45894482966189,,45.18245666521337,,,,,65.87102224081558,,,,,,,59.33232222,,54.11164171093896,,64.91590582,,,,,,,,,10,,,,,,,,
T025_W15,T025,15,Step1_Model1_EQA_CH1,Step2_Model3_EQA_CH3,Step3_Model2_EQB_CH3,Step4_Model3_EQA_CH4,Step5_Model2_EQC_CH2,Step6_Model2_EQA_CH4,Step7_Model1_EQA_CH2,Step8_Model2_EQC_CH4,Step9_Model2_EQB_CH1,Step10_Model3_EQB_CH2,Step11_Model1_EQA_CH2,Step12_Model1_EQB_CH1,Step13_Model3_EQB_CH3,Step14_Model2_EQC_CH1,Step15_Model2_EQC_CH3,Step16_Model2_EQA_CH1,Step17_Model2_EQC_CH3,Step18_Model2_EQC_CH4,Step19_Model1_EQC_CH2,Step20_Model2_EQC_CH1,Step21_Model2_EQA_CH2,Step22_Model3_EQC_CH3,Step23_Model2_EQC_CH2,Step24_Model2_EQC_CH1,Step25_Model2_EQC_CH4,Step26_Model3_EQA_CH1,Step27_Model3_EQC_CH4,Step28_Model2_EQA_CH3,Step29_Model2_EQC_CH4,Step30_Model2_EQA_CH2,,36.233465957065725,,,,,49.27854252301351,,,,,,,,,58.563844999461324,46.024756652966126,,,,36.680102116755506,,,43.69517289762739,47.25910577052096,,,,,,,42.18844781533091,,,,,,,40.54421518615337,43.58910849284941,,,,,,,,,8,,,12,,,,,,,,,,,,
T025_W16,T025,16,Step1_Model1_EQA_CH2,Step2_Model3_EQA_CH4,Step3_Model2_EQB_CH1,Step4_Model3_EQA_CH3,Step5_Model2_EQC_CH2,Step6_Model2_EQA_CH2,Step7_Model1_EQA_CH1,Step8_Model2_EQC_CH3,Step9_Model2_EQB_CH1,Step10_Model3_EQB_CH1,Step11_Model1_EQA_CH1,Step12_Model1_EQB_CH2,Step13_Model3_EQB_CH1,Step14_Model2_EQC_CH4,Step15_Model2_EQC_CH4,Step16_Model2_EQA_CH4,Step17_Model2_EQC_CH4,Step18_Model2_EQC_CH3,Step19_Model1_EQC_CH2,Step20_Model2_EQC_CH3,Step21_Model2_EQA_CH3,Step22_Model3_EQC_CH4,Step23_Model2_EQC_CH2,Step24_Model2_EQC_CH4,Step25_Model2_EQC_CH3,Step26_Model3_EQA_CH1,Step27_Model3_EQC_CH4,Step28_Model2_EQA_CH4,Step29_Model2_EQC_CH2,Step30_Model2_EQA_CH2,,,,,,,,,62.053639840391384,,,,,,,,,,,,,,,,45.282341803083355,,,,,,,,,,55.738196600789905,,,,,40.24615314886556,,,,,,,,49.20903061701278,,,,,,,,,,,,,,,,
T025_W17,T025,17,Step1_Model1_EQA_CH1,Step2_Model3_EQA_CH1,Step3_Model2_EQB_CH4,Step4_Model3_EQA_CH1,Step5_Model2_EQC_CH2,Step6_Model2_EQA_CH2,Step7_Model1_EQA_CH4,Step8_Model2_EQC_CH2,Step9_Model2_EQB_CH1,Step10_Model3_EQB_CH4,Step11_Model1_EQA_CH4,Step12_Model1_EQB_CH2,Step13_Model3_EQB_CH1,Step14_Model2_EQC_CH1,Step15_Model2_EQC_CH2,Step16_Model2_EQA_CH1,Step17_Model2_EQC_CH3,Step18_Model2_EQC_CH2,Step19_Model1_EQC_CH1,Step20_Model2_EQC_CH2,Step21_Model2_EQA_CH4,Step22_Model3_EQC_CH1,Step23_Model2_EQC_CH4,Step24_Model2_EQC_CH4,Step25_Model2_EQC_CH4,Step26_Model3_EQA_CH2,Step27_Model3_EQC_CH4,Step28_Model2_EQA_CH4,Step29_Model2_EQC_CH1,Step30_Model2_EQA_CH4,42.77889923318458,33.47400026828944,,,,59.71259258760453,39.36718336,,,,,,,,,,,41.365095665076126,,33.01886830788437,,,,,,,,62.545953931032486,55.26002301174091,,,,,,,,,,,,,,,,,,59.28307122328385,50.506979675342194,,,,,,,,,,,,,,,,
T025_W18,T025,18,Step1_Model1_EQA_CH1,Step2_Model3_EQA_CH4,Step3_Model2_EQB_CH4,Step4_Model3_EQA_CH4,Step5_Model2_EQC_CH1,Step6_Model2_EQA_CH1,Step7_Model1_EQA_CH1,Step8_Model2_EQC_CH2,Step9_Model2_EQB_CH3,Step10_Model3_EQB_CH3,Step11_Model1_EQA_CH3,Step12_Model1_EQB_CH1,Step13_Model3_EQB_CH4,Step14_Model2_EQC_CH1,Step15_Model2_EQC_CH3,Step16_Model2_EQA_CH4,Step17_Model2_EQC_CH1,Step18_Model2_EQC_CH1,Step19_Model1_EQC_CH1,Step20_Model2_EQC_CH1,Step21_Model2_EQA_CH1,Step22_Model3_EQC_CH2,Step23_Model2_EQC_CH4,Step24_Model2_EQC_CH1,Step25_Model2_EQC_CH3,Step26_Model3_EQA_CH1,Step27_Model3_EQC_CH1,Step28_Model2_EQA_CH2,Step29_Model2_EQC_CH4,Step30_Model2_EQA_CH4,,,,,62.756147556222295,67.81748175,,,,53.37681141412733,32.313935423099984,,,71.14676956111553,,,41.954863660305215,,,,,,,,,65.83737491,,,,,,46.23534196393585,59.00710487854345,,53.03230063,58.88251515258363,,,,45.82660231164412,,59.58138772630883,,,,,,,,,,,,,,,,,,,,,,
T025_W19,T025,19,Step1_Model1_EQA_CH3,Step2_Model3_EQA_CH2,Step3_Model2_EQB_CH1,Step4_Model3_EQA_CH2,Step5_Model2_EQC_CH2,Step6_Model2_EQA_CH1,Step7_Model1_EQA_CH3,Step8_Model2_EQC_CH4,Step9_Model2_EQB_CH1,Step10_Model3_EQB_CH1,Step11_Model1_EQA_CH3,Step12_Model1_EQB_CH2,Step13_Model3_EQB_CH3,Step14_Model2_EQC_CH3,Step15_Model2_EQC_CH2,Step16_Model2_EQA_CH1,Step17_Model2_EQC_CH3,Step18_Model2_EQC_CH2,Step19_Model1_EQC_CH1,Step20_Model2_EQC_CH4,Step21_Model2_EQA_CH2,Step22_Model3_EQC_CH3,Step23_Model2_EQC_CH2,Step24_Model2_EQC_CH1,Step25_Model2_EQC_CH3,Step26_Model3_EQA_CH2,Step27_Model3_EQC_CH4,Step28_Model2_EQA_CH3,Step29_Model2_EQC_CH4,Step30_Model2_EQA_CH4,39.61917442668588,,,,65.83160182005686,,,,54.59606085663907,,,,41.02606632825026,69.14635149697631,,,,,,,,,,,,,,,,,,,,,,,56.57937384549707,,,,,,,,55.102628576022305,,,,,,,,,,,,,,,,,,,
T025_W20,T025,20,Step1_Model1_EQA_CH2,Step2_Model3_EQA_CH4,Step3_Model2_EQB_CH3,Step4_Model3_EQA_CH1,Step5_Model2_EQC_CH4,Step6_Model2_EQA_CH2,Step7_Model1_EQA_CH1,Step8_Model2_EQC_CH4,Step9_Model2_EQB_CH2,Step10_Model3_EQB_CH4,Step11_Model1_EQA_CH2,Step12_Model1_EQB_CH4,Step13_Model3_EQB_CH2,Step14_Model2_EQC_CH1,Step15_Model2_EQC_CH2,Step16_Model2_EQA_CH3,Step17_Model2_EQC_CH4,Step18_Model2_EQC_CH1,Step19_Model1_EQC_CH1,Step20_Model2_EQC_CH2,Step21_Model2_EQA_CH3,Step22_Model3_EQC_CH1,Step23_Model2_EQC_CH2,Step24_Model2_EQC_CH2,Step25_Model2_EQC_CH3,Step26_Model3_EQA_CH4,Step27_Model3_EQC_CH3,Step28_Model2_EQA_CH3,Step29_Model2_EQC_CH1,Step30_Model2_EQA_CH2,,,,,,,,,,,,,,,,,,,,41.51894875388912,,,,,,,,,52.79077249,,,,,,,,,,,,,,,,,,,,,,,,,,,,,,,,,,,
T025_W21,T025,21,Step1_Model1_EQA_CH1,Step2_Model3_EQA_CH3,Step3_Model2_EQB_CH3,Step4_Model3_EQA_CH2,Step5_Model2_EQC_CH2,Step6_Model2_EQA_CH2,Step7_Model1_EQA_CH2,Step8_Model2_EQC_CH2,Step9_Model2_EQB_CH4,Step10_Model3_EQB_CH1,Step11_Model1_EQA_CH2,Step12_Model1_EQB_CH4,Step13_Model3_EQB_CH1,Step14_Model2_EQC_CH2,Step15_Model2_EQC_CH3,Step16_Model2_EQA_CH2,Step17_Model2_EQC_CH4,Step18_Model2_EQC_CH4,Step19_Model1_EQC_CH1,Step20_Model2_EQC_CH4,Step21_Model2_EQA_CH3,Step22_Model3_EQC_CH4,Step23_Model2_EQC_CH2,Step24_Model2_EQC_CH1,Step25_Model2_EQC_CH3,Step26_Model3_EQA_CH3,Step27_Model3_EQC_CH2,Step28_Model2_EQA_CH2,Step29_Model2_EQC_CH3,Step30_Model2_EQA_CH3,36.56282430997038,41.75255777834764,,,,,,37.204699637972546,,,,,,,,,,,,,,,,,,,,,,,,,,,,,,,38.160768954134184,,48.013872005865984,,59.67987247623518,,,,,,,,,,,,5,,,,,,,,,
T025_W22,T025,22,Step1_Model1_EQA_CH2,Step2_Model3_EQA_CH2,Step3_Model2_EQB_CH4,Step4_Model3_EQA_CH3,Step5_Model2_EQC_CH1,Step6_Model2_EQA_CH3,Step7_Model1_EQA_CH3,Step8_Model2_EQC_CH3,Step9_Model2_EQB_CH3,Step10_Model3_EQB_CH4,Step11_Model1_EQA_CH4,Step12_Model1_EQB_CH4,Step13_Model3_EQB_CH4,Step14_Model2_EQC_CH4,Step15_Model2_EQC_CH2,Step16_Model2_EQA_CH3,Step17_Model2_EQC_CH2,Step18_Model2_EQC_CH4,Step19_Model1_EQC_CH2,Step20_Model2_EQC_CH2,Step21_Model2_EQA_CH2,Step22_Model3_EQC_CH4,Step23_Model2_EQC_CH4,Step24_Model2_EQC_CH2,Step25_Model2_EQC_CH2,Step26_Model3_EQA_CH1,Step27_Model3_EQC_CH3,Step28_Model2_EQA_CH2,Step29_Model2_EQC_CH2,Step30_Model2_EQA_CH2,,,,,,,,37.653101674833295,,,,,,,,,,,,33.992266169708074,46.59056333010858,,69.91819595012176,,,,49.197335481475065,,,,,,,,54.62897566911336,,,,,,,,,,,36.223666005582366,,,,,7,,,,,,,,,,,,,
T025_W23,T025,23,Step1_Model1_EQA_CH2,Step2_Model3_EQA_CH1,Step3_Model2_EQB_CH3,Step4_Model3_EQA_CH3,Step5_Model2_EQC_CH3,Step6_Model2_EQA_CH2,Step7_Model1_EQA_CH3,Step8_Model2_EQC_CH3,Step9_Model2_EQB_CH3,Step10_Model3_EQB_CH3,Step11_Model1_EQA_CH2,Step12_Model1_EQB_CH3,Step13_Model3_EQB_CH4,Step14_Model2_EQC_CH1,Step15_Model2_EQC_CH2,Step16_Model2_EQA_CH2,Step17_Model2_EQC_CH3,Step18_Model2_EQC_CH1,Step19_Model1_EQC_CH1,Step20_Model2_EQC_CH1,Step21_Model2_EQA_CH1,Step22_Model3_EQC_CH3,Step23_Model2_EQC_CH1,Step24_Model2_EQC_CH2,Step25_Model2_EQC_CH2,Step26_Model3_EQA_CH1,Step27_Model3_EQC_CH2,Step28_Model2_EQA_CH1,Step29_Model2_EQC_CH1,Step30_Model2_EQA_CH2,,,,,,,,,,,,,,57.904562407263015,,,,,,38.46322457393911,,,,46.83108912658251,,,,,47.15573804,37.998697877419126,,,,,,,,,,,49.890381698504704,,69.65996712334083,,,37.802051019660425,,,,,,,,,,,,,,,,,,
T025_W24,T025,24,Step1_Model1_EQA_CH3,Step2_Model3_EQA_CH3,Step3_Model2_EQB_CH1,Step4_Model3_EQA_CH4,Step5_Model2_EQC_CH1,Step6_Model2_EQA_CH1,Step7_Model1_EQA_CH2,Step8_Model2_EQC_CH3,Step9_Model2_EQB_CH1,Step10_Model3_EQB_CH1,Step11_Model1_EQA_CH1,Step12_Model1_EQB_CH1,Step13_Model3_EQB_CH2,Step14_Model2_EQC_CH4,Step15_Model2_EQC_CH3,Step16_Model2_EQA_CH1,Step17_Model2_EQC_CH2,Step18_Model2_EQC_CH3,Step19_Model1_EQC_CH1,Step20_Model2_EQC_CH3,Step21_Model2_EQA_CH3,Step22_Model3_EQC_CH4,Step23_Model2_EQC_CH2,Step24_Model2_EQC_CH3,Step25_Model2_EQC_CH4,Step26_Model3_EQA_CH2,Step27_Model3_EQC_CH3,Step28_Model2_EQA_CH3,Step29_Model2_EQC_CH3,Step30_Model2_EQA_CH4,,33.524008521662225,,,,,,36.319904962397494,,,,,,,36.10664231314958,,,,,,46.543912797042594,,,,,,,,52.51384186421114,,,52.15333178,,,,,,,,,,50.273225424008345,,,,,,,,,,,,,,,,6,,,,,,
T025_W25,T025,25,Step1_Model1_EQA_CH1,Step2_Model3_EQA_CH3,Step3_Model2_EQB_CH4,Step4_Model3_EQA_CH1,Step5_Model2_EQC_CH3,Step6_Model2_EQA_CH4,Step7_Model1_EQA_CH4,Step8_Model2_EQC_CH4,Step9_Model2_EQB_CH3,Step10_Model3_EQB_CH2,Step11_Model1_EQA_CH4,Step12_Model1_EQB_CH1,Step13_Model3_EQB_CH2,Step14_Model2_EQC_CH2,Step15_Model2_EQC_CH1,Step16_Model2_EQA_CH3,Step17_Model2_EQC_CH2,Step18_Model2_EQC_CH2,Step19_Model1_EQC_CH1,Step20_Model2_EQC_CH4,Step21_Model2_EQA_CH2,Step22_Model3_EQC_CH1,Step23_Model2_EQC_CH2,Step24_Model2_EQC_CH2,Step25_Model2_EQC_CH4,Step26_Model3_EQA_CH2,Step27_Model3_EQC_CH4,Step28_Model2_EQA_CH2,Step29_Model2_EQC_CH2,Step30_Model2_EQA_CH2,35.031831486827336,35.07147041368397,,49.26797351344794,,,,,,,,,,,,,,,,,,,,,,,,,,,,,,,,,,,,,,,,,,,,46.40021064905947,,,,,,,,,,,,,,,,
T026_W01,T026,1,Step1_Model1_EQA_CH1,Step2_Model3_EQA_CH2,Step3_Model3_EQB_CH2,Step4_Model3_EQC_CH4,Step5_Model1_EQB_CH3,Step6_Model1_EQB_CH2,Step7_Model3_EQC_CH2,Step8_Model2_EQC_CH3,Step9_Model1_EQC_CH2,Step10_Model1_EQC_CH3,Step11_Model2_EQB_CH4,Step12_Model1_EQA_CH1,Step13_Model2_EQA_CH1,Step14_Model2_EQB_CH3,Step15_Model1_EQB_CH2,Step16_Model3_EQB_CH2,Step17_Model3_EQC_CH2,Step18_Model3_EQC_CH4,Step19_Model1_EQC_CH1,Step20_Model1_EQA_CH4,Step21_Model1_EQB_CH3,Step22_Model3_EQC_CH2,Step23_Model3_EQB_CH1,Step24_Model1_EQB_CH3,Step25_Model1_EQC_CH1,Step26_Model3_EQB_CH3,Step27_Model2_EQB_CH2,Step28_Model1_EQC_CH3,Step29_Model2_EQC_CH2,Step30_Model1_EQB_CH2,,,,52.05101010652576,,,,,,50.45568622430041,,,39.38849774419265,,,,,33.507833974157215,,,,,,,46.78075157371244,,,,,,,,,,,,,,,,,,,42.68834783357727,,,62.09894607490672,,,,,,1,,,,,,,,,,,
T026_W02,T026,2,Step1_Model1_EQA_CH1,Step2_Model3_EQA_CH1,Step3_Model3_EQB_CH4,Step4_Model3_EQC_CH4,Step5_Model1_EQB_CH4,Step6_Model1_EQB_CH1,Step7_Model3_EQC_CH4,Step8_Model2_EQC_CH1,Step9_Model1_EQC_CH4,Step10_Model1_EQC_CH3,Step11_Model2_EQB_CH2,Step12_Model1_EQA_CH1,Step13_Model2_EQA_CH2,Step14_Model2_EQB_CH3,Step15_Model1_EQB_CH4,Step16_Model3_EQB_CH1,Step17_Model3_EQC_CH3,Step18_Model3_EQC_CH4,Step19_Model1_EQC_CH2,Step20_Model1_EQA_CH3,Step21_Model1_EQB_CH3,Step22_Model3_EQC_CH2,Step23_Model3_EQB_CH3,Step24_Model1_EQB_CH3,Step25_Model1_EQC_CH2,Step26_Model3_EQB_CH3,Step27_Model2_EQB_CH3,Step28_Model1_EQC_CH2,Step29_Model2_EQC_CH4,Step30_Model1_EQB_CH1,,,,,,,,,,,,,,,,,44.501828672873906,,,,44.07317901085858,,,56.80073044925982,,,,,,33.59969653952975,,,,57.965876099472766,,,,,45.53471171657468,,,,,,,,,,,,,,,,,,,,,,,,,
T026_W03,T026,3,Step1_Model1_EQA_CH2,Step2_Model3_EQA_CH3,Step3_Model3_EQB_CH2,Step4_Model3_EQC_CH2,Step5_Model1_EQB_CH4,Step6_Model1_EQB_CH2,Step7_Model3_EQC_CH4,Step8_Model2_EQC_CH1,Step9_Model1_EQC_CH4,Step10_Model1_EQC_CH1,Step11_Model2_EQB_CH1,Step12_Model1_EQA_CH4,Step13_Model2_EQA_CH2,Step14_Model2_EQB_CH2,Step15_Model1_EQB_CH1,Step16_Model3_EQB_CH2,Step17_Model3_EQC_CH2,Step18_Model3_EQC_CH4,Step19_Model1_EQC_CH4,Step20_Model1_EQA_CH3,Step21_Model1_EQB_CH2,Step22_Model3_EQC_CH2,Step23_Model3_EQB_CH4,Step24_Model1_EQB_CH4,Step25_Model1_EQC_CH4,Step26_Model3_EQB_CH4,Step27_Model2_EQB_CH1,Step28_Model1_EQC_CH4,Step29_Model2_EQC_CH4,Step30_Model1_EQB_CH3,,42.85003588383582,35.02018289439126,,,,,,,,,,,54.24894538950612,,,,40.52900515370204,,,,,,,,,,,,33.11705157216559,,36.49974947186694,,,43.06167162707076,,,,40.023752700831935,,,,,,,,58.95250633421399,,,,,,,,,,,,,,,,,
T026_W04,T026,4,Step1_Model1_EQA_CH4,Step2_Model3_EQA_CH2,Step3_Model3_EQB_CH1,Step4_Model3_EQC_CH4,Step5_Model1_EQB_CH2,Step6_Model1_EQB_CH2,Step7_Model3_EQC_CH3,Step8_Model2_EQC_CH1,Step9_Model1_EQC_CH2,Step10_Model1_EQC_CH1,Step11_Model2_EQB_CH3,Step12_Model1_EQA_CH1,Step13_Model2_EQA_CH1,Step14_Model2_EQB_CH1,Step15_Model1_EQB_CH3,Step16_Model3_EQB_CH3,Step17_Model3_EQC_CH2,Step18_Model3_EQC_CH3,Step19_Model1_EQC_CH3,Step20_Model1_EQA_CH2,Step21_Model1_EQB_CH1,Step22_Model3_EQC_CH3,Step23_Model3_EQB_CH4,Step24_Model1_EQB_CH4,Step25_Model1_EQC_CH2,Step26_Model3_EQB_CH3,Step27_Model2_EQB_CH2,Step28_Model1_EQC_CH4,Step29_Model2_EQC_CH3,Step30_Model1_EQB_CH3,,,,,,,,,,61.53806517436432,,,,,,,,,,,,,,48.227895603590014,,,,60.73385205,,,,,,59.856125313217504,,,,,,,,,,,,,,,,,,,,,,,,,,,,,,
T026_W05,T026,5,Step1_Model1_EQA_CH1,Step2_Model3_EQA_CH1,Step3_Model3_EQB_CH4,Step4_Model3_EQC_CH1,Step5_Model1_EQB_CH2,Step6_Model1_EQB_CH4,Step7_Model3_EQC_CH2,Step8_Model2_EQC_CH2,Step9_Model1_EQC_CH2,Step10_Model1_EQC_CH2,Step11_Model2_EQB_CH2,Step12_Model1_EQA_CH4,Step13_Model2_EQA_CH3,Step14_Model2_EQB_CH3,Step15_Model1_EQB_CH4,Step16_Model3_EQB_CH1,Step17_Model3_EQC_CH4,Step18_Model3_EQC_CH2,Step19_Model1_EQC_CH4,Step20_Model1_EQA_CH2,Step21_Model1_EQB_CH3,Step22_Model3_EQC_CH3,Step23_Model3_EQB_CH3,Step24_Model1_EQB_CH4,Step25_Model1_EQC_CH2,Step26_Model3_EQB_CH1,Step27_Model2_EQB_CH3,Step28_Model1_EQC_CH3,Step29_Model2_EQC_CH2,Step30_Model1_EQB_CH2,,,,,,63.126391389231614,,,,52.10880248978403,,,,,,53.21724900924063,,38.74499036807242,,,,,,,,,,,,,,,,,,59.660551076435624,,,,,,,,,,,,,,,,,,,,,,,,,,,,
T026_W06,T026,6,Step1_Model1_EQA_CH1,Step2_Model3_EQA_CH2,Step3_Model3_EQB_CH4,Step4_Model3_EQC_CH4,Step5_Model1_EQB_CH3,Step6_Model1_EQB_CH2,Step7_Model3_EQC_CH1,Step8_Model2_EQC_CH2,Step9_Model1_EQC_CH1,Step10_Model1_EQC_CH1,Step11_Model2_EQB_CH1,Step12_Model1_EQA_CH3,Step13_Model2_EQA_CH3,Step14_Model2_EQB_CH3,Step15_Model1_EQB_CH4,Step16_Model3_EQB_CH2,Step17_Model3_EQC_CH1,Step18_Model3_EQC_CH1,Step19_Model1_EQC_CH2,Step20_Model1_EQA_CH4,Step21_Model1_EQB_CH1,Step22_Model3_EQC_CH2,Step23_Model3_EQB_CH4,Step24_Model1_EQB_CH2,Step25_Model1_EQC_CH4,Step26_Model3_EQB_CH4,Step27_Model2_EQB_CH2,Step28_Model1_EQC_CH4,Step29_Model2_EQC_CH1,Step30_Model1_EQB_CH2,,,,,,56.447228286410684,,,,,44.35372204596802,41.74547885106129,,,,56.121454758080375,,42.94617009642041,,,51.674982735870934,,,,,,,,,,44.73721850041202,40.45748506,,,,,,,,,,,,,,,,,11,,,,,,,,,,,,,,,
T026_W07,T026,7,Step1_Model1_EQA_CH4,Step2_Model3_EQA_CH3,Step3_Model3_EQB_CH1,Step4_Model3_EQC_CH4,Step5_Model1_EQB_CH3,Step6_Model1_EQB_CH3,Step7_Model3_EQC_CH4,Step8_Model2_EQC_CH4,Step9_Model1_EQC_CH3,Step10_Model1_EQC_CH4,Step11_Model2_EQB_CH4,Step12_Model1_EQA_CH1,Step13_Model2_EQA_CH1,Step14_Model2_EQB_CH3,Step15_Model1_EQB_CH1,Step16_Model3_EQB_CH4,Step17_Model3_EQC_CH1,Step18_Model3_EQC_CH2,Step19_Model1_EQC_CH3,Step20_Model1_EQA_CH3,Step21_Model1_EQB_CH1,Step22_Model3_EQC_CH4,Step23_Model3_EQB_CH1,Step24_Model1_EQB_CH1,Step25_Model1_EQC_CH1,Step26_Model3_EQB_CH2,Step27_Model2_EQB_CH2,Step28_Model1_EQC_CH3,Step29_Model2_EQC_CH3,Step30_Model1_EQB_CH2,40.412968114331406,,,,,,43.37443206422947,,,,,,,57.62247694552835,38.63000866021953,,,,,,,,,,,,,,,,,,,,,,,39.828406878591956,,,,,,,,,,,,,,,,,,,,,,,,,,
T026_W08,T026,8,Step1_Model1_EQA_CH3,Step2_Model3_EQA_CH2,Step3_Model3_EQB_CH3,Step4_Model3_EQC_CH2,Step5_Model1_EQB_CH3,Step6_Model1_EQB_CH2,Step7_Model3_EQC_CH3,Step8_Model2_EQC_CH1,Step9_Model1_EQC_CH4,Step10_Model1_EQC_CH1,Step11_Model2_EQB_CH3,Step12_Model1_EQA_CH4,Step13_Model2_EQA_CH3,Step14_Model2_EQB_CH3,Step15_Model1_EQB_CH2,Step16_Model3_EQB_CH4,Step17_Model3_EQC_CH4,Step18_Model3_EQC_CH3,Step19_Model1_EQC_CH3,Step20_Model1_EQA_CH1,Step21_Model1_EQB_CH2,Step22_Model3_EQC_CH3,Step23_Model3_EQB_CH2,Step24_Model1_EQB_CH3,Step25_Model1_EQC_CH1,Step26_Model3_EQB_CH3,Step27_Model2_EQB_CH1,Step28_Model1_EQC_CH2,Step29_Model2_EQC_CH1,Step30_Model1_EQB_CH1,,27.93726073,,,,,,,70.82630125569015,49.80006378729033,,,,,39.014347217114555,64.58593901563482,,,,,,,,53.325465353197814,47.549406349275095,59.46185398251844,,,,,,45.40867171463091,,,47.13378254223678,,,,,40.08923227759475,,,,,,,,52.75765615280011,,,,,,10,,,,,,,,,,
T026_W09,T026,9,Step1_Model1_EQA_CH3,Step2_Model3_EQA_CH4,Step3_Model3_EQB_CH1,Step4_Model3_EQC_CH2,Step5_Model1_EQB_CH2,Step6_Model1_EQB_CH2,Step7_Model3_EQC_CH4,Step8_Model2_EQC_CH2,Step9_Model1_EQC_CH4,Step10_Model1_EQC_CH3,Step11_Model2_EQB_CH2,Step12_Model1_EQA_CH3,Step13_Model2_EQA_CH3,Step14_Model2_EQB_CH3,Step15_Model1_EQB_CH1,Step16_Model3_EQB_CH4,Step17_Model3_EQC_CH3,Step18_Model3_EQC_CH1,Step19_Model1_EQC_CH2,Step20_Model1_EQA_CH4,Step21_Model1_EQB_CH4,Step22_Model3_EQC_CH4,Step23_Model3_EQB_CH2,Step24_Model1_EQB_CH3,Step25_Model1_EQC_CH4,Step26_Model3_EQB_CH2,Step27_Model2_EQB_CH1,Step28_Model1_EQC_CH2,Step29_Model2_EQC_CH1,Step30_Model1_EQB_CH2,40.17507284924715,,,53.17020563593663,,,,,62.435086222211694,,,,39.33039347400836,58.483054104916576,,,,,,,,,,,,,,,50.09156300829961,35.17054124568163,,,,68.02960755594356,,,,,,44.13403553380477,,,,38.29292186047647,,,,,,,,,,,10,,,,,,,,,
T026_W10,T026,10,Step1_Model1_EQA_CH2,Step2_Model3_EQA_CH3,Step3_Model3_EQB_CH3,Step4_Model3_EQC_CH1,Step5_Model1_EQB_CH1,Step6_Model1_EQB_CH2,Step7_Model3_EQC_CH4,Step8_Model2_EQC_CH1,Step9_Model1_EQC_CH4,Step10_Model1_EQC_CH4,Step11_Model2_EQB_CH2,Step12_Model1_EQA_CH2,Step13_Model2_EQA_CH3,Step14_Model2_EQB_CH2,Step15_Model1_EQB_CH2,Step16_Model3_EQB_CH2,Step17_Model3_EQC_CH2,Step18_Model3_EQC_CH3,Step19_Model1_EQC_CH3,Step20_Model1_EQA_CH3,Step21_Model1_EQB_CH1,Step22_Model3_EQC_CH4,Step23_Model3_EQB_CH3,Step24_Model1_EQB_CH4,Step25_Model1_EQC_CH3,Step26_Model3_EQB_CH2,Step27_Model2_EQB_CH4,Step28_Model1_EQC_CH4,Step29_Model2_EQC_CH2,Step30_Model1_EQB_CH4,,,,,,,,,47.92987276087282,,,,,62.36651746303697,40.89002074588277,,50.043514442246924,,,,,,,,,,,,,,45.078234383466736,,,,,,60.05531655933823,,,,,53.641509483759215,,36.28446816767042,,,,,,,,,7,,,,,,,,,,,
T026_W11,T026,11,Step1_Model1_EQA_CH1,Step2_Model3_EQA_CH2,Step3_Model3_EQB_CH3,Step4_Model3_EQC_CH1,Step5_Model1_EQB_CH2,Step6_Model1_EQB_CH4,Step7_Model3_EQC_CH1,Step8_Model2_EQC_CH4,Step9_Model1_EQC_CH2,Step10_Model1_EQC_CH2,Step11_Model2_EQB_CH2,Step12_Model1_EQA_CH4,Step13_Model2_EQA_CH2,Step14_Model2_EQB_CH3,Step15_Model1_EQB_CH4,Step16_Model3_EQB_CH4,Step17_Model3_EQC_CH3,Step18_Model3_EQC_CH4,Step19_Model1_EQC_CH3,Step20_Model1_EQA_CH4,Step21_Model1_EQB_CH2,Step22_Model3_EQC_CH4,Step23_Model3_EQB_CH4,Step24_Model1_EQB_CH1,Step25_Model1_EQC_CH1,Step26_Model3_EQB_CH2,Step27_Model2_EQB_CH1,Step28_Model1_EQC_CH2,Step29_Model2_EQC_CH2,Step30_Model1_EQB_CH4,,,,,,,,,55.91099657866339,,38.16520292035439,45.11708558872725,,63.83693259580591,,,,,,,,38.55613681977287,,,,,,,,,,,,,,,,,,,,56.082070883363386,,,,,,,,,,,,,,,13,,,,,,,
T026_W12,T026,12,Step1_Model1_EQA_CH3,Step2_Model3_EQA_CH3,Step3_Model3_EQB_CH1,Step4_Model3_EQC_CH4,Step5_Model1_EQB_CH4,Step6_Model1_EQB_CH1,Step7_Model3_EQC_CH3,Step8_Model2_EQC_CH1,Step9_Model1_EQC_CH2,Step10_Model1_EQC_CH3,Step11_Model2_EQB_CH3,Step12_Model1_EQA_CH1,Step13_Model2_EQA_CH1,Step14_Model2_EQB_CH4,Step15_Model1_EQB_CH4,Step16_Model3_EQB_CH1,Step17_Model3_EQC_CH2,Step18_Model3_EQC_CH3,Step19_Model1_EQC_CH2,Step20_Model1_EQA_CH3,Step21_Model1_EQB_CH1,Step22_Model3_EQC_CH3,Step23_Model3_EQB_CH4,Step24_Model1_EQB_CH3,Step25_Model1_EQC_CH4,Step26_Model3_EQB_CH3,Step27_Model2_EQB_CH1,Step28_Model1_EQC_CH2,Step29_Model2_EQC_CH4,Step30_Model1_EQB_CH1,,40.9700373,,,60.852240338027336,,,,,54.436959547703246,,,,,,,,,,35.24033161690977,,,,,,,,58.809635857718206,,32.766509943360845,,,,,,,,,,,,,,,,,,,,,,,,,,,,,,,,,,
T026_W13,T026,13,Step1_Model1_EQA_CH3,Step2_Model3_EQA_CH2,Step3_Model3_EQB_CH1,Step4_Model3_EQC_CH2,Step5_Model1_EQB_CH2,Step6_Model1_EQB_CH3,Step7_Model3_EQC_CH1,Step8_Model2_EQC_CH1,Step9_Model1_EQC_CH2,Step10_Model1_EQC_CH1,Step11_Model2_EQB_CH4,Step12_Model1_EQA_CH4,Step13_Model2_EQA_CH1,Step14_Model2_EQB_CH1,Step15_Model1_EQB_CH3,Step16_Model3_EQB_CH1,Step17_Model3_EQC_CH4,Step18_Model3_EQC_CH3,Step19_Model1_EQC_CH4,Step20_Model1_EQA_CH1,Step21_Model1_EQB_CH1,Step22_Model3_EQC_CH2,Step23_Model3_EQB_CH3,Step24_Model1_EQB_CH3,Step25_Model1_EQC_CH1,Step26_Model3_EQB_CH4,Step27_Model2_EQB_CH2,Step28_Model1_EQC_CH2,Step29_Model2_EQC_CH3,Step30_Model1_EQB_CH1,46.389892876477326,,,54.896037136470746,,,,29.970177580253207,,44.56758254390348,,,47.15206054413149,60.000680934441434,,63.349293104529174,,,,,43.238948941711556,,,43.245610242786604,,,,,,36.38073584640116,,,58.26280225124881,,47.16930926074679,,,,,,,,,,,,59.45698629789286,48.490431455298996,,,,,,,,11,,,,,,,,
T026_W14,T026,14,Step1_Model1_EQA_CH2,Step2_Model3_EQA_CH4,Step3_Model3_EQB_CH3,Step4_Model3_EQC_CH1,Step5_Model1_EQB_CH3,Step6_Model1_EQB_CH4,Step7_Model3_EQC_CH4,Step8_Model2_EQC_CH2,Step9_Model1_EQC_CH1,Step10_Model1_EQC_CH4,Step11_Model2_EQB_CH3,Step12_Model1_EQA_CH1,Step13_Model2_EQA_CH4,Step14_Model2_EQB_CH4,Step15_Model1_EQB_CH3,Step16_Model3_EQB_CH3,Step17_Model3_EQC_CH2,Step18_Model3_EQC_CH3,Step19_Model1_EQC_CH2,Step20_Model1_EQA_CH2,Step21_Model1_EQB_CH2,Step22_Model3_EQC_CH3,Step23_Model3_EQB_CH1,Step24_Model1_EQB_CH1,Step25_Model1_EQC_CH1,Step26_Model3_EQB_CH4,Step27_Model2_EQB_CH2,Step28_Model1_EQC_CH4,Step29_Model2_EQC_CH4,Step30_Model1_EQB_CH2,,,,,,,,,56.13446475280248,,43.07101816593459,,39.45251058795316,,,69.06881977070768,,,,,42.58141895188661,,,,,,47.003548714175665,,51.291452389460936,,,,,,,,,,,,,,,,,,,50.20955633913564,,,,,,,,,,,,,,,,
T026_W15,T026,15,Step1_Model1_EQA_CH3,Step2_Model3_EQA_CH3,Step3_Model3_EQB_CH3,Step4_Model3_EQC_CH1,Step5_Model1_EQB_CH1,Step6_Model1_EQB_CH3,Step7_Model3_EQC_CH1,Step8_Model2_EQC_CH2,Step9_Model1_EQC_CH4,Step10_Model1_EQC_CH4,Step11_Model2_EQB_CH2,Step12_Model1_EQA_CH1,Step13_Model2_EQA_CH4,Step14_Model2_EQB_CH4,Step15_Model1_EQB_CH3,Step16_Model3_EQB_CH2,Step17_Model3_EQC_CH3,Step18_Model3_EQC_CH1,Step19_Model1_EQC_CH3,Step20_Model1_EQA_CH3,Step21_Model1_EQB_CH3,Step22_Model3_EQC_CH2,Step23_Model3_EQB_CH2,Step24_Model1_EQB_CH3,Step25_Model1_EQC_CH4,Step26_Model3_EQB_CH2,Step27_Model2_EQB_CH1,Step28_Model1_EQC_CH1,Step29_Model2_EQC_CH4,Step30_Model1_EQB_CH2,,,,,,66.70795033297517,,,,56.63545294772428,,,,,,,41.811614497149655,,,,,36.46258742431664,,45.98241271432417,,,,,,,,,,59.76347658732964,,,,,,,,,57.85018387135253,,,,,55.18270937506395,,10,,,,,,,,,,,,,,
T026_W16,T026,16,Step1_Model1_EQA_CH4,Step2_Model3_EQA_CH1,Step3_Model3_EQB_CH4,Step4_Model3_EQC_CH2,Step5_Model1_EQB_CH2,Step6_Model1_EQB_CH1,Step7_Model3_EQC_CH3,Step8_Model2_EQC_CH4,Step9_Model1_EQC_CH2,Step10_Model1_EQC_CH2,Step11_Model2_EQB_CH2,Step12_Model1_EQA_CH1,Step13_Model2_EQA_CH1,Step14_Model2_EQB_CH1,Step15_Model1_EQB_CH4,Step16_Model3_EQB_CH4,Step17_Model3_EQC_CH1,Step18_Model3_EQC_CH1,Step19_Model1_EQC_CH2,Step20_Model1_EQA_CH3,Step21_Model1_EQB_CH1,Step22_Model3_EQC_CH2,Step23_Model3_EQB_CH1,Step24_Model1_EQB_CH2,Step25_Model1_EQC_CH4,Step26_Model3_EQB_CH1,Step27_Model2_EQB_CH4,Step28_Model1_EQC_CH3,Step29_Model2_EQC_CH2,Step30_Model1_EQB_CH2,,,,,,,,,,,,,,,,,,,,,,,,44.69202730833186,,,,,,,,,,58.14629740774475,,,,,45.47285133057755,,,60.669454102302744,,,,,,,,,,,,,,10,,,,,,,,
T026_W17,T026,17,Step1_Model1_EQA_CH1,Step2_Model3_EQA_CH4,Step3_Model3_EQB_CH2,Step4_Model3_EQC_CH1,Step5_Model1_EQB_CH3,Step6_Model1_EQB_CH3,Step7_Model3_EQC_CH1,Step8_Model2_EQC_CH4,Step9_Model1_EQC_CH3,Step10_Model1_EQC_CH1,Step11_Model2_EQB_CH4,Step12_Model1_EQA_CH1,Step13_Model2_EQA_CH2,Step14_Model2_EQB_CH2,Step15_Model1_EQB_CH4,Step16_Model3_EQB_CH4,Step17_Model3_EQC_CH4,Step18_Model3_EQC_CH1,Step19_Model1_EQC_CH3,Step20_Model1_EQA_CH3,Step21_Model1_EQB_CH2,Step22_Model3_EQC_CH3,Step23_Model3_EQB_CH3,Step24_Model1_EQB_CH1,Step25_Model1_EQC_CH3,Step26_Model3_EQB_CH4,Step27_Model2_EQB_CH2,Step28_Model1_EQC_CH3,Step29_Model2_EQC_CH2,Step30_Model1_EQB_CH3,,,,,,65.36694981159667,,38.81794944625026,57.95132943,,,,,,,,,,,36.62138729109916,,,,,43.06486741222181,,,,,38.30390284,,,,,,64.95996987284322,58.29443518025239,,,,,,,,,,,,,,10,,,,,,,,,,,,,
T026_W18,T026,18,Step1_Model1_EQA_CH1,Step2_Model3_EQA_CH1,Step3_Model3_EQB_CH2,Step4_Model3_EQC_CH3,Step5_Model1_EQB_CH3,Step6_Model1_EQB_CH1,Step7_Model3_EQC_CH4,Step8_Model2_EQC_CH4,Step9_Model1_EQC_CH1,Step10_Model1_EQC_CH2,Step11_Model2_EQB_CH2,Step12_Model1_EQA_CH4,Step13_Model2_EQA_CH4,Step14_Model2_EQB_CH1,Step15_Model1_EQB_CH2,Step16_Model3_EQB_CH1,Step17_Model3_EQC_CH3,Step18_Model3_EQC_CH3,Step19_Model1_EQC_CH4,Step20_Model1_EQA_CH3,Step21_Model1_EQB_CH4,Step22_Model3_EQC_CH3,Step23_Model3_EQB_CH2,Step24_Model1_EQB_CH2,Step25_Model1_EQC_CH3,Step26_Model3_EQB_CH4,Step27_Model2_EQB_CH4,Step28_Model1_EQC_CH4,Step29_Model2_EQC_CH1,Step30_Model1_EQB_CH2,,,,,,,,,,,,41.866375387972916,,61.69394493655626,46.76423339353823,,,,56.781989506764155,,40.48910078760406,,60.39106452738834,,,54.72506683753774,,,,,38.47532111207306,46.42079443142873,,,,,,,,42.828333822538376,,,,,46.654614195474835,,,,15,,,,,,,,,,,,,,,
T026_W19,T026,19,Step1_Model1_EQA_CH2,Step2_Model3_EQA_CH2,Step3_Model3_EQB_CH3,Step4_Model3_EQC_CH2,Step5_Model1_EQB_CH1,Step6_Model1_EQB_CH2,Step7_Model3_EQC_CH3,Step8_Model2_EQC_CH1,Step9_Model1_EQC_CH3,Step10_Model1_EQC_CH2,Step11_Model2_EQB_CH4,Step12_Model1_EQA_CH3,Step13_Model2_EQA_CH4,Step14_Model2_EQB_CH3,Step15_Model1_EQB_CH1,Step16_Model3_EQB_CH4,Step17_Model3_EQC_CH4,Step18_Model3_EQC_CH3,Step19_Model1_EQC_CH4,Step20_Model1_EQA_CH1,Step21_Model1_EQB_CH4,Step22_Model3_EQC_CH4,Step23_Model3_EQB_CH4,Step24_Model1_EQB_CH1,Step25_Model1_EQC_CH3,Step26_Model3_EQB_CH4,Step27_Model2_EQB_CH1,Step28_Model1_EQC_CH4,Step29_Model2_EQC_CH3,Step30_Model1_EQB_CH1,,,,,,,43.95736375,,,,,41.04643907079542,,,,,,,,,,,,,,,,,,,,,,63.39340707938908,,,,,,,50.08958104676804,,,,,38.28682790802761,60.85643001935537,,,,,,,,,,,,,,,,,
T026_W20,T026,20,Step1_Model1_EQA_CH2,Step2_Model3_EQA_CH1,Step3_Model3_EQB_CH3,Step4_Model3_EQC_CH3,Step5_Model1_EQB_CH4,Step6_Model1_EQB_CH3,Step7_Model3_EQC_CH3,Step8_Model2_EQC_CH1,Step9_Model1_EQC_CH4,Step10_Model1_EQC_CH3,Step11_Model2_EQB_CH4,Step12_Model1_EQA_CH1,Step13_Model2_EQA_CH3,Step14_Model2_EQB_CH2,Step15_Model1_EQB_CH2,Step16_Model3_EQB_CH1,Step17_Model3_EQC_CH3,Step18_Model3_EQC_CH1,Step19_Model1_EQC_CH3,Step20_Model1_EQA_CH2,Step21_Model1_EQB_CH4,Step22_Model3_EQC_CH1,Step23_Model3_EQB_CH3,Step24_Model1_EQB_CH1,Step25_Model1_EQC_CH3,Step26_Model3_EQB_CH1,Step27_Model2_EQB_CH1,Step28_Model1_EQC_CH4,Step29_Model2_EQC_CH3,Step30_Model1_EQB_CH3,,,,,,,40.17425079887588,,,,43.27886566,,,,,,,,,,,,61.45575190951026,,,,,,,,,,,57.952116083538996,,,,,,,,,,,,35.065306687722774,,,,,,,,,,,,,,,,,,
T026_W21,T026,21,Step1_Model1_EQA_CH1,Step2_Model3_EQA_CH1,Step3_Model3_EQB_CH3,Step4_Model3_EQC_CH3,Step5_Model1_EQB_CH3,Step6_Model1_EQB_CH1,Step7_Model3_EQC_CH2,Step8_Model2_EQC_CH4,Step9_Model1_EQC_CH1,Step10_Model1_EQC_CH1,Step11_Model2_EQB_CH2,Step12_Model1_EQA_CH4,Step13_Model2_EQA_CH3,Step14_Model2_EQB_CH1,Step15_Model1_EQB_CH3,Step16_Model3_EQB_CH2,Step17_Model3_EQC_CH1,Step18_Model3_EQC_CH3,Step19_Model1_EQC_CH3,Step20_Model1_EQA_CH1,Step21_Model1_EQB_CH1,Step22_Model3_EQC_CH1,Step23_Model3_EQB_CH3,Step24_Model1_EQB_CH1,Step25_Model1_EQC_CH1,Step26_Model3_EQB_CH4,Step27_Model2_EQB_CH2,Step28_Model1_EQC_CH1,Step29_Model2_EQC_CH1,Step30_Model1_EQB_CH2,,,46.47858702555184,,,,,,,,,,,,43.05424264440675,,45.30599999693725,,56.003549009547875,,,,,,,,44.89410266525774,,,,,,,65.67618599532034,,,60.48543851632867,,,,,,,,,38.94754730295781,,45.80301558,,,,,,,,,,,,,,,,
T026_W22,T026,22,Step1_Model1_EQA_CH3,Step2_Model3_EQA_CH3,Step3_Model3_EQB_CH4,Step4_Model3_EQC_CH3,Step5_Model1_EQB_CH4,Step6_Model1_EQB_CH4,Step7_Model3_EQC_CH4,Step8_Model2_EQC_CH1,Step9_Model1_EQC_CH3,Step10_Model1_EQC_CH1,Step11_Model2_EQB_CH2,Step12_Model1_EQA_CH2,Step13_Model2_EQA_CH2,Step14_Model2_EQB_CH4,Step15_Model1_EQB_CH4,Step16_Model3_EQB_CH2,Step17_Model3_EQC_CH3,Step18_Model3_EQC_CH3,Step19_Model1_EQC_CH2,Step20_Model1_EQA_CH3,Step21_Model1_EQB_CH2,Step22_Model3_EQC_CH2,Step23_Model3_EQB_CH4,Step24_Model1_EQB_CH1,Step25_Model1_EQC_CH2,Step26_Model3_EQB_CH4,Step27_Model2_EQB_CH2,Step28_Model1_EQC_CH4,Step29_Model2_EQC_CH3,Step30_Model1_EQB_CH1,,,,,,,,,52.85240870149838,,,,,,,,,,,39.85047251667265,51.20506913380662,,,,,,,58.58077677022034,,44.038996507044025,,,,,49.494207830545555,,,,,,,,,,47.897177421154495,,61.84456939856642,,,,,,,,,,,,,,,,,
T026_W23,T026,23,Step1_Model1_EQA_CH4,Step2_Model3_EQA_CH2,Step3_Model3_EQB_CH4,Step4_Model3_EQC_CH1,Step5_Model1_EQB_CH2,Step6_Model1_EQB_CH4,Step7_Model3_EQC_CH3,Step8_Model2_EQC_CH2,Step9_Model1_EQC_CH2,Step10_Model1_EQC_CH2,Step11_Model2_EQB_CH2,Step12_Model1_EQA_CH3,Step13_Model2_EQA_CH3,Step14_Model2_EQB_CH3,Step15_Model1_EQB_CH2,Step16_Model3_EQB_CH2,Step17_Model3_EQC_CH1,Step18_Model3_EQC_CH3,Step19_Model1_EQC_CH3,Step20_Model1_EQA_CH3,Step21_Model1_EQB_CH3,Step22_Model3_EQC_CH1,Step23_Model3_EQB_CH2,Step24_Model1_EQB_CH2,Step25_Model1_EQC_CH3,Step26_Model3_EQB_CH4,Step27_Model2_EQB_CH3,Step28_Model1_EQC_CH3,Step29_Model2_EQC_CH2,Step30_Model1_EQB_CH4,,,,,,66.47440938354865,,,,,,,,,40.52924346760295,70.02079061588965,,,,,39.067529782012535,,59.04278543249718,,,,,,,,,,,,,54.747916097707446,52.96137349012831,,,,,,,,,,,48.58174652122116,,,,,,,,,,,,,,,,
T026_W24,T026,24,Step1_Model1_EQA_CH3,Step2_Model3_EQA_CH3,Step3_Model3_EQB_CH1,Step4_Model3_EQC_CH4,Step5_Model1_EQB_CH4,Step6_Model1_EQB_CH4,Step7_Model3_EQC_CH3,Step8_Model2_EQC_CH4,Step9_Model1_EQC_CH1,Step10_Model1_EQC_CH1,Step11_Model2_EQB_CH1,Step12_Model1_EQA_CH2,Step13_Model2_EQA_CH3,Step14_Model2_EQB_CH1,Step15_Model1_EQB_CH1,Step16_Model3_EQB_CH4,Step17_Model3_EQC_CH3,Step18_Model3_EQC_CH1,Step19_Model1_EQC_CH3,Step20_Model1_EQA_CH3,Step21_Model1_EQB_CH2,Step22_Model3_EQC_CH2,Step23_Model3_EQB_CH1,Step24_Model1_EQB_CH3,Step25_Model1_EQC_CH2,Step26_Model3_EQB_CH3,Step27_Model2_EQB_CH3,Step28_Model1_EQC_CH1,Step29_Model2_EQC_CH1,Step30_Model1_EQB_CH4,,,,,,,,,,54.49428718212627,,,,,,57.92890638193797,,,,38.446839701371964,,,,,,,43.31675396906568,,,,,,,,,,,,,,,,,39.56764985664578,,,,,,,11,,,,,,,,,,,,,
T026_W25,T026,25,Step1_Model1_EQA_CH2,Step2_Model3_EQA_CH4,Step3_Model3_EQB_CH4,Step4_Model3_EQC_CH2,Step5_Model1_EQB_CH2,Step6_Model1_EQB_CH2,Step7_Model3_EQC_CH1,Step8_Model2_EQC_CH1,Step9_Model1_EQC_CH3,Step10_Model1_EQC_CH4,Step11_Model2_EQB_CH1,Step12_Model1_EQA_CH4,Step13_Model2_EQA_CH2,Step14_Model2_EQB_CH2,Step15_Model1_EQB_CH1,Step16_Model3_EQB_CH1,Step17_Model3_EQC_CH3,Step18_Model3_EQC_CH3,Step19_Model1_EQC_CH1,Step20_Model1_EQA_CH1,Step21_Model1_EQB_CH3,Step22_Model3_EQC_CH3,Step23_Model3_EQB_CH4,Step24_Model1_EQB_CH2,Step25_Model1_EQC_CH3,Step26_Model3_EQB_CH2,Step27_Model2_EQB_CH1,Step28_Model1_EQC_CH4,Step29_Model2_EQC_CH3,Step30_Model1_EQB_CH2,,,,,,,,,,,,,,,,,,31.451094799374044,,,,,,,,,,,,,,,,,,,,,,,,,,,,35.88540458659196,,,,,,,,,,,2,,,,,,,
T027_W01,T027,1,Step1_Model1_EQA_CH2,Step2_Model2_EQA_CH2,Step3_Model3_EQB_CH1,Step4_Model3_EQA_CH1,Step5_Model1_EQA_CH3,Step6_Model2_EQC_CH1,Step7_Model2_EQA_CH3,Step8_Model1_EQA_CH2,Step9_Model2_EQB_CH4,Step10_Model1_EQB_CH2,Step11_Model1_EQA_CH4,Step12_Model2_EQC_CH3,Step13_Model2_EQB_CH4,Step14_Model3_EQB_CH4,Step15_Model1_EQA_CH2,Step16_Model3_EQA_CH3,Step17_Model2_EQB_CH1,Step18_Model2_EQC_CH1,Step19_Model3_EQC_CH4,Step20_Model2_EQA_CH2,Step21_Model3_EQA_CH1,Step22_Model2_EQB_CH1,Step23_Model2_EQB_CH1,Step24_Model3_EQB_CH1,Step25_Model3_EQA_CH1,Step26_Model1_EQB_CH4,Step27_Model1_EQB_CH2,Step28_Model1_EQA_CH2,Step29_Model3_EQB_CH2,Step30_Model1_EQC_CH4,,,46.113254476986725,,,,,,,51.402941292727526,,,,61.77584652611916,,,,37.733835555764806,,35.30881906294337,,35.07217114771638,,,,,,,,41.93937675256797,,,,,,,,48.34811883771445,,,,,,,,,62.21200530631777,,15,,,,,,,,,,,,,,,
T027_W02,T027,2,Step1_Model1_EQA_CH4,Step2_Model2_EQA_CH1,Step3_Model3_EQB_CH1,Step4_Model3_EQA_CH2,Step5_Model1_EQA_CH3,Step6_Model2_EQC_CH2,Step7_Model2_EQA_CH4,Step8_Model1_EQA_CH1,Step9_Model2_EQB_CH1,Step10_Model1_EQB_CH1,Step11_Model1_EQA_CH3,Step12_Model2_EQC_CH1,Step13_Model2_EQB_CH2,Step14_Model3_EQB_CH2,Step15_Model1_EQA_CH1,Step16_Model3_EQA_CH2,Step17_Model2_EQB_CH3,Step18_Model2_EQC_CH2,Step19_Model3_EQC_CH4,Step20_Model2_EQA_CH4,Step21_Model3_EQA_CH1,Step22_Model2_EQB_CH2,Step23_Model2_EQB_CH3,Step24_Model3_EQB_CH4,Step25_Model3_EQA_CH1,Step26_Model1_EQB_CH2,Step27_Model1_EQB_CH1,Step28_Model1_EQA_CH1,Step29_Model3_EQB_CH2,Step30_Model1_EQC_CH3,,,,,,,,,53.40995482631579,59.69909372070795,,,,58.82532502757067,,,,,,,,,64.68512541528187,,,,48.244245088884036,,,,,42.01769003,,,,,56.42643635488264,,,,,,,,,,53.44970108951823,,,,,,,,,,,11,,,,,,
T027_W03,T027,3,Step1_Model1_EQA_CH3,Step2_Model2_EQA_CH4,Step3_Model3_EQB_CH2,Step4_Model3_EQA_CH2,Step5_Model1_EQA_CH3,Step6_Model2_EQC_CH2,Step7_Model2_EQA_CH2,Step8_Model1_EQA_CH1,Step9_Model2_EQB_CH1,Step10_Model1_EQB_CH3,Step11_Model1_EQA_CH3,Step12_Model2_EQC_CH3,Step13_Model2_EQB_CH2,Step14_Model3_EQB_CH1,Step15_Model1_EQA_CH4,Step16_Model3_EQA_CH1,Step17_Model2_EQB_CH4,Step18_Model2_EQC_CH3,Step19_Model3_EQC_CH4,Step20_Model2_EQA_CH1,Step21_Model3_EQA_CH1,Step22_Model2_EQB_CH2,Step23_Model2_EQB_CH4,Step24_Model3_EQB_CH2,Step25_Model3_EQA_CH4,Step26_Model1_EQB_CH2,Step27_Model1_EQB_CH4,Step28_Model1_EQA_CH3,Step29_Model3_EQB_CH1,Step30_Model1_EQC_CH2,,,,,,,,29.06656832040105,,,,,,,39.77955614,,,,66.61269485,,,,,,37.84557772499456,,,,,,47.43349292873625,,,,,,,37.160214634637605,,,,,59.21041124044648,,55.37181396339225,,,39.85839187,,,,,,11,,,,,,,,,,
T027_W04,T027,4,Step1_Model1_EQA_CH1,Step2_Model2_EQA_CH3,Step3_Model3_EQB_CH3,Step4_Model3_EQA_CH1,Step5_Model1_EQA_CH3,Step6_Model2_EQC_CH3,Step7_Model2_EQA_CH4,Step8_Model1_EQA_CH4,Step9_Model2_EQB_CH4,Step10_Model1_EQB_CH1,Step11_Model1_EQA_CH3,Step12_Model2_EQC_CH2,Step13_Model2_EQB_CH1,Step14_Model3_EQB_CH3,Step15_Model1_EQA_CH4,Step16_Model3_EQA_CH2,Step17_Model2_EQB_CH2,Step18_Model2_EQC_CH3,Step19_Model3_EQC_CH4,Step20_Model2_EQA_CH2,Step21_Model3_EQA_CH1,Step22_Model2_EQB_CH1,Step23_Model2_EQB_CH3,Step24_Model3_EQB_CH3,Step25_Model3_EQA_CH4,Step26_Model1_EQB_CH2,Step27_Model1_EQB_CH2,Step28_Model1_EQA_CH1,Step29_Model3_EQB_CH2,Step30_Model1_EQC_CH3,44.06565654784943,,,,,,,,,,,,,59.99471856,,,,,,,,32.866003499180245,,,39.79556936049847,,,56.75194305847758,,45.070316450042306,,,53.97673654779436,,,66.77776455513926,,,,,,,,,,34.702980688186486,,,,,,,,,,,,,,,,,,
T027_W05,T027,5,Step1_Model1_EQA_CH1,Step2_Model2_EQA_CH2,Step3_Model3_EQB_CH3,Step4_Model3_EQA_CH3,Step5_Model1_EQA_CH3,Step6_Model2_EQC_CH4,Step7_Model2_EQA_CH2,Step8_Model1_EQA_CH3,Step9_Model2_EQB_CH1,Step10_Model1_EQB_CH4,Step11_Model1_EQA_CH4,Step12_Model2_EQC_CH1,Step13_Model2_EQB_CH3,Step14_Model3_EQB_CH1,Step15_Model1_EQA_CH4,Step16_Model3_EQA_CH4,Step17_Model2_EQB_CH4,Step18_Model2_EQC_CH3,Step19_Model3_EQC_CH2,Step20_Model2_EQA_CH4,Step21_Model3_EQA_CH1,Step22_Model2_EQB_CH4,Step23_Model2_EQB_CH4,Step24_Model3_EQB_CH1,Step25_Model3_EQA_CH1,Step26_Model1_EQB_CH2,Step27_Model1_EQB_CH3,Step28_Model1_EQA_CH4,Step29_Model3_EQB_CH1,Step30_Model1_EQC_CH1,,,,52.709720291326725,,,,,,,,,45.840200069564816,,,,,,,,36.92468821115908,,,,,,,,45.55408765928651,,46.13663198854549,,,,,,,36.70282602270315,,,,,,,,,,,,,,,,7,,,,11,,,,,,
T027_W06,T027,6,Step1_Model1_EQA_CH2,Step2_Model2_EQA_CH3,Step3_Model3_EQB_CH1,Step4_Model3_EQA_CH1,Step5_Model1_EQA_CH2,Step6_Model2_EQC_CH4,Step7_Model2_EQA_CH4,Step8_Model1_EQA_CH1,Step9_Model2_EQB_CH1,Step10_Model1_EQB_CH1,Step11_Model1_EQA_CH3,Step12_Model2_EQC_CH4,Step13_Model2_EQB_CH3,Step14_Model3_EQB_CH1,Step15_Model1_EQA_CH2,Step16_Model3_EQA_CH1,Step17_Model2_EQB_CH4,Step18_Model2_EQC_CH4,Step19_Model3_EQC_CH2,Step20_Model2_EQA_CH3,Step21_Model3_EQA_CH2,Step22_Model2_EQB_CH4,Step23_Model2_EQB_CH3,Step24_Model3_EQB_CH2,Step25_Model3_EQA_CH2,Step26_Model1_EQB_CH1,Step27_Model1_EQB_CH2,Step28_Model1_EQA_CH2,Step29_Model3_EQB_CH3,Step30_Model1_EQC_CH1,39.79052377254791,,,,66.19213085082497,67.46898526,,,,55.86699584,,43.15569580003365,,,,,39.82121144239036,,,,,,,,,53.96946892911698,,,48.99194838472055,,37.49407772352999,,,,,,,,42.817684912265804,,,,,,,,,,,,,,,,,,,,,,,,,
T027_W07,T027,7,Step1_Model1_EQA_CH3,Step2_Model2_EQA_CH3,Step3_Model3_EQB_CH1,Step4_Model3_EQA_CH1,Step5_Model1_EQA_CH2,Step6_Model2_EQC_CH1,Step7_Model2_EQA_CH3,Step8_Model1_EQA_CH1,Step9_Model2_EQB_CH3,Step10_Model1_EQB_CH1,Step11_Model1_EQA_CH2,Step12_Model2_EQC_CH2,Step13_Model2_EQB_CH1,Step14_Model3_EQB_CH2,Step15_Model1_EQA_CH4,Step16_Model3_EQA_CH1,Step17_Model2_EQB_CH1,Step18_Model2_EQC_CH4,Step19_Model3_EQC_CH1,Step20_Model2_EQA_CH2,Step21_Model3_EQA_CH2,Step22_Model2_EQB_CH3,Step23_Model2_EQB_CH1,Step24_Model3_EQB_CH4,Step25_Model3_EQA_CH2,Step26_Model1_EQB_CH4,Step27_Model1_EQB_CH3,Step28_Model1_EQA_CH3,Step29_Model3_EQB_CH2,Step30_Model1_EQC_CH1,,35.49057573311974,,,,,,,,,,,,59.875429149898515,,,,,,34.05456186686929,,,58.22132544832954,,,,,,,,,41.36988364788723,58.338042281798714,,,,,,,,,61.61781806,53.75565147,,,,,,,,,,,,,,,,,,,,,
T027_W08,T027,8,Step1_Model1_EQA_CH3,Step2_Model2_EQA_CH2,Step3_Model3_EQB_CH3,Step4_Model3_EQA_CH3,Step5_Model1_EQA_CH3,Step6_Model2_EQC_CH1,Step7_Model2_EQA_CH3,Step8_Model1_EQA_CH3,Step9_Model2_EQB_CH1,Step10_Model1_EQB_CH4,Step11_Model1_EQA_CH1,Step12_Model2_EQC_CH3,Step13_Model2_EQB_CH4,Step14_Model3_EQB_CH2,Step15_Model1_EQA_CH3,Step16_Model3_EQA_CH4,Step17_Model2_EQB_CH2,Step18_Model2_EQC_CH2,Step19_Model3_EQC_CH1,Step20_Model2_EQA_CH4,Step21_Model3_EQA_CH3,Step22_Model2_EQB_CH1,Step23_Model2_EQB_CH1,Step24_Model3_EQB_CH2,Step25_Model3_EQA_CH1,Step26_Model1_EQB_CH1,Step27_Model1_EQB_CH3,Step28_Model1_EQA_CH1,Step29_Model3_EQB_CH4,Step30_Model1_EQC_CH4,42.47478041402817,31.504712149528245,,,,,43.843212199018005,,53.45313219379185,,,,,58.92791647224722,,,,,,,,,,,,,,,,,,,,,,,,,,,,,,,55.128181024878245,33.33504795544843,55.05599105464637,50.98742710216751,,,,,,,,,,,,,,,,
T027_W09,T027,9,Step1_Model1_EQA_CH4,Step2_Model2_EQA_CH2,Step3_Model3_EQB_CH2,Step4_Model3_EQA_CH2,Step5_Model1_EQA_CH3,Step6_Model2_EQC_CH4,Step7_Model2_EQA_CH3,Step8_Model1_EQA_CH4,Step9_Model2_EQB_CH4,Step10_Model1_EQB_CH4,Step11_Model1_EQA_CH2,Step12_Model2_EQC_CH1,Step13_Model2_EQB_CH1,Step14_Model3_EQB_CH3,Step15_Model1_EQA_CH2,Step16_Model3_EQA_CH1,Step17_Model2_EQB_CH1,Step18_Model2_EQC_CH3,Step19_Model3_EQC_CH2,Step20_Model2_EQA_CH1,Step21_Model3_EQA_CH4,Step22_Model2_EQB_CH2,Step23_Model2_EQB_CH3,Step24_Model3_EQB_CH2,Step25_Model3_EQA_CH2,Step26_Model1_EQB_CH2,Step27_Model1_EQB_CH4,Step28_Model1_EQA_CH2,Step29_Model3_EQB_CH2,Step30_Model1_EQC_CH1,,,,,,,,46.23548945148634,,,,,,,,,,,,,34.875573500902846,,,,37.98467587789067,,,,,,,,,,,,,,,40.90704195010962,,,,,,,64.84271862,56.117897562231335,,,,,,,,,,,,,,,,
T027_W10,T027,10,Step1_Model1_EQA_CH3,Step2_Model2_EQA_CH2,Step3_Model3_EQB_CH1,Step4_Model3_EQA_CH1,Step5_Model1_EQA_CH4,Step6_Model2_EQC_CH4,Step7_Model2_EQA_CH2,Step8_Model1_EQA_CH1,Step9_Model2_EQB_CH4,Step10_Model1_EQB_CH4,Step11_Model1_EQA_CH2,Step12_Model2_EQC_CH2,Step13_Model2_EQB_CH3,Step14_Model3_EQB_CH1,Step15_Model1_EQA_CH4,Step16_Model3_EQA_CH3,Step17_Model2_EQB_CH4,Step18_Model2_EQC_CH4,Step19_Model3_EQC_CH2,Step20_Model2_EQA_CH4,Step21_Model3_EQA_CH1,Step22_Model2_EQB_CH1,Step23_Model2_EQB_CH2,Step24_Model3_EQB_CH1,Step25_Model3_EQA_CH2,Step26_Model1_EQB_CH2,Step27_Model1_EQB_CH3,Step28_Model1_EQA_CH1,Step29_Model3_EQB_CH4,Step30_Model1_EQC_CH4,,,,45.04879366495486,,,,,,,,,,64.16625599289091,,,,,,,,,,38.667125937562034,,,,,,,,,57.07350445235067,,,,,,,,,,,,,35.622118937132804,,46.95896447635404,,,,,,,,,,,,,,,,
T027_W11,T027,11,Step1_Model1_EQA_CH1,Step2_Model2_EQA_CH1,Step3_Model3_EQB_CH4,Step4_Model3_EQA_CH1,Step5_Model1_EQA_CH1,Step6_Model2_EQC_CH3,Step7_Model2_EQA_CH2,Step8_Model1_EQA_CH4,Step9_Model2_EQB_CH4,Step10_Model1_EQB_CH3,Step11_Model1_EQA_CH4,Step12_Model2_EQC_CH1,Step13_Model2_EQB_CH2,Step14_Model3_EQB_CH4,Step15_Model1_EQA_CH1,Step16_Model3_EQA_CH1,Step17_Model2_EQB_CH4,Step18_Model2_EQC_CH3,Step19_Model3_EQC_CH3,Step20_Model2_EQA_CH2,Step21_Model3_EQA_CH1,Step22_Model2_EQB_CH2,Step23_Model2_EQB_CH4,Step24_Model3_EQB_CH3,Step25_Model3_EQA_CH1,Step26_Model1_EQB_CH2,Step27_Model1_EQB_CH3,Step28_Model1_EQA_CH3,Step29_Model3_EQB_CH4,Step30_Model1_EQC_CH3,,,41.50144008036114,,,,,,,,30.872116674004197,45.75499257068665,49.71780748596647,,,,,,,36.89299573014266,36.46506384816381,,,,,,,,,,,45.14745481722798,,,,,,,41.41936891884837,,58.05189029,,,,40.36039648831327,39.44135722142914,,,,,,,9,,,,,,,,,,,
T027_W12,T027,12,Step1_Model1_EQA_CH3,Step2_Model2_EQA_CH2,Step3_Model3_EQB_CH3,Step4_Model3_EQA_CH1,Step5_Model1_EQA_CH2,Step6_Model2_EQC_CH3,Step7_Model2_EQA_CH2,Step8_Model1_EQA_CH3,Step9_Model2_EQB_CH2,Step10_Model1_EQB_CH3,Step11_Model1_EQA_CH1,Step12_Model2_EQC_CH2,Step13_Model2_EQB_CH3,Step14_Model3_EQB_CH4,Step15_Model1_EQA_CH2,Step16_Model3_EQA_CH1,Step17_Model2_EQB_CH1,Step18_Model2_EQC_CH4,Step19_Model3_EQC_CH2,Step20_Model2_EQA_CH3,Step21_Model3_EQA_CH3,Step22_Model2_EQB_CH2,Step23_Model2_EQB_CH1,Step24_Model3_EQB_CH1,Step25_Model3_EQA_CH4,Step26_Model1_EQB_CH2,Step27_Model1_EQB_CH4,Step28_Model1_EQA_CH3,Step29_Model3_EQB_CH1,Step30_Model1_EQC_CH1,,,,,,,,,,,38.071057017392526,,,59.87825430633811,,,48.53081742580685,,,,,,,,,,,,46.23938694917448,,,,,,,,,,,,46.00624670349259,,,,,40.44332954675388,67.39917082989115,,,,,,,,,,,,,,,,,
T027_W13,T027,13,Step1_Model1_EQA_CH3,Step2_Model2_EQA_CH1,Step3_Model3_EQB_CH3,Step4_Model3_EQA_CH3,Step5_Model1_EQA_CH1,Step6_Model2_EQC_CH2,Step7_Model2_EQA_CH4,Step8_Model1_EQA_CH3,Step9_Model2_EQB_CH4,Step10_Model1_EQB_CH2,Step11_Model1_EQA_CH1,Step12_Model2_EQC_CH2,Step13_Model2_EQB_CH2,Step14_Model3_EQB_CH4,Step15_Model1_EQA_CH1,Step16_Model3_EQA_CH4,Step17_Model2_EQB_CH4,Step18_Model2_EQC_CH1,Step19_Model3_EQC_CH2,Step20_Model2_EQA_CH2,Step21_Model3_EQA_CH4,Step22_Model2_EQB_CH1,Step23_Model2_EQB_CH4,Step24_Model3_EQB_CH4,Step25_Model3_EQA_CH2,Step26_Model1_EQB_CH2,Step27_Model1_EQB_CH2,Step28_Model1_EQA_CH1,Step29_Model3_EQB_CH2,Step30_Model1_EQC_CH1,,,,,56.67660984227987,,,,49.726243440484055,,,,,,,,,,,,,,,,,,,,,,,,,,,,,,,,,,,,,,52.18789781818024,50.546485608421385,,,,,,,,,8,7,,,,,,
T027_W14,T027,14,Step1_Model1_EQA_CH2,Step2_Model2_EQA_CH4,Step3_Model3_EQB_CH3,Step4_Model3_EQA_CH2,Step5_Model1_EQA_CH3,Step6_Model2_EQC_CH1,Step7_Model2_EQA_CH2,Step8_Model1_EQA_CH1,Step9_Model2_EQB_CH1,Step10_Model1_EQB_CH3,Step11_Model1_EQA_CH2,Step12_Model2_EQC_CH3,Step13_Model2_EQB_CH4,Step14_Model3_EQB_CH4,Step15_Model1_EQA_CH2,Step16_Model3_EQA_CH2,Step17_Model2_EQB_CH4,Step18_Model2_EQC_CH1,Step19_Model3_EQC_CH4,Step20_Model2_EQA_CH4,Step21_Model3_EQA_CH4,Step22_Model2_EQB_CH3,Step23_Model2_EQB_CH3,Step24_Model3_EQB_CH3,Step25_Model3_EQA_CH4,Step26_Model1_EQB_CH4,Step27_Model1_EQB_CH2,Step28_Model1_EQA_CH3,Step29_Model3_EQB_CH1,Step30_Model1_EQC_CH2,,,,,69.90606897236393,,,,,,,,,,,64.01891549,57.27884656947165,,,,,34.97366964361092,,,,,,52.77020760025725,,41.12221082825282,,,,,,,53.88297638583532,37.27848526111554,,,56.86479590113125,,,,,,61.54746805311573,,,,,,,,,,,,,,,,,
T027_W15,T027,15,Step1_Model1_EQA_CH3,Step2_Model2_EQA_CH1,Step3_Model3_EQB_CH3,Step4_Model3_EQA_CH4,Step5_Model1_EQA_CH3,Step6_Model2_EQC_CH3,Step7_Model2_EQA_CH3,Step8_Model1_EQA_CH3,Step9_Model2_EQB_CH3,Step10_Model1_EQB_CH3,Step11_Model1_EQA_CH3,Step12_Model2_EQC_CH3,Step13_Model2_EQB_CH1,Step14_Model3_EQB_CH1,Step15_Model1_EQA_CH1,Step16_Model3_EQA_CH4,Step17_Model2_EQB_CH4,Step18_Model2_EQC_CH3,Step19_Model3_EQC_CH4,Step20_Model2_EQA_CH3,Step21_Model3_EQA_CH3,Step22_Model2_EQB_CH2,Step23_Model2_EQB_CH2,Step24_Model3_EQB_CH3,Step25_Model3_EQA_CH1,Step26_Model1_EQB_CH3,Step27_Model1_EQB_CH3,Step28_Model1_EQA_CH2,Step29_Model3_EQB_CH3,Step30_Model1_EQC_CH2,,,,46.24971761028468,,,,,,,,,,,,,,,,,44.48955384936901,,,,,,,,,,,,,,,,,,,,,,,,,,,,,,,,,,,,,,,,,,,
T027_W16,T027,16,Step1_Model1_EQA_CH2,Step2_Model2_EQA_CH2,Step3_Model3_EQB_CH4,Step4_Model3_EQA_CH3,Step5_Model1_EQA_CH4,Step6_Model2_EQC_CH3,Step7_Model2_EQA_CH4,Step8_Model1_EQA_CH2,Step9_Model2_EQB_CH3,Step10_Model1_EQB_CH4,Step11_Model1_EQA_CH4,Step12_Model2_EQC_CH1,Step13_Model2_EQB_CH4,Step14_Model3_EQB_CH1,Step15_Model1_EQA_CH2,Step16_Model3_EQA_CH2,Step17_Model2_EQB_CH1,Step18_Model2_EQC_CH1,Step19_Model3_EQC_CH3,Step20_Model2_EQA_CH3,Step21_Model3_EQA_CH2,Step22_Model2_EQB_CH4,Step23_Model2_EQB_CH4,Step24_Model3_EQB_CH2,Step25_Model3_EQA_CH1,Step26_Model1_EQB_CH1,Step27_Model1_EQB_CH2,Step28_Model1_EQA_CH2,Step29_Model3_EQB_CH2,Step30_Model1_EQC_CH3,,,,,,,46.88222242019066,,,,,47.045944656119914,,,,69.72387685527269,,33.82443656911321,,38.209607281896375,,,,,,,,,,,,,,,,55.98524745350844,,,,,,57.32269773195106,,,,,,,,,,11,,,,,,,,,,,,
T027_W17,T027,17,Step1_Model1_EQA_CH2,Step2_Model2_EQA_CH4,Step3_Model3_EQB_CH1,Step4_Model3_EQA_CH2,Step5_Model1_EQA_CH4,Step6_Model2_EQC_CH2,Step7_Model2_EQA_CH2,Step8_Model1_EQA_CH1,Step9_Model2_EQB_CH3,Step10_Model1_EQB_CH3,Step11_Model1_EQA_CH4,Step12_Model2_EQC_CH3,Step13_Model2_EQB_CH1,Step14_Model3_EQB_CH2,Step15_Model1_EQA_CH3,Step16_Model3_EQA_CH3,Step17_Model2_EQB_CH2,Step18_Model2_EQC_CH1,Step19_Model3_EQC_CH3,Step20_Model2_EQA_CH1,Step21_Model3_EQA_CH4,Step22_Model2_EQB_CH1,Step23_Model2_EQB_CH2,Step24_Model3_EQB_CH1,Step25_Model3_EQA_CH2,Step26_Model1_EQB_CH3,Step27_Model1_EQB_CH3,Step28_Model1_EQA_CH3,Step29_Model3_EQB_CH3,Step30_Model1_EQC_CH4,,,,50.62495075,,,,28.102961615110786,,,,,,,,,,,65.45495648354164,35.94328099890272,,34.18426504821038,62.512110328234996,,41.950317942245334,,,,49.96702729087941,,,48.83776071919165,57.39481017,,,,,,,,51.53623904298216,,60.42609712406333,,,,,,,,,,,,,,,,,,,,,
T027_W18,T027,18,Step1_Model1_EQA_CH2,Step2_Model2_EQA_CH4,Step3_Model3_EQB_CH4,Step4_Model3_EQA_CH4,Step5_Model1_EQA_CH2,Step6_Model2_EQC_CH1,Step7_Model2_EQA_CH4,Step8_Model1_EQA_CH2,Step9_Model2_EQB_CH4,Step10_Model1_EQB_CH3,Step11_Model1_EQA_CH2,Step12_Model2_EQC_CH2,Step13_Model2_EQB_CH2,Step14_Model3_EQB_CH1,Step15_Model1_EQA_CH3,Step16_Model3_EQA_CH1,Step17_Model2_EQB_CH2,Step18_Model2_EQC_CH2,Step19_Model3_EQC_CH2,Step20_Model2_EQA_CH2,Step21_Model3_EQA_CH2,Step22_Model2_EQB_CH1,Step23_Model2_EQB_CH2,Step24_Model3_EQB_CH1,Step25_Model3_EQA_CH2,Step26_Model1_EQB_CH3,Step27_Model1_EQB_CH1,Step28_Model1_EQA_CH1,Step29_Model3_EQB_CH1,Step30_Model1_EQC_CH1,,,,,,,,,,50.72637501025276,,,,,,,,,60.144990169627455,,,,,,,,,,,,,42.69948064197916,,,,,,,,,,,61.76403776203094,,62.30147306420493,,,,,,,,,,,,,,,,,,,
T027_W19,T027,19,Step1_Model1_EQA_CH2,Step2_Model2_EQA_CH1,Step3_Model3_EQB_CH2,Step4_Model3_EQA_CH3,Step5_Model1_EQA_CH4,Step6_Model2_EQC_CH3,Step7_Model2_EQA_CH4,Step8_Model1_EQA_CH2,Step9_Model2_EQB_CH4,Step10_Model1_EQB_CH1,Step11_Model1_EQA_CH2,Step12_Model2_EQC_CH2,Step13_Model2_EQB_CH2,Step14_Model3_EQB_CH3,Step15_Model1_EQA_CH3,Step16_Model3_EQA_CH1,Step17_Model2_EQB_CH3,Step18_Model2_EQC_CH2,Step19_Model3_EQC_CH3,Step20_Model2_EQA_CH3,Step21_Model3_EQA_CH4,Step22_Model2_EQB_CH1,Step23_Model2_EQB_CH1,Step24_Model3_EQB_CH2,Step25_Model3_EQA_CH1,Step26_Model1_EQB_CH4,Step27_Model1_EQB_CH1,Step28_Model1_EQA_CH2,Step29_Model3_EQB_CH2,Step30_Model1_EQC_CH3,40.029789047850976,35.72533844260298,,,,,38.42284976953184,,,,,45.64321955086612,,,,,,,,,,,62.78093535,,46.615978317094566,,,,,,,,,,49.71045462839881,60.956171446684785,57.49863984670652,,,47.49615617981801,51.75623790424087,,,,,,,,,,,,,,,,,8,,,,,,
T027_W20,T027,20,Step1_Model1_EQA_CH2,Step2_Model2_EQA_CH4,Step3_Model3_EQB_CH2,Step4_Model3_EQA_CH1,Step5_Model1_EQA_CH3,Step6_Model2_EQC_CH2,Step7_Model2_EQA_CH2,Step8_Model1_EQA_CH3,Step9_Model2_EQB_CH1,Step10_Model1_EQB_CH2,Step11_Model1_EQA_CH3,Step12_Model2_EQC_CH2,Step13_Model2_EQB_CH1,Step14_Model3_EQB_CH3,Step15_Model1_EQA_CH1,Step16_Model3_EQA_CH4,Step17_Model2_EQB_CH1,Step18_Model2_EQC_CH1,Step19_Model3_EQC_CH4,Step20_Model2_EQA_CH1,Step21_Model3_EQA_CH3,Step22_Model2_EQB_CH4,Step23_Model2_EQB_CH2,Step24_Model3_EQB_CH4,Step25_Model3_EQA_CH3,Step26_Model1_EQB_CH4,Step27_Model1_EQB_CH1,Step28_Model1_EQA_CH2,Step29_Model3_EQB_CH4,Step30_Model1_EQC_CH2,,,35.844976801456454,,,,,,,,,,,,,,42.86365696091145,,63.66915613364991,,,,,,,,59.304869660942586,,,,,,53.076662895103425,,,,,52.78696197098593,,36.01378138543273,,,,,,,,,,,,10,,,,,,,,,,,,
T027_W21,T027,21,Step1_Model1_EQA_CH2,Step2_Model2_EQA_CH3,Step3_Model3_EQB_CH2,Step4_Model3_EQA_CH2,Step5_Model1_EQA_CH3,Step6_Model2_EQC_CH4,Step7_Model2_EQA_CH2,Step8_Model1_EQA_CH1,Step9_Model2_EQB_CH1,Step10_Model1_EQB_CH4,Step11_Model1_EQA_CH4,Step12_Model2_EQC_CH3,Step13_Model2_EQB_CH3,Step14_Model3_EQB_CH4,Step15_Model1_EQA_CH1,Step16_Model3_EQA_CH3,Step17_Model2_EQB_CH4,Step18_Model2_EQC_CH2,Step19_Model3_EQC_CH1,Step20_Model2_EQA_CH3,Step21_Model3_EQA_CH3,Step22_Model2_EQB_CH3,Step23_Model2_EQB_CH1,Step24_Model3_EQB_CH4,Step25_Model3_EQA_CH2,Step26_Model1_EQB_CH1,Step27_Model1_EQB_CH3,Step28_Model1_EQA_CH2,Step29_Model3_EQB_CH1,Step30_Model1_EQC_CH1,,,,56.29721459535302,57.82772420865805,69.18639844363028,,34.96161270078478,,,,43.740574111887504,,,,,,,,35.29262050638156,,,69.61225398,,44.11381226,,,,,,,,,,45.599565361424155,,,40.18130986274725,,,,,,,40.89861671774298,,,,,,,,,,,,,,,,,,,
T027_W22,T027,22,Step1_Model1_EQA_CH4,Step2_Model2_EQA_CH3,Step3_Model3_EQB_CH3,Step4_Model3_EQA_CH4,Step5_Model1_EQA_CH2,Step6_Model2_EQC_CH2,Step7_Model2_EQA_CH4,Step8_Model1_EQA_CH3,Step9_Model2_EQB_CH2,Step10_Model1_EQB_CH1,Step11_Model1_EQA_CH3,Step12_Model2_EQC_CH2,Step13_Model2_EQB_CH3,Step14_Model3_EQB_CH4,Step15_Model1_EQA_CH3,Step16_Model3_EQA_CH2,Step17_Model2_EQB_CH1,Step18_Model2_EQC_CH3,Step19_Model3_EQC_CH1,Step20_Model2_EQA_CH2,Step21_Model3_EQA_CH1,Step22_Model2_EQB_CH4,Step23_Model2_EQB_CH2,Step24_Model3_EQB_CH4,Step25_Model3_EQA_CH3,Step26_Model1_EQB_CH1,Step27_Model1_EQB_CH4,Step28_Model1_EQA_CH3,Step29_Model3_EQB_CH4,Step30_Model1_EQC_CH1,,,,50.54949507870659,,,,,46.68141440012171,,,,,,,,,40.38302194242974,,,,,,,,,,,,,40.927275542799485,,56.81748177244849,,49.10695656120624,,,,,,56.6336062,,,,,,,,,,,,,,,,,11,,,,,,
T027_W23,T027,23,Step1_Model1_EQA_CH1,Step2_Model2_EQA_CH3,Step3_Model3_EQB_CH2,Step4_Model3_EQA_CH2,Step5_Model1_EQA_CH4,Step6_Model2_EQC_CH2,Step7_Model2_EQA_CH3,Step8_Model1_EQA_CH3,Step9_Model2_EQB_CH1,Step10_Model1_EQB_CH2,Step11_Model1_EQA_CH4,Step12_Model2_EQC_CH3,Step13_Model2_EQB_CH3,Step14_Model3_EQB_CH2,Step15_Model1_EQA_CH2,Step16_Model3_EQA_CH4,Step17_Model2_EQB_CH4,Step18_Model2_EQC_CH2,Step19_Model3_EQC_CH4,Step20_Model2_EQA_CH4,Step21_Model3_EQA_CH4,Step22_Model2_EQB_CH1,Step23_Model2_EQB_CH3,Step24_Model3_EQB_CH4,Step25_Model3_EQA_CH1,Step26_Model1_EQB_CH3,Step27_Model1_EQB_CH3,Step28_Model1_EQA_CH4,Step29_Model3_EQB_CH3,Step30_Model1_EQC_CH4,,,,,,68.73464369656907,,,,,,,,58.22940254009509,,65.70584741,,,,,,,,,34.91939834747478,,,,,,,,,,,,,,,,,,,,,,,,,,,,,,,,,,,,,,,
T027_W24,T027,24,Step1_Model1_EQA_CH1,Step2_Model2_EQA_CH2,Step3_Model3_EQB_CH2,Step4_Model3_EQA_CH4,Step5_Model1_EQA_CH1,Step6_Model2_EQC_CH1,Step7_Model2_EQA_CH4,Step8_Model1_EQA_CH2,Step9_Model2_EQB_CH3,Step10_Model1_EQB_CH3,Step11_Model1_EQA_CH4,Step12_Model2_EQC_CH4,Step13_Model2_EQB_CH2,Step14_Model3_EQB_CH4,Step15_Model1_EQA_CH3,Step16_Model3_EQA_CH2,Step17_Model2_EQB_CH2,Step18_Model2_EQC_CH1,Step19_Model3_EQC_CH1,Step20_Model2_EQA_CH1,Step21_Model3_EQA_CH2,Step22_Model2_EQB_CH3,Step23_Model2_EQB_CH4,Step24_Model3_EQB_CH4,Step25_Model3_EQA_CH4,Step26_Model1_EQB_CH3,Step27_Model1_EQB_CH2,Step28_Model1_EQA_CH2,Step29_Model3_EQB_CH1,Step30_Model1_EQC_CH4,,,,,,,,,,,,,,,43.89456227487137,65.35478071397957,,,,,,,,,36.046644830469624,58.24220841981568,,52.73553855,,,,,,,,,,,,,,,,,,,,62.41198410548526,,,13,,,,,,,,,,,,,
T027_W25,T027,25,Step1_Model1_EQA_CH1,Step2_Model2_EQA_CH1,Step3_Model3_EQB_CH1,Step4_Model3_EQA_CH3,Step5_Model1_EQA_CH3,Step6_Model2_EQC_CH1,Step7_Model2_EQA_CH4,Step8_Model1_EQA_CH2,Step9_Model2_EQB_CH3,Step10_Model1_EQB_CH1,Step11_Model1_EQA_CH4,Step12_Model2_EQC_CH1,Step13_Model2_EQB_CH4,Step14_Model3_EQB_CH4,Step15_Model1_EQA_CH3,Step16_Model3_EQA_CH3,Step17_Model2_EQB_CH2,Step18_Model2_EQC_CH4,Step19_Model3_EQC_CH1,Step20_Model2_EQA_CH2,Step21_Model3_EQA_CH4,Step22_Model2_EQB_CH4,Step23_Model2_EQB_CH1,Step24_Model3_EQB_CH1,Step25_Model3_EQA_CH2,Step26_Model1_EQB_CH4,Step27_Model1_EQB_CH4,Step28_Model1_EQA_CH3,Step29_Model3_EQB_CH2,Step30_Model1_EQC_CH3,,,36.25635778463225,,,,,,,,38.21844297,,,,,,,,,,,,,,,,,,,,40.300875789299354,,59.31467614464689,,,,,,,,,,,,52.010470046561274,,59.227538059690055,,,,,5,,,,,,,,,,,,
T028_W01,T028,1,Step1_Model2_EQC_CH1,Step2_Model2_EQB_CH2,Step3_Model2_EQC_CH1,Step4_Model3_EQC_CH1,Step5_Model2_EQA_CH1,Step6_Model1_EQB_CH2,Step7_Model1_EQB_CH1,Step8_Model3_EQC_CH3,Step9_Model1_EQB_CH3,Step10_Model2_EQA_CH1,Step11_Model1_EQC_CH1,Step12_Model1_EQA_CH3,Step13_Model3_EQB_CH2,Step14_Model1_EQA_CH4,Step15_Model3_EQC_CH4,Step16_Model2_EQA_CH1,Step17_Model3_EQC_CH4,Step18_Model1_EQC_CH3,Step19_Model3_EQA_CH4,Step20_Model1_EQB_CH4,Step21_Model1_EQA_CH4,Step22_Model1_EQA_CH4,Step23_Model1_EQB_CH4,Step24_Model2_EQA_CH3,Step25_Model2_EQC_CH2,Step26_Model2_EQB_CH2,Step27_Model2_EQA_CH4,Step28_Model2_EQC_CH1,Step29_Model3_EQC_CH2,Step30_Model2_EQB_CH1,43.34356039751828,31.18709714765386,,49.14582734503739,,,35.99241476238422,37.870268377737474,,52.68934928327312,,,46.74772540562019,,,,,,,38.08400207735022,,,,,,,,59.45297821422464,,,,,,,,,,,,,,61.81863349640494,,,,,,,,,,,,,,,,,,,,,,
T028_W02,T028,2,Step1_Model2_EQC_CH3,Step2_Model2_EQB_CH3,Step3_Model2_EQC_CH2,Step4_Model3_EQC_CH2,Step5_Model2_EQA_CH1,Step6_Model1_EQB_CH4,Step7_Model1_EQB_CH2,Step8_Model3_EQC_CH2,Step9_Model1_EQB_CH1,Step10_Model2_EQA_CH1,Step11_Model1_EQC_CH4,Step12_Model1_EQA_CH2,Step13_Model3_EQB_CH1,Step14_Model1_EQA_CH3,Step15_Model3_EQC_CH3,Step16_Model2_EQA_CH4,Step17_Model3_EQC_CH3,Step18_Model1_EQC_CH1,Step19_Model3_EQA_CH2,Step20_Model1_EQB_CH3,Step21_Model1_EQA_CH1,Step22_Model1_EQA_CH2,Step23_Model1_EQB_CH2,Step24_Model2_EQA_CH1,Step25_Model2_EQC_CH2,Step26_Model2_EQB_CH4,Step27_Model2_EQA_CH2,Step28_Model2_EQC_CH4,Step29_Model3_EQC_CH4,Step30_Model2_EQB_CH4,,,40.193979478866005,,,70.14500956975186,,,,,,,,65.62085525113248,,,,,,,,,,,,,,,,,,,52.70548283641396,67.08940049158353,,,,,,,,,,,,,,,,,,,,,,,6,,,,,,,
T028_W03,T028,3,Step1_Model2_EQC_CH3,Step2_Model2_EQB_CH4,Step3_Model2_EQC_CH4,Step4_Model3_EQC_CH3,Step5_Model2_EQA_CH1,Step6_Model1_EQB_CH2,Step7_Model1_EQB_CH3,Step8_Model3_EQC_CH3,Step9_Model1_EQB_CH2,Step10_Model2_EQA_CH4,Step11_Model1_EQC_CH2,Step12_Model1_EQA_CH4,Step13_Model3_EQB_CH2,Step14_Model1_EQA_CH1,Step15_Model3_EQC_CH3,Step16_Model2_EQA_CH3,Step17_Model3_EQC_CH4,Step18_Model1_EQC_CH4,Step19_Model3_EQA_CH4,Step20_Model1_EQB_CH3,Step21_Model1_EQA_CH3,Step22_Model1_EQA_CH1,Step23_Model1_EQB_CH3,Step24_Model2_EQA_CH3,Step25_Model2_EQC_CH4,Step26_Model2_EQB_CH1,Step27_Model2_EQA_CH1,Step28_Model2_EQC_CH2,Step29_Model3_EQC_CH3,Step30_Model2_EQB_CH3,42.029985503719814,,,,59.54016666189418,,,,,,,,,,,,,,,,,,,49.03057676064745,,,,,,,,,,67.44529421804313,,,,,,,,,55.370945847053896,42.67054054378709,,,,,,,,,,,,,11,,,,,,,
T028_W04,T028,4,Step1_Model2_EQC_CH3,Step2_Model2_EQB_CH4,Step3_Model2_EQC_CH4,Step4_Model3_EQC_CH2,Step5_Model2_EQA_CH2,Step6_Model1_EQB_CH3,Step7_Model1_EQB_CH1,Step8_Model3_EQC_CH3,Step9_Model1_EQB_CH2,Step10_Model2_EQA_CH1,Step11_Model1_EQC_CH1,Step12_Model1_EQA_CH2,Step13_Model3_EQB_CH2,Step14_Model1_EQA_CH1,Step15_Model3_EQC_CH2,Step16_Model2_EQA_CH3,Step17_Model3_EQC_CH4,Step18_Model1_EQC_CH3,Step19_Model3_EQA_CH4,Step20_Model1_EQB_CH4,Step21_Model1_EQA_CH2,Step22_Model1_EQA_CH1,Step23_Model1_EQB_CH4,Step24_Model2_EQA_CH3,Step25_Model2_EQC_CH4,Step26_Model2_EQB_CH3,Step27_Model2_EQA_CH2,Step28_Model2_EQC_CH4,Step29_Model3_EQC_CH3,Step30_Model2_EQB_CH4,,29.457149580621234,,,,,,,,,34.27605124014791,,,,,,,,,30.90567231379176,,,,,,,44.88006055229248,,48.36930522109099,,,,,,,55.026520083588494,,,40.64631660477553,,,,68.65066962510608,39.869389987383315,,,59.34926126825898,,10,,,,,,,,,,,,,,,
T028_W05,T028,5,Step1_Model2_EQC_CH4,Step2_Model2_EQB_CH1,Step3_Model2_EQC_CH4,Step4_Model3_EQC_CH4,Step5_Model2_EQA_CH4,Step6_Model1_EQB_CH3,Step7_Model1_EQB_CH4,Step8_Model3_EQC_CH2,Step9_Model1_EQB_CH1,Step10_Model2_EQA_CH1,Step11_Model1_EQC_CH4,Step12_Model1_EQA_CH4,Step13_Model3_EQB_CH3,Step14_Model1_EQA_CH1,Step15_Model3_EQC_CH2,Step16_Model2_EQA_CH2,Step17_Model3_EQC_CH2,Step18_Model1_EQC_CH3,Step19_Model3_EQA_CH3,Step20_Model1_EQB_CH3,Step21_Model1_EQA_CH1,Step22_Model1_EQA_CH2,Step23_Model1_EQB_CH1,Step24_Model2_EQA_CH1,Step25_Model2_EQC_CH2,Step26_Model2_EQB_CH4,Step27_Model2_EQA_CH1,Step28_Model2_EQC_CH3,Step29_Model3_EQC_CH4,Step30_Model2_EQB_CH3,,,,,55.69562738473978,,,38.67639921953543,,,,,,,,,,,,,,33.36628636927852,,,,60.97676992152337,,,,,,,,,44.2009215,,51.73995243,,42.978372198255386,,,58.88560864704768,63.15377993797169,,,,,,,,,,,,,,,,,,,,,
T028_W06,T028,6,Step1_Model2_EQC_CH2,Step2_Model2_EQB_CH2,Step3_Model2_EQC_CH2,Step4_Model3_EQC_CH3,Step5_Model2_EQA_CH1,Step6_Model1_EQB_CH2,Step7_Model1_EQB_CH4,Step8_Model3_EQC_CH2,Step9_Model1_EQB_CH1,Step10_Model2_EQA_CH4,Step11_Model1_EQC_CH1,Step12_Model1_EQA_CH3,Step13_Model3_EQB_CH1,Step14_Model1_EQA_CH3,Step15_Model3_EQC_CH4,Step16_Model2_EQA_CH3,Step17_Model3_EQC_CH2,Step18_Model1_EQC_CH1,Step19_Model3_EQA_CH1,Step20_Model1_EQB_CH2,Step21_Model1_EQA_CH2,Step22_Model1_EQA_CH2,Step23_Model1_EQB_CH2,Step24_Model2_EQA_CH2,Step25_Model2_EQC_CH2,Step26_Model2_EQB_CH4,Step27_Model2_EQA_CH1,Step28_Model2_EQC_CH2,Step29_Model3_EQC_CH3,Step30_Model2_EQB_CH2,,,,,58.42486986,,43.873655081530366,39.592150439889004,,,,,43.69962808822984,,,,,,,40.07902439,41.700572144337855,,60.587225734554885,,,64.39840956933688,,56.96966974655897,,,,,,,,,,43.46617545,38.76048639667047,,,,,33.304403727406985,,,62.57074306610037,,,,,,,,,,,,,,,,,
T028_W07,T028,7,Step1_Model2_EQC_CH2,Step2_Model2_EQB_CH3,Step3_Model2_EQC_CH2,Step4_Model3_EQC_CH2,Step5_Model2_EQA_CH3,Step6_Model1_EQB_CH1,Step7_Model1_EQB_CH3,Step8_Model3_EQC_CH3,Step9_Model1_EQB_CH1,Step10_Model2_EQA_CH2,Step11_Model1_EQC_CH2,Step12_Model1_EQA_CH4,Step13_Model3_EQB_CH1,Step14_Model1_EQA_CH1,Step15_Model3_EQC_CH1,Step16_Model2_EQA_CH1,Step17_Model3_EQC_CH3,Step18_Model1_EQC_CH4,Step19_Model3_EQA_CH4,Step20_Model1_EQB_CH2,Step21_Model1_EQA_CH4,Step22_Model1_EQA_CH2,Step23_Model1_EQB_CH4,Step24_Model2_EQA_CH2,Step25_Model2_EQC_CH3,Step26_Model2_EQB_CH1,Step27_Model2_EQA_CH2,Step28_Model2_EQC_CH1,Step29_Model3_EQC_CH2,Step30_Model2_EQB_CH2,33.60665246112275,,,,,,,,,,,36.69640437072064,,,41.01400427069442,,,36.558537978467086,,,40.794525715735745,38.081011540055755,,,,,,56.497838383400804,,,,42.807393346624906,65.82019555992457,72.31611236681451,,,,,,,,,,,,,57.01774392876705,,,,,,,,,,,,,,,,,
T028_W08,T028,8,Step1_Model2_EQC_CH2,Step2_Model2_EQB_CH4,Step3_Model2_EQC_CH3,Step4_Model3_EQC_CH1,Step5_Model2_EQA_CH1,Step6_Model1_EQB_CH2,Step7_Model1_EQB_CH3,Step8_Model3_EQC_CH4,Step9_Model1_EQB_CH3,Step10_Model2_EQA_CH1,Step11_Model1_EQC_CH3,Step12_Model1_EQA_CH1,Step13_Model3_EQB_CH4,Step14_Model1_EQA_CH4,Step15_Model3_EQC_CH1,Step16_Model2_EQA_CH2,Step17_Model3_EQC_CH3,Step18_Model1_EQC_CH2,Step19_Model3_EQA_CH2,Step20_Model1_EQB_CH3,Step21_Model1_EQA_CH3,Step22_Model1_EQA_CH3,Step23_Model1_EQB_CH1,Step24_Model2_EQA_CH4,Step25_Model2_EQC_CH3,Step26_Model2_EQB_CH1,Step27_Model2_EQA_CH1,Step28_Model2_EQC_CH3,Step29_Model3_EQC_CH3,Step30_Model2_EQB_CH2,,,,,,,,,,,,,,60.56256144175477,,,,34.82849228988509,,,,,,,,,,,,,,,,,,,,,,,,,57.41824013091078,,,,,,,,,,,,,,,,,,,,,
T028_W09,T028,9,Step1_Model2_EQC_CH1,Step2_Model2_EQB_CH4,Step3_Model2_EQC_CH3,Step4_Model3_EQC_CH3,Step5_Model2_EQA_CH4,Step6_Model1_EQB_CH4,Step7_Model1_EQB_CH1,Step8_Model3_EQC_CH1,Step9_Model1_EQB_CH4,Step10_Model2_EQA_CH2,Step11_Model1_EQC_CH3,Step12_Model1_EQA_CH2,Step13_Model3_EQB_CH3,Step14_Model1_EQA_CH3,Step15_Model3_EQC_CH1,Step16_Model2_EQA_CH4,Step17_Model3_EQC_CH4,Step18_Model1_EQC_CH2,Step19_Model3_EQA_CH3,Step20_Model1_EQB_CH4,Step21_Model1_EQA_CH4,Step22_Model1_EQA_CH4,Step23_Model1_EQB_CH2,Step24_Model2_EQA_CH1,Step25_Model2_EQC_CH1,Step26_Model2_EQB_CH2,Step27_Model2_EQA_CH2,Step28_Model2_EQC_CH3,Step29_Model3_EQC_CH1,Step30_Model2_EQB_CH3,,,,,,,,,,,,,46.875173145307635,,,,,,,,,,,,,,,,,,,,63.654638829960874,,,,,,,,,,60.04966133898889,,51.53738643006901,,,,,7,,,,,,,,,,,,,,
T028_W10,T028,10,Step1_Model2_EQC_CH3,Step2_Model2_EQB_CH3,Step3_Model2_EQC_CH3,Step4_Model3_EQC_CH2,Step5_Model2_EQA_CH4,Step6_Model1_EQB_CH2,Step7_Model1_EQB_CH4,Step8_Model3_EQC_CH1,Step9_Model1_EQB_CH2,Step10_Model2_EQA_CH2,Step11_Model1_EQC_CH4,Step12_Model1_EQA_CH3,Step13_Model3_EQB_CH2,Step14_Model1_EQA_CH3,Step15_Model3_EQC_CH2,Step16_Model2_EQA_CH2,Step17_Model3_EQC_CH1,Step18_Model1_EQC_CH4,Step19_Model3_EQA_CH3,Step20_Model1_EQB_CH1,Step21_Model1_EQA_CH3,Step22_Model1_EQA_CH3,Step23_Model1_EQB_CH1,Step24_Model2_EQA_CH1,Step25_Model2_EQC_CH3,Step26_Model2_EQB_CH2,Step27_Model2_EQA_CH2,Step28_Model2_EQC_CH1,Step29_Model3_EQC_CH3,Step30_Model2_EQB_CH1,45.62318956080975,38.12709807216062,,,57.184433406831246,,,,,53.343777165967005,,,,,40.93815378,63.78165497,,27.942178347651673,,,34.41425938700122,33.67970993971568,,,,,52.27470925926058,62.317736371574625,,,,,,,,,,,49.786846675759904,,,,,,56.09083479496206,,54.31133096944476,,,,,,,,,,,,,,,,,
T028_W11,T028,11,Step1_Model2_EQC_CH4,Step2_Model2_EQB_CH3,Step3_Model2_EQC_CH4,Step4_Model3_EQC_CH2,Step5_Model2_EQA_CH1,Step6_Model1_EQB_CH3,Step7_Model1_EQB_CH1,Step8_Model3_EQC_CH1,Step9_Model1_EQB_CH1,Step10_Model2_EQA_CH4,Step11_Model1_EQC_CH4,Step12_Model1_EQA_CH2,Step13_Model3_EQB_CH1,Step14_Model1_EQA_CH1,Step15_Model3_EQC_CH3,Step16_Model2_EQA_CH3,Step17_Model3_EQC_CH3,Step18_Model1_EQC_CH3,Step19_Model3_EQA_CH4,Step20_Model1_EQB_CH1,Step21_Model1_EQA_CH3,Step22_Model1_EQA_CH1,Step23_Model1_EQB_CH4,Step24_Model2_EQA_CH3,Step25_Model2_EQC_CH1,Step26_Model2_EQB_CH1,Step27_Model2_EQA_CH1,Step28_Model2_EQC_CH2,Step29_Model3_EQC_CH4,Step30_Model2_EQB_CH1,,,,,,,,,,,,,,,,,,36.94991584787721,,,,,,,,59.872746093085944,,,,,37.90547224300037,,,,,,,,,,,,,,,,,,,,,,,,,,,,,,,,,
T028_W12,T028,12,Step1_Model2_EQC_CH2,Step2_Model2_EQB_CH1,Step3_Model2_EQC_CH4,Step4_Model3_EQC_CH4,Step5_Model2_EQA_CH4,Step6_Model1_EQB_CH3,Step7_Model1_EQB_CH1,Step8_Model3_EQC_CH3,Step9_Model1_EQB_CH1,Step10_Model2_EQA_CH4,Step11_Model1_EQC_CH3,Step12_Model1_EQA_CH1,Step13_Model3_EQB_CH4,Step14_Model1_EQA_CH2,Step15_Model3_EQC_CH1,Step16_Model2_EQA_CH1,Step17_Model3_EQC_CH3,Step18_Model1_EQC_CH4,Step19_Model3_EQA_CH1,Step20_Model1_EQB_CH2,Step21_Model1_EQA_CH1,Step22_Model1_EQA_CH4,Step23_Model1_EQB_CH4,Step24_Model2_EQA_CH4,Step25_Model2_EQC_CH4,Step26_Model2_EQB_CH1,Step27_Model2_EQA_CH1,Step28_Model2_EQC_CH1,Step29_Model3_EQC_CH2,Step30_Model2_EQB_CH1,,,,,,,,,,52.58777762628877,,,,,,,,34.21154928301419,,,,,,,,,,,51.27452123520763,,,,,,,,,,,,,,,,,,,,,,,,,,,,,,,,,,,
T028_W13,T028,13,Step1_Model2_EQC_CH2,Step2_Model2_EQB_CH3,Step3_Model2_EQC_CH4,Step4_Model3_EQC_CH1,Step5_Model2_EQA_CH4,Step6_Model1_EQB_CH2,Step7_Model1_EQB_CH2,Step8_Model3_EQC_CH1,Step9_Model1_EQB_CH3,Step10_Model2_EQA_CH4,Step11_Model1_EQC_CH2,Step12_Model1_EQA_CH2,Step13_Model3_EQB_CH4,Step14_Model1_EQA_CH2,Step15_Model3_EQC_CH4,Step16_Model2_EQA_CH1,Step17_Model3_EQC_CH2,Step18_Model1_EQC_CH3,Step19_Model3_EQA_CH1,Step20_Model1_EQB_CH1,Step21_Model1_EQA_CH3,Step22_Model1_EQA_CH2,Step23_Model1_EQB_CH3,Step24_Model2_EQA_CH4,Step25_Model2_EQC_CH2,Step26_Model2_EQB_CH2,Step27_Model2_EQA_CH4,Step28_Model2_EQC_CH1,Step29_Model3_EQC_CH4,Step30_Model2_EQB_CH3,,,,54.95027803490245,,63.844670405605214,,,,,,,,,33.777382245217616,,,43.53068999852387,,,49.46754768626686,,,46.07732205727939,36.52282896,,,62.08562304734527,,,,40.142507299049086,,,,,49.70407770075385,,,,,,,,,,,,,,,,,,,,5,,,,,,,
T028_W14,T028,14,Step1_Model2_EQC_CH1,Step2_Model2_EQB_CH1,Step3_Model2_EQC_CH4,Step4_Model3_EQC_CH1,Step5_Model2_EQA_CH3,Step6_Model1_EQB_CH1,Step7_Model1_EQB_CH3,Step8_Model3_EQC_CH4,Step9_Model1_EQB_CH3,Step10_Model2_EQA_CH2,Step11_Model1_EQC_CH1,Step12_Model1_EQA_CH2,Step13_Model3_EQB_CH1,Step14_Model1_EQA_CH3,Step15_Model3_EQC_CH3,Step16_Model2_EQA_CH3,Step17_Model3_EQC_CH1,Step18_Model1_EQC_CH2,Step19_Model3_EQA_CH2,Step20_Model1_EQB_CH3,Step21_Model1_EQA_CH4,Step22_Model1_EQA_CH2,Step23_Model1_EQB_CH3,Step24_Model2_EQA_CH4,Step25_Model2_EQC_CH3,Step26_Model2_EQB_CH3,Step27_Model2_EQA_CH2,Step28_Model2_EQC_CH4,Step29_Model3_EQC_CH3,Step30_Model2_EQB_CH4,,,,,,,,,,,,43.41255740142628,,,,,,,,,,,,52.20125855353002,,64.02374000703736,,,,,,42.780549567279635,56.90730173922512,,,74.36285670305006,,,,42.73436224215381,,,,,,,59.872664654206346,,,,,,,,,,,,,,,,,
T028_W15,T028,15,Step1_Model2_EQC_CH2,Step2_Model2_EQB_CH1,Step3_Model2_EQC_CH1,Step4_Model3_EQC_CH4,Step5_Model2_EQA_CH3,Step6_Model1_EQB_CH1,Step7_Model1_EQB_CH3,Step8_Model3_EQC_CH2,Step9_Model1_EQB_CH2,Step10_Model2_EQA_CH2,Step11_Model1_EQC_CH4,Step12_Model1_EQA_CH2,Step13_Model3_EQB_CH4,Step14_Model1_EQA_CH4,Step15_Model3_EQC_CH4,Step16_Model2_EQA_CH1,Step17_Model3_EQC_CH2,Step18_Model1_EQC_CH4,Step19_Model3_EQA_CH1,Step20_Model1_EQB_CH4,Step21_Model1_EQA_CH2,Step22_Model1_EQA_CH4,Step23_Model1_EQB_CH1,Step24_Model2_EQA_CH3,Step25_Model2_EQC_CH4,Step26_Model2_EQB_CH1,Step27_Model2_EQA_CH1,Step28_Model2_EQC_CH4,Step29_Model3_EQC_CH1,Step30_Model2_EQB_CH3,,,,,,,,,,,,,34.07895300881311,,,,,40.07332814228384,,39.907074055285804,,,,,,,,56.510319572766036,,,40.45468823373006,,63.19699498926984,,50.64573471215254,,,,,,,,,,,40.40289200014517,,,,,,,,,10,,,,,,,,,
T028_W16,T028,16,Step1_Model2_EQC_CH1,Step2_Model2_EQB_CH4,Step3_Model2_EQC_CH2,Step4_Model3_EQC_CH2,Step5_Model2_EQA_CH2,Step6_Model1_EQB_CH4,Step7_Model1_EQB_CH4,Step8_Model3_EQC_CH3,Step9_Model1_EQB_CH2,Step10_Model2_EQA_CH3,Step11_Model1_EQC_CH1,Step12_Model1_EQA_CH4,Step13_Model3_EQB_CH4,Step14_Model1_EQA_CH1,Step15_Model3_EQC_CH3,Step16_Model2_EQA_CH1,Step17_Model3_EQC_CH2,Step18_Model1_EQC_CH2,Step19_Model3_EQA_CH3,Step20_Model1_EQB_CH2,Step21_Model1_EQA_CH1,Step22_Model1_EQA_CH2,Step23_Model1_EQB_CH1,Step24_Model2_EQA_CH1,Step25_Model2_EQC_CH3,Step26_Model2_EQB_CH4,Step27_Model2_EQA_CH3,Step28_Model2_EQC_CH1,Step29_Model3_EQC_CH3,Step30_Model2_EQB_CH4,,,,,,,,,55.971766184923844,,,,,,,,,33.76817704539161,,,33.27190329215579,43.007799405138556,,49.426997039519044,,,,,,,,,,,57.22020789709739,,55.97957728552083,,47.922003785639276,,49.96240285165447,,,,52.30963850276394,52.33514473,,,,,,,,,,,,,,,,,,
T028_W17,T028,17,Step1_Model2_EQC_CH1,Step2_Model2_EQB_CH3,Step3_Model2_EQC_CH3,Step4_Model3_EQC_CH1,Step5_Model2_EQA_CH3,Step6_Model1_EQB_CH2,Step7_Model1_EQB_CH3,Step8_Model3_EQC_CH4,Step9_Model1_EQB_CH1,Step10_Model2_EQA_CH3,Step11_Model1_EQC_CH4,Step12_Model1_EQA_CH1,Step13_Model3_EQB_CH4,Step14_Model1_EQA_CH3,Step15_Model3_EQC_CH4,Step16_Model2_EQA_CH1,Step17_Model3_EQC_CH4,Step18_Model1_EQC_CH3,Step19_Model3_EQA_CH1,Step20_Model1_EQB_CH4,Step21_Model1_EQA_CH1,Step22_Model1_EQA_CH3,Step23_Model1_EQB_CH4,Step24_Model2_EQA_CH2,Step25_Model2_EQC_CH1,Step26_Model2_EQB_CH3,Step27_Model2_EQA_CH1,Step28_Model2_EQC_CH2,Step29_Model3_EQC_CH2,Step30_Model2_EQB_CH1,,42.252222157760734,,,,66.21553232543832,,36.845773553987335,,,,,,,,,,,,,,,,,,,,,,,,,,,63.44723147441494,,,,,,49.52351223,57.86510301324911,,,,,,,,,,,,9,,,,,,,,,,
T028_W18,T028,18,Step1_Model2_EQC_CH3,Step2_Model2_EQB_CH3,Step3_Model2_EQC_CH2,Step4_Model3_EQC_CH1,Step5_Model2_EQA_CH4,Step6_Model1_EQB_CH4,Step7_Model1_EQB_CH2,Step8_Model3_EQC_CH1,Step9_Model1_EQB_CH4,Step10_Model2_EQA_CH3,Step11_Model1_EQC_CH4,Step12_Model1_EQA_CH4,Step13_Model3_EQB_CH2,Step14_Model1_EQA_CH1,Step15_Model3_EQC_CH4,Step16_Model2_EQA_CH1,Step17_Model3_EQC_CH2,Step18_Model1_EQC_CH4,Step19_Model3_EQA_CH3,Step20_Model1_EQB_CH2,Step21_Model1_EQA_CH2,Step22_Model1_EQA_CH2,Step23_Model1_EQB_CH3,Step24_Model2_EQA_CH3,Step25_Model2_EQC_CH1,Step26_Model2_EQB_CH1,Step27_Model2_EQA_CH4,Step28_Model2_EQC_CH2,Step29_Model3_EQC_CH4,Step30_Model2_EQB_CH4,37.77958711,,,,,63.453921635864376,43.242007212408346,42.702939574596975,,,,,47.74512665057574,,,,,,,,,,,,,,,,,36.703069,,,,,,,,,49.17727502922749,41.786375111847754,,,,,51.09647538838522,,,,,,,,,,,,12,,,,,,,
T028_W19,T028,19,Step1_Model2_EQC_CH2,Step2_Model2_EQB_CH4,Step3_Model2_EQC_CH2,Step4_Model3_EQC_CH3,Step5_Model2_EQA_CH4,Step6_Model1_EQB_CH1,Step7_Model1_EQB_CH4,Step8_Model3_EQC_CH3,Step9_Model1_EQB_CH3,Step10_Model2_EQA_CH1,Step11_Model1_EQC_CH1,Step12_Model1_EQA_CH1,Step13_Model3_EQB_CH4,Step14_Model1_EQA_CH3,Step15_Model3_EQC_CH3,Step16_Model2_EQA_CH2,Step17_Model3_EQC_CH3,Step18_Model1_EQC_CH4,Step19_Model3_EQA_CH4,Step20_Model1_EQB_CH1,Step21_Model1_EQA_CH1,Step22_Model1_EQA_CH4,Step23_Model1_EQB_CH4,Step24_Model2_EQA_CH1,Step25_Model2_EQC_CH4,Step26_Model2_EQB_CH2,Step27_Model2_EQA_CH4,Step28_Model2_EQC_CH2,Step29_Model3_EQC_CH3,Step30_Model2_EQB_CH1,,32.85807209072152,,,,,,,,,,,,,,,,,,35.589317822187205,,,,,,,,62.30354866442248,,,,,,70.06644680946364,,,,,,44.684085169599186,,,,,,,62.34943063,,,,,,,,,,,,,,,,,
T028_W20,T028,20,Step1_Model2_EQC_CH3,Step2_Model2_EQB_CH3,Step3_Model2_EQC_CH4,Step4_Model3_EQC_CH3,Step5_Model2_EQA_CH3,Step6_Model1_EQB_CH4,Step7_Model1_EQB_CH4,Step8_Model3_EQC_CH2,Step9_Model1_EQB_CH2,Step10_Model2_EQA_CH1,Step11_Model1_EQC_CH4,Step12_Model1_EQA_CH4,Step13_Model3_EQB_CH3,Step14_Model1_EQA_CH2,Step15_Model3_EQC_CH1,Step16_Model2_EQA_CH1,Step17_Model3_EQC_CH4,Step18_Model1_EQC_CH1,Step19_Model3_EQA_CH2,Step20_Model1_EQB_CH2,Step21_Model1_EQA_CH2,Step22_Model1_EQA_CH4,Step23_Model1_EQB_CH4,Step24_Model2_EQA_CH4,Step25_Model2_EQC_CH4,Step26_Model2_EQB_CH4,Step27_Model2_EQA_CH2,Step28_Model2_EQC_CH4,Step29_Model3_EQC_CH3,Step30_Model2_EQB_CH3,,,27.311779977881216,,,,,,,59.095088985943256,42.54713790635222,,42.490436716074825,,,,,,,,,,,,,,,,,,,,,,53.59128771489893,,57.31607850882886,38.67887543077002,,,,,,,53.961043078709025,,68.00268587205352,,,,,,,,,,,,,,,,,
T028_W21,T028,21,Step1_Model2_EQC_CH1,Step2_Model2_EQB_CH3,Step3_Model2_EQC_CH4,Step4_Model3_EQC_CH4,Step5_Model2_EQA_CH1,Step6_Model1_EQB_CH1,Step7_Model1_EQB_CH3,Step8_Model3_EQC_CH3,Step9_Model1_EQB_CH3,Step10_Model2_EQA_CH1,Step11_Model1_EQC_CH4,Step12_Model1_EQA_CH3,Step13_Model3_EQB_CH3,Step14_Model1_EQA_CH4,Step15_Model3_EQC_CH4,Step16_Model2_EQA_CH3,Step17_Model3_EQC_CH3,Step18_Model1_EQC_CH1,Step19_Model3_EQA_CH2,Step20_Model1_EQB_CH4,Step21_Model1_EQA_CH3,Step22_Model1_EQA_CH2,Step23_Model1_EQB_CH1,Step24_Model2_EQA_CH2,Step25_Model2_EQC_CH4,Step26_Model2_EQB_CH1,Step27_Model2_EQA_CH3,Step28_Model2_EQC_CH3,Step29_Model3_EQC_CH2,Step30_Model2_EQB_CH2,,,,,,63.17529713753373,,,62.077744213862196,,,,,61.916835809108214,,,,36.14281281,,,40.173871591627446,,,,,,,,,28.207201242787008,49.723074738587634,,,,,,,48.86661213,,,,,52.71230148735432,,,38.76455692552905,,,,,,,,,,,,,,,,,,
T028_W22,T028,22,Step1_Model2_EQC_CH1,Step2_Model2_EQB_CH3,Step3_Model2_EQC_CH3,Step4_Model3_EQC_CH1,Step5_Model2_EQA_CH4,Step6_Model1_EQB_CH4,Step7_Model1_EQB_CH3,Step8_Model3_EQC_CH4,Step9_Model1_EQB_CH1,Step10_Model2_EQA_CH4,Step11_Model1_EQC_CH1,Step12_Model1_EQA_CH4,Step13_Model3_EQB_CH1,Step14_Model1_EQA_CH3,Step15_Model3_EQC_CH2,Step16_Model2_EQA_CH4,Step17_Model3_EQC_CH4,Step18_Model1_EQC_CH2,Step19_Model3_EQA_CH4,Step20_Model1_EQB_CH2,Step21_Model1_EQA_CH3,Step22_Model1_EQA_CH1,Step23_Model1_EQB_CH2,Step24_Model2_EQA_CH3,Step25_Model2_EQC_CH3,Step26_Model2_EQB_CH2,Step27_Model2_EQA_CH2,Step28_Model2_EQC_CH4,Step29_Model3_EQC_CH2,Step30_Model2_EQB_CH4,,,,,,,,36.13304074848697,,,,,,,,70.81901458209518,,,59.06484587605365,,48.35405773394683,,,,,,,57.85305264175961,,,,,,,,,,,,,,,,,,,,,,,,,,,,,,,,,,,,
T028_W23,T028,23,Step1_Model2_EQC_CH2,Step2_Model2_EQB_CH3,Step3_Model2_EQC_CH3,Step4_Model3_EQC_CH4,Step5_Model2_EQA_CH2,Step6_Model1_EQB_CH4,Step7_Model1_EQB_CH4,Step8_Model3_EQC_CH3,Step9_Model1_EQB_CH4,Step10_Model2_EQA_CH4,Step11_Model1_EQC_CH4,Step12_Model1_EQA_CH4,Step13_Model3_EQB_CH4,Step14_Model1_EQA_CH2,Step15_Model3_EQC_CH2,Step16_Model2_EQA_CH4,Step17_Model3_EQC_CH2,Step18_Model1_EQC_CH3,Step19_Model3_EQA_CH2,Step20_Model1_EQB_CH2,Step21_Model1_EQA_CH4,Step22_Model1_EQA_CH3,Step23_Model1_EQB_CH4,Step24_Model2_EQA_CH2,Step25_Model2_EQC_CH1,Step26_Model2_EQB_CH4,Step27_Model2_EQA_CH4,Step28_Model2_EQC_CH2,Step29_Model3_EQC_CH4,Step30_Model2_EQB_CH4,,,,,62.54718430738532,,,47.12796828857705,,,,,,,37.39827863869728,,54.774769001234695,,,,,,,,44.56375951233209,,,,49.908838023088805,,,,,,54.06937730028494,,,,,,,58.14484137,,,,,,,,,,,,,,,,,,,,,,
T028_W24,T028,24,Step1_Model2_EQC_CH2,Step2_Model2_EQB_CH3,Step3_Model2_EQC_CH2,Step4_Model3_EQC_CH3,Step5_Model2_EQA_CH4,Step6_Model1_EQB_CH3,Step7_Model1_EQB_CH1,Step8_Model3_EQC_CH3,Step9_Model1_EQB_CH4,Step10_Model2_EQA_CH1,Step11_Model1_EQC_CH3,Step12_Model1_EQA_CH4,Step13_Model3_EQB_CH1,Step14_Model1_EQA_CH1,Step15_Model3_EQC_CH2,Step16_Model2_EQA_CH2,Step17_Model3_EQC_CH4,Step18_Model1_EQC_CH3,Step19_Model3_EQA_CH1,Step20_Model1_EQB_CH3,Step21_Model1_EQA_CH4,Step22_Model1_EQA_CH3,Step23_Model1_EQB_CH1,Step24_Model2_EQA_CH2,Step25_Model2_EQC_CH1,Step26_Model2_EQB_CH2,Step27_Model2_EQA_CH2,Step28_Model2_EQC_CH2,Step29_Model3_EQC_CH2,Step30_Model2_EQB_CH2,,34.99496641592143,,53.817628587010454,,,,,,,,,,,,,41.99175615691221,,,,,,,47.31465487683522,,,,,,39.613555427216234,,,54.89171087985097,,,,,,46.555007714236524,,,,,,,,59.59350983,,,,,,,,,,,,,,,,,
T028_W25,T028,25,Step1_Model2_EQC_CH4,Step2_Model2_EQB_CH1,Step3_Model2_EQC_CH1,Step4_Model3_EQC_CH4,Step5_Model2_EQA_CH1,Step6_Model1_EQB_CH2,Step7_Model1_EQB_CH1,Step8_Model3_EQC_CH1,Step9_Model1_EQB_CH3,Step10_Model2_EQA_CH1,Step11_Model1_EQC_CH1,Step12_Model1_EQA_CH2,Step13_Model3_EQB_CH2,Step14_Model1_EQA_CH4,Step15_Model3_EQC_CH4,Step16_Model2_EQA_CH2,Step17_Model3_EQC_CH3,Step18_Model1_EQC_CH2,Step19_Model3_EQA_CH1,Step20_Model1_EQB_CH4,Step21_Model1_EQA_CH4,Step22_Model1_EQA_CH1,Step23_Model1_EQB_CH1,Step24_Model2_EQA_CH4,Step25_Model2_EQC_CH3,Step26_Model2_EQB_CH1,Step27_Model2_EQA_CH4,Step28_Model2_EQC_CH1,Step29_Model3_EQC_CH1,Step30_Model2_EQB_CH1,38.195123609352216,,46.33932915286065,,,,,,56.07714928081972,,,,,,35.68597387214167,,,,,,,,,,,,,,,,38.59410744169457,,,,,,,,,,,50.04575837026625,,37.02782069460536,,,,,,,,,,,,,,,,,,,,
T029_W01,T029,1,Step1_Model1_EQA_CH1,Step2_Model3_EQA_CH3,Step3_Model3_EQB_CH1,Step4_Model1_EQC_CH2,Step5_Model1_EQA_CH3,Step6_Model1_EQC_CH1,Step7_Model1_EQC_CH1,Step8_Model2_EQA_CH1,Step9_Model3_EQC_CH1,Step10_Model1_EQA_CH3,Step11_Model3_EQB_CH2,Step12_Model1_EQB_CH4,Step13_Model3_EQB_CH3,Step14_Model2_EQA_CH3,Step15_Model1_EQB_CH3,Step16_Model3_EQC_CH1,Step17_Model3_EQC_CH4,Step18_Model2_EQC_CH1,Step19_Model3_EQB_CH1,Step20_Model3_EQA_CH2,Step21_Model2_EQA_CH1,Step22_Model1_EQB_CH4,Step23_Model1_EQA_CH4,Step24_Model1_EQC_CH2,Step25_Model2_EQA_CH2,Step26_Model3_EQB_CH3,Step27_Model1_EQC_CH2,Step28_Model3_EQA_CH3,Step29_Model1_EQB_CH3,Step30_Model1_EQC_CH4,,,,,,,,,,,,,45.226482066954674,,,,,,,34.14075059741238,,,61.97797674,,,56.90986011171146,60.74283515729081,61.10199756009609,,,49.578894973475364,42.32638740366028,,,46.282305922536516,,,,,,,,,,,,,,,,,,,,,11,,,,,,,,
T029_W02,T029,2,Step1_Model1_EQA_CH3,Step2_Model3_EQA_CH2,Step3_Model3_EQB_CH4,Step4_Model1_EQC_CH3,Step5_Model1_EQA_CH1,Step6_Model1_EQC_CH2,Step7_Model1_EQC_CH3,Step8_Model2_EQA_CH2,Step9_Model3_EQC_CH4,Step10_Model1_EQA_CH1,Step11_Model3_EQB_CH1,Step12_Model1_EQB_CH2,Step13_Model3_EQB_CH2,Step14_Model2_EQA_CH2,Step15_Model1_EQB_CH2,Step16_Model3_EQC_CH2,Step17_Model3_EQC_CH3,Step18_Model2_EQC_CH4,Step19_Model3_EQB_CH2,Step20_Model3_EQA_CH2,Step21_Model2_EQA_CH3,Step22_Model1_EQB_CH3,Step23_Model1_EQA_CH3,Step24_Model1_EQC_CH3,Step25_Model2_EQA_CH3,Step26_Model3_EQB_CH4,Step27_Model1_EQC_CH2,Step28_Model3_EQA_CH4,Step29_Model1_EQB_CH3,Step30_Model1_EQC_CH1,,41.996783741697676,,,,63.22488618206824,,,,,,,,,42.024333812108395,,,40.31863582143201,60.65043811777248,,,,,,,,,,,,42.05750829632771,,,,,61.08768108614692,,34.519934944139294,,,,,,,,,,,,,,,,10,,,,,,,,,,
T029_W03,T029,3,Step1_Model1_EQA_CH4,Step2_Model3_EQA_CH1,Step3_Model3_EQB_CH2,Step4_Model1_EQC_CH1,Step5_Model1_EQA_CH2,Step6_Model1_EQC_CH3,Step7_Model1_EQC_CH3,Step8_Model2_EQA_CH3,Step9_Model3_EQC_CH1,Step10_Model1_EQA_CH4,Step11_Model3_EQB_CH3,Step12_Model1_EQB_CH2,Step13_Model3_EQB_CH3,Step14_Model2_EQA_CH4,Step15_Model1_EQB_CH3,Step16_Model3_EQC_CH3,Step17_Model3_EQC_CH3,Step18_Model2_EQC_CH2,Step19_Model3_EQB_CH4,Step20_Model3_EQA_CH4,Step21_Model2_EQA_CH1,Step22_Model1_EQB_CH1,Step23_Model1_EQA_CH3,Step24_Model1_EQC_CH2,Step25_Model2_EQA_CH4,Step26_Model3_EQB_CH4,Step27_Model1_EQC_CH4,Step28_Model3_EQA_CH2,Step29_Model1_EQB_CH3,Step30_Model1_EQC_CH4,,,,,,,,,,52.392975822533074,,,,,36.316367601029164,,,,,,37.821087152555585,,,,,,,,,39.96536173766833,34.43400446669528,,,,47.60331881164357,58.65801485204439,,35.63922645034257,,,,57.12144234,,,,,,,,,,,,,,,,,,,,,,
T029_W04,T029,4,Step1_Model1_EQA_CH2,Step2_Model3_EQA_CH4,Step3_Model3_EQB_CH4,Step4_Model1_EQC_CH3,Step5_Model1_EQA_CH4,Step6_Model1_EQC_CH2,Step7_Model1_EQC_CH4,Step8_Model2_EQA_CH3,Step9_Model3_EQC_CH4,Step10_Model1_EQA_CH4,Step11_Model3_EQB_CH3,Step12_Model1_EQB_CH4,Step13_Model3_EQB_CH4,Step14_Model2_EQA_CH3,Step15_Model1_EQB_CH3,Step16_Model3_EQC_CH4,Step17_Model3_EQC_CH3,Step18_Model2_EQC_CH1,Step19_Model3_EQB_CH1,Step20_Model3_EQA_CH4,Step21_Model2_EQA_CH4,Step22_Model1_EQB_CH2,Step23_Model1_EQA_CH2,Step24_Model1_EQC_CH1,Step25_Model2_EQA_CH1,Step26_Model3_EQB_CH3,Step27_Model1_EQC_CH3,Step28_Model3_EQA_CH2,Step29_Model1_EQB_CH3,Step30_Model1_EQC_CH3,42.88037369441769,,35.96667401570577,,,,,,,,,,48.67045391798748,,,,48.93910463,,,,,,,50.02737940691512,,,,,,,,,,56.73955230680016,,,,,,,,,,,,,,43.34631238463284,,,,,,,,,,9,,,,,,
T029_W05,T029,5,Step1_Model1_EQA_CH4,Step2_Model3_EQA_CH4,Step3_Model3_EQB_CH1,Step4_Model1_EQC_CH2,Step5_Model1_EQA_CH2,Step6_Model1_EQC_CH1,Step7_Model1_EQC_CH3,Step8_Model2_EQA_CH1,Step9_Model3_EQC_CH4,Step10_Model1_EQA_CH2,Step11_Model3_EQB_CH4,Step12_Model1_EQB_CH4,Step13_Model3_EQB_CH4,Step14_Model2_EQA_CH2,Step15_Model1_EQB_CH1,Step16_Model3_EQC_CH3,Step17_Model3_EQC_CH1,Step18_Model2_EQC_CH2,Step19_Model3_EQB_CH2,Step20_Model3_EQA_CH4,Step21_Model2_EQA_CH1,Step22_Model1_EQB_CH3,Step23_Model1_EQA_CH1,Step24_Model1_EQC_CH4,Step25_Model2_EQA_CH4,Step26_Model3_EQB_CH3,Step27_Model1_EQC_CH1,Step28_Model3_EQA_CH2,Step29_Model1_EQB_CH3,Step30_Model1_EQC_CH4,,,,,,,,,,,31.979068681967952,,,,,67.17513679470807,,,,38.54890698010662,,,61.500415842409296,,42.87438319317157,,,,43.80248365570895,,,,,,52.74458267143118,,,,,,,,,,,,,,,,,,,,,,,,,,,,,
T029_W06,T029,6,Step1_Model1_EQA_CH1,Step2_Model3_EQA_CH2,Step3_Model3_EQB_CH1,Step4_Model1_EQC_CH1,Step5_Model1_EQA_CH2,Step6_Model1_EQC_CH3,Step7_Model1_EQC_CH4,Step8_Model2_EQA_CH3,Step9_Model3_EQC_CH3,Step10_Model1_EQA_CH4,Step11_Model3_EQB_CH3,Step12_Model1_EQB_CH1,Step13_Model3_EQB_CH2,Step14_Model2_EQA_CH4,Step15_Model1_EQB_CH2,Step16_Model3_EQC_CH2,Step17_Model3_EQC_CH3,Step18_Model2_EQC_CH1,Step19_Model3_EQB_CH2,Step20_Model3_EQA_CH1,Step21_Model2_EQA_CH4,Step22_Model1_EQB_CH1,Step23_Model1_EQA_CH3,Step24_Model1_EQC_CH1,Step25_Model2_EQA_CH1,Step26_Model3_EQB_CH1,Step27_Model1_EQC_CH3,Step28_Model3_EQA_CH3,Step29_Model1_EQB_CH2,Step30_Model1_EQC_CH2,,,,,,,48.38387041496992,,,,,,,,,,,,,,,,58.43949141947374,,,,,,,41.03714701910202,,,,,,60.555697643796336,61.384389865797786,,42.97155022743333,,,,,,44.83827977703811,35.86576819094875,,,,,,,,,,,,,,,,,,
T029_W07,T029,7,Step1_Model1_EQA_CH3,Step2_Model3_EQA_CH4,Step3_Model3_EQB_CH2,Step4_Model1_EQC_CH3,Step5_Model1_EQA_CH4,Step6_Model1_EQC_CH2,Step7_Model1_EQC_CH3,Step8_Model2_EQA_CH3,Step9_Model3_EQC_CH1,Step10_Model1_EQA_CH1,Step11_Model3_EQB_CH3,Step12_Model1_EQB_CH3,Step13_Model3_EQB_CH3,Step14_Model2_EQA_CH3,Step15_Model1_EQB_CH3,Step16_Model3_EQC_CH4,Step17_Model3_EQC_CH3,Step18_Model2_EQC_CH2,Step19_Model3_EQB_CH3,Step20_Model3_EQA_CH1,Step21_Model2_EQA_CH1,Step22_Model1_EQB_CH4,Step23_Model1_EQA_CH2,Step24_Model1_EQC_CH2,Step25_Model2_EQA_CH2,Step26_Model3_EQB_CH1,Step27_Model1_EQC_CH3,Step28_Model3_EQA_CH4,Step29_Model1_EQB_CH2,Step30_Model1_EQC_CH3,,,,,,,40.012242453984946,37.95226074626688,,,,,,,37.76107225942344,,42.09244636724128,,,,,,,,,57.47453359,,,,,,,,,,,,,,,,53.978328371703014,,26.481022043677058,,34.27085801786823,,,,,,,,,,,,,,,,,,
T029_W08,T029,8,Step1_Model1_EQA_CH3,Step2_Model3_EQA_CH2,Step3_Model3_EQB_CH1,Step4_Model1_EQC_CH2,Step5_Model1_EQA_CH4,Step6_Model1_EQC_CH2,Step7_Model1_EQC_CH4,Step8_Model2_EQA_CH2,Step9_Model3_EQC_CH2,Step10_Model1_EQA_CH3,Step11_Model3_EQB_CH4,Step12_Model1_EQB_CH3,Step13_Model3_EQB_CH4,Step14_Model2_EQA_CH3,Step15_Model1_EQB_CH2,Step16_Model3_EQC_CH2,Step17_Model3_EQC_CH1,Step18_Model2_EQC_CH4,Step19_Model3_EQB_CH3,Step20_Model3_EQA_CH2,Step21_Model2_EQA_CH2,Step22_Model1_EQB_CH1,Step23_Model1_EQA_CH1,Step24_Model1_EQC_CH2,Step25_Model2_EQA_CH1,Step26_Model3_EQB_CH3,Step27_Model1_EQC_CH3,Step28_Model3_EQA_CH2,Step29_Model1_EQB_CH3,Step30_Model1_EQC_CH2,,,38.06458306792359,,,,,,,,36.720162451286996,,,,,,43.01967003735811,,,,,,,51.16487715795291,,,,,,,,42.96430969101583,,,,,,,,,52.41298339148326,,57.25913329475667,,,,,,9,,,,17,,,,,,,,,,,
T029_W09,T029,9,Step1_Model1_EQA_CH3,Step2_Model3_EQA_CH1,Step3_Model3_EQB_CH2,Step4_Model1_EQC_CH3,Step5_Model1_EQA_CH2,Step6_Model1_EQC_CH1,Step7_Model1_EQC_CH1,Step8_Model2_EQA_CH1,Step9_Model3_EQC_CH4,Step10_Model1_EQA_CH2,Step11_Model3_EQB_CH1,Step12_Model1_EQB_CH4,Step13_Model3_EQB_CH3,Step14_Model2_EQA_CH2,Step15_Model1_EQB_CH2,Step16_Model3_EQC_CH2,Step17_Model3_EQC_CH2,Step18_Model2_EQC_CH4,Step19_Model3_EQB_CH3,Step20_Model3_EQA_CH4,Step21_Model2_EQA_CH1,Step22_Model1_EQB_CH3,Step23_Model1_EQA_CH2,Step24_Model1_EQC_CH4,Step25_Model2_EQA_CH2,Step26_Model3_EQB_CH4,Step27_Model1_EQC_CH4,Step28_Model3_EQA_CH4,Step29_Model1_EQB_CH2,Step30_Model1_EQC_CH1,,,,,,,,41.77577094036835,,,,,44.491527551362026,59.13843113569201,,,50.024627994092604,,,38.841252587596436,,,,,,,52.91663517378939,53.25796866650338,,,,,,,,,,,,,,,,,,32.372217893637625,,,,,,,,,,11,,,,,,,,
T029_W10,T029,10,Step1_Model1_EQA_CH2,Step2_Model3_EQA_CH3,Step3_Model3_EQB_CH3,Step4_Model1_EQC_CH3,Step5_Model1_EQA_CH4,Step6_Model1_EQC_CH1,Step7_Model1_EQC_CH1,Step8_Model2_EQA_CH2,Step9_Model3_EQC_CH2,Step10_Model1_EQA_CH2,Step11_Model3_EQB_CH4,Step12_Model1_EQB_CH1,Step13_Model3_EQB_CH4,Step14_Model2_EQA_CH2,Step15_Model1_EQB_CH2,Step16_Model3_EQC_CH3,Step17_Model3_EQC_CH1,Step18_Model2_EQC_CH4,Step19_Model3_EQB_CH4,Step20_Model3_EQA_CH2,Step21_Model2_EQA_CH4,Step22_Model1_EQB_CH2,Step23_Model1_EQA_CH4,Step24_Model1_EQC_CH4,Step25_Model2_EQA_CH1,Step26_Model3_EQB_CH1,Step27_Model1_EQC_CH2,Step28_Model3_EQA_CH3,Step29_Model1_EQB_CH2,Step30_Model1_EQC_CH2,,,,44.59928476161177,63.129500290423586,,,,,,,,,,,,,37.60379177211697,,,,,,,44.72654728910276,,50.10969867186152,,,35.35383028821575,,40.39604319552853,,,,,,,,,,,,,,,,,,,,,,,,,,,,,,,,
T029_W11,T029,11,Step1_Model1_EQA_CH1,Step2_Model3_EQA_CH2,Step3_Model3_EQB_CH3,Step4_Model1_EQC_CH3,Step5_Model1_EQA_CH4,Step6_Model1_EQC_CH2,Step7_Model1_EQC_CH4,Step8_Model2_EQA_CH2,Step9_Model3_EQC_CH2,Step10_Model1_EQA_CH3,Step11_Model3_EQB_CH1,Step12_Model1_EQB_CH4,Step13_Model3_EQB_CH1,Step14_Model2_EQA_CH4,Step15_Model1_EQB_CH3,Step16_Model3_EQC_CH2,Step17_Model3_EQC_CH1,Step18_Model2_EQC_CH1,Step19_Model3_EQB_CH4,Step20_Model3_EQA_CH3,Step21_Model2_EQA_CH3,Step22_Model1_EQB_CH4,Step23_Model1_EQA_CH2,Step24_Model1_EQC_CH3,Step25_Model2_EQA_CH4,Step26_Model3_EQB_CH3,Step27_Model1_EQC_CH3,Step28_Model3_EQA_CH2,Step29_Model1_EQB_CH2,Step30_Model1_EQC_CH3,,,,,61.94404388836848,,46.788003222802196,,62.51101253604975,,33.79868627886906,,,,,,,,,,,,,,,,,60.22804277312134,,,,,58.552630698259954,,,,,,52.32868464619602,,,,,29.353409700064756,,,,,,,,,,,,,,,,,,,,
T029_W12,T029,12,Step1_Model1_EQA_CH3,Step2_Model3_EQA_CH3,Step3_Model3_EQB_CH2,Step4_Model1_EQC_CH2,Step5_Model1_EQA_CH2,Step6_Model1_EQC_CH2,Step7_Model1_EQC_CH2,Step8_Model2_EQA_CH2,Step9_Model3_EQC_CH1,Step10_Model1_EQA_CH2,Step11_Model3_EQB_CH1,Step12_Model1_EQB_CH4,Step13_Model3_EQB_CH2,Step14_Model2_EQA_CH3,Step15_Model1_EQB_CH2,Step16_Model3_EQC_CH1,Step17_Model3_EQC_CH1,Step18_Model2_EQC_CH1,Step19_Model3_EQB_CH3,Step20_Model3_EQA_CH4,Step21_Model2_EQA_CH1,Step22_Model1_EQB_CH1,Step23_Model1_EQA_CH1,Step24_Model1_EQC_CH1,Step25_Model2_EQA_CH4,Step26_Model3_EQB_CH3,Step27_Model1_EQC_CH3,Step28_Model3_EQA_CH3,Step29_Model1_EQB_CH1,Step30_Model1_EQC_CH1,,,,,,,38.81966750946603,,,,,,39.001982430497165,,,,,,,,,,,,44.683586445466915,,,,,,,,54.56578987792138,,,,,,,,,,,,,,,,,,,,,,,,,,,,,,,
T029_W13,T029,13,Step1_Model1_EQA_CH4,Step2_Model3_EQA_CH2,Step3_Model3_EQB_CH4,Step4_Model1_EQC_CH3,Step5_Model1_EQA_CH4,Step6_Model1_EQC_CH4,Step7_Model1_EQC_CH2,Step8_Model2_EQA_CH4,Step9_Model3_EQC_CH2,Step10_Model1_EQA_CH3,Step11_Model3_EQB_CH3,Step12_Model1_EQB_CH2,Step13_Model3_EQB_CH3,Step14_Model2_EQA_CH3,Step15_Model1_EQB_CH4,Step16_Model3_EQC_CH3,Step17_Model3_EQC_CH1,Step18_Model2_EQC_CH1,Step19_Model3_EQB_CH4,Step20_Model3_EQA_CH4,Step21_Model2_EQA_CH1,Step22_Model1_EQB_CH2,Step23_Model1_EQA_CH2,Step24_Model1_EQC_CH4,Step25_Model2_EQA_CH3,Step26_Model3_EQB_CH2,Step27_Model1_EQC_CH1,Step28_Model3_EQA_CH2,Step29_Model1_EQB_CH2,Step30_Model1_EQC_CH4,,,,49.37316583811375,,,,,,,,,,64.89164781690613,,69.57927181535794,,,,,,,,,,,,,,,,,46.13142683517903,,48.31761343771579,,,,,,41.76528549037499,,,,52.08157125440641,,,,,,,,,,,,,,,,,,,
T029_W14,T029,14,Step1_Model1_EQA_CH3,Step2_Model3_EQA_CH1,Step3_Model3_EQB_CH2,Step4_Model1_EQC_CH4,Step5_Model1_EQA_CH3,Step6_Model1_EQC_CH1,Step7_Model1_EQC_CH2,Step8_Model2_EQA_CH2,Step9_Model3_EQC_CH2,Step10_Model1_EQA_CH2,Step11_Model3_EQB_CH1,Step12_Model1_EQB_CH4,Step13_Model3_EQB_CH2,Step14_Model2_EQA_CH3,Step15_Model1_EQB_CH3,Step16_Model3_EQC_CH1,Step17_Model3_EQC_CH2,Step18_Model2_EQC_CH4,Step19_Model3_EQB_CH3,Step20_Model3_EQA_CH1,Step21_Model2_EQA_CH4,Step22_Model1_EQB_CH4,Step23_Model1_EQA_CH4,Step24_Model1_EQC_CH1,Step25_Model2_EQA_CH2,Step26_Model3_EQB_CH2,Step27_Model1_EQC_CH1,Step28_Model3_EQA_CH2,Step29_Model1_EQB_CH4,Step30_Model1_EQC_CH2,,,,,,63.441691822109924,,33.70835522213382,,,,,,,,,,,,,,,,,,,56.35231735953893,,43.25482491349827,39.47207134197177,,,,,,52.02436461843132,55.09323848528923,,42.20356709603612,,,,,,50.96861330423042,,,,,,,,,,,7,,,,,,,,
T029_W15,T029,15,Step1_Model1_EQA_CH2,Step2_Model3_EQA_CH4,Step3_Model3_EQB_CH1,Step4_Model1_EQC_CH1,Step5_Model1_EQA_CH4,Step6_Model1_EQC_CH1,Step7_Model1_EQC_CH1,Step8_Model2_EQA_CH4,Step9_Model3_EQC_CH1,Step10_Model1_EQA_CH1,Step11_Model3_EQB_CH2,Step12_Model1_EQB_CH1,Step13_Model3_EQB_CH2,Step14_Model2_EQA_CH2,Step15_Model1_EQB_CH2,Step16_Model3_EQC_CH4,Step17_Model3_EQC_CH2,Step18_Model2_EQC_CH1,Step19_Model3_EQB_CH4,Step20_Model3_EQA_CH2,Step21_Model2_EQA_CH4,Step22_Model1_EQB_CH3,Step23_Model1_EQA_CH2,Step24_Model1_EQC_CH4,Step25_Model2_EQA_CH2,Step26_Model3_EQB_CH4,Step27_Model1_EQC_CH4,Step28_Model3_EQA_CH1,Step29_Model1_EQB_CH2,Step30_Model1_EQC_CH2,,,,,,64.86585309,,,,,,,,,,,,,60.65919521908643,,,,,,,,,,,,,44.10843677792979,,,,,,,,47.19895146724781,,,,,,,,50.95227208250371,,,,12,,,,,,,,,,,,
T029_W16,T029,16,Step1_Model1_EQA_CH4,Step2_Model3_EQA_CH3,Step3_Model3_EQB_CH4,Step4_Model1_EQC_CH1,Step5_Model1_EQA_CH3,Step6_Model1_EQC_CH4,Step7_Model1_EQC_CH2,Step8_Model2_EQA_CH1,Step9_Model3_EQC_CH3,Step10_Model1_EQA_CH2,Step11_Model3_EQB_CH2,Step12_Model1_EQB_CH3,Step13_Model3_EQB_CH1,Step14_Model2_EQA_CH4,Step15_Model1_EQB_CH4,Step16_Model3_EQC_CH2,Step17_Model3_EQC_CH4,Step18_Model2_EQC_CH1,Step19_Model3_EQB_CH1,Step20_Model3_EQA_CH1,Step21_Model2_EQA_CH3,Step22_Model1_EQB_CH3,Step23_Model1_EQA_CH2,Step24_Model1_EQC_CH4,Step25_Model2_EQA_CH2,Step26_Model3_EQB_CH3,Step27_Model1_EQC_CH4,Step28_Model3_EQA_CH2,Step29_Model1_EQB_CH1,Step30_Model1_EQC_CH3,,42.38772957777852,,,57.49010674194332,,,43.10173045721924,,,,,,,35.477974145996974,,,,68.66075368253227,,,,,,,,,58.659006989692294,,,,,,,,,,37.461049150199685,,,,,,,,38.48504714480725,,,,,,,,,12,11,,,,,,,,
T029_W17,T029,17,Step1_Model1_EQA_CH3,Step2_Model3_EQA_CH2,Step3_Model3_EQB_CH1,Step4_Model1_EQC_CH2,Step5_Model1_EQA_CH2,Step6_Model1_EQC_CH2,Step7_Model1_EQC_CH4,Step8_Model2_EQA_CH3,Step9_Model3_EQC_CH4,Step10_Model1_EQA_CH1,Step11_Model3_EQB_CH4,Step12_Model1_EQB_CH4,Step13_Model3_EQB_CH2,Step14_Model2_EQA_CH2,Step15_Model1_EQB_CH1,Step16_Model3_EQC_CH4,Step17_Model3_EQC_CH1,Step18_Model2_EQC_CH1,Step19_Model3_EQB_CH2,Step20_Model3_EQA_CH2,Step21_Model2_EQA_CH1,Step22_Model1_EQB_CH4,Step23_Model1_EQA_CH1,Step24_Model1_EQC_CH4,Step25_Model2_EQA_CH2,Step26_Model3_EQB_CH4,Step27_Model1_EQC_CH1,Step28_Model3_EQA_CH3,Step29_Model1_EQB_CH2,Step30_Model1_EQC_CH1,,,,35.81593839792562,,,,,62.221746725326234,,,,45.22748911596344,,,65.03696612850442,,,,,37.40963083,,58.996707601072345,,,65.08981452228046,47.257692358741714,,,37.91499606715386,,,,,,,,,,,,,,,46.285426067687524,,59.85573518866958,,,,,,,,,,,,,,,,,
T029_W18,T029,18,Step1_Model1_EQA_CH4,Step2_Model3_EQA_CH1,Step3_Model3_EQB_CH2,Step4_Model1_EQC_CH4,Step5_Model1_EQA_CH3,Step6_Model1_EQC_CH4,Step7_Model1_EQC_CH1,Step8_Model2_EQA_CH3,Step9_Model3_EQC_CH1,Step10_Model1_EQA_CH3,Step11_Model3_EQB_CH2,Step12_Model1_EQB_CH4,Step13_Model3_EQB_CH4,Step14_Model2_EQA_CH1,Step15_Model1_EQB_CH4,Step16_Model3_EQC_CH3,Step17_Model3_EQC_CH4,Step18_Model2_EQC_CH4,Step19_Model3_EQB_CH2,Step20_Model3_EQA_CH3,Step21_Model2_EQA_CH4,Step22_Model1_EQB_CH2,Step23_Model1_EQA_CH4,Step24_Model1_EQC_CH4,Step25_Model2_EQA_CH4,Step26_Model3_EQB_CH1,Step27_Model1_EQC_CH4,Step28_Model3_EQA_CH4,Step29_Model1_EQB_CH4,Step30_Model1_EQC_CH4,42.03219479654852,,,,,,,,,,,,,,,,,29.70278714501305,,,,,,,,60.85247672341755,,,,,,,,53.11412070441996,52.349269989939266,,,,40.94083406717099,,,,,,50.80732951158875,,,,,,15,,,,,,,,,,,,,
T029_W19,T029,19,Step1_Model1_EQA_CH4,Step2_Model3_EQA_CH1,Step3_Model3_EQB_CH2,Step4_Model1_EQC_CH2,Step5_Model1_EQA_CH1,Step6_Model1_EQC_CH2,Step7_Model1_EQC_CH1,Step8_Model2_EQA_CH2,Step9_Model3_EQC_CH4,Step10_Model1_EQA_CH2,Step11_Model3_EQB_CH1,Step12_Model1_EQB_CH2,Step13_Model3_EQB_CH4,Step14_Model2_EQA_CH1,Step15_Model1_EQB_CH1,Step16_Model3_EQC_CH1,Step17_Model3_EQC_CH2,Step18_Model2_EQC_CH4,Step19_Model3_EQB_CH3,Step20_Model3_EQA_CH4,Step21_Model2_EQA_CH3,Step22_Model1_EQB_CH4,Step23_Model1_EQA_CH3,Step24_Model1_EQC_CH4,Step25_Model2_EQA_CH4,Step26_Model3_EQB_CH3,Step27_Model1_EQC_CH1,Step28_Model3_EQA_CH1,Step29_Model1_EQB_CH2,Step30_Model1_EQC_CH2,,,,,,,,34.463318993793465,,,,,,,,63.608316116815345,,,,,40.19762437669245,31.780544165717604,,,37.31825735631193,,,,,,,,,,54.01527659702854,,,,42.257994882279284,,,,,,54.236682188762266,,,,,,,,,,,,,,,,,,,
T029_W20,T029,20,Step1_Model1_EQA_CH4,Step2_Model3_EQA_CH2,Step3_Model3_EQB_CH4,Step4_Model1_EQC_CH2,Step5_Model1_EQA_CH4,Step6_Model1_EQC_CH2,Step7_Model1_EQC_CH3,Step8_Model2_EQA_CH3,Step9_Model3_EQC_CH3,Step10_Model1_EQA_CH2,Step11_Model3_EQB_CH4,Step12_Model1_EQB_CH2,Step13_Model3_EQB_CH1,Step14_Model2_EQA_CH1,Step15_Model1_EQB_CH2,Step16_Model3_EQC_CH2,Step17_Model3_EQC_CH2,Step18_Model2_EQC_CH1,Step19_Model3_EQB_CH2,Step20_Model3_EQA_CH3,Step21_Model2_EQA_CH1,Step22_Model1_EQB_CH4,Step23_Model1_EQA_CH3,Step24_Model1_EQC_CH2,Step25_Model2_EQA_CH3,Step26_Model3_EQB_CH4,Step27_Model1_EQC_CH3,Step28_Model3_EQA_CH4,Step29_Model1_EQB_CH1,Step30_Model1_EQC_CH3,,,29.491770937410802,,,,,,,,39.907670415242016,,,,40.21979712,,,,,,,29.266136659202726,,,,60.260573056052785,,,,,,,,,,,,,,38.86425089483776,,,,,,,63.45500545310017,,,,,,,,,,,,,,,,,
T029_W21,T029,21,Step1_Model1_EQA_CH4,Step2_Model3_EQA_CH3,Step3_Model3_EQB_CH4,Step4_Model1_EQC_CH3,Step5_Model1_EQA_CH3,Step6_Model1_EQC_CH1,Step7_Model1_EQC_CH1,Step8_Model2_EQA_CH1,Step9_Model3_EQC_CH4,Step10_Model1_EQA_CH3,Step11_Model3_EQB_CH4,Step12_Model1_EQB_CH3,Step13_Model3_EQB_CH2,Step14_Model2_EQA_CH4,Step15_Model1_EQB_CH2,Step16_Model3_EQC_CH3,Step17_Model3_EQC_CH3,Step18_Model2_EQC_CH4,Step19_Model3_EQB_CH4,Step20_Model3_EQA_CH3,Step21_Model2_EQA_CH3,Step22_Model1_EQB_CH2,Step23_Model1_EQA_CH3,Step24_Model1_EQC_CH4,Step25_Model2_EQA_CH2,Step26_Model3_EQB_CH3,Step27_Model1_EQC_CH4,Step28_Model3_EQA_CH2,Step29_Model1_EQB_CH4,Step30_Model1_EQC_CH1,44.166552937185436,,,,,,,,,,,,,,34.21978814077423,,,,,,,30.25501956829585,,,46.84063531235617,,51.60982250444996,,,,,,,,,,,,,,,,,,43.090924568600116,,,47.58709307618265,,,,,,,,,,,,,,,,
T029_W22,T029,22,Step1_Model1_EQA_CH3,Step2_Model3_EQA_CH4,Step3_Model3_EQB_CH4,Step4_Model1_EQC_CH1,Step5_Model1_EQA_CH3,Step6_Model1_EQC_CH2,Step7_Model1_EQC_CH2,Step8_Model2_EQA_CH3,Step9_Model3_EQC_CH3,Step10_Model1_EQA_CH3,Step11_Model3_EQB_CH4,Step12_Model1_EQB_CH3,Step13_Model3_EQB_CH2,Step14_Model2_EQA_CH2,Step15_Model1_EQB_CH4,Step16_Model3_EQC_CH4,Step17_Model3_EQC_CH2,Step18_Model2_EQC_CH3,Step19_Model3_EQB_CH2,Step20_Model3_EQA_CH4,Step21_Model2_EQA_CH3,Step22_Model1_EQB_CH2,Step23_Model1_EQA_CH1,Step24_Model1_EQC_CH3,Step25_Model2_EQA_CH1,Step26_Model3_EQB_CH4,Step27_Model1_EQC_CH4,Step28_Model3_EQA_CH4,Step29_Model1_EQB_CH2,Step30_Model1_EQC_CH2,39.56866880148586,,,,,,,,,,,,,,,63.25086656,,,,,,,58.40735700996226,,,,,,,,,,,,51.83174890563799,,,,47.29186725353091,,,,,,,,,,,,,,12,,,,,,,,,,,
T029_W23,T029,23,Step1_Model1_EQA_CH4,Step2_Model3_EQA_CH3,Step3_Model3_EQB_CH4,Step4_Model1_EQC_CH1,Step5_Model1_EQA_CH1,Step6_Model1_EQC_CH1,Step7_Model1_EQC_CH1,Step8_Model2_EQA_CH1,Step9_Model3_EQC_CH4,Step10_Model1_EQA_CH4,Step11_Model3_EQB_CH4,Step12_Model1_EQB_CH2,Step13_Model3_EQB_CH2,Step14_Model2_EQA_CH1,Step15_Model1_EQB_CH4,Step16_Model3_EQC_CH3,Step17_Model3_EQC_CH1,Step18_Model2_EQC_CH4,Step19_Model3_EQB_CH2,Step20_Model3_EQA_CH3,Step21_Model2_EQA_CH4,Step22_Model1_EQB_CH3,Step23_Model1_EQA_CH3,Step24_Model1_EQC_CH3,Step25_Model2_EQA_CH1,Step26_Model3_EQB_CH1,Step27_Model1_EQC_CH1,Step28_Model3_EQA_CH2,Step29_Model1_EQB_CH1,Step30_Model1_EQC_CH1,,,,,,,,,,,,,,,,58.74896271426331,,,,,37.795972017864976,,,,,,,,45.54034415184629,,,,,65.72048763944977,52.38659641,,,,,,,,,,,,60.22173407752601,,,14,6,,,,,,,11,,,,,,
T029_W24,T029,24,Step1_Model1_EQA_CH4,Step2_Model3_EQA_CH4,Step3_Model3_EQB_CH3,Step4_Model1_EQC_CH3,Step5_Model1_EQA_CH2,Step6_Model1_EQC_CH4,Step7_Model1_EQC_CH2,Step8_Model2_EQA_CH4,Step9_Model3_EQC_CH1,Step10_Model1_EQA_CH1,Step11_Model3_EQB_CH1,Step12_Model1_EQB_CH2,Step13_Model3_EQB_CH3,Step14_Model2_EQA_CH1,Step15_Model1_EQB_CH2,Step16_Model3_EQC_CH2,Step17_Model3_EQC_CH1,Step18_Model2_EQC_CH4,Step19_Model3_EQB_CH1,Step20_Model3_EQA_CH2,Step21_Model2_EQA_CH3,Step22_Model1_EQB_CH4,Step23_Model1_EQA_CH3,Step24_Model1_EQC_CH3,Step25_Model2_EQA_CH4,Step26_Model3_EQB_CH4,Step27_Model1_EQC_CH1,Step28_Model3_EQA_CH1,Step29_Model1_EQB_CH1,Step30_Model1_EQC_CH4,,,,,,67.44093288,,36.49465768190051,,60.59340733936172,41.91999159670565,,,,49.78801523847083,,,,,,,37.92053049203014,,,54.96311287747107,,,,,,,,,,,,,,,,,,,,,,,53.07258741590693,,,,,,,,,,,,,,,,
T029_W25,T029,25,Step1_Model1_EQA_CH1,Step2_Model3_EQA_CH2,Step3_Model3_EQB_CH3,Step4_Model1_EQC_CH1,Step5_Model1_EQA_CH3,Step6_Model1_EQC_CH2,Step7_Model1_EQC_CH1,Step8_Model2_EQA_CH3,Step9_Model3_EQC_CH2,Step10_Model1_EQA_CH1,Step11_Model3_EQB_CH1,Step12_Model1_EQB_CH3,Step13_Model3_EQB_CH3,Step14_Model2_EQA_CH1,Step15_Model1_EQB_CH2,Step16_Model3_EQC_CH1,Step17_Model3_EQC_CH3,Step18_Model2_EQC_CH2,Step19_Model3_EQB_CH3,Step20_Model3_EQA_CH3,Step21_Model2_EQA_CH2,Step22_Model1_EQB_CH3,Step23_Model1_EQA_CH2,Step24_Model1_EQC_CH3,Step25_Model2_EQA_CH4,Step26_Model3_EQB_CH2,Step27_Model1_EQC_CH1,Step28_Model3_EQA_CH1,Step29_Model1_EQB_CH2,Step30_Model1_EQC_CH2,,,,,,67.12421266,,,,,,46.21674152569266,,,,,,,,,,,,49.10497832660493,,,,55.32488343541846,,,,,,,,63.281879253896065,,,,,,,,,52.49953397636212,,,,,,,,,,,,,,,,,,,
T030_W01,T030,1,Step1_Model3_EQC_CH2,Step2_Model2_EQA_CH4,Step3_Model3_EQC_CH2,Step4_Model2_EQC_CH4,Step5_Model3_EQA_CH4,Step6_Model1_EQB_CH1,Step7_Model1_EQC_CH1,Step8_Model3_EQA_CH1,Step9_Model2_EQA_CH2,Step10_Model1_EQC_CH3,Step11_Model2_EQC_CH1,Step12_Model3_EQA_CH4,Step13_Model1_EQB_CH2,Step14_Model2_EQA_CH4,Step15_Model1_EQA_CH3,Step16_Model3_EQB_CH2,Step17_Model2_EQC_CH2,Step18_Model2_EQC_CH4,Step19_Model1_EQA_CH4,Step20_Model2_EQC_CH3,Step21_Model2_EQC_CH3,Step22_Model2_EQB_CH3,Step23_Model3_EQA_CH1,Step24_Model2_EQB_CH3,Step25_Model2_EQA_CH2,Step26_Model1_EQB_CH1,Step27_Model2_EQB_CH1,Step28_Model1_EQA_CH4,Step29_Model1_EQA_CH1,Step30_Model2_EQB_CH2,,,,,62.659152952794635,,,,,51.04189464543184,,38.639947203620515,,,47.46847094844381,,54.98500080687838,38.17755948002939,,,,,65.21252896109085,,,,,,,,,47.889751318540796,,,,,,,,,,,,,49.161387375799414,32.084125279306335,,51.27657804738917,,,,,,,,,,,,,,,,
T030_W02,T030,2,Step1_Model3_EQC_CH3,Step2_Model2_EQA_CH3,Step3_Model3_EQC_CH2,Step4_Model2_EQC_CH2,Step5_Model3_EQA_CH2,Step6_Model1_EQB_CH1,Step7_Model1_EQC_CH3,Step8_Model3_EQA_CH1,Step9_Model2_EQA_CH3,Step10_Model1_EQC_CH3,Step11_Model2_EQC_CH4,Step12_Model3_EQA_CH1,Step13_Model1_EQB_CH4,Step14_Model2_EQA_CH4,Step15_Model1_EQA_CH1,Step16_Model3_EQB_CH3,Step17_Model2_EQC_CH2,Step18_Model2_EQC_CH4,Step19_Model1_EQA_CH2,Step20_Model2_EQC_CH3,Step21_Model2_EQC_CH3,Step22_Model2_EQB_CH4,Step23_Model3_EQA_CH4,Step24_Model2_EQB_CH4,Step25_Model2_EQA_CH2,Step26_Model1_EQB_CH4,Step27_Model2_EQB_CH4,Step28_Model1_EQA_CH2,Step29_Model1_EQA_CH4,Step30_Model2_EQB_CH1,,,,,,,,,57.59684807878882,,34.603505014668734,,,,,58.36587503610494,,,,,,,,,,,,,,,,,,,50.379616130713366,,,,,,,,,,,,,,,13,,,,,,,,,,,,,,
T030_W03,T030,3,Step1_Model3_EQC_CH3,Step2_Model2_EQA_CH4,Step3_Model3_EQC_CH4,Step4_Model2_EQC_CH3,Step5_Model3_EQA_CH3,Step6_Model1_EQB_CH3,Step7_Model1_EQC_CH2,Step8_Model3_EQA_CH2,Step9_Model2_EQA_CH2,Step10_Model1_EQC_CH1,Step11_Model2_EQC_CH4,Step12_Model3_EQA_CH1,Step13_Model1_EQB_CH4,Step14_Model2_EQA_CH3,Step15_Model1_EQA_CH3,Step16_Model3_EQB_CH3,Step17_Model2_EQC_CH3,Step18_Model2_EQC_CH1,Step19_Model1_EQA_CH4,Step20_Model2_EQC_CH3,Step21_Model2_EQC_CH1,Step22_Model2_EQB_CH1,Step23_Model3_EQA_CH1,Step24_Model2_EQB_CH2,Step25_Model2_EQA_CH1,Step26_Model1_EQB_CH3,Step27_Model2_EQB_CH4,Step28_Model1_EQA_CH4,Step29_Model1_EQA_CH4,Step30_Model2_EQB_CH1,,39.67545407232596,,,,,,,,55.42615221522925,,,,,,,,,,,,,,,,,,,47.61485262737883,,,,,,,63.62458823071044,,,,,46.275950710291355,,,,,,,,11,,,,,,,,,,,,,,,
T030_W04,T030,4,Step1_Model3_EQC_CH1,Step2_Model2_EQA_CH4,Step3_Model3_EQC_CH4,Step4_Model2_EQC_CH1,Step5_Model3_EQA_CH3,Step6_Model1_EQB_CH3,Step7_Model1_EQC_CH1,Step8_Model3_EQA_CH3,Step9_Model2_EQA_CH2,Step10_Model1_EQC_CH3,Step11_Model2_EQC_CH4,Step12_Model3_EQA_CH1,Step13_Model1_EQB_CH2,Step14_Model2_EQA_CH3,Step15_Model1_EQA_CH4,Step16_Model3_EQB_CH1,Step17_Model2_EQC_CH3,Step18_Model2_EQC_CH1,Step19_Model1_EQA_CH3,Step20_Model2_EQC_CH2,Step21_Model2_EQC_CH3,Step22_Model2_EQB_CH2,Step23_Model3_EQA_CH4,Step24_Model2_EQB_CH4,Step25_Model2_EQA_CH1,Step26_Model1_EQB_CH2,Step27_Model2_EQB_CH2,Step28_Model1_EQA_CH1,Step29_Model1_EQA_CH3,Step30_Model2_EQB_CH4,,,,,61.657505590847066,,35.65728812904401,40.374405999021434,,,,,,,,61.228173235796596,47.62127321604153,33.89131341013702,59.006285706193474,,,,,,,,,,,40.31832333775787,,,,64.30764113955853,52.05761287718008,,,,37.69960730348889,32.72102164855634,,,,,,,,,,,,,,,,,,,,,,,,
T030_W05,T030,5,Step1_Model3_EQC_CH4,Step2_Model2_EQA_CH2,Step3_Model3_EQC_CH4,Step4_Model2_EQC_CH4,Step5_Model3_EQA_CH4,Step6_Model1_EQB_CH1,Step7_Model1_EQC_CH4,Step8_Model3_EQA_CH1,Step9_Model2_EQA_CH4,Step10_Model1_EQC_CH2,Step11_Model2_EQC_CH1,Step12_Model3_EQA_CH2,Step13_Model1_EQB_CH1,Step14_Model2_EQA_CH4,Step15_Model1_EQA_CH1,Step16_Model3_EQB_CH2,Step17_Model2_EQC_CH2,Step18_Model2_EQC_CH2,Step19_Model1_EQA_CH1,Step20_Model2_EQC_CH4,Step21_Model2_EQC_CH1,Step22_Model2_EQB_CH1,Step23_Model3_EQA_CH2,Step24_Model2_EQB_CH2,Step25_Model2_EQA_CH2,Step26_Model1_EQB_CH4,Step27_Model2_EQB_CH1,Step28_Model1_EQA_CH4,Step29_Model1_EQA_CH3,Step30_Model2_EQB_CH1,,,,,,,,,,,,,,61.24843811779089,,,,,,,,,,,,,,,,,,,,,47.63127281209637,,,33.56105588820221,,,,,57.63984099992585,,,34.580024345765274,,,10,,,,,,,,,,,,,,,
T030_W06,T030,6,Step1_Model3_EQC_CH2,Step2_Model2_EQA_CH2,Step3_Model3_EQC_CH4,Step4_Model2_EQC_CH3,Step5_Model3_EQA_CH4,Step6_Model1_EQB_CH1,Step7_Model1_EQC_CH4,Step8_Model3_EQA_CH4,Step9_Model2_EQA_CH1,Step10_Model1_EQC_CH2,Step11_Model2_EQC_CH4,Step12_Model3_EQA_CH2,Step13_Model1_EQB_CH2,Step14_Model2_EQA_CH1,Step15_Model1_EQA_CH2,Step16_Model3_EQB_CH1,Step17_Model2_EQC_CH4,Step18_Model2_EQC_CH2,Step19_Model1_EQA_CH1,Step20_Model2_EQC_CH3,Step21_Model2_EQC_CH1,Step22_Model2_EQB_CH4,Step23_Model3_EQA_CH1,Step24_Model2_EQB_CH2,Step25_Model2_EQA_CH4,Step26_Model1_EQB_CH3,Step27_Model2_EQB_CH2,Step28_Model1_EQA_CH1,Step29_Model1_EQA_CH2,Step30_Model2_EQB_CH1,40.956366454753386,40.97907622966095,,,,,,,52.52484361389361,,,45.51733738014187,,,,64.54063926978186,,,,,,,,,,,,50.8754822,47.81655593193258,,,39.538868288539554,,,,,,40.45544953769928,,,,,,,,,,,,,,,,,,,,,,,,,,
T030_W07,T030,7,Step1_Model3_EQC_CH4,Step2_Model2_EQA_CH2,Step3_Model3_EQC_CH2,Step4_Model2_EQC_CH1,Step5_Model3_EQA_CH3,Step6_Model1_EQB_CH2,Step7_Model1_EQC_CH2,Step8_Model3_EQA_CH4,Step9_Model2_EQA_CH1,Step10_Model1_EQC_CH2,Step11_Model2_EQC_CH2,Step12_Model3_EQA_CH2,Step13_Model1_EQB_CH4,Step14_Model2_EQA_CH1,Step15_Model1_EQA_CH4,Step16_Model3_EQB_CH3,Step17_Model2_EQC_CH1,Step18_Model2_EQC_CH2,Step19_Model1_EQA_CH4,Step20_Model2_EQC_CH2,Step21_Model2_EQC_CH2,Step22_Model2_EQB_CH4,Step23_Model3_EQA_CH2,Step24_Model2_EQB_CH1,Step25_Model2_EQA_CH1,Step26_Model1_EQB_CH1,Step27_Model2_EQB_CH4,Step28_Model1_EQA_CH4,Step29_Model1_EQA_CH2,Step30_Model2_EQB_CH3,,,,47.26956122367455,,,,,62.44378558053127,,,,,57.331213989440435,,,,,,,,,,,,,,,,,,42.95420554519842,,,,,51.79881851102143,,,,,,,,,,,,,,,,,,,,,,,,,,,
T030_W08,T030,8,Step1_Model3_EQC_CH3,Step2_Model2_EQA_CH2,Step3_Model3_EQC_CH1,Step4_Model2_EQC_CH1,Step5_Model3_EQA_CH4,Step6_Model1_EQB_CH1,Step7_Model1_EQC_CH3,Step8_Model3_EQA_CH3,Step9_Model2_EQA_CH2,Step10_Model1_EQC_CH1,Step11_Model2_EQC_CH4,Step12_Model3_EQA_CH2,Step13_Model1_EQB_CH3,Step14_Model2_EQA_CH3,Step15_Model1_EQA_CH1,Step16_Model3_EQB_CH1,Step17_Model2_EQC_CH1,Step18_Model2_EQC_CH1,Step19_Model1_EQA_CH1,Step20_Model2_EQC_CH3,Step21_Model2_EQC_CH4,Step22_Model2_EQB_CH3,Step23_Model3_EQA_CH1,Step24_Model2_EQB_CH1,Step25_Model2_EQA_CH1,Step26_Model1_EQB_CH3,Step27_Model2_EQB_CH3,Step28_Model1_EQA_CH4,Step29_Model1_EQA_CH4,Step30_Model2_EQB_CH4,,,41.716099779839425,,,,,,,,,,48.62612802248655,,,59.19711265574811,,,,,,,,,44.34906380577295,,,,,,,,,,54.445598151917444,,,,,,,50.616872164743214,,,,,,,,,,,,,14,9,,,,,,,,
T030_W09,T030,9,Step1_Model3_EQC_CH1,Step2_Model2_EQA_CH2,Step3_Model3_EQC_CH3,Step4_Model2_EQC_CH3,Step5_Model3_EQA_CH2,Step6_Model1_EQB_CH3,Step7_Model1_EQC_CH3,Step8_Model3_EQA_CH2,Step9_Model2_EQA_CH3,Step10_Model1_EQC_CH2,Step11_Model2_EQC_CH1,Step12_Model3_EQA_CH4,Step13_Model1_EQB_CH1,Step14_Model2_EQA_CH4,Step15_Model1_EQA_CH1,Step16_Model3_EQB_CH4,Step17_Model2_EQC_CH1,Step18_Model2_EQC_CH1,Step19_Model1_EQA_CH1,Step20_Model2_EQC_CH3,Step21_Model2_EQC_CH2,Step22_Model2_EQB_CH2,Step23_Model3_EQA_CH4,Step24_Model2_EQB_CH1,Step25_Model2_EQA_CH2,Step26_Model1_EQB_CH3,Step27_Model2_EQB_CH3,Step28_Model1_EQA_CH2,Step29_Model1_EQA_CH2,Step30_Model2_EQB_CH3,,,32.13276991340943,,,,,36.02018943973617,,,,,40.43882471050963,,,,,,,,,,,,50.689731112546355,56.177279858779166,,,,36.102037202743276,,48.401155050161634,,,,,,,,,,57.46990089383595,59.044147102808445,,,36.53776013781043,,,,,,,,,,,,,,,,,,
T030_W10,T030,10,Step1_Model3_EQC_CH2,Step2_Model2_EQA_CH4,Step3_Model3_EQC_CH3,Step4_Model2_EQC_CH3,Step5_Model3_EQA_CH4,Step6_Model1_EQB_CH1,Step7_Model1_EQC_CH2,Step8_Model3_EQA_CH2,Step9_Model2_EQA_CH2,Step10_Model1_EQC_CH2,Step11_Model2_EQC_CH4,Step12_Model3_EQA_CH1,Step13_Model1_EQB_CH2,Step14_Model2_EQA_CH4,Step15_Model1_EQA_CH4,Step16_Model3_EQB_CH3,Step17_Model2_EQC_CH2,Step18_Model2_EQC_CH4,Step19_Model1_EQA_CH1,Step20_Model2_EQC_CH3,Step21_Model2_EQC_CH2,Step22_Model2_EQB_CH1,Step23_Model3_EQA_CH4,Step24_Model2_EQB_CH1,Step25_Model2_EQA_CH1,Step26_Model1_EQB_CH2,Step27_Model2_EQB_CH4,Step28_Model1_EQA_CH1,Step29_Model1_EQA_CH4,Step30_Model2_EQB_CH3,,,,,,71.45315098997298,,,,,,,,,29.05258249598775,,,,,,,,,,,,,,,,,,,,,53.01709480626123,,37.74725082,,,,58.777908136603514,,33.957749315230444,,,,57.330550333750814,,,,,,,,,,,,,,,,
T030_W11,T030,11,Step1_Model3_EQC_CH4,Step2_Model2_EQA_CH3,Step3_Model3_EQC_CH2,Step4_Model2_EQC_CH3,Step5_Model3_EQA_CH2,Step6_Model1_EQB_CH3,Step7_Model1_EQC_CH2,Step8_Model3_EQA_CH2,Step9_Model2_EQA_CH2,Step10_Model1_EQC_CH2,Step11_Model2_EQC_CH3,Step12_Model3_EQA_CH2,Step13_Model1_EQB_CH3,Step14_Model2_EQA_CH2,Step15_Model1_EQA_CH4,Step16_Model3_EQB_CH4,Step17_Model2_EQC_CH3,Step18_Model2_EQC_CH1,Step19_Model1_EQA_CH3,Step20_Model2_EQC_CH3,Step21_Model2_EQC_CH3,Step22_Model2_EQB_CH2,Step23_Model3_EQA_CH1,Step24_Model2_EQB_CH3,Step25_Model2_EQA_CH4,Step26_Model1_EQB_CH4,Step27_Model2_EQB_CH3,Step28_Model1_EQA_CH3,Step29_Model1_EQA_CH2,Step30_Model2_EQB_CH1,,41.72162215795457,,,,,45.81338962083418,,,,32.60503050237079,,,,,,,,,,,39.85047746640998,,,48.94255653883334,,,61.68210338713533,,,,,,,,,,,37.23578501850186,,,,,34.43397346960424,,,,,,,,,,,,,,,,,,,,
T030_W12,T030,12,Step1_Model3_EQC_CH3,Step2_Model2_EQA_CH1,Step3_Model3_EQC_CH2,Step4_Model2_EQC_CH3,Step5_Model3_EQA_CH2,Step6_Model1_EQB_CH3,Step7_Model1_EQC_CH2,Step8_Model3_EQA_CH1,Step9_Model2_EQA_CH4,Step10_Model1_EQC_CH3,Step11_Model2_EQC_CH3,Step12_Model3_EQA_CH2,Step13_Model1_EQB_CH3,Step14_Model2_EQA_CH4,Step15_Model1_EQA_CH2,Step16_Model3_EQB_CH3,Step17_Model2_EQC_CH2,Step18_Model2_EQC_CH3,Step19_Model1_EQA_CH2,Step20_Model2_EQC_CH1,Step21_Model2_EQC_CH1,Step22_Model2_EQB_CH1,Step23_Model3_EQA_CH3,Step24_Model2_EQB_CH2,Step25_Model2_EQA_CH2,Step26_Model1_EQB_CH3,Step27_Model2_EQB_CH4,Step28_Model1_EQA_CH3,Step29_Model1_EQA_CH2,Step30_Model2_EQB_CH2,,,,,,,,,,,,49.729149161837455,,,45.098315087347736,,,,,,,,,,,,,58.25958206909039,,,,,,,,,,,,,,,,,,32.29026259705945,,,,,,,,,,,,,,,,,,
T030_W13,T030,13,Step1_Model3_EQC_CH2,Step2_Model2_EQA_CH3,Step3_Model3_EQC_CH3,Step4_Model2_EQC_CH3,Step5_Model3_EQA_CH4,Step6_Model1_EQB_CH4,Step7_Model1_EQC_CH1,Step8_Model3_EQA_CH2,Step9_Model2_EQA_CH2,Step10_Model1_EQC_CH2,Step11_Model2_EQC_CH1,Step12_Model3_EQA_CH4,Step13_Model1_EQB_CH4,Step14_Model2_EQA_CH2,Step15_Model1_EQA_CH1,Step16_Model3_EQB_CH1,Step17_Model2_EQC_CH3,Step18_Model2_EQC_CH2,Step19_Model1_EQA_CH4,Step20_Model2_EQC_CH1,Step21_Model2_EQC_CH3,Step22_Model2_EQB_CH1,Step23_Model3_EQA_CH4,Step24_Model2_EQB_CH4,Step25_Model2_EQA_CH2,Step26_Model1_EQB_CH1,Step27_Model2_EQB_CH3,Step28_Model1_EQA_CH3,Step29_Model1_EQA_CH2,Step30_Model2_EQB_CH2,,,,,,,,,56.109127477803256,,,,,,,,44.99418923639729,36.25422813,,,,,,,,,,,,,,,,,44.879872645929844,,,,,,,58.50049869231608,,,,,56.42233282221785,,,,,,,,,,,,,,,,,
T030_W14,T030,14,Step1_Model3_EQC_CH3,Step2_Model2_EQA_CH1,Step3_Model3_EQC_CH1,Step4_Model2_EQC_CH2,Step5_Model3_EQA_CH4,Step6_Model1_EQB_CH1,Step7_Model1_EQC_CH2,Step8_Model3_EQA_CH4,Step9_Model2_EQA_CH4,Step10_Model1_EQC_CH3,Step11_Model2_EQC_CH1,Step12_Model3_EQA_CH2,Step13_Model1_EQB_CH1,Step14_Model2_EQA_CH2,Step15_Model1_EQA_CH3,Step16_Model3_EQB_CH1,Step17_Model2_EQC_CH3,Step18_Model2_EQC_CH2,Step19_Model1_EQA_CH1,Step20_Model2_EQC_CH3,Step21_Model2_EQC_CH2,Step22_Model2_EQB_CH4,Step23_Model3_EQA_CH2,Step24_Model2_EQB_CH1,Step25_Model2_EQA_CH4,Step26_Model1_EQB_CH3,Step27_Model2_EQB_CH1,Step28_Model1_EQA_CH1,Step29_Model1_EQA_CH4,Step30_Model2_EQB_CH4,,,,49.44193614,,,,,,,,,,59.59068321083845,,,,,,,,,,,38.67239754,,,,,,,,,56.461436455607114,,,,36.69165357932322,,,,,,,,,61.51286723297122,,,,,,,,,,,,,,,,,
T030_W15,T030,15,Step1_Model3_EQC_CH4,Step2_Model2_EQA_CH3,Step3_Model3_EQC_CH1,Step4_Model2_EQC_CH1,Step5_Model3_EQA_CH2,Step6_Model1_EQB_CH1,Step7_Model1_EQC_CH1,Step8_Model3_EQA_CH2,Step9_Model2_EQA_CH1,Step10_Model1_EQC_CH4,Step11_Model2_EQC_CH1,Step12_Model3_EQA_CH4,Step13_Model1_EQB_CH2,Step14_Model2_EQA_CH2,Step15_Model1_EQA_CH4,Step16_Model3_EQB_CH2,Step17_Model2_EQC_CH3,Step18_Model2_EQC_CH4,Step19_Model1_EQA_CH3,Step20_Model2_EQC_CH3,Step21_Model2_EQC_CH1,Step22_Model2_EQB_CH1,Step23_Model3_EQA_CH1,Step24_Model2_EQB_CH4,Step25_Model2_EQA_CH1,Step26_Model1_EQB_CH3,Step27_Model2_EQB_CH4,Step28_Model1_EQA_CH2,Step29_Model1_EQA_CH4,Step30_Model2_EQB_CH4,38.43360153542666,,,50.078939809677664,,,,,,,,,,,,,,,,,33.054516519911964,30.239733527758105,,,,,,,,,,,61.62290518,,,49.60908606479274,,29.225694580363268,,,50.57455772,,,,49.987201694707345,,,,,,,6,,,,9,8,11,,,,,,
T030_W16,T030,16,Step1_Model3_EQC_CH1,Step2_Model2_EQA_CH4,Step3_Model3_EQC_CH3,Step4_Model2_EQC_CH4,Step5_Model3_EQA_CH2,Step6_Model1_EQB_CH4,Step7_Model1_EQC_CH3,Step8_Model3_EQA_CH1,Step9_Model2_EQA_CH1,Step10_Model1_EQC_CH3,Step11_Model2_EQC_CH4,Step12_Model3_EQA_CH3,Step13_Model1_EQB_CH1,Step14_Model2_EQA_CH4,Step15_Model1_EQA_CH4,Step16_Model3_EQB_CH3,Step17_Model2_EQC_CH2,Step18_Model2_EQC_CH1,Step19_Model1_EQA_CH2,Step20_Model2_EQC_CH2,Step21_Model2_EQC_CH3,Step22_Model2_EQB_CH1,Step23_Model3_EQA_CH2,Step24_Model2_EQB_CH1,Step25_Model2_EQA_CH1,Step26_Model1_EQB_CH1,Step27_Model2_EQB_CH2,Step28_Model1_EQA_CH1,Step29_Model1_EQA_CH2,Step30_Model2_EQB_CH4,,,,,,,45.411966211440905,,,,,,,,,,,,,,,,,,49.19665903597607,,,,,,,,,,,,,,,,,,,32.162503375233854,,,,,,,,,,,,,,,,,,,,
T030_W17,T030,17,Step1_Model3_EQC_CH2,Step2_Model2_EQA_CH4,Step3_Model3_EQC_CH4,Step4_Model2_EQC_CH4,Step5_Model3_EQA_CH3,Step6_Model1_EQB_CH1,Step7_Model1_EQC_CH4,Step8_Model3_EQA_CH2,Step9_Model2_EQA_CH3,Step10_Model1_EQC_CH1,Step11_Model2_EQC_CH4,Step12_Model3_EQA_CH1,Step13_Model1_EQB_CH3,Step14_Model2_EQA_CH2,Step15_Model1_EQA_CH1,Step16_Model3_EQB_CH2,Step17_Model2_EQC_CH3,Step18_Model2_EQC_CH4,Step19_Model1_EQA_CH1,Step20_Model2_EQC_CH3,Step21_Model2_EQC_CH1,Step22_Model2_EQB_CH2,Step23_Model3_EQA_CH4,Step24_Model2_EQB_CH1,Step25_Model2_EQA_CH1,Step26_Model1_EQB_CH3,Step27_Model2_EQB_CH2,Step28_Model1_EQA_CH2,Step29_Model1_EQA_CH1,Step30_Model2_EQB_CH1,,,,,,,,41.31259217336663,,,,,,,46.910209634988796,,54.02526247377774,,,,,37.71691400229663,,,42.313506424029804,,,,,,,,,,,,,,44.07366697487907,,,,,,,,,,,,,,,,,,,,,,,,,
T030_W18,T030,18,Step1_Model3_EQC_CH2,Step2_Model2_EQA_CH2,Step3_Model3_EQC_CH2,Step4_Model2_EQC_CH3,Step5_Model3_EQA_CH3,Step6_Model1_EQB_CH2,Step7_Model1_EQC_CH4,Step8_Model3_EQA_CH1,Step9_Model2_EQA_CH3,Step10_Model1_EQC_CH3,Step11_Model2_EQC_CH1,Step12_Model3_EQA_CH1,Step13_Model1_EQB_CH4,Step14_Model2_EQA_CH1,Step15_Model1_EQA_CH4,Step16_Model3_EQB_CH3,Step17_Model2_EQC_CH1,Step18_Model2_EQC_CH1,Step19_Model1_EQA_CH3,Step20_Model2_EQC_CH4,Step21_Model2_EQC_CH4,Step22_Model2_EQB_CH2,Step23_Model3_EQA_CH4,Step24_Model2_EQB_CH2,Step25_Model2_EQA_CH2,Step26_Model1_EQB_CH1,Step27_Model2_EQB_CH1,Step28_Model1_EQA_CH3,Step29_Model1_EQA_CH3,Step30_Model2_EQB_CH1,34.408393068896444,,41.605698180754985,,,,,,,,,,,,40.99379193077819,,,,54.99442358890045,,,37.03506779818168,,44.54730171795732,,59.00523003022444,,,,,,,,,,,,,,,,,,,,,,,,,,,,,,,,,,,,,,
T030_W19,T030,19,Step1_Model3_EQC_CH4,Step2_Model2_EQA_CH4,Step3_Model3_EQC_CH1,Step4_Model2_EQC_CH2,Step5_Model3_EQA_CH4,Step6_Model1_EQB_CH2,Step7_Model1_EQC_CH1,Step8_Model3_EQA_CH3,Step9_Model2_EQA_CH2,Step10_Model1_EQC_CH4,Step11_Model2_EQC_CH2,Step12_Model3_EQA_CH1,Step13_Model1_EQB_CH2,Step14_Model2_EQA_CH4,Step15_Model1_EQA_CH3,Step16_Model3_EQB_CH3,Step17_Model2_EQC_CH4,Step18_Model2_EQC_CH1,Step19_Model1_EQA_CH3,Step20_Model2_EQC_CH4,Step21_Model2_EQC_CH2,Step22_Model2_EQB_CH4,Step23_Model3_EQA_CH2,Step24_Model2_EQB_CH1,Step25_Model2_EQA_CH2,Step26_Model1_EQB_CH4,Step27_Model2_EQB_CH1,Step28_Model1_EQA_CH4,Step29_Model1_EQA_CH1,Step30_Model2_EQB_CH3,,,,,61.079819240144865,,,,,,35.31883763899254,,44.61925746497611,,,,,,,,,,,,,,,,,,,,,65.02335557757165,46.402927260824995,,,,,,52.657807877176296,,,,,,,,,14,,,,,,,11,14,,,,,,
T030_W20,T030,20,Step1_Model3_EQC_CH2,Step2_Model2_EQA_CH2,Step3_Model3_EQC_CH4,Step4_Model2_EQC_CH4,Step5_Model3_EQA_CH2,Step6_Model1_EQB_CH2,Step7_Model1_EQC_CH1,Step8_Model3_EQA_CH2,Step9_Model2_EQA_CH1,Step10_Model1_EQC_CH4,Step11_Model2_EQC_CH1,Step12_Model3_EQA_CH4,Step13_Model1_EQB_CH2,Step14_Model2_EQA_CH1,Step15_Model1_EQA_CH1,Step16_Model3_EQB_CH3,Step17_Model2_EQC_CH1,Step18_Model2_EQC_CH2,Step19_Model1_EQA_CH4,Step20_Model2_EQC_CH1,Step21_Model2_EQC_CH1,Step22_Model2_EQB_CH1,Step23_Model3_EQA_CH3,Step24_Model2_EQB_CH4,Step25_Model2_EQA_CH4,Step26_Model1_EQB_CH4,Step27_Model2_EQB_CH4,Step28_Model1_EQA_CH4,Step29_Model1_EQA_CH1,Step30_Model2_EQB_CH2,,,,,,,40.59351001514524,,,,,,,,,70.89220831514972,,,,,36.631714081323956,,57.338508567657065,,,,52.50519807149815,,,,,,,,,,,,,,,,,,,,,48.78487358091487,,,,,,,,,,,,,,,,
T030_W21,T030,21,Step1_Model3_EQC_CH1,Step2_Model2_EQA_CH1,Step3_Model3_EQC_CH3,Step4_Model2_EQC_CH1,Step5_Model3_EQA_CH2,Step6_Model1_EQB_CH4,Step7_Model1_EQC_CH4,Step8_Model3_EQA_CH3,Step9_Model2_EQA_CH3,Step10_Model1_EQC_CH3,Step11_Model2_EQC_CH2,Step12_Model3_EQA_CH1,Step13_Model1_EQB_CH4,Step14_Model2_EQA_CH2,Step15_Model1_EQA_CH4,Step16_Model3_EQB_CH3,Step17_Model2_EQC_CH4,Step18_Model2_EQC_CH2,Step19_Model1_EQA_CH2,Step20_Model2_EQC_CH4,Step21_Model2_EQC_CH4,Step22_Model2_EQB_CH3,Step23_Model3_EQA_CH3,Step24_Model2_EQB_CH3,Step25_Model2_EQA_CH3,Step26_Model1_EQB_CH2,Step27_Model2_EQB_CH1,Step28_Model1_EQA_CH3,Step29_Model1_EQA_CH4,Step30_Model2_EQB_CH1,,,37.50771620798027,,,,,,,,,,,,,,,,,,,,,,42.089701839069036,,,,,,,,,52.56620422043125,,,,,,35.17381694,46.91524981419178,,,,,34.044393317537924,,,,,,,,,,10,,,,,,,,
T030_W22,T030,22,Step1_Model3_EQC_CH1,Step2_Model2_EQA_CH2,Step3_Model3_EQC_CH2,Step4_Model2_EQC_CH2,Step5_Model3_EQA_CH1,Step6_Model1_EQB_CH1,Step7_Model1_EQC_CH1,Step8_Model3_EQA_CH2,Step9_Model2_EQA_CH2,Step10_Model1_EQC_CH4,Step11_Model2_EQC_CH4,Step12_Model3_EQA_CH1,Step13_Model1_EQB_CH2,Step14_Model2_EQA_CH3,Step15_Model1_EQA_CH3,Step16_Model3_EQB_CH3,Step17_Model2_EQC_CH2,Step18_Model2_EQC_CH4,Step19_Model1_EQA_CH4,Step20_Model2_EQC_CH3,Step21_Model2_EQC_CH2,Step22_Model2_EQB_CH3,Step23_Model3_EQA_CH3,Step24_Model2_EQB_CH4,Step25_Model2_EQA_CH2,Step26_Model1_EQB_CH3,Step27_Model2_EQB_CH3,Step28_Model1_EQA_CH4,Step29_Model1_EQA_CH1,Step30_Model2_EQB_CH4,,,,,,,38.51361427757414,,,,,,,,,,,,,,,,57.949331922390336,,,,,,,21.825077181884932,,,,,50.612046472659706,,,,,,,,,,,31.94800779140636,,,,,,,,,,,,,,,,,,
T030_W23,T030,23,Step1_Model3_EQC_CH2,Step2_Model2_EQA_CH2,Step3_Model3_EQC_CH1,Step4_Model2_EQC_CH4,Step5_Model3_EQA_CH1,Step6_Model1_EQB_CH1,Step7_Model1_EQC_CH2,Step8_Model3_EQA_CH3,Step9_Model2_EQA_CH3,Step10_Model1_EQC_CH2,Step11_Model2_EQC_CH1,Step12_Model3_EQA_CH3,Step13_Model1_EQB_CH2,Step14_Model2_EQA_CH1,Step15_Model1_EQA_CH1,Step16_Model3_EQB_CH3,Step17_Model2_EQC_CH3,Step18_Model2_EQC_CH3,Step19_Model1_EQA_CH3,Step20_Model2_EQC_CH2,Step21_Model2_EQC_CH2,Step22_Model2_EQB_CH1,Step23_Model3_EQA_CH1,Step24_Model2_EQB_CH3,Step25_Model2_EQA_CH4,Step26_Model1_EQB_CH4,Step27_Model2_EQB_CH4,Step28_Model1_EQA_CH3,Step29_Model1_EQA_CH1,Step30_Model2_EQB_CH4,,,,,,,,,,,33.60884595267028,,,,,,49.55751601545921,34.82309947386743,,,,,,,,,,,,,,,,60.99154317381338,,,,33.39982564214493,43.91975172887957,,,,,,,34.81766063325683,,,,,,,,,,,13,,,,,,,
T030_W24,T030,24,Step1_Model3_EQC_CH4,Step2_Model2_EQA_CH1,Step3_Model3_EQC_CH2,Step4_Model2_EQC_CH2,Step5_Model3_EQA_CH3,Step6_Model1_EQB_CH2,Step7_Model1_EQC_CH1,Step8_Model3_EQA_CH1,Step9_Model2_EQA_CH4,Step10_Model1_EQC_CH4,Step11_Model2_EQC_CH3,Step12_Model3_EQA_CH4,Step13_Model1_EQB_CH3,Step14_Model2_EQA_CH2,Step15_Model1_EQA_CH3,Step16_Model3_EQB_CH3,Step17_Model2_EQC_CH2,Step18_Model2_EQC_CH2,Step19_Model1_EQA_CH4,Step20_Model2_EQC_CH4,Step21_Model2_EQC_CH4,Step22_Model2_EQB_CH2,Step23_Model3_EQA_CH2,Step24_Model2_EQB_CH3,Step25_Model2_EQA_CH3,Step26_Model1_EQB_CH2,Step27_Model2_EQB_CH3,Step28_Model1_EQA_CH3,Step29_Model1_EQA_CH4,Step30_Model2_EQB_CH1,,,,,61.668767202957916,,,,,,,,,,,,,,,,,,56.82129301376161,,49.33372865794303,61.09962305980109,50.230975660872964,,,36.23033342412113,,,,,,,,,,,,61.26615855670731,,,,,,,,,,,,,,,,,,,,,,
T030_W25,T030,25,Step1_Model3_EQC_CH3,Step2_Model2_EQA_CH3,Step3_Model3_EQC_CH3,Step4_Model2_EQC_CH4,Step5_Model3_EQA_CH1,Step6_Model1_EQB_CH2,Step7_Model1_EQC_CH2,Step8_Model3_EQA_CH1,Step9_Model2_EQA_CH3,Step10_Model1_EQC_CH3,Step11_Model2_EQC_CH1,Step12_Model3_EQA_CH4,Step13_Model1_EQB_CH2,Step14_Model2_EQA_CH3,Step15_Model1_EQA_CH2,Step16_Model3_EQB_CH4,Step17_Model2_EQC_CH2,Step18_Model2_EQC_CH2,Step19_Model1_EQA_CH2,Step20_Model2_EQC_CH2,Step21_Model2_EQC_CH4,Step22_Model2_EQB_CH3,Step23_Model3_EQA_CH4,Step24_Model2_EQB_CH2,Step25_Model2_EQA_CH3,Step26_Model1_EQB_CH1,Step27_Model2_EQB_CH4,Step28_Model1_EQA_CH2,Step29_Model1_EQA_CH3,Step30_Model2_EQB_CH4,,41.27772729374363,,,,,,,,,,,42.67493851280023,,,57.69505649542049,53.15586454145879,,,,,,70.69979492601351,,,,,,,,,,57.88728064155312,,,,,44.974798865444846,35.03527603,,42.93462278468802,,,,,,,,,,,,,,,,,,,,,,,
T031_W01,T031,1,Step1_Model1_EQA_CH2,Step2_Model3_EQB_CH3,Step3_Model1_EQC_CH4,Step4_Model2_EQC_CH1,Step5_Model2_EQA_CH4,Step6_Model3_EQC_CH3,Step7_Model3_EQA_CH4,Step8_Model3_EQA_CH4,Step9_Model2_EQC_CH1,Step10_Model2_EQA_CH3,Step11_Model2_EQB_CH4,Step12_Model3_EQC_CH1,Step13_Model2_EQA_CH1,Step14_Model2_EQA_CH3,Step15_Model1_EQC_CH1,Step16_Model2_EQA_CH1,Step17_Model3_EQB_CH3,Step18_Model3_EQB_CH1,Step19_Model1_EQB_CH1,Step20_Model1_EQB_CH1,Step21_Model3_EQA_CH3,Step22_Model1_EQB_CH4,Step23_Model2_EQB_CH1,Step24_Model1_EQC_CH3,Step25_Model3_EQB_CH2,Step26_Model3_EQA_CH3,Step27_Model3_EQC_CH2,Step28_Model1_EQB_CH4,Step29_Model2_EQC_CH1,Step30_Model2_EQA_CH1,,,,,,,,,,,,,,,,51.12946236183153,,,,37.28306159685018,,,,,,60.228506964269585,,,,,,,,,,,,,,45.213815465462716,,,,,,,,,,,,,,,,,,,,,,,,
T031_W02,T031,2,Step1_Model1_EQA_CH1,Step2_Model3_EQB_CH4,Step3_Model1_EQC_CH4,Step4_Model2_EQC_CH1,Step5_Model2_EQA_CH2,Step6_Model3_EQC_CH2,Step7_Model3_EQA_CH3,Step8_Model3_EQA_CH2,Step9_Model2_EQC_CH3,Step10_Model2_EQA_CH4,Step11_Model2_EQB_CH4,Step12_Model3_EQC_CH2,Step13_Model2_EQA_CH3,Step14_Model2_EQA_CH3,Step15_Model1_EQC_CH1,Step16_Model2_EQA_CH3,Step17_Model3_EQB_CH2,Step18_Model3_EQB_CH2,Step19_Model1_EQB_CH4,Step20_Model1_EQB_CH3,Step21_Model3_EQA_CH4,Step22_Model1_EQB_CH1,Step23_Model2_EQB_CH2,Step24_Model1_EQC_CH4,Step25_Model3_EQB_CH4,Step26_Model3_EQA_CH2,Step27_Model3_EQC_CH1,Step28_Model1_EQB_CH4,Step29_Model2_EQC_CH4,Step30_Model2_EQA_CH4,,,,,,,,,,,,,,,,,,,59.34764294,,37.47377500819897,,,,,52.00776330391442,,62.278020999804596,,,,,,62.45080171919528,,,,,41.03739691841755,,,,,,,,,,,,,,,,,,,,,,,,,
T031_W03,T031,3,Step1_Model1_EQA_CH2,Step2_Model3_EQB_CH2,Step3_Model1_EQC_CH3,Step4_Model2_EQC_CH1,Step5_Model2_EQA_CH3,Step6_Model3_EQC_CH3,Step7_Model3_EQA_CH4,Step8_Model3_EQA_CH1,Step9_Model2_EQC_CH3,Step10_Model2_EQA_CH4,Step11_Model2_EQB_CH1,Step12_Model3_EQC_CH2,Step13_Model2_EQA_CH4,Step14_Model2_EQA_CH1,Step15_Model1_EQC_CH4,Step16_Model2_EQA_CH3,Step17_Model3_EQB_CH1,Step18_Model3_EQB_CH2,Step19_Model1_EQB_CH3,Step20_Model1_EQB_CH4,Step21_Model3_EQA_CH2,Step22_Model1_EQB_CH1,Step23_Model2_EQB_CH3,Step24_Model1_EQC_CH2,Step25_Model3_EQB_CH1,Step26_Model3_EQA_CH2,Step27_Model3_EQC_CH3,Step28_Model1_EQB_CH3,Step29_Model2_EQC_CH1,Step30_Model2_EQA_CH1,39.09858273933749,,,47.310404046483576,59.50290063,72.47465867605716,,,,,,,46.74089064422991,,,,,32.734180879767756,66.79564817251809,,,,,,,,,,,,,45.086223777896734,,,46.93576617190231,,,,,,,,,,,,,52.20507550915712,,,,,,,,,,,,,,,,
T031_W04,T031,4,Step1_Model1_EQA_CH4,Step2_Model3_EQB_CH2,Step3_Model1_EQC_CH2,Step4_Model2_EQC_CH3,Step5_Model2_EQA_CH1,Step6_Model3_EQC_CH2,Step7_Model3_EQA_CH2,Step8_Model3_EQA_CH1,Step9_Model2_EQC_CH2,Step10_Model2_EQA_CH4,Step11_Model2_EQB_CH4,Step12_Model3_EQC_CH3,Step13_Model2_EQA_CH2,Step14_Model2_EQA_CH4,Step15_Model1_EQC_CH2,Step16_Model2_EQA_CH4,Step17_Model3_EQB_CH2,Step18_Model3_EQB_CH1,Step19_Model1_EQB_CH4,Step20_Model1_EQB_CH3,Step21_Model3_EQA_CH2,Step22_Model1_EQB_CH4,Step23_Model2_EQB_CH2,Step24_Model1_EQC_CH4,Step25_Model3_EQB_CH1,Step26_Model3_EQA_CH1,Step27_Model3_EQC_CH3,Step28_Model1_EQB_CH2,Step29_Model2_EQC_CH4,Step30_Model2_EQA_CH3,,,,,,,,,,,,,,,,,,36.26821321015543,,,41.109582450407096,,,,,,,,,,,,,66.84400691319271,,,,,,,,,,,,,,,,,,,,,,,,16,,,,,,
T031_W05,T031,5,Step1_Model1_EQA_CH3,Step2_Model3_EQB_CH3,Step3_Model1_EQC_CH4,Step4_Model2_EQC_CH2,Step5_Model2_EQA_CH3,Step6_Model3_EQC_CH2,Step7_Model3_EQA_CH4,Step8_Model3_EQA_CH2,Step9_Model2_EQC_CH1,Step10_Model2_EQA_CH3,Step11_Model2_EQB_CH4,Step12_Model3_EQC_CH4,Step13_Model2_EQA_CH3,Step14_Model2_EQA_CH1,Step15_Model1_EQC_CH3,Step16_Model2_EQA_CH4,Step17_Model3_EQB_CH4,Step18_Model3_EQB_CH4,Step19_Model1_EQB_CH3,Step20_Model1_EQB_CH4,Step21_Model3_EQA_CH2,Step22_Model1_EQB_CH1,Step23_Model2_EQB_CH3,Step24_Model1_EQC_CH4,Step25_Model3_EQB_CH2,Step26_Model3_EQA_CH2,Step27_Model3_EQC_CH2,Step28_Model1_EQB_CH1,Step29_Model2_EQC_CH4,Step30_Model2_EQA_CH1,,,45.15848060848799,56.802491030841594,,,,39.40600117554016,,55.28503579012851,,38.99356375124916,43.52989092953888,,,62.672337197642946,,,,42.265764211868536,,47.95221006775658,,42.627303034936645,,,53.79796127896243,58.263876484606385,,,,,,,,,,,,,48.87477251928163,,60.81205806,,,,,,,,,,,,,,,,,,,,,
T031_W06,T031,6,Step1_Model1_EQA_CH1,Step2_Model3_EQB_CH3,Step3_Model1_EQC_CH2,Step4_Model2_EQC_CH1,Step5_Model2_EQA_CH3,Step6_Model3_EQC_CH3,Step7_Model3_EQA_CH1,Step8_Model3_EQA_CH3,Step9_Model2_EQC_CH4,Step10_Model2_EQA_CH2,Step11_Model2_EQB_CH3,Step12_Model3_EQC_CH2,Step13_Model2_EQA_CH2,Step14_Model2_EQA_CH1,Step15_Model1_EQC_CH4,Step16_Model2_EQA_CH4,Step17_Model3_EQB_CH4,Step18_Model3_EQB_CH1,Step19_Model1_EQB_CH4,Step20_Model1_EQB_CH3,Step21_Model3_EQA_CH3,Step22_Model1_EQB_CH2,Step23_Model2_EQB_CH2,Step24_Model1_EQC_CH2,Step25_Model3_EQB_CH1,Step26_Model3_EQA_CH4,Step27_Model3_EQC_CH4,Step28_Model1_EQB_CH3,Step29_Model2_EQC_CH1,Step30_Model2_EQA_CH3,,,,,,,,,,,,,,,,,,,,,,,,,,,,,,37.557142362221796,,,,,,,,,,,,60.56140530230976,,,,,,,,,,,,,,,17,,,,,,,
T031_W07,T031,7,Step1_Model1_EQA_CH1,Step2_Model3_EQB_CH3,Step3_Model1_EQC_CH3,Step4_Model2_EQC_CH4,Step5_Model2_EQA_CH3,Step6_Model3_EQC_CH1,Step7_Model3_EQA_CH3,Step8_Model3_EQA_CH4,Step9_Model2_EQC_CH1,Step10_Model2_EQA_CH2,Step11_Model2_EQB_CH3,Step12_Model3_EQC_CH3,Step13_Model2_EQA_CH2,Step14_Model2_EQA_CH1,Step15_Model1_EQC_CH2,Step16_Model2_EQA_CH2,Step17_Model3_EQB_CH4,Step18_Model3_EQB_CH4,Step19_Model1_EQB_CH4,Step20_Model1_EQB_CH3,Step21_Model3_EQA_CH1,Step22_Model1_EQB_CH3,Step23_Model2_EQB_CH4,Step24_Model1_EQC_CH1,Step25_Model3_EQB_CH1,Step26_Model3_EQA_CH3,Step27_Model3_EQC_CH2,Step28_Model1_EQB_CH4,Step29_Model2_EQC_CH3,Step30_Model2_EQA_CH3,,,,,,,,,,,,46.647985804780774,,,36.16631752081001,61.84260388,,,,,,,,,,55.73241248279982,,,,,,,,,,,,47.05461242472009,,43.18439386373442,,50.160726478279784,,,44.063419219264446,,,,,,,,,,,,,,,,,,,
T031_W08,T031,8,Step1_Model1_EQA_CH1,Step2_Model3_EQB_CH1,Step3_Model1_EQC_CH3,Step4_Model2_EQC_CH1,Step5_Model2_EQA_CH1,Step6_Model3_EQC_CH2,Step7_Model3_EQA_CH2,Step8_Model3_EQA_CH2,Step9_Model2_EQC_CH2,Step10_Model2_EQA_CH1,Step11_Model2_EQB_CH2,Step12_Model3_EQC_CH1,Step13_Model2_EQA_CH4,Step14_Model2_EQA_CH1,Step15_Model1_EQC_CH3,Step16_Model2_EQA_CH1,Step17_Model3_EQB_CH4,Step18_Model3_EQB_CH4,Step19_Model1_EQB_CH1,Step20_Model1_EQB_CH3,Step21_Model3_EQA_CH2,Step22_Model1_EQB_CH2,Step23_Model2_EQB_CH3,Step24_Model1_EQC_CH4,Step25_Model3_EQB_CH1,Step26_Model3_EQA_CH1,Step27_Model3_EQC_CH2,Step28_Model1_EQB_CH4,Step29_Model2_EQC_CH1,Step30_Model2_EQA_CH4,,,,,65.16654114148088,,,,,50.41546804,,,,,,67.27761066174338,,40.75444875746874,,38.10666626330002,,,,,,,,,,,,,,,,54.01639752344397,46.18921935344059,,,37.37734831046224,49.32735421869322,,,,,,,,,,,,,,,,,,,,,,,
T031_W09,T031,9,Step1_Model1_EQA_CH3,Step2_Model3_EQB_CH2,Step3_Model1_EQC_CH4,Step4_Model2_EQC_CH3,Step5_Model2_EQA_CH4,Step6_Model3_EQC_CH1,Step7_Model3_EQA_CH2,Step8_Model3_EQA_CH4,Step9_Model2_EQC_CH1,Step10_Model2_EQA_CH2,Step11_Model2_EQB_CH1,Step12_Model3_EQC_CH2,Step13_Model2_EQA_CH2,Step14_Model2_EQA_CH3,Step15_Model1_EQC_CH4,Step16_Model2_EQA_CH1,Step17_Model3_EQB_CH3,Step18_Model3_EQB_CH2,Step19_Model1_EQB_CH4,Step20_Model1_EQB_CH3,Step21_Model3_EQA_CH1,Step22_Model1_EQB_CH2,Step23_Model2_EQB_CH2,Step24_Model1_EQC_CH3,Step25_Model3_EQB_CH3,Step26_Model3_EQA_CH4,Step27_Model3_EQC_CH3,Step28_Model1_EQB_CH2,Step29_Model2_EQC_CH4,Step30_Model2_EQA_CH3,,35.66329120022869,,42.31609764025735,,,,36.79606325551168,,,,,,,,,,,,,,,,,43.47894901118593,,,,53.38413418979893,,,,,,,,,,,,,,,38.30317755,,,,,,,,,,,,,,,,,,,,
T031_W10,T031,10,Step1_Model1_EQA_CH4,Step2_Model3_EQB_CH3,Step3_Model1_EQC_CH2,Step4_Model2_EQC_CH3,Step5_Model2_EQA_CH1,Step6_Model3_EQC_CH1,Step7_Model3_EQA_CH1,Step8_Model3_EQA_CH1,Step9_Model2_EQC_CH2,Step10_Model2_EQA_CH3,Step11_Model2_EQB_CH4,Step12_Model3_EQC_CH4,Step13_Model2_EQA_CH4,Step14_Model2_EQA_CH1,Step15_Model1_EQC_CH4,Step16_Model2_EQA_CH4,Step17_Model3_EQB_CH4,Step18_Model3_EQB_CH3,Step19_Model1_EQB_CH3,Step20_Model1_EQB_CH3,Step21_Model3_EQA_CH4,Step22_Model1_EQB_CH2,Step23_Model2_EQB_CH3,Step24_Model1_EQC_CH1,Step25_Model3_EQB_CH2,Step26_Model3_EQA_CH3,Step27_Model3_EQC_CH4,Step28_Model1_EQB_CH2,Step29_Model2_EQC_CH1,Step30_Model2_EQA_CH2,,,,55.62805515295427,,,,34.52660043765544,58.31479996,48.53538846237734,,,52.135447226520625,,,,,,58.38180094050953,,,,,,52.620164317729824,57.03914644393913,,,,,,,,,,,56.48651107,,,,,,,32.2079408,,40.15583538337979,57.383897608284414,58.30725571468071,,,,,,,,,,,,,,,,
T031_W11,T031,11,Step1_Model1_EQA_CH3,Step2_Model3_EQB_CH4,Step3_Model1_EQC_CH1,Step4_Model2_EQC_CH2,Step5_Model2_EQA_CH1,Step6_Model3_EQC_CH1,Step7_Model3_EQA_CH4,Step8_Model3_EQA_CH3,Step9_Model2_EQC_CH1,Step10_Model2_EQA_CH3,Step11_Model2_EQB_CH2,Step12_Model3_EQC_CH1,Step13_Model2_EQA_CH2,Step14_Model2_EQA_CH4,Step15_Model1_EQC_CH4,Step16_Model2_EQA_CH2,Step17_Model3_EQB_CH3,Step18_Model3_EQB_CH1,Step19_Model1_EQB_CH2,Step20_Model1_EQB_CH4,Step21_Model3_EQA_CH3,Step22_Model1_EQB_CH2,Step23_Model2_EQB_CH3,Step24_Model1_EQC_CH2,Step25_Model3_EQB_CH4,Step26_Model3_EQA_CH1,Step27_Model3_EQC_CH3,Step28_Model1_EQB_CH1,Step29_Model2_EQC_CH2,Step30_Model2_EQA_CH2,,,,,,,,,,,,,,,34.78751749463857,,40.411917797722616,,,,36.93881781127861,,,,,,,58.40833738633198,,,,,57.51580026579842,,,,,,,,39.95335462347798,,64.14614782926674,40.84537933426223,49.595414125330045,,,,,,,,,,,,,,,,,,,
T031_W12,T031,12,Step1_Model1_EQA_CH2,Step2_Model3_EQB_CH2,Step3_Model1_EQC_CH1,Step4_Model2_EQC_CH1,Step5_Model2_EQA_CH4,Step6_Model3_EQC_CH2,Step7_Model3_EQA_CH3,Step8_Model3_EQA_CH1,Step9_Model2_EQC_CH4,Step10_Model2_EQA_CH3,Step11_Model2_EQB_CH2,Step12_Model3_EQC_CH1,Step13_Model2_EQA_CH3,Step14_Model2_EQA_CH2,Step15_Model1_EQC_CH4,Step16_Model2_EQA_CH4,Step17_Model3_EQB_CH4,Step18_Model3_EQB_CH2,Step19_Model1_EQB_CH2,Step20_Model1_EQB_CH2,Step21_Model3_EQA_CH3,Step22_Model1_EQB_CH2,Step23_Model2_EQB_CH1,Step24_Model1_EQC_CH3,Step25_Model3_EQB_CH1,Step26_Model3_EQA_CH4,Step27_Model3_EQC_CH4,Step28_Model1_EQB_CH1,Step29_Model2_EQC_CH4,Step30_Model2_EQA_CH2,36.585854593501246,,,,,,,,,,,,,,,,,,,,,29.549531012787522,,,,,,,,33.70270494498717,,,,,,,,,,,,,,,,,,,,,,,,,,,,,,,,,,
T031_W13,T031,13,Step1_Model1_EQA_CH3,Step2_Model3_EQB_CH1,Step3_Model1_EQC_CH3,Step4_Model2_EQC_CH1,Step5_Model2_EQA_CH3,Step6_Model3_EQC_CH4,Step7_Model3_EQA_CH2,Step8_Model3_EQA_CH2,Step9_Model2_EQC_CH2,Step10_Model2_EQA_CH3,Step11_Model2_EQB_CH2,Step12_Model3_EQC_CH3,Step13_Model2_EQA_CH2,Step14_Model2_EQA_CH2,Step15_Model1_EQC_CH3,Step16_Model2_EQA_CH3,Step17_Model3_EQB_CH4,Step18_Model3_EQB_CH3,Step19_Model1_EQB_CH2,Step20_Model1_EQB_CH2,Step21_Model3_EQA_CH2,Step22_Model1_EQB_CH1,Step23_Model2_EQB_CH3,Step24_Model1_EQC_CH2,Step25_Model3_EQB_CH1,Step26_Model3_EQA_CH3,Step27_Model3_EQC_CH2,Step28_Model1_EQB_CH4,Step29_Model2_EQC_CH1,Step30_Model2_EQA_CH4,,,,,62.462966229146915,,57.800324512011706,,56.41905702731626,,,,,60.68485284,40.67704449212824,,,,,,,31.428190843788386,,,,,,,,,,,,,,,,,,39.33651210639799,,59.67939558590054,,,,,,,,,13,,,,,10,,,,,,,,
T031_W14,T031,14,Step1_Model1_EQA_CH4,Step2_Model3_EQB_CH4,Step3_Model1_EQC_CH3,Step4_Model2_EQC_CH1,Step5_Model2_EQA_CH4,Step6_Model3_EQC_CH3,Step7_Model3_EQA_CH1,Step8_Model3_EQA_CH4,Step9_Model2_EQC_CH1,Step10_Model2_EQA_CH1,Step11_Model2_EQB_CH1,Step12_Model3_EQC_CH3,Step13_Model2_EQA_CH1,Step14_Model2_EQA_CH3,Step15_Model1_EQC_CH2,Step16_Model2_EQA_CH3,Step17_Model3_EQB_CH1,Step18_Model3_EQB_CH4,Step19_Model1_EQB_CH3,Step20_Model1_EQB_CH1,Step21_Model3_EQA_CH2,Step22_Model1_EQB_CH1,Step23_Model2_EQB_CH1,Step24_Model1_EQC_CH2,Step25_Model3_EQB_CH3,Step26_Model3_EQA_CH3,Step27_Model3_EQC_CH4,Step28_Model1_EQB_CH2,Step29_Model2_EQC_CH3,Step30_Model2_EQA_CH1,,,,,,,,,,,,,45.99891165441604,,,,,,,37.465249383578346,44.10570070103879,,,,,,,,,,,,,,,,,,,,,,,,,,,,,,,,,,,,,,,,,,,
T031_W15,T031,15,Step1_Model1_EQA_CH4,Step2_Model3_EQB_CH1,Step3_Model1_EQC_CH1,Step4_Model2_EQC_CH4,Step5_Model2_EQA_CH1,Step6_Model3_EQC_CH4,Step7_Model3_EQA_CH1,Step8_Model3_EQA_CH4,Step9_Model2_EQC_CH2,Step10_Model2_EQA_CH4,Step11_Model2_EQB_CH3,Step12_Model3_EQC_CH3,Step13_Model2_EQA_CH3,Step14_Model2_EQA_CH1,Step15_Model1_EQC_CH4,Step16_Model2_EQA_CH1,Step17_Model3_EQB_CH1,Step18_Model3_EQB_CH4,Step19_Model1_EQB_CH3,Step20_Model1_EQB_CH2,Step21_Model3_EQA_CH4,Step22_Model1_EQB_CH2,Step23_Model2_EQB_CH4,Step24_Model1_EQC_CH2,Step25_Model3_EQB_CH4,Step26_Model3_EQA_CH4,Step27_Model3_EQC_CH1,Step28_Model1_EQB_CH4,Step29_Model2_EQC_CH4,Step30_Model2_EQA_CH1,,,,,,,,24.82508955304983,,,,,,60.55513814366738,,,,,,,,,,,,,,,,,43.19618696959381,,,62.64272277895833,,,,,,53.01597004292962,,,,,,,,,,,,,,,,,,,,,,,,
T031_W16,T031,16,Step1_Model1_EQA_CH1,Step2_Model3_EQB_CH2,Step3_Model1_EQC_CH3,Step4_Model2_EQC_CH4,Step5_Model2_EQA_CH4,Step6_Model3_EQC_CH3,Step7_Model3_EQA_CH3,Step8_Model3_EQA_CH4,Step9_Model2_EQC_CH3,Step10_Model2_EQA_CH2,Step11_Model2_EQB_CH4,Step12_Model3_EQC_CH2,Step13_Model2_EQA_CH1,Step14_Model2_EQA_CH3,Step15_Model1_EQC_CH4,Step16_Model2_EQA_CH2,Step17_Model3_EQB_CH2,Step18_Model3_EQB_CH1,Step19_Model1_EQB_CH2,Step20_Model1_EQB_CH2,Step21_Model3_EQA_CH1,Step22_Model1_EQB_CH2,Step23_Model2_EQB_CH2,Step24_Model1_EQC_CH3,Step25_Model3_EQB_CH1,Step26_Model3_EQA_CH3,Step27_Model3_EQC_CH4,Step28_Model1_EQB_CH4,Step29_Model2_EQC_CH3,Step30_Model2_EQA_CH1,,,,,,,,,,,,,,,,,47.05797810689507,,,,47.73216650032941,,,,,,,,,,,,,,,,,,,,,,,,,,55.50064523,,7,,,,,,,,,,,,,,,
T031_W17,T031,17,Step1_Model1_EQA_CH3,Step2_Model3_EQB_CH1,Step3_Model1_EQC_CH1,Step4_Model2_EQC_CH1,Step5_Model2_EQA_CH4,Step6_Model3_EQC_CH2,Step7_Model3_EQA_CH3,Step8_Model3_EQA_CH4,Step9_Model2_EQC_CH3,Step10_Model2_EQA_CH3,Step11_Model2_EQB_CH1,Step12_Model3_EQC_CH4,Step13_Model2_EQA_CH2,Step14_Model2_EQA_CH3,Step15_Model1_EQC_CH1,Step16_Model2_EQA_CH4,Step17_Model3_EQB_CH1,Step18_Model3_EQB_CH3,Step19_Model1_EQB_CH1,Step20_Model1_EQB_CH2,Step21_Model3_EQA_CH3,Step22_Model1_EQB_CH3,Step23_Model2_EQB_CH4,Step24_Model1_EQC_CH4,Step25_Model3_EQB_CH1,Step26_Model3_EQA_CH2,Step27_Model3_EQC_CH3,Step28_Model1_EQB_CH2,Step29_Model2_EQC_CH1,Step30_Model2_EQA_CH1,41.049233213056844,,,,,,,,,53.70845430410716,,53.560738702724315,,,,61.56152796937144,47.48546906913756,,,,,,,,,,,,42.81239557147705,,,,,,,53.68148350693231,,,,,,62.22645618755424,,,,,,,,,,,,,,,,,,,,,,
T031_W18,T031,18,Step1_Model1_EQA_CH3,Step2_Model3_EQB_CH1,Step3_Model1_EQC_CH1,Step4_Model2_EQC_CH1,Step5_Model2_EQA_CH3,Step6_Model3_EQC_CH2,Step7_Model3_EQA_CH1,Step8_Model3_EQA_CH2,Step9_Model2_EQC_CH4,Step10_Model2_EQA_CH3,Step11_Model2_EQB_CH2,Step12_Model3_EQC_CH3,Step13_Model2_EQA_CH4,Step14_Model2_EQA_CH1,Step15_Model1_EQC_CH3,Step16_Model2_EQA_CH2,Step17_Model3_EQB_CH1,Step18_Model3_EQB_CH1,Step19_Model1_EQB_CH4,Step20_Model1_EQB_CH2,Step21_Model3_EQA_CH3,Step22_Model1_EQB_CH2,Step23_Model2_EQB_CH2,Step24_Model1_EQC_CH3,Step25_Model3_EQB_CH2,Step26_Model3_EQA_CH4,Step27_Model3_EQC_CH3,Step28_Model1_EQB_CH4,Step29_Model2_EQC_CH1,Step30_Model2_EQA_CH3,37.15102104086122,,,,59.55652173160641,,,,,,,,,,,,45.405893879172794,,58.38454899,,40.675819755835114,,62.26342298534874,,,,46.78340203109061,62.14608391789248,,,,,,,,,,37.306424579887505,44.91880225762401,,,,52.78130296873431,,51.08587609104856,,,,,,,,,,12,,,15,,,,,,
T031_W19,T031,19,Step1_Model1_EQA_CH1,Step2_Model3_EQB_CH1,Step3_Model1_EQC_CH1,Step4_Model2_EQC_CH4,Step5_Model2_EQA_CH4,Step6_Model3_EQC_CH2,Step7_Model3_EQA_CH4,Step8_Model3_EQA_CH3,Step9_Model2_EQC_CH1,Step10_Model2_EQA_CH3,Step11_Model2_EQB_CH3,Step12_Model3_EQC_CH1,Step13_Model2_EQA_CH1,Step14_Model2_EQA_CH2,Step15_Model1_EQC_CH3,Step16_Model2_EQA_CH1,Step17_Model3_EQB_CH2,Step18_Model3_EQB_CH4,Step19_Model1_EQB_CH3,Step20_Model1_EQB_CH3,Step21_Model3_EQA_CH3,Step22_Model1_EQB_CH2,Step23_Model2_EQB_CH1,Step24_Model1_EQC_CH3,Step25_Model3_EQB_CH1,Step26_Model3_EQA_CH2,Step27_Model3_EQC_CH1,Step28_Model1_EQB_CH1,Step29_Model2_EQC_CH1,Step30_Model2_EQA_CH2,,,,57.56259474382507,,,,,,,,,44.21010073636677,,,,,,,,,,,,,,,,,,,,,,,,52.577013622769094,41.96877059652984,,,,,,,,,,50.84245303667425,,,,,,,,,,,,,,,,
T031_W20,T031,20,Step1_Model1_EQA_CH2,Step2_Model3_EQB_CH4,Step3_Model1_EQC_CH3,Step4_Model2_EQC_CH1,Step5_Model2_EQA_CH2,Step6_Model3_EQC_CH4,Step7_Model3_EQA_CH3,Step8_Model3_EQA_CH2,Step9_Model2_EQC_CH1,Step10_Model2_EQA_CH3,Step11_Model2_EQB_CH2,Step12_Model3_EQC_CH1,Step13_Model2_EQA_CH2,Step14_Model2_EQA_CH3,Step15_Model1_EQC_CH2,Step16_Model2_EQA_CH4,Step17_Model3_EQB_CH1,Step18_Model3_EQB_CH4,Step19_Model1_EQB_CH4,Step20_Model1_EQB_CH2,Step21_Model3_EQA_CH2,Step22_Model1_EQB_CH1,Step23_Model2_EQB_CH3,Step24_Model1_EQC_CH1,Step25_Model3_EQB_CH2,Step26_Model3_EQA_CH3,Step27_Model3_EQC_CH2,Step28_Model1_EQB_CH4,Step29_Model2_EQC_CH4,Step30_Model2_EQA_CH4,,,,,,,,40.73285717042201,50.871072135993906,60.69265541511922,,,,,,,,,,,36.87279461926916,,65.66246763,,,,51.20502438957569,,48.80764463405418,,,,,,,,,,,,46.21174653334757,,,29.157522816018737,,38.82676533399703,,,,,,,,,,,,6,,,,,,
T031_W21,T031,21,Step1_Model1_EQA_CH3,Step2_Model3_EQB_CH4,Step3_Model1_EQC_CH3,Step4_Model2_EQC_CH1,Step5_Model2_EQA_CH2,Step6_Model3_EQC_CH3,Step7_Model3_EQA_CH1,Step8_Model3_EQA_CH3,Step9_Model2_EQC_CH1,Step10_Model2_EQA_CH1,Step11_Model2_EQB_CH1,Step12_Model3_EQC_CH4,Step13_Model2_EQA_CH1,Step14_Model2_EQA_CH4,Step15_Model1_EQC_CH1,Step16_Model2_EQA_CH1,Step17_Model3_EQB_CH2,Step18_Model3_EQB_CH2,Step19_Model1_EQB_CH1,Step20_Model1_EQB_CH4,Step21_Model3_EQA_CH2,Step22_Model1_EQB_CH1,Step23_Model2_EQB_CH2,Step24_Model1_EQC_CH1,Step25_Model3_EQB_CH2,Step26_Model3_EQA_CH1,Step27_Model3_EQC_CH1,Step28_Model1_EQB_CH2,Step29_Model2_EQC_CH1,Step30_Model2_EQA_CH4,,,,,,62.84802323313779,,,,,,,,,,,,,73.59633723779758,,,,,,,,52.17989979857058,62.15253025197022,45.6646955,,,,,,,,51.779512254140734,,40.77269365381958,,,,,,,,,,,,,,,,,,,,,,,,,
T031_W22,T031,22,Step1_Model1_EQA_CH2,Step2_Model3_EQB_CH4,Step3_Model1_EQC_CH1,Step4_Model2_EQC_CH1,Step5_Model2_EQA_CH4,Step6_Model3_EQC_CH2,Step7_Model3_EQA_CH3,Step8_Model3_EQA_CH4,Step9_Model2_EQC_CH4,Step10_Model2_EQA_CH3,Step11_Model2_EQB_CH1,Step12_Model3_EQC_CH4,Step13_Model2_EQA_CH4,Step14_Model2_EQA_CH2,Step15_Model1_EQC_CH4,Step16_Model2_EQA_CH2,Step17_Model3_EQB_CH4,Step18_Model3_EQB_CH4,Step19_Model1_EQB_CH4,Step20_Model1_EQB_CH2,Step21_Model3_EQA_CH1,Step22_Model1_EQB_CH2,Step23_Model2_EQB_CH4,Step24_Model1_EQC_CH4,Step25_Model3_EQB_CH4,Step26_Model3_EQA_CH4,Step27_Model3_EQC_CH3,Step28_Model1_EQB_CH3,Step29_Model2_EQC_CH3,Step30_Model2_EQA_CH1,,,,,,,,,,,,,,,36.73285530174213,,43.971056699399014,,,,,33.249506054254354,,,,,50.10917652758815,,,,,,,59.62535974,,,64.62191556410374,,,,,,,,,,,,,,9,,,,,,,,,,,,,
T031_W23,T031,23,Step1_Model1_EQA_CH2,Step2_Model3_EQB_CH4,Step3_Model1_EQC_CH2,Step4_Model2_EQC_CH4,Step5_Model2_EQA_CH1,Step6_Model3_EQC_CH3,Step7_Model3_EQA_CH2,Step8_Model3_EQA_CH2,Step9_Model2_EQC_CH4,Step10_Model2_EQA_CH4,Step11_Model2_EQB_CH4,Step12_Model3_EQC_CH3,Step13_Model2_EQA_CH1,Step14_Model2_EQA_CH1,Step15_Model1_EQC_CH2,Step16_Model2_EQA_CH1,Step17_Model3_EQB_CH4,Step18_Model3_EQB_CH3,Step19_Model1_EQB_CH2,Step20_Model1_EQB_CH2,Step21_Model3_EQA_CH3,Step22_Model1_EQB_CH4,Step23_Model2_EQB_CH2,Step24_Model1_EQC_CH4,Step25_Model3_EQB_CH4,Step26_Model3_EQA_CH4,Step27_Model3_EQC_CH3,Step28_Model1_EQB_CH2,Step29_Model2_EQC_CH1,Step30_Model2_EQA_CH4,40.434384075719464,,,,,70.73855064490532,,,,,,,47.11012433359774,,,,,,52.945887694546315,,36.393394085331614,,,45.55775182150645,,58.52557935174917,,,,39.81744774818769,,,,,,,,,,,,,,,,,,,,,,,,,,,,,,,,,,
T031_W24,T031,24,Step1_Model1_EQA_CH3,Step2_Model3_EQB_CH1,Step3_Model1_EQC_CH2,Step4_Model2_EQC_CH4,Step5_Model2_EQA_CH4,Step6_Model3_EQC_CH3,Step7_Model3_EQA_CH2,Step8_Model3_EQA_CH2,Step9_Model2_EQC_CH2,Step10_Model2_EQA_CH3,Step11_Model2_EQB_CH1,Step12_Model3_EQC_CH2,Step13_Model2_EQA_CH3,Step14_Model2_EQA_CH4,Step15_Model1_EQC_CH1,Step16_Model2_EQA_CH3,Step17_Model3_EQB_CH1,Step18_Model3_EQB_CH2,Step19_Model1_EQB_CH1,Step20_Model1_EQB_CH2,Step21_Model3_EQA_CH4,Step22_Model1_EQB_CH2,Step23_Model2_EQB_CH2,Step24_Model1_EQC_CH1,Step25_Model3_EQB_CH2,Step26_Model3_EQA_CH1,Step27_Model3_EQC_CH3,Step28_Model1_EQB_CH3,Step29_Model2_EQC_CH2,Step30_Model2_EQA_CH4,,,,,,,,,,,,,,64.00397191978428,,59.88237463423668,52.013044742888255,,57.00771229988267,,,,,,39.701276590113224,59.486536688261346,,,,,,,,63.48391186230508,51.289184694014985,,,,,,,,,,,37.57459045741606,,,,,,,,,,,,,,,,,,
T031_W25,T031,25,Step1_Model1_EQA_CH2,Step2_Model3_EQB_CH3,Step3_Model1_EQC_CH2,Step4_Model2_EQC_CH1,Step5_Model2_EQA_CH1,Step6_Model3_EQC_CH4,Step7_Model3_EQA_CH4,Step8_Model3_EQA_CH4,Step9_Model2_EQC_CH1,Step10_Model2_EQA_CH3,Step11_Model2_EQB_CH1,Step12_Model3_EQC_CH2,Step13_Model2_EQA_CH4,Step14_Model2_EQA_CH4,Step15_Model1_EQC_CH2,Step16_Model2_EQA_CH1,Step17_Model3_EQB_CH2,Step18_Model3_EQB_CH3,Step19_Model1_EQB_CH4,Step20_Model1_EQB_CH3,Step21_Model3_EQA_CH2,Step22_Model1_EQB_CH4,Step23_Model2_EQB_CH2,Step24_Model1_EQC_CH3,Step25_Model3_EQB_CH1,Step26_Model3_EQA_CH4,Step27_Model3_EQC_CH2,Step28_Model1_EQB_CH2,Step29_Model2_EQC_CH1,Step30_Model2_EQA_CH2,,,,,,,,,65.28000234991705,,36.66218005628996,,,63.72838594993062,,,,,,,,,,,43.71255468507688,,,,,39.864994592275984,,45.62118318002867,,,,,47.03121844876381,,,,,54.37499608283001,,,,43.321263837131916,,,,12,,,,,13,,4,,,,,,,
T032_W01,T032,1,Step1_Model2_EQC_CH1,Step2_Model1_EQB_CH4,Step3_Model1_EQB_CH1,Step4_Model2_EQB_CH1,Step5_Model2_EQC_CH4,Step6_Model3_EQB_CH2,Step7_Model1_EQC_CH3,Step8_Model1_EQB_CH3,Step9_Model3_EQB_CH3,Step10_Model3_EQC_CH1,Step11_Model3_EQC_CH3,Step12_Model1_EQA_CH4,Step13_Model2_EQC_CH1,Step14_Model2_EQA_CH1,Step15_Model2_EQC_CH2,Step16_Model2_EQA_CH4,Step17_Model1_EQA_CH4,Step18_Model1_EQC_CH3,Step19_Model2_EQC_CH4,Step20_Model3_EQA_CH3,Step21_Model1_EQB_CH3,Step22_Model1_EQB_CH2,Step23_Model3_EQC_CH3,Step24_Model2_EQB_CH1,Step25_Model1_EQC_CH2,Step26_Model2_EQA_CH1,Step27_Model2_EQC_CH2,Step28_Model2_EQB_CH4,Step29_Model1_EQC_CH3,Step30_Model1_EQB_CH2,,,,,,,,,58.36810668643317,,,,,64.43177639024417,,,,,,,,,57.93062842743731,,,,,,,,,,,,,,,,,,,,,,,,,,,,,,,,,,,,,,,,,
T032_W02,T032,2,Step1_Model2_EQC_CH3,Step2_Model1_EQB_CH4,Step3_Model1_EQB_CH2,Step4_Model2_EQB_CH4,Step5_Model2_EQC_CH3,Step6_Model3_EQB_CH1,Step7_Model1_EQC_CH4,Step8_Model1_EQB_CH2,Step9_Model3_EQB_CH2,Step10_Model3_EQC_CH2,Step11_Model3_EQC_CH4,Step12_Model1_EQA_CH1,Step13_Model2_EQC_CH3,Step14_Model2_EQA_CH2,Step15_Model2_EQC_CH3,Step16_Model2_EQA_CH2,Step17_Model1_EQA_CH3,Step18_Model1_EQC_CH4,Step19_Model2_EQC_CH4,Step20_Model3_EQA_CH2,Step21_Model1_EQB_CH2,Step22_Model1_EQB_CH3,Step23_Model3_EQC_CH1,Step24_Model2_EQB_CH4,Step25_Model1_EQC_CH4,Step26_Model2_EQA_CH3,Step27_Model2_EQC_CH1,Step28_Model2_EQB_CH1,Step29_Model1_EQC_CH2,Step30_Model1_EQB_CH3,,,,53.32131648418963,,,,,,,,,,,,,,,63.20967154461516,,,,,,,,,,,,43.32850665326211,,58.50050035588124,66.25433998402622,,,,,,,,,,,,,58.92897822556103,,,,,,,,,,,,,,,,,
T032_W03,T032,3,Step1_Model2_EQC_CH1,Step2_Model1_EQB_CH3,Step3_Model1_EQB_CH4,Step4_Model2_EQB_CH3,Step5_Model2_EQC_CH4,Step6_Model3_EQB_CH1,Step7_Model1_EQC_CH3,Step8_Model1_EQB_CH1,Step9_Model3_EQB_CH4,Step10_Model3_EQC_CH2,Step11_Model3_EQC_CH3,Step12_Model1_EQA_CH1,Step13_Model2_EQC_CH2,Step14_Model2_EQA_CH2,Step15_Model2_EQC_CH4,Step16_Model2_EQA_CH2,Step17_Model1_EQA_CH3,Step18_Model1_EQC_CH3,Step19_Model2_EQC_CH3,Step20_Model3_EQA_CH1,Step21_Model1_EQB_CH4,Step22_Model1_EQB_CH1,Step23_Model3_EQC_CH3,Step24_Model2_EQB_CH3,Step25_Model1_EQC_CH3,Step26_Model2_EQA_CH1,Step27_Model2_EQC_CH3,Step28_Model2_EQB_CH4,Step29_Model1_EQC_CH1,Step30_Model1_EQB_CH4,,,,,,,,24.92974623,,50.99985521151856,,,,,,,53.79943204607068,,58.34348997033069,,,,,55.59435939185336,,,,,,31.89648747030818,,,,,52.951251025551976,,,46.0572565,,,,56.91424422591762,,32.58316797328383,,,,,,,,,,,,,,,,,,,,
T032_W04,T032,4,Step1_Model2_EQC_CH1,Step2_Model1_EQB_CH4,Step3_Model1_EQB_CH4,Step4_Model2_EQB_CH4,Step5_Model2_EQC_CH1,Step6_Model3_EQB_CH1,Step7_Model1_EQC_CH2,Step8_Model1_EQB_CH4,Step9_Model3_EQB_CH4,Step10_Model3_EQC_CH1,Step11_Model3_EQC_CH2,Step12_Model1_EQA_CH3,Step13_Model2_EQC_CH4,Step14_Model2_EQA_CH4,Step15_Model2_EQC_CH3,Step16_Model2_EQA_CH4,Step17_Model1_EQA_CH1,Step18_Model1_EQC_CH4,Step19_Model2_EQC_CH1,Step20_Model3_EQA_CH3,Step21_Model1_EQB_CH3,Step22_Model1_EQB_CH4,Step23_Model3_EQC_CH1,Step24_Model2_EQB_CH1,Step25_Model1_EQC_CH4,Step26_Model2_EQA_CH1,Step27_Model2_EQC_CH1,Step28_Model2_EQB_CH1,Step29_Model1_EQC_CH4,Step30_Model1_EQB_CH2,38.697284803745575,,,,,62.03333313541437,,,,,,,47.389953899520236,,,,,,70.72744745,,47.650342822912165,,,,39.76636723,62.32582666,,,,,,,59.669278480831785,,,,53.14686511096863,,48.049826413801625,42.42751026722259,,,,,,,,50.32019911,,,,,,,,,,,,,,,,
T032_W05,T032,5,Step1_Model2_EQC_CH4,Step2_Model1_EQB_CH1,Step3_Model1_EQB_CH2,Step4_Model2_EQB_CH2,Step5_Model2_EQC_CH2,Step6_Model3_EQB_CH4,Step7_Model1_EQC_CH4,Step8_Model1_EQB_CH3,Step9_Model3_EQB_CH3,Step10_Model3_EQC_CH2,Step11_Model3_EQC_CH4,Step12_Model1_EQA_CH3,Step13_Model2_EQC_CH4,Step14_Model2_EQA_CH4,Step15_Model2_EQC_CH2,Step16_Model2_EQA_CH4,Step17_Model1_EQA_CH3,Step18_Model1_EQC_CH1,Step19_Model2_EQC_CH2,Step20_Model3_EQA_CH2,Step21_Model1_EQB_CH2,Step22_Model1_EQB_CH2,Step23_Model3_EQC_CH1,Step24_Model2_EQB_CH2,Step25_Model1_EQC_CH4,Step26_Model2_EQA_CH2,Step27_Model2_EQC_CH3,Step28_Model2_EQB_CH1,Step29_Model1_EQC_CH3,Step30_Model1_EQB_CH2,,,,,,,,,,,,,,,,,,34.40814902560543,63.439393479721694,,,39.72201860884883,,,,,,,,,43.48268224150335,,,,,,,,,,56.57406789058497,,,,,,,,,,,,,,,,,,,,,,,
T032_W06,T032,6,Step1_Model2_EQC_CH3,Step2_Model1_EQB_CH2,Step3_Model1_EQB_CH2,Step4_Model2_EQB_CH4,Step5_Model2_EQC_CH1,Step6_Model3_EQB_CH4,Step7_Model1_EQC_CH3,Step8_Model1_EQB_CH3,Step9_Model3_EQB_CH3,Step10_Model3_EQC_CH3,Step11_Model3_EQC_CH2,Step12_Model1_EQA_CH3,Step13_Model2_EQC_CH4,Step14_Model2_EQA_CH1,Step15_Model2_EQC_CH1,Step16_Model2_EQA_CH2,Step17_Model1_EQA_CH4,Step18_Model1_EQC_CH4,Step19_Model2_EQC_CH3,Step20_Model3_EQA_CH3,Step21_Model1_EQB_CH4,Step22_Model1_EQB_CH1,Step23_Model3_EQC_CH2,Step24_Model2_EQB_CH1,Step25_Model1_EQC_CH1,Step26_Model2_EQA_CH4,Step27_Model2_EQC_CH1,Step28_Model2_EQB_CH4,Step29_Model1_EQC_CH2,Step30_Model1_EQB_CH2,,,,,62.06740538871646,,,,,,,,,,39.795239458681294,,47.89430745958404,,60.51160246086937,,,,,,,59.43559631313552,,,,,,,,,,,,,,,,56.11363680555825,,,,,56.51583618700063,,,,,,,,,,,,,,,,,
T032_W07,T032,7,Step1_Model2_EQC_CH4,Step2_Model1_EQB_CH3,Step3_Model1_EQB_CH3,Step4_Model2_EQB_CH4,Step5_Model2_EQC_CH4,Step6_Model3_EQB_CH1,Step7_Model1_EQC_CH1,Step8_Model1_EQB_CH3,Step9_Model3_EQB_CH1,Step10_Model3_EQC_CH4,Step11_Model3_EQC_CH1,Step12_Model1_EQA_CH4,Step13_Model2_EQC_CH3,Step14_Model2_EQA_CH1,Step15_Model2_EQC_CH1,Step16_Model2_EQA_CH2,Step17_Model1_EQA_CH2,Step18_Model1_EQC_CH1,Step19_Model2_EQC_CH1,Step20_Model3_EQA_CH2,Step21_Model1_EQB_CH2,Step22_Model1_EQB_CH2,Step23_Model3_EQC_CH2,Step24_Model2_EQB_CH3,Step25_Model1_EQC_CH3,Step26_Model2_EQA_CH3,Step27_Model2_EQC_CH4,Step28_Model2_EQB_CH1,Step29_Model1_EQC_CH2,Step30_Model1_EQB_CH3,,,,,,,,,,,,,,,,,,,,35.37523794591375,,30.65588605653312,,,,,,,,,,,59.245449448227994,,,,,,52.08158166692587,,,,60.67316164983356,,,,,52.786912687678544,,,,11,,,,,,,,,,,,
T032_W08,T032,8,Step1_Model2_EQC_CH4,Step2_Model1_EQB_CH2,Step3_Model1_EQB_CH2,Step4_Model2_EQB_CH4,Step5_Model2_EQC_CH1,Step6_Model3_EQB_CH2,Step7_Model1_EQC_CH2,Step8_Model1_EQB_CH4,Step9_Model3_EQB_CH4,Step10_Model3_EQC_CH2,Step11_Model3_EQC_CH3,Step12_Model1_EQA_CH4,Step13_Model2_EQC_CH2,Step14_Model2_EQA_CH1,Step15_Model2_EQC_CH1,Step16_Model2_EQA_CH1,Step17_Model1_EQA_CH4,Step18_Model1_EQC_CH3,Step19_Model2_EQC_CH3,Step20_Model3_EQA_CH3,Step21_Model1_EQB_CH1,Step22_Model1_EQB_CH1,Step23_Model3_EQC_CH4,Step24_Model2_EQB_CH3,Step25_Model1_EQC_CH2,Step26_Model2_EQA_CH1,Step27_Model2_EQC_CH2,Step28_Model2_EQB_CH4,Step29_Model1_EQC_CH3,Step30_Model1_EQB_CH3,,,,,,,,,,,,,,,,,,,,,,,,,,,,,,,,,,62.85042263558956,,54.329401911111106,,,44.64006491960347,,,,,35.72609665247341,,,,,,,,,,,,,,,,,,,,
T032_W09,T032,9,Step1_Model2_EQC_CH3,Step2_Model1_EQB_CH4,Step3_Model1_EQB_CH2,Step4_Model2_EQB_CH4,Step5_Model2_EQC_CH1,Step6_Model3_EQB_CH2,Step7_Model1_EQC_CH4,Step8_Model1_EQB_CH4,Step9_Model3_EQB_CH2,Step10_Model3_EQC_CH4,Step11_Model3_EQC_CH2,Step12_Model1_EQA_CH2,Step13_Model2_EQC_CH4,Step14_Model2_EQA_CH2,Step15_Model2_EQC_CH4,Step16_Model2_EQA_CH4,Step17_Model1_EQA_CH3,Step18_Model1_EQC_CH2,Step19_Model2_EQC_CH1,Step20_Model3_EQA_CH3,Step21_Model1_EQB_CH1,Step22_Model1_EQB_CH3,Step23_Model3_EQC_CH2,Step24_Model2_EQB_CH2,Step25_Model1_EQC_CH4,Step26_Model2_EQA_CH4,Step27_Model2_EQC_CH4,Step28_Model2_EQB_CH1,Step29_Model1_EQC_CH1,Step30_Model1_EQB_CH4,,,,,64.06246129446826,,,,,,,,,,,,,,54.62301159376113,,,41.64776833090601,,,,,,70.86356381,,,,,,,,,,31.386077036713726,,,,,65.47662890550816,,,36.557053891038514,,,,,,,,,,,,9,,,,,,
T032_W10,T032,10,Step1_Model2_EQC_CH1,Step2_Model1_EQB_CH1,Step3_Model1_EQB_CH1,Step4_Model2_EQB_CH1,Step5_Model2_EQC_CH2,Step6_Model3_EQB_CH1,Step7_Model1_EQC_CH3,Step8_Model1_EQB_CH1,Step9_Model3_EQB_CH3,Step10_Model3_EQC_CH3,Step11_Model3_EQC_CH2,Step12_Model1_EQA_CH4,Step13_Model2_EQC_CH1,Step14_Model2_EQA_CH2,Step15_Model2_EQC_CH2,Step16_Model2_EQA_CH2,Step17_Model1_EQA_CH3,Step18_Model1_EQC_CH4,Step19_Model2_EQC_CH3,Step20_Model3_EQA_CH2,Step21_Model1_EQB_CH4,Step22_Model1_EQB_CH1,Step23_Model3_EQC_CH4,Step24_Model2_EQB_CH3,Step25_Model1_EQC_CH1,Step26_Model2_EQA_CH4,Step27_Model2_EQC_CH1,Step28_Model2_EQB_CH3,Step29_Model1_EQC_CH1,Step30_Model1_EQB_CH1,,,,,,,,,,,,,,57.40909878888948,41.31236470943705,,46.646929,33.26088302692906,,,,,,,42.028379880388705,,,,,,,,,,,62.11060411306054,51.523523821370055,,,,,,,,,,,,,,,,,,,,,,,,,,,
T032_W11,T032,11,Step1_Model2_EQC_CH4,Step2_Model1_EQB_CH4,Step3_Model1_EQB_CH4,Step4_Model2_EQB_CH4,Step5_Model2_EQC_CH2,Step6_Model3_EQB_CH3,Step7_Model1_EQC_CH4,Step8_Model1_EQB_CH3,Step9_Model3_EQB_CH2,Step10_Model3_EQC_CH1,Step11_Model3_EQC_CH1,Step12_Model1_EQA_CH1,Step13_Model2_EQC_CH4,Step14_Model2_EQA_CH2,Step15_Model2_EQC_CH3,Step16_Model2_EQA_CH4,Step17_Model1_EQA_CH4,Step18_Model1_EQC_CH3,Step19_Model2_EQC_CH4,Step20_Model3_EQA_CH4,Step21_Model1_EQB_CH2,Step22_Model1_EQB_CH4,Step23_Model3_EQC_CH1,Step24_Model2_EQB_CH4,Step25_Model1_EQC_CH1,Step26_Model2_EQA_CH1,Step27_Model2_EQC_CH3,Step28_Model2_EQB_CH2,Step29_Model1_EQC_CH4,Step30_Model1_EQB_CH4,,,,,69.60666496599511,,,,,,,44.58317093316947,,,,,,,,,,,,,,,,,,,,,,,,,,,,44.154829469765936,,,,,,,56.92500927664033,,,,,,,,12,,,,,,,,,
T032_W12,T032,12,Step1_Model2_EQC_CH4,Step2_Model1_EQB_CH1,Step3_Model1_EQB_CH4,Step4_Model2_EQB_CH1,Step5_Model2_EQC_CH2,Step6_Model3_EQB_CH2,Step7_Model1_EQC_CH1,Step8_Model1_EQB_CH1,Step9_Model3_EQB_CH4,Step10_Model3_EQC_CH3,Step11_Model3_EQC_CH4,Step12_Model1_EQA_CH2,Step13_Model2_EQC_CH1,Step14_Model2_EQA_CH2,Step15_Model2_EQC_CH1,Step16_Model2_EQA_CH3,Step17_Model1_EQA_CH2,Step18_Model1_EQC_CH1,Step19_Model2_EQC_CH4,Step20_Model3_EQA_CH3,Step21_Model1_EQB_CH2,Step22_Model1_EQB_CH1,Step23_Model3_EQC_CH3,Step24_Model2_EQB_CH2,Step25_Model1_EQC_CH4,Step26_Model2_EQA_CH2,Step27_Model2_EQC_CH4,Step28_Model2_EQB_CH3,Step29_Model1_EQC_CH3,Step30_Model1_EQB_CH1,,,,,,,,,57.39668000892281,,29.773956978597592,,,,,65.01920276135039,,,,,,,61.32570699673656,44.204312867113075,,,,,,,,,,,,,,50.11544863457359,,41.673659107938704,,,,,,,,45.423716151384184,,,,,,,,,,,,,,,,
T032_W13,T032,13,Step1_Model2_EQC_CH3,Step2_Model1_EQB_CH3,Step3_Model1_EQB_CH4,Step4_Model2_EQB_CH4,Step5_Model2_EQC_CH1,Step6_Model3_EQB_CH1,Step7_Model1_EQC_CH3,Step8_Model1_EQB_CH1,Step9_Model3_EQB_CH1,Step10_Model3_EQC_CH1,Step11_Model3_EQC_CH4,Step12_Model1_EQA_CH1,Step13_Model2_EQC_CH1,Step14_Model2_EQA_CH1,Step15_Model2_EQC_CH2,Step16_Model2_EQA_CH2,Step17_Model1_EQA_CH4,Step18_Model1_EQC_CH2,Step19_Model2_EQC_CH3,Step20_Model3_EQA_CH1,Step21_Model1_EQB_CH4,Step22_Model1_EQB_CH1,Step23_Model3_EQC_CH4,Step24_Model2_EQB_CH1,Step25_Model1_EQC_CH1,Step26_Model2_EQA_CH3,Step27_Model2_EQC_CH3,Step28_Model2_EQB_CH4,Step29_Model1_EQC_CH4,Step30_Model1_EQB_CH4,,,,,,,,,,,37.34170980411496,,,,,,,,,38.20374531308439,,,,,,,,,,,,,,,,,57.07786120145804,,,,,,,,,,,,,,,,,,,,,,,,,,,
T032_W14,T032,14,Step1_Model2_EQC_CH1,Step2_Model1_EQB_CH4,Step3_Model1_EQB_CH4,Step4_Model2_EQB_CH4,Step5_Model2_EQC_CH4,Step6_Model3_EQB_CH3,Step7_Model1_EQC_CH3,Step8_Model1_EQB_CH2,Step9_Model3_EQB_CH1,Step10_Model3_EQC_CH1,Step11_Model3_EQC_CH1,Step12_Model1_EQA_CH3,Step13_Model2_EQC_CH1,Step14_Model2_EQA_CH3,Step15_Model2_EQC_CH4,Step16_Model2_EQA_CH3,Step17_Model1_EQA_CH4,Step18_Model1_EQC_CH4,Step19_Model2_EQC_CH1,Step20_Model3_EQA_CH4,Step21_Model1_EQB_CH3,Step22_Model1_EQB_CH3,Step23_Model3_EQC_CH2,Step24_Model2_EQB_CH2,Step25_Model1_EQC_CH1,Step26_Model2_EQA_CH2,Step27_Model2_EQC_CH4,Step28_Model2_EQB_CH2,Step29_Model1_EQC_CH4,Step30_Model1_EQB_CH3,,,,,,,,,,,,,,,,64.91535772994229,,40.94821729,,49.45086650907599,39.98537661106452,,,,,,,,,,37.43181667,,,,,62.29067162352697,,,,,51.43503057665046,59.81287957201561,52.56181561766851,,56.217058874159456,,59.946132051090046,,,,,,,,,11,,,,,,,,
T032_W15,T032,15,Step1_Model2_EQC_CH2,Step2_Model1_EQB_CH4,Step3_Model1_EQB_CH2,Step4_Model2_EQB_CH2,Step5_Model2_EQC_CH1,Step6_Model3_EQB_CH1,Step7_Model1_EQC_CH4,Step8_Model1_EQB_CH4,Step9_Model3_EQB_CH1,Step10_Model3_EQC_CH3,Step11_Model3_EQC_CH3,Step12_Model1_EQA_CH3,Step13_Model2_EQC_CH3,Step14_Model2_EQA_CH1,Step15_Model2_EQC_CH1,Step16_Model2_EQA_CH1,Step17_Model1_EQA_CH2,Step18_Model1_EQC_CH1,Step19_Model2_EQC_CH3,Step20_Model3_EQA_CH4,Step21_Model1_EQB_CH4,Step22_Model1_EQB_CH4,Step23_Model3_EQC_CH4,Step24_Model2_EQB_CH2,Step25_Model1_EQC_CH3,Step26_Model2_EQA_CH3,Step27_Model2_EQC_CH4,Step28_Model2_EQB_CH3,Step29_Model1_EQC_CH2,Step30_Model1_EQB_CH4,,,,,,,,,,,34.30731309402644,,,,,,,,,,,,,,,,,55.611772234747804,,,,,,,,,,,45.11121213518512,,,,,34.13342045202367,,,,,,,,,,,,,,,,,,,,
T032_W16,T032,16,Step1_Model2_EQC_CH4,Step2_Model1_EQB_CH4,Step3_Model1_EQB_CH4,Step4_Model2_EQB_CH2,Step5_Model2_EQC_CH4,Step6_Model3_EQB_CH2,Step7_Model1_EQC_CH2,Step8_Model1_EQB_CH4,Step9_Model3_EQB_CH2,Step10_Model3_EQC_CH4,Step11_Model3_EQC_CH3,Step12_Model1_EQA_CH4,Step13_Model2_EQC_CH4,Step14_Model2_EQA_CH1,Step15_Model2_EQC_CH3,Step16_Model2_EQA_CH4,Step17_Model1_EQA_CH3,Step18_Model1_EQC_CH4,Step19_Model2_EQC_CH2,Step20_Model3_EQA_CH4,Step21_Model1_EQB_CH2,Step22_Model1_EQB_CH1,Step23_Model3_EQC_CH3,Step24_Model2_EQB_CH2,Step25_Model1_EQC_CH3,Step26_Model2_EQA_CH3,Step27_Model2_EQC_CH3,Step28_Model2_EQB_CH2,Step29_Model1_EQC_CH1,Step30_Model1_EQB_CH4,35.204494124588216,,,48.26688011172481,,,,,,,,,,,,70.83974630262661,,,,,,,,,,,,,,,,,,,,,,,,,43.227456883868165,,,46.33527045921982,,,,,,,,,,,,,7,,,,,,,
T032_W17,T032,17,Step1_Model2_EQC_CH2,Step2_Model1_EQB_CH3,Step3_Model1_EQB_CH2,Step4_Model2_EQB_CH2,Step5_Model2_EQC_CH2,Step6_Model3_EQB_CH1,Step7_Model1_EQC_CH4,Step8_Model1_EQB_CH3,Step9_Model3_EQB_CH4,Step10_Model3_EQC_CH4,Step11_Model3_EQC_CH4,Step12_Model1_EQA_CH2,Step13_Model2_EQC_CH2,Step14_Model2_EQA_CH1,Step15_Model2_EQC_CH2,Step16_Model2_EQA_CH1,Step17_Model1_EQA_CH4,Step18_Model1_EQC_CH3,Step19_Model2_EQC_CH1,Step20_Model3_EQA_CH2,Step21_Model1_EQB_CH3,Step22_Model1_EQB_CH3,Step23_Model3_EQC_CH2,Step24_Model2_EQB_CH4,Step25_Model1_EQC_CH3,Step26_Model2_EQA_CH4,Step27_Model2_EQC_CH2,Step28_Model2_EQB_CH1,Step29_Model1_EQC_CH4,Step30_Model1_EQB_CH3,,,46.979647334770945,,54.98355654010362,56.52923037019832,,,51.32231052848776,,,43.13022245877753,,,,,,,,,,,,,,,,,,37.85153671332584,,,,,53.34752305647359,,,,42.29127764668421,,,,,,,,,,,,,,,,13,,,,,,,,,
T032_W18,T032,18,Step1_Model2_EQC_CH3,Step2_Model1_EQB_CH1,Step3_Model1_EQB_CH1,Step4_Model2_EQB_CH2,Step5_Model2_EQC_CH4,Step6_Model3_EQB_CH3,Step7_Model1_EQC_CH4,Step8_Model1_EQB_CH1,Step9_Model3_EQB_CH4,Step10_Model3_EQC_CH1,Step11_Model3_EQC_CH1,Step12_Model1_EQA_CH3,Step13_Model2_EQC_CH3,Step14_Model2_EQA_CH3,Step15_Model2_EQC_CH3,Step16_Model2_EQA_CH1,Step17_Model1_EQA_CH4,Step18_Model1_EQC_CH1,Step19_Model2_EQC_CH2,Step20_Model3_EQA_CH3,Step21_Model1_EQB_CH4,Step22_Model1_EQB_CH1,Step23_Model3_EQC_CH1,Step24_Model2_EQB_CH3,Step25_Model1_EQC_CH4,Step26_Model2_EQA_CH3,Step27_Model2_EQC_CH3,Step28_Model2_EQB_CH1,Step29_Model1_EQC_CH3,Step30_Model1_EQB_CH4,,,,,,72.24433072303637,,,,,,,,,,,,,,40.053615810006264,,,,,44.65925030847745,,55.858676557866175,,,,,,56.83033395142897,,,,,,,,,,,,,42.82202461718532,58.97285589613751,,,,,,,,,12,,,,,,,,
T032_W19,T032,19,Step1_Model2_EQC_CH1,Step2_Model1_EQB_CH4,Step3_Model1_EQB_CH2,Step4_Model2_EQB_CH4,Step5_Model2_EQC_CH4,Step6_Model3_EQB_CH1,Step7_Model1_EQC_CH4,Step8_Model1_EQB_CH3,Step9_Model3_EQB_CH2,Step10_Model3_EQC_CH2,Step11_Model3_EQC_CH4,Step12_Model1_EQA_CH2,Step13_Model2_EQC_CH2,Step14_Model2_EQA_CH2,Step15_Model2_EQC_CH2,Step16_Model2_EQA_CH4,Step17_Model1_EQA_CH1,Step18_Model1_EQC_CH1,Step19_Model2_EQC_CH4,Step20_Model3_EQA_CH2,Step21_Model1_EQB_CH1,Step22_Model1_EQB_CH4,Step23_Model3_EQC_CH2,Step24_Model2_EQB_CH3,Step25_Model1_EQC_CH3,Step26_Model2_EQA_CH2,Step27_Model2_EQC_CH1,Step28_Model2_EQB_CH3,Step29_Model1_EQC_CH3,Step30_Model1_EQB_CH2,,,,53.57253953,,,53.22883968251031,,,,,,,,,,,,,,41.38879805590732,,,,,,,,,,,,,,,,,,,47.77453387391478,,,,,,,,,,,,,,,,,,,,,,,,
T032_W20,T032,20,Step1_Model2_EQC_CH2,Step2_Model1_EQB_CH2,Step3_Model1_EQB_CH4,Step4_Model2_EQB_CH1,Step5_Model2_EQC_CH4,Step6_Model3_EQB_CH4,Step7_Model1_EQC_CH3,Step8_Model1_EQB_CH2,Step9_Model3_EQB_CH4,Step10_Model3_EQC_CH4,Step11_Model3_EQC_CH3,Step12_Model1_EQA_CH4,Step13_Model2_EQC_CH1,Step14_Model2_EQA_CH2,Step15_Model2_EQC_CH1,Step16_Model2_EQA_CH4,Step17_Model1_EQA_CH1,Step18_Model1_EQC_CH2,Step19_Model2_EQC_CH4,Step20_Model3_EQA_CH4,Step21_Model1_EQB_CH1,Step22_Model1_EQB_CH2,Step23_Model3_EQC_CH1,Step24_Model2_EQB_CH4,Step25_Model1_EQC_CH1,Step26_Model2_EQA_CH4,Step27_Model2_EQC_CH3,Step28_Model2_EQB_CH2,Step29_Model1_EQC_CH1,Step30_Model1_EQB_CH2,41.80169536148693,,,46.75902769547149,59.22952764,,,,,56.20564989017705,,,,,,,,,59.65953961227419,,,,,,,,,,,36.50728355853746,,,,,,,,,,,,,,36.85877595854409,,,,,,,,,,,,,,,,,,,,
T032_W21,T032,21,Step1_Model2_EQC_CH3,Step2_Model1_EQB_CH2,Step3_Model1_EQB_CH3,Step4_Model2_EQB_CH4,Step5_Model2_EQC_CH3,Step6_Model3_EQB_CH3,Step7_Model1_EQC_CH2,Step8_Model1_EQB_CH4,Step9_Model3_EQB_CH3,Step10_Model3_EQC_CH1,Step11_Model3_EQC_CH4,Step12_Model1_EQA_CH3,Step13_Model2_EQC_CH2,Step14_Model2_EQA_CH1,Step15_Model2_EQC_CH3,Step16_Model2_EQA_CH3,Step17_Model1_EQA_CH1,Step18_Model1_EQC_CH2,Step19_Model2_EQC_CH3,Step20_Model3_EQA_CH3,Step21_Model1_EQB_CH4,Step22_Model1_EQB_CH3,Step23_Model3_EQC_CH3,Step24_Model2_EQB_CH3,Step25_Model1_EQC_CH3,Step26_Model2_EQA_CH1,Step27_Model2_EQC_CH4,Step28_Model2_EQB_CH1,Step29_Model1_EQC_CH2,Step30_Model1_EQB_CH3,,,,,,,,,,,,,,,,,,,,,,,,40.23102008044283,,,,63.53667803203969,,,43.01419624015599,,,,,58.815979394206764,,,,,,,,,42.516387759664866,,52.809925389775586,49.63460332484837,,,,,,,,,,8,,,,,,
T032_W22,T032,22,Step1_Model2_EQC_CH2,Step2_Model1_EQB_CH2,Step3_Model1_EQB_CH2,Step4_Model2_EQB_CH1,Step5_Model2_EQC_CH2,Step6_Model3_EQB_CH2,Step7_Model1_EQC_CH4,Step8_Model1_EQB_CH3,Step9_Model3_EQB_CH1,Step10_Model3_EQC_CH4,Step11_Model3_EQC_CH2,Step12_Model1_EQA_CH2,Step13_Model2_EQC_CH4,Step14_Model2_EQA_CH3,Step15_Model2_EQC_CH4,Step16_Model2_EQA_CH2,Step17_Model1_EQA_CH4,Step18_Model1_EQC_CH3,Step19_Model2_EQC_CH3,Step20_Model3_EQA_CH2,Step21_Model1_EQB_CH1,Step22_Model1_EQB_CH1,Step23_Model3_EQC_CH4,Step24_Model2_EQB_CH1,Step25_Model1_EQC_CH3,Step26_Model2_EQA_CH3,Step27_Model2_EQC_CH3,Step28_Model2_EQB_CH1,Step29_Model1_EQC_CH1,Step30_Model1_EQB_CH1,,,,,,,,,52.59313390500614,,,,,,,,,,,35.29542276459469,,,,45.321105144384944,47.52767395475703,,,,,,,,,,,,,,,,48.33258862301459,,,,,,,,,,,,,,,,,,,,,,,
T032_W23,T032,23,Step1_Model2_EQC_CH3,Step2_Model1_EQB_CH1,Step3_Model1_EQB_CH1,Step4_Model2_EQB_CH3,Step5_Model2_EQC_CH3,Step6_Model3_EQB_CH1,Step7_Model1_EQC_CH4,Step8_Model1_EQB_CH4,Step9_Model3_EQB_CH1,Step10_Model3_EQC_CH1,Step11_Model3_EQC_CH2,Step12_Model1_EQA_CH4,Step13_Model2_EQC_CH1,Step14_Model2_EQA_CH1,Step15_Model2_EQC_CH2,Step16_Model2_EQA_CH3,Step17_Model1_EQA_CH2,Step18_Model1_EQC_CH2,Step19_Model2_EQC_CH4,Step20_Model3_EQA_CH4,Step21_Model1_EQB_CH4,Step22_Model1_EQB_CH2,Step23_Model3_EQC_CH3,Step24_Model2_EQB_CH3,Step25_Model1_EQC_CH3,Step26_Model2_EQA_CH3,Step27_Model2_EQC_CH3,Step28_Model2_EQB_CH3,Step29_Model1_EQC_CH2,Step30_Model1_EQB_CH4,,,,53.50893488688771,,,,,,,,,,,,,,,,,,,65.92685651,,,,,,,,,,56.17615913842451,,,,,,,,,,,,,37.286595624277744,,,,,,,,,,,,,,,,,,
T032_W24,T032,24,Step1_Model2_EQC_CH3,Step2_Model1_EQB_CH4,Step3_Model1_EQB_CH3,Step4_Model2_EQB_CH3,Step5_Model2_EQC_CH1,Step6_Model3_EQB_CH3,Step7_Model1_EQC_CH3,Step8_Model1_EQB_CH4,Step9_Model3_EQB_CH3,Step10_Model3_EQC_CH4,Step11_Model3_EQC_CH3,Step12_Model1_EQA_CH2,Step13_Model2_EQC_CH1,Step14_Model2_EQA_CH3,Step15_Model2_EQC_CH4,Step16_Model2_EQA_CH2,Step17_Model1_EQA_CH1,Step18_Model1_EQC_CH3,Step19_Model2_EQC_CH4,Step20_Model3_EQA_CH3,Step21_Model1_EQB_CH3,Step22_Model1_EQB_CH4,Step23_Model3_EQC_CH1,Step24_Model2_EQB_CH3,Step25_Model1_EQC_CH4,Step26_Model2_EQA_CH4,Step27_Model2_EQC_CH4,Step28_Model2_EQB_CH2,Step29_Model1_EQC_CH2,Step30_Model1_EQB_CH4,,,,,,,49.55417302,,,,,41.80685895247855,,,,,,43.26035316938599,,,48.73197178356352,,,,,,,,,,,50.21920945,58.69143639855659,,,,,,,,46.03813053224103,53.79884147593437,,,,,,,,,,,,,,,,,,,,,,
T032_W25,T032,25,Step1_Model2_EQC_CH4,Step2_Model1_EQB_CH2,Step3_Model1_EQB_CH4,Step4_Model2_EQB_CH2,Step5_Model2_EQC_CH3,Step6_Model3_EQB_CH1,Step7_Model1_EQC_CH1,Step8_Model1_EQB_CH2,Step9_Model3_EQB_CH2,Step10_Model3_EQC_CH4,Step11_Model3_EQC_CH3,Step12_Model1_EQA_CH3,Step13_Model2_EQC_CH4,Step14_Model2_EQA_CH2,Step15_Model2_EQC_CH2,Step16_Model2_EQA_CH4,Step17_Model1_EQA_CH1,Step18_Model1_EQC_CH2,Step19_Model2_EQC_CH4,Step20_Model3_EQA_CH2,Step21_Model1_EQB_CH2,Step22_Model1_EQB_CH4,Step23_Model3_EQC_CH2,Step24_Model2_EQB_CH4,Step25_Model1_EQC_CH2,Step26_Model2_EQA_CH2,Step27_Model2_EQC_CH4,Step28_Model2_EQB_CH2,Step29_Model1_EQC_CH1,Step30_Model1_EQB_CH1,,,,,,,,,,,,,,,40.454518302137885,,,,,,,30.270767073547365,61.201709669188595,,41.62036572,,,,46.820536502589235,,,,,59.11605369809544,48.503504626878225,68.66771436368978,,,,,,,,,53.57808101301891,,,,,,,,,,,,,,,,,,,
T033_W01,T033,1,Step1_Model3_EQC_CH3,Step2_Model2_EQC_CH3,Step3_Model3_EQA_CH4,Step4_Model2_EQB_CH1,Step5_Model1_EQB_CH2,Step6_Model1_EQA_CH1,Step7_Model2_EQC_CH4,Step8_Model2_EQA_CH4,Step9_Model2_EQC_CH3,Step10_Model2_EQB_CH2,Step11_Model2_EQC_CH3,Step12_Model3_EQC_CH3,Step13_Model2_EQC_CH3,Step14_Model1_EQC_CH1,Step15_Model1_EQA_CH3,Step16_Model2_EQC_CH2,Step17_Model1_EQC_CH3,Step18_Model3_EQA_CH2,Step19_Model2_EQA_CH3,Step20_Model2_EQA_CH3,Step21_Model3_EQB_CH3,Step22_Model3_EQA_CH2,Step23_Model1_EQB_CH3,Step24_Model2_EQC_CH3,Step25_Model1_EQB_CH3,Step26_Model2_EQA_CH2,Step27_Model1_EQC_CH4,Step28_Model3_EQB_CH3,Step29_Model2_EQA_CH1,Step30_Model2_EQB_CH2,,,33.162506718974946,,,,,,,,,,,,,,46.19601658025342,,,,,,,,,60.39121180414062,,,,,,,,63.192441294233966,,65.50866912030092,,,,46.28377423126179,,,,,,,,,,,,,,,,6,,,,,,,,
T033_W02,T033,2,Step1_Model3_EQC_CH1,Step2_Model2_EQC_CH3,Step3_Model3_EQA_CH3,Step4_Model2_EQB_CH4,Step5_Model1_EQB_CH3,Step6_Model1_EQA_CH3,Step7_Model2_EQC_CH4,Step8_Model2_EQA_CH4,Step9_Model2_EQC_CH2,Step10_Model2_EQB_CH3,Step11_Model2_EQC_CH3,Step12_Model3_EQC_CH3,Step13_Model2_EQC_CH3,Step14_Model1_EQC_CH1,Step15_Model1_EQA_CH2,Step16_Model2_EQC_CH1,Step17_Model1_EQC_CH1,Step18_Model3_EQA_CH3,Step19_Model2_EQA_CH4,Step20_Model2_EQA_CH4,Step21_Model3_EQB_CH3,Step22_Model3_EQA_CH3,Step23_Model1_EQB_CH4,Step24_Model2_EQC_CH1,Step25_Model1_EQB_CH2,Step26_Model2_EQA_CH3,Step27_Model1_EQC_CH4,Step28_Model3_EQB_CH1,Step29_Model2_EQA_CH1,Step30_Model2_EQB_CH3,,,,,62.75029794773743,,,,,54.29197628783823,,,,61.37229951387398,,,39.82245712979357,,58.352864573344924,,,,,,45.292394792497014,,,,,41.39006419762573,,,,,,,,,,,,,,,52.49132184618383,,64.35370572597631,,,,,,,,,,,,,,,,,
T033_W03,T033,3,Step1_Model3_EQC_CH2,Step2_Model2_EQC_CH2,Step3_Model3_EQA_CH3,Step4_Model2_EQB_CH3,Step5_Model1_EQB_CH4,Step6_Model1_EQA_CH3,Step7_Model2_EQC_CH3,Step8_Model2_EQA_CH3,Step9_Model2_EQC_CH2,Step10_Model2_EQB_CH1,Step11_Model2_EQC_CH3,Step12_Model3_EQC_CH4,Step13_Model2_EQC_CH2,Step14_Model1_EQC_CH3,Step15_Model1_EQA_CH1,Step16_Model2_EQC_CH3,Step17_Model1_EQC_CH1,Step18_Model3_EQA_CH2,Step19_Model2_EQA_CH4,Step20_Model2_EQA_CH1,Step21_Model3_EQB_CH3,Step22_Model3_EQA_CH3,Step23_Model1_EQB_CH4,Step24_Model2_EQC_CH3,Step25_Model1_EQB_CH2,Step26_Model2_EQA_CH4,Step27_Model1_EQC_CH4,Step28_Model3_EQB_CH4,Step29_Model2_EQA_CH1,Step30_Model2_EQB_CH3,,25.604312676341387,,,,,,,,48.54364705701052,,,50.959009786642824,,,,,,,,,,63.735638912251545,,,61.94297574953108,,,,,,,,,,,,,,,,,,,48.53229946138028,40.26166792939759,,,,,,,11,,,,,,,,,,,
T033_W04,T033,4,Step1_Model3_EQC_CH4,Step2_Model2_EQC_CH3,Step3_Model3_EQA_CH1,Step4_Model2_EQB_CH2,Step5_Model1_EQB_CH3,Step6_Model1_EQA_CH3,Step7_Model2_EQC_CH2,Step8_Model2_EQA_CH2,Step9_Model2_EQC_CH4,Step10_Model2_EQB_CH2,Step11_Model2_EQC_CH4,Step12_Model3_EQC_CH3,Step13_Model2_EQC_CH4,Step14_Model1_EQC_CH2,Step15_Model1_EQA_CH4,Step16_Model2_EQC_CH4,Step17_Model1_EQC_CH4,Step18_Model3_EQA_CH2,Step19_Model2_EQA_CH1,Step20_Model2_EQA_CH1,Step21_Model3_EQB_CH1,Step22_Model3_EQA_CH3,Step23_Model1_EQB_CH1,Step24_Model2_EQC_CH3,Step25_Model1_EQB_CH2,Step26_Model2_EQA_CH4,Step27_Model1_EQC_CH3,Step28_Model3_EQB_CH2,Step29_Model2_EQA_CH4,Step30_Model2_EQB_CH2,,,,48.641574733837736,58.852815382043865,,,,,,33.18152445584301,,,,,,,,,42.23334649113074,36.94211678477154,,67.02822161348858,,,,,,,,,,,76.36561794464839,,,,,,,,,,,,,56.70787532995053,,,,,,,,,,,,,,,,,
T033_W05,T033,5,Step1_Model3_EQC_CH1,Step2_Model2_EQC_CH3,Step3_Model3_EQA_CH1,Step4_Model2_EQB_CH2,Step5_Model1_EQB_CH4,Step6_Model1_EQA_CH1,Step7_Model2_EQC_CH1,Step8_Model2_EQA_CH2,Step9_Model2_EQC_CH1,Step10_Model2_EQB_CH3,Step11_Model2_EQC_CH1,Step12_Model3_EQC_CH3,Step13_Model2_EQC_CH2,Step14_Model1_EQC_CH1,Step15_Model1_EQA_CH3,Step16_Model2_EQC_CH4,Step17_Model1_EQC_CH1,Step18_Model3_EQA_CH4,Step19_Model2_EQA_CH3,Step20_Model2_EQA_CH2,Step21_Model3_EQB_CH1,Step22_Model3_EQA_CH3,Step23_Model1_EQB_CH4,Step24_Model2_EQC_CH3,Step25_Model1_EQB_CH2,Step26_Model2_EQA_CH1,Step27_Model1_EQC_CH3,Step28_Model3_EQB_CH2,Step29_Model2_EQA_CH1,Step30_Model2_EQB_CH4,,,,,,,,,,55.06705622439748,,,,,35.70046698052329,,,,,,,35.83263764199496,,,,,56.23682111522892,,,,46.91489456254319,,,,,52.69098424365074,,,,,,,,,52.24909292015154,,,44.24537489,,,,,,,,,,,,,,,,
T033_W06,T033,6,Step1_Model3_EQC_CH4,Step2_Model2_EQC_CH4,Step3_Model3_EQA_CH2,Step4_Model2_EQB_CH2,Step5_Model1_EQB_CH3,Step6_Model1_EQA_CH1,Step7_Model2_EQC_CH4,Step8_Model2_EQA_CH2,Step9_Model2_EQC_CH1,Step10_Model2_EQB_CH2,Step11_Model2_EQC_CH2,Step12_Model3_EQC_CH3,Step13_Model2_EQC_CH3,Step14_Model1_EQC_CH3,Step15_Model1_EQA_CH3,Step16_Model2_EQC_CH3,Step17_Model1_EQC_CH3,Step18_Model3_EQA_CH3,Step19_Model2_EQA_CH4,Step20_Model2_EQA_CH2,Step21_Model3_EQB_CH1,Step22_Model3_EQA_CH1,Step23_Model1_EQB_CH1,Step24_Model2_EQC_CH2,Step25_Model1_EQB_CH3,Step26_Model2_EQA_CH2,Step27_Model1_EQC_CH2,Step28_Model3_EQB_CH3,Step29_Model2_EQA_CH4,Step30_Model2_EQB_CH2,,,,,,,,,,,,,46.25846544036428,,,,,,55.34298235178968,,,,,,,,56.789700192652504,,,,,,,,,58.650906508600514,,,,,,,,,,33.730562234922665,,,,,6,,,,,,,,,,,,,
T033_W07,T033,7,Step1_Model3_EQC_CH3,Step2_Model2_EQC_CH4,Step3_Model3_EQA_CH3,Step4_Model2_EQB_CH1,Step5_Model1_EQB_CH1,Step6_Model1_EQA_CH1,Step7_Model2_EQC_CH1,Step8_Model2_EQA_CH1,Step9_Model2_EQC_CH4,Step10_Model2_EQB_CH4,Step11_Model2_EQC_CH1,Step12_Model3_EQC_CH2,Step13_Model2_EQC_CH2,Step14_Model1_EQC_CH2,Step15_Model1_EQA_CH3,Step16_Model2_EQC_CH1,Step17_Model1_EQC_CH4,Step18_Model3_EQA_CH1,Step19_Model2_EQA_CH4,Step20_Model2_EQA_CH2,Step21_Model3_EQB_CH2,Step22_Model3_EQA_CH3,Step23_Model1_EQB_CH2,Step24_Model2_EQC_CH4,Step25_Model1_EQB_CH4,Step26_Model2_EQA_CH4,Step27_Model1_EQC_CH4,Step28_Model3_EQB_CH3,Step29_Model2_EQA_CH2,Step30_Model2_EQB_CH1,40.82231292053261,,,,,,,,,,,,,,,,39.43885097253076,,,,35.87618469237126,,,51.17092198298885,,,,,52.412171447414394,,,,,,,63.21762538468427,,,,,,,,,,36.576008918245165,,,,,,,,,,,,,,,,,,
T033_W08,T033,8,Step1_Model3_EQC_CH1,Step2_Model2_EQC_CH2,Step3_Model3_EQA_CH1,Step4_Model2_EQB_CH3,Step5_Model1_EQB_CH3,Step6_Model1_EQA_CH1,Step7_Model2_EQC_CH3,Step8_Model2_EQA_CH3,Step9_Model2_EQC_CH1,Step10_Model2_EQB_CH4,Step11_Model2_EQC_CH2,Step12_Model3_EQC_CH4,Step13_Model2_EQC_CH4,Step14_Model1_EQC_CH2,Step15_Model1_EQA_CH3,Step16_Model2_EQC_CH2,Step17_Model1_EQC_CH3,Step18_Model3_EQA_CH2,Step19_Model2_EQA_CH2,Step20_Model2_EQA_CH1,Step21_Model3_EQB_CH3,Step22_Model3_EQA_CH3,Step23_Model1_EQB_CH1,Step24_Model2_EQC_CH3,Step25_Model1_EQB_CH4,Step26_Model2_EQA_CH3,Step27_Model1_EQC_CH4,Step28_Model3_EQB_CH4,Step29_Model2_EQA_CH3,Step30_Model2_EQB_CH3,,36.38339399301776,,,,,,,,,,,,,,,47.05149196066977,,,,,,58.30747070682663,,,,,,,,46.75446074570098,,47.174154583448086,,,,,,,,,,,,,,,,,,,,,,,,,,,,,,,
T033_W09,T033,9,Step1_Model3_EQC_CH1,Step2_Model2_EQC_CH1,Step3_Model3_EQA_CH1,Step4_Model2_EQB_CH4,Step5_Model1_EQB_CH3,Step6_Model1_EQA_CH2,Step7_Model2_EQC_CH2,Step8_Model2_EQA_CH3,Step9_Model2_EQC_CH2,Step10_Model2_EQB_CH1,Step11_Model2_EQC_CH3,Step12_Model3_EQC_CH2,Step13_Model2_EQC_CH1,Step14_Model1_EQC_CH2,Step15_Model1_EQA_CH4,Step16_Model2_EQC_CH4,Step17_Model1_EQC_CH4,Step18_Model3_EQA_CH1,Step19_Model2_EQA_CH3,Step20_Model2_EQA_CH1,Step21_Model3_EQB_CH1,Step22_Model3_EQA_CH1,Step23_Model1_EQB_CH2,Step24_Model2_EQC_CH3,Step25_Model1_EQB_CH1,Step26_Model2_EQA_CH4,Step27_Model1_EQC_CH4,Step28_Model3_EQB_CH2,Step29_Model2_EQA_CH1,Step30_Model2_EQB_CH4,34.939183482927916,,,,,,,,,,,,,,,,,,,,,,,,,,44.20332781041289,,,,,,,,,60.312461550212596,,38.58673399053767,,,,,,26.497388481590583,,,,,,,,,14,,,,,,,,,,,
T033_W10,T033,10,Step1_Model3_EQC_CH1,Step2_Model2_EQC_CH1,Step3_Model3_EQA_CH2,Step4_Model2_EQB_CH2,Step5_Model1_EQB_CH1,Step6_Model1_EQA_CH2,Step7_Model2_EQC_CH4,Step8_Model2_EQA_CH2,Step9_Model2_EQC_CH4,Step10_Model2_EQB_CH4,Step11_Model2_EQC_CH4,Step12_Model3_EQC_CH3,Step13_Model2_EQC_CH3,Step14_Model1_EQC_CH2,Step15_Model1_EQA_CH3,Step16_Model2_EQC_CH4,Step17_Model1_EQC_CH3,Step18_Model3_EQA_CH1,Step19_Model2_EQA_CH1,Step20_Model2_EQA_CH1,Step21_Model3_EQB_CH4,Step22_Model3_EQA_CH1,Step23_Model1_EQB_CH3,Step24_Model2_EQC_CH4,Step25_Model1_EQB_CH1,Step26_Model2_EQA_CH4,Step27_Model1_EQC_CH3,Step28_Model3_EQB_CH1,Step29_Model2_EQA_CH2,Step30_Model2_EQB_CH2,,,,,,,44.79496199,,58.771137805623866,,,,,,,,,,,,,,,,,,,53.47892427146673,,,,,53.51315038558059,,,,,,,,,,,24.43820438859464,,29.427536756907003,,,,,,,,,,,,,,,,,,
T033_W11,T033,11,Step1_Model3_EQC_CH4,Step2_Model2_EQC_CH2,Step3_Model3_EQA_CH2,Step4_Model2_EQB_CH1,Step5_Model1_EQB_CH1,Step6_Model1_EQA_CH4,Step7_Model2_EQC_CH4,Step8_Model2_EQA_CH3,Step9_Model2_EQC_CH3,Step10_Model2_EQB_CH2,Step11_Model2_EQC_CH3,Step12_Model3_EQC_CH2,Step13_Model2_EQC_CH2,Step14_Model1_EQC_CH3,Step15_Model1_EQA_CH4,Step16_Model2_EQC_CH1,Step17_Model1_EQC_CH4,Step18_Model3_EQA_CH4,Step19_Model2_EQA_CH1,Step20_Model2_EQA_CH2,Step21_Model3_EQB_CH1,Step22_Model3_EQA_CH2,Step23_Model1_EQB_CH3,Step24_Model2_EQC_CH3,Step25_Model1_EQB_CH2,Step26_Model2_EQA_CH3,Step27_Model1_EQC_CH3,Step28_Model3_EQB_CH2,Step29_Model2_EQA_CH4,Step30_Model2_EQB_CH3,38.21291644221783,,,,63.04524901250389,,,,,,25.663359100720882,,,,,,,,,,37.50248151902778,,,,,,,,,,,,,,,,,,,,,,,,,,57.75010183485949,,,,,,,,5,,,,,,,,,
T033_W12,T033,12,Step1_Model3_EQC_CH2,Step2_Model2_EQC_CH4,Step3_Model3_EQA_CH1,Step4_Model2_EQB_CH3,Step5_Model1_EQB_CH3,Step6_Model1_EQA_CH3,Step7_Model2_EQC_CH4,Step8_Model2_EQA_CH4,Step9_Model2_EQC_CH4,Step10_Model2_EQB_CH4,Step11_Model2_EQC_CH1,Step12_Model3_EQC_CH1,Step13_Model2_EQC_CH3,Step14_Model1_EQC_CH4,Step15_Model1_EQA_CH4,Step16_Model2_EQC_CH4,Step17_Model1_EQC_CH4,Step18_Model3_EQA_CH3,Step19_Model2_EQA_CH3,Step20_Model2_EQA_CH2,Step21_Model3_EQB_CH2,Step22_Model3_EQA_CH4,Step23_Model1_EQB_CH3,Step24_Model2_EQC_CH1,Step25_Model1_EQB_CH4,Step26_Model2_EQA_CH1,Step27_Model1_EQC_CH1,Step28_Model3_EQB_CH1,Step29_Model2_EQA_CH4,Step30_Model2_EQB_CH1,,,36.98032501,,61.230914723430594,,45.96453278620676,,,,37.69701314222692,,,,,,,,,,44.26215474161005,,,46.63498702370212,,,,58.50480927423594,,,,,,,45.30721417655383,,,,,,51.860170049395336,,,37.91418823814856,,,,,7,,,,,,,,,,,,,,,
T033_W13,T033,13,Step1_Model3_EQC_CH3,Step2_Model2_EQC_CH2,Step3_Model3_EQA_CH1,Step4_Model2_EQB_CH3,Step5_Model1_EQB_CH1,Step6_Model1_EQA_CH1,Step7_Model2_EQC_CH1,Step8_Model2_EQA_CH2,Step9_Model2_EQC_CH4,Step10_Model2_EQB_CH4,Step11_Model2_EQC_CH2,Step12_Model3_EQC_CH1,Step13_Model2_EQC_CH1,Step14_Model1_EQC_CH4,Step15_Model1_EQA_CH4,Step16_Model2_EQC_CH1,Step17_Model1_EQC_CH2,Step18_Model3_EQA_CH4,Step19_Model2_EQA_CH3,Step20_Model2_EQA_CH3,Step21_Model3_EQB_CH1,Step22_Model3_EQA_CH4,Step23_Model1_EQB_CH4,Step24_Model2_EQC_CH2,Step25_Model1_EQB_CH3,Step26_Model2_EQA_CH3,Step27_Model1_EQC_CH2,Step28_Model3_EQB_CH3,Step29_Model2_EQA_CH1,Step30_Model2_EQB_CH1,,,,,,68.60728064244569,,,50.43191981448589,,,,,,,,,34.99252557016381,,,,,,,,61.130298764466104,58.14429181549108,,,,,38.24819322140066,,,51.22502997886549,,,,,,,,,33.02498804771258,,,,,,,,,,,,,,,,,,,,
T033_W14,T033,14,Step1_Model3_EQC_CH3,Step2_Model2_EQC_CH4,Step3_Model3_EQA_CH4,Step4_Model2_EQB_CH4,Step5_Model1_EQB_CH2,Step6_Model1_EQA_CH4,Step7_Model2_EQC_CH2,Step8_Model2_EQA_CH3,Step9_Model2_EQC_CH4,Step10_Model2_EQB_CH4,Step11_Model2_EQC_CH3,Step12_Model3_EQC_CH4,Step13_Model2_EQC_CH1,Step14_Model1_EQC_CH1,Step15_Model1_EQA_CH2,Step16_Model2_EQC_CH4,Step17_Model1_EQC_CH1,Step18_Model3_EQA_CH3,Step19_Model2_EQA_CH3,Step20_Model2_EQA_CH1,Step21_Model3_EQB_CH1,Step22_Model3_EQA_CH3,Step23_Model1_EQB_CH2,Step24_Model2_EQC_CH2,Step25_Model1_EQB_CH2,Step26_Model2_EQA_CH4,Step27_Model1_EQC_CH4,Step28_Model3_EQB_CH3,Step29_Model2_EQA_CH4,Step30_Model2_EQB_CH2,,,,50.53983749269001,,,,,,,,,,56.13029083,44.05504007385383,,,37.27599691445009,,,,,,,,,,,,,34.47943924,,,,45.326134026918716,,,,,,,,,,,,57.27128087376809,,,,,,,,,,,,,,,,,
T033_W15,T033,15,Step1_Model3_EQC_CH3,Step2_Model2_EQC_CH1,Step3_Model3_EQA_CH2,Step4_Model2_EQB_CH4,Step5_Model1_EQB_CH3,Step6_Model1_EQA_CH2,Step7_Model2_EQC_CH3,Step8_Model2_EQA_CH2,Step9_Model2_EQC_CH3,Step10_Model2_EQB_CH3,Step11_Model2_EQC_CH1,Step12_Model3_EQC_CH4,Step13_Model2_EQC_CH4,Step14_Model1_EQC_CH1,Step15_Model1_EQA_CH4,Step16_Model2_EQC_CH4,Step17_Model1_EQC_CH3,Step18_Model3_EQA_CH2,Step19_Model2_EQA_CH4,Step20_Model2_EQA_CH1,Step21_Model3_EQB_CH1,Step22_Model3_EQA_CH1,Step23_Model1_EQB_CH3,Step24_Model2_EQC_CH1,Step25_Model1_EQB_CH1,Step26_Model2_EQA_CH4,Step27_Model1_EQC_CH1,Step28_Model3_EQB_CH3,Step29_Model2_EQA_CH4,Step30_Model2_EQB_CH4,,,,,,,,42.83884938129496,,,,,,56.02516350658276,,,,,,,,,,44.95558442643364,43.52989521295933,,44.59419998180999,,,,,,55.14107955091737,68.16065966248796,,62.931414042270156,,,,,,,,33.897671289002105,,29.891711892843574,,,,,,,13,,,,,,,,,,,
T033_W16,T033,16,Step1_Model3_EQC_CH2,Step2_Model2_EQC_CH4,Step3_Model3_EQA_CH1,Step4_Model2_EQB_CH1,Step5_Model1_EQB_CH3,Step6_Model1_EQA_CH1,Step7_Model2_EQC_CH4,Step8_Model2_EQA_CH4,Step9_Model2_EQC_CH1,Step10_Model2_EQB_CH4,Step11_Model2_EQC_CH1,Step12_Model3_EQC_CH2,Step13_Model2_EQC_CH2,Step14_Model1_EQC_CH2,Step15_Model1_EQA_CH3,Step16_Model2_EQC_CH4,Step17_Model1_EQC_CH3,Step18_Model3_EQA_CH2,Step19_Model2_EQA_CH2,Step20_Model2_EQA_CH1,Step21_Model3_EQB_CH3,Step22_Model3_EQA_CH4,Step23_Model1_EQB_CH2,Step24_Model2_EQC_CH2,Step25_Model1_EQB_CH2,Step26_Model2_EQA_CH1,Step27_Model1_EQC_CH2,Step28_Model3_EQB_CH4,Step29_Model2_EQA_CH1,Step30_Model2_EQB_CH4,,,,,,,,,59.01645571,,40.24402967547099,,,,,,,,,,,,,49.41603627401462,,,,56.68999248428492,,,,,50.17683404207775,,,,,,,,,,,,,36.90574495863524,56.104092337138894,48.09996011636716,,,,,,,,,,,,,,,,
T033_W17,T033,17,Step1_Model3_EQC_CH2,Step2_Model2_EQC_CH3,Step3_Model3_EQA_CH2,Step4_Model2_EQB_CH4,Step5_Model1_EQB_CH2,Step6_Model1_EQA_CH3,Step7_Model2_EQC_CH3,Step8_Model2_EQA_CH1,Step9_Model2_EQC_CH3,Step10_Model2_EQB_CH3,Step11_Model2_EQC_CH3,Step12_Model3_EQC_CH3,Step13_Model2_EQC_CH1,Step14_Model1_EQC_CH1,Step15_Model1_EQA_CH4,Step16_Model2_EQC_CH3,Step17_Model1_EQC_CH4,Step18_Model3_EQA_CH3,Step19_Model2_EQA_CH4,Step20_Model2_EQA_CH2,Step21_Model3_EQB_CH2,Step22_Model3_EQA_CH4,Step23_Model1_EQB_CH4,Step24_Model2_EQC_CH2,Step25_Model1_EQB_CH1,Step26_Model2_EQA_CH4,Step27_Model1_EQC_CH4,Step28_Model3_EQB_CH3,Step29_Model2_EQA_CH2,Step30_Model2_EQB_CH1,,,,,65.72979208734367,,,,,,,,,,28.53804328,,58.287208456433696,,,,,,61.920748906067026,,,,,,,42.064143317042564,,42.384209381305915,,,,,,,,,,,,,,,,,,,8,,,,,,,,,,,,,
T033_W18,T033,18,Step1_Model3_EQC_CH1,Step2_Model2_EQC_CH4,Step3_Model3_EQA_CH2,Step4_Model2_EQB_CH2,Step5_Model1_EQB_CH4,Step6_Model1_EQA_CH1,Step7_Model2_EQC_CH1,Step8_Model2_EQA_CH4,Step9_Model2_EQC_CH3,Step10_Model2_EQB_CH4,Step11_Model2_EQC_CH2,Step12_Model3_EQC_CH1,Step13_Model2_EQC_CH2,Step14_Model1_EQC_CH4,Step15_Model1_EQA_CH4,Step16_Model2_EQC_CH2,Step17_Model1_EQC_CH1,Step18_Model3_EQA_CH2,Step19_Model2_EQA_CH2,Step20_Model2_EQA_CH1,Step21_Model3_EQB_CH1,Step22_Model3_EQA_CH2,Step23_Model1_EQB_CH2,Step24_Model2_EQC_CH3,Step25_Model1_EQB_CH4,Step26_Model2_EQA_CH2,Step27_Model1_EQC_CH4,Step28_Model3_EQB_CH1,Step29_Model2_EQA_CH3,Step30_Model2_EQB_CH4,,,,,66.17489637081223,,,,65.69559134,54.161804642636504,31.33976344909326,46.15231974493497,39.282761648180234,,,,,,,38.17569172,,,,,,,,,49.48220311010917,,,,,,,62.10708297742076,,,,,,,,,,,58.99138096766185,,,,,,,,,,,,,,,,,
T033_W19,T033,19,Step1_Model3_EQC_CH3,Step2_Model2_EQC_CH4,Step3_Model3_EQA_CH3,Step4_Model2_EQB_CH4,Step5_Model1_EQB_CH3,Step6_Model1_EQA_CH2,Step7_Model2_EQC_CH3,Step8_Model2_EQA_CH4,Step9_Model2_EQC_CH4,Step10_Model2_EQB_CH1,Step11_Model2_EQC_CH2,Step12_Model3_EQC_CH4,Step13_Model2_EQC_CH3,Step14_Model1_EQC_CH4,Step15_Model1_EQA_CH1,Step16_Model2_EQC_CH2,Step17_Model1_EQC_CH4,Step18_Model3_EQA_CH3,Step19_Model2_EQA_CH3,Step20_Model2_EQA_CH1,Step21_Model3_EQB_CH4,Step22_Model3_EQA_CH2,Step23_Model1_EQB_CH1,Step24_Model2_EQC_CH3,Step25_Model1_EQB_CH4,Step26_Model2_EQA_CH1,Step27_Model1_EQC_CH1,Step28_Model3_EQB_CH4,Step29_Model2_EQA_CH3,Step30_Model2_EQB_CH4,,,,,59.588233297272104,,,,,,,41.36693328474587,,,,,40.14655925648174,,,,,33.13204848,,,,,,,,,,,,65.00565112395975,,,,,,,,,,,,,,,,,,,,,,,,,,,,,,
T033_W20,T033,20,Step1_Model3_EQC_CH3,Step2_Model2_EQC_CH4,Step3_Model3_EQA_CH1,Step4_Model2_EQB_CH4,Step5_Model1_EQB_CH3,Step6_Model1_EQA_CH1,Step7_Model2_EQC_CH4,Step8_Model2_EQA_CH4,Step9_Model2_EQC_CH2,Step10_Model2_EQB_CH2,Step11_Model2_EQC_CH4,Step12_Model3_EQC_CH2,Step13_Model2_EQC_CH4,Step14_Model1_EQC_CH2,Step15_Model1_EQA_CH1,Step16_Model2_EQC_CH1,Step17_Model1_EQC_CH3,Step18_Model3_EQA_CH2,Step19_Model2_EQA_CH2,Step20_Model2_EQA_CH1,Step21_Model3_EQB_CH4,Step22_Model3_EQA_CH2,Step23_Model1_EQB_CH2,Step24_Model2_EQC_CH1,Step25_Model1_EQB_CH1,Step26_Model2_EQA_CH4,Step27_Model1_EQC_CH3,Step28_Model3_EQB_CH4,Step29_Model2_EQA_CH3,Step30_Model2_EQB_CH1,38.60420733,37.23908570829442,33.43654345105502,,,,,,62.42631646464065,,,,,,,67.40121095892052,,,,39.57019507,,,64.31619780695554,,,,,,,,45.00885406471693,,,,,46.22085695048632,,,,,46.34434785650964,,,,47.06369957695701,,52.564298886559634,,,,,,,,,,,,,,,,,
T033_W21,T033,21,Step1_Model3_EQC_CH3,Step2_Model2_EQC_CH3,Step3_Model3_EQA_CH4,Step4_Model2_EQB_CH1,Step5_Model1_EQB_CH4,Step6_Model1_EQA_CH4,Step7_Model2_EQC_CH1,Step8_Model2_EQA_CH3,Step9_Model2_EQC_CH1,Step10_Model2_EQB_CH4,Step11_Model2_EQC_CH1,Step12_Model3_EQC_CH4,Step13_Model2_EQC_CH4,Step14_Model1_EQC_CH1,Step15_Model1_EQA_CH2,Step16_Model2_EQC_CH4,Step17_Model1_EQC_CH2,Step18_Model3_EQA_CH1,Step19_Model2_EQA_CH3,Step20_Model2_EQA_CH1,Step21_Model3_EQB_CH3,Step22_Model3_EQA_CH3,Step23_Model1_EQB_CH4,Step24_Model2_EQC_CH4,Step25_Model1_EQB_CH3,Step26_Model2_EQA_CH2,Step27_Model1_EQC_CH1,Step28_Model3_EQB_CH1,Step29_Model2_EQA_CH2,Step30_Model2_EQB_CH4,,,,,,,,34.52972635236005,,,,,,,,,,,,,,,,,,,,,,,,,,,,56.69321619423279,,,,,,,52.32334837337076,,,,,,,,,,,,,,,,,,,,,
T033_W22,T033,22,Step1_Model3_EQC_CH1,Step2_Model2_EQC_CH1,Step3_Model3_EQA_CH2,Step4_Model2_EQB_CH1,Step5_Model1_EQB_CH2,Step6_Model1_EQA_CH1,Step7_Model2_EQC_CH1,Step8_Model2_EQA_CH2,Step9_Model2_EQC_CH3,Step10_Model2_EQB_CH2,Step11_Model2_EQC_CH1,Step12_Model3_EQC_CH3,Step13_Model2_EQC_CH2,Step14_Model1_EQC_CH4,Step15_Model1_EQA_CH4,Step16_Model2_EQC_CH1,Step17_Model1_EQC_CH2,Step18_Model3_EQA_CH1,Step19_Model2_EQA_CH4,Step20_Model2_EQA_CH1,Step21_Model3_EQB_CH3,Step22_Model3_EQA_CH1,Step23_Model1_EQB_CH3,Step24_Model2_EQC_CH1,Step25_Model1_EQB_CH4,Step26_Model2_EQA_CH2,Step27_Model1_EQC_CH4,Step28_Model3_EQB_CH3,Step29_Model2_EQA_CH4,Step30_Model2_EQB_CH4,,35.65023987075673,,40.90029654750005,,,,,,,,,,,,54.51514915064209,,,,,,,,,,,54.115757520401054,,,,,,,,,,,,,,47.268539451678656,,,,49.69356860550943,,,42.31960218385775,,,,,,,,,,,,,,,,
T033_W23,T033,23,Step1_Model3_EQC_CH1,Step2_Model2_EQC_CH4,Step3_Model3_EQA_CH2,Step4_Model2_EQB_CH2,Step5_Model1_EQB_CH4,Step6_Model1_EQA_CH2,Step7_Model2_EQC_CH3,Step8_Model2_EQA_CH2,Step9_Model2_EQC_CH2,Step10_Model2_EQB_CH4,Step11_Model2_EQC_CH2,Step12_Model3_EQC_CH3,Step13_Model2_EQC_CH2,Step14_Model1_EQC_CH1,Step15_Model1_EQA_CH4,Step16_Model2_EQC_CH4,Step17_Model1_EQC_CH4,Step18_Model3_EQA_CH3,Step19_Model2_EQA_CH4,Step20_Model2_EQA_CH2,Step21_Model3_EQB_CH1,Step22_Model3_EQA_CH2,Step23_Model1_EQB_CH3,Step24_Model2_EQC_CH2,Step25_Model1_EQB_CH2,Step26_Model2_EQA_CH1,Step27_Model1_EQC_CH3,Step28_Model3_EQB_CH2,Step29_Model2_EQA_CH4,Step30_Model2_EQB_CH2,,,,,,,,47.105052037181096,,,,,,56.07333697,,,,,,38.73330012263962,,,,,,59.54810354034638,,,,,,,,,52.14484769,,,,,,,,,36.836431843278255,62.53894776412311,,,,,,,,,,,,,,,,,,,
T033_W24,T033,24,Step1_Model3_EQC_CH1,Step2_Model2_EQC_CH2,Step3_Model3_EQA_CH4,Step4_Model2_EQB_CH2,Step5_Model1_EQB_CH3,Step6_Model1_EQA_CH2,Step7_Model2_EQC_CH3,Step8_Model2_EQA_CH3,Step9_Model2_EQC_CH3,Step10_Model2_EQB_CH3,Step11_Model2_EQC_CH1,Step12_Model3_EQC_CH1,Step13_Model2_EQC_CH1,Step14_Model1_EQC_CH2,Step15_Model1_EQA_CH1,Step16_Model2_EQC_CH1,Step17_Model1_EQC_CH3,Step18_Model3_EQA_CH2,Step19_Model2_EQA_CH2,Step20_Model2_EQA_CH2,Step21_Model3_EQB_CH1,Step22_Model3_EQA_CH3,Step23_Model1_EQB_CH1,Step24_Model2_EQC_CH3,Step25_Model1_EQB_CH2,Step26_Model2_EQA_CH3,Step27_Model1_EQC_CH2,Step28_Model3_EQB_CH4,Step29_Model2_EQA_CH4,Step30_Model2_EQB_CH1,,,,,61.71888000990039,,,,,54.732214056815614,,,,52.09849870992669,41.74560311768499,,,,,,,42.10589250665928,,,,,,,,,,,,57.16185992318337,,,,,,,,,,,,,57.33960642417131,,,,,,,,,,,,,,,,,
T033_W25,T033,25,Step1_Model3_EQC_CH2,Step2_Model2_EQC_CH1,Step3_Model3_EQA_CH1,Step4_Model2_EQB_CH4,Step5_Model1_EQB_CH3,Step6_Model1_EQA_CH1,Step7_Model2_EQC_CH4,Step8_Model2_EQA_CH4,Step9_Model2_EQC_CH4,Step10_Model2_EQB_CH4,Step11_Model2_EQC_CH2,Step12_Model3_EQC_CH1,Step13_Model2_EQC_CH4,Step14_Model1_EQC_CH2,Step15_Model1_EQA_CH3,Step16_Model2_EQC_CH1,Step17_Model1_EQC_CH4,Step18_Model3_EQA_CH4,Step19_Model2_EQA_CH3,Step20_Model2_EQA_CH2,Step21_Model3_EQB_CH2,Step22_Model3_EQA_CH4,Step23_Model1_EQB_CH4,Step24_Model2_EQC_CH2,Step25_Model1_EQB_CH3,Step26_Model2_EQA_CH4,Step27_Model1_EQC_CH1,Step28_Model3_EQB_CH2,Step29_Model2_EQA_CH2,Step30_Model2_EQB_CH2,,39.30741601825466,,,,,,,,,30.345707280136295,,,,,,,,,,33.324532597075134,,63.04303323458176,,,,,,,,,,,,,,47.92928539815446,,,,,,,,,,,,,15,,,,,,,,,,,,,,
T034_W01,T034,1,Step1_Model2_EQA_CH2,Step2_Model3_EQC_CH1,Step3_Model3_EQA_CH3,Step4_Model1_EQA_CH3,Step5_Model1_EQC_CH3,Step6_Model3_EQB_CH4,Step7_Model1_EQB_CH1,Step8_Model1_EQA_CH2,Step9_Model1_EQC_CH3,Step10_Model1_EQC_CH1,Step11_Model2_EQA_CH2,Step12_Model3_EQB_CH3,Step13_Model2_EQC_CH1,Step14_Model1_EQA_CH2,Step15_Model2_EQC_CH3,Step16_Model3_EQC_CH1,Step17_Model1_EQC_CH4,Step18_Model1_EQA_CH3,Step19_Model1_EQA_CH1,Step20_Model3_EQC_CH1,Step21_Model1_EQB_CH1,Step22_Model1_EQC_CH4,Step23_Model1_EQA_CH4,Step24_Model1_EQC_CH2,Step25_Model1_EQA_CH2,Step26_Model1_EQC_CH4,Step27_Model2_EQB_CH1,Step28_Model3_EQB_CH3,Step29_Model1_EQC_CH3,Step30_Model1_EQC_CH4,,,,,,,,,,,,,,56.51271078704915,,58.854572221752306,,,,,,,63.251570183748115,48.57935279835717,,,51.994900884217145,54.70068003742758,,33.002145929332244,,,,,,,,,38.36105438145793,,,,,,52.07792813763167,31.052551852996025,,,,,6,,,,,,,,,,,,,
T034_W02,T034,2,Step1_Model2_EQA_CH1,Step2_Model3_EQC_CH2,Step3_Model3_EQA_CH2,Step4_Model1_EQA_CH1,Step5_Model1_EQC_CH2,Step6_Model3_EQB_CH3,Step7_Model1_EQB_CH1,Step8_Model1_EQA_CH3,Step9_Model1_EQC_CH4,Step10_Model1_EQC_CH2,Step11_Model2_EQA_CH1,Step12_Model3_EQB_CH2,Step13_Model2_EQC_CH4,Step14_Model1_EQA_CH1,Step15_Model2_EQC_CH2,Step16_Model3_EQC_CH2,Step17_Model1_EQC_CH2,Step18_Model1_EQA_CH1,Step19_Model1_EQA_CH1,Step20_Model3_EQC_CH4,Step21_Model1_EQB_CH2,Step22_Model1_EQC_CH4,Step23_Model1_EQA_CH1,Step24_Model1_EQC_CH4,Step25_Model1_EQA_CH2,Step26_Model1_EQC_CH2,Step27_Model2_EQB_CH3,Step28_Model3_EQB_CH4,Step29_Model1_EQC_CH4,Step30_Model1_EQC_CH3,,,,,,69.03408176,37.12397121725112,,,,,,,,34.92113310768506,67.66754705070078,,,,,,,,,,,,,,,43.168771884731676,,,,52.87782321294397,56.80068423178489,,,,,,,,,,,,49.20886465201921,,,,,,,,,,,,,,,,
T034_W03,T034,3,Step1_Model2_EQA_CH4,Step2_Model3_EQC_CH4,Step3_Model3_EQA_CH3,Step4_Model1_EQA_CH1,Step5_Model1_EQC_CH2,Step6_Model3_EQB_CH4,Step7_Model1_EQB_CH3,Step8_Model1_EQA_CH3,Step9_Model1_EQC_CH1,Step10_Model1_EQC_CH3,Step11_Model2_EQA_CH2,Step12_Model3_EQB_CH2,Step13_Model2_EQC_CH3,Step14_Model1_EQA_CH2,Step15_Model2_EQC_CH4,Step16_Model3_EQC_CH2,Step17_Model1_EQC_CH1,Step18_Model1_EQA_CH3,Step19_Model1_EQA_CH1,Step20_Model3_EQC_CH1,Step21_Model1_EQB_CH3,Step22_Model1_EQC_CH4,Step23_Model1_EQA_CH3,Step24_Model1_EQC_CH3,Step25_Model1_EQA_CH1,Step26_Model1_EQC_CH4,Step27_Model2_EQB_CH3,Step28_Model3_EQB_CH1,Step29_Model1_EQC_CH4,Step30_Model1_EQC_CH1,,,39.18632307730773,,,,46.04589646964277,,,,,,,59.96831482452988,,59.45009536,47.81295589254054,,61.11423925130203,,,,,,,,,,,,,,60.72395740913964,,,,,36.349190785271695,,,,,,,43.33242110126995,37.43368907627415,,,,,,,,,,,,,,,,,,
T034_W04,T034,4,Step1_Model2_EQA_CH1,Step2_Model3_EQC_CH2,Step3_Model3_EQA_CH2,Step4_Model1_EQA_CH1,Step5_Model1_EQC_CH2,Step6_Model3_EQB_CH2,Step7_Model1_EQB_CH4,Step8_Model1_EQA_CH1,Step9_Model1_EQC_CH1,Step10_Model1_EQC_CH4,Step11_Model2_EQA_CH1,Step12_Model3_EQB_CH1,Step13_Model2_EQC_CH2,Step14_Model1_EQA_CH4,Step15_Model2_EQC_CH2,Step16_Model3_EQC_CH2,Step17_Model1_EQC_CH2,Step18_Model1_EQA_CH3,Step19_Model1_EQA_CH2,Step20_Model3_EQC_CH1,Step21_Model1_EQB_CH1,Step22_Model1_EQC_CH2,Step23_Model1_EQA_CH3,Step24_Model1_EQC_CH1,Step25_Model1_EQA_CH4,Step26_Model1_EQC_CH1,Step27_Model2_EQB_CH4,Step28_Model3_EQB_CH3,Step29_Model1_EQC_CH1,Step30_Model1_EQC_CH2,,,,,,61.66960575879053,46.52565046,,,,,,,,38.40964476973646,,,,,,,,,,,,,,,,,,,69.81868837399126,,,,48.31366638,,42.28784656935668,,,,,50.93355699088743,,,,,,,,,,,,,,,,,,,
T034_W05,T034,5,Step1_Model2_EQA_CH1,Step2_Model3_EQC_CH3,Step3_Model3_EQA_CH2,Step4_Model1_EQA_CH3,Step5_Model1_EQC_CH4,Step6_Model3_EQB_CH3,Step7_Model1_EQB_CH2,Step8_Model1_EQA_CH1,Step9_Model1_EQC_CH1,Step10_Model1_EQC_CH2,Step11_Model2_EQA_CH1,Step12_Model3_EQB_CH1,Step13_Model2_EQC_CH2,Step14_Model1_EQA_CH4,Step15_Model2_EQC_CH4,Step16_Model3_EQC_CH3,Step17_Model1_EQC_CH1,Step18_Model1_EQA_CH1,Step19_Model1_EQA_CH1,Step20_Model3_EQC_CH4,Step21_Model1_EQB_CH1,Step22_Model1_EQC_CH1,Step23_Model1_EQA_CH2,Step24_Model1_EQC_CH2,Step25_Model1_EQA_CH4,Step26_Model1_EQC_CH2,Step27_Model2_EQB_CH2,Step28_Model3_EQB_CH3,Step29_Model1_EQC_CH2,Step30_Model1_EQC_CH2,33.84017543051277,,,,,,,,,,,,,,32.77006323231945,,,,,,,,,,52.312531809259724,,62.27214454106874,,46.5528036,,,,,,,,,,,,,,,,,,,,,,,,,,,,,,,,,,,
T034_W06,T034,6,Step1_Model2_EQA_CH1,Step2_Model3_EQC_CH1,Step3_Model3_EQA_CH3,Step4_Model1_EQA_CH2,Step5_Model1_EQC_CH4,Step6_Model3_EQB_CH4,Step7_Model1_EQB_CH3,Step8_Model1_EQA_CH2,Step9_Model1_EQC_CH4,Step10_Model1_EQC_CH2,Step11_Model2_EQA_CH3,Step12_Model3_EQB_CH4,Step13_Model2_EQC_CH4,Step14_Model1_EQA_CH1,Step15_Model2_EQC_CH2,Step16_Model3_EQC_CH2,Step17_Model1_EQC_CH1,Step18_Model1_EQA_CH4,Step19_Model1_EQA_CH1,Step20_Model3_EQC_CH2,Step21_Model1_EQB_CH4,Step22_Model1_EQC_CH1,Step23_Model1_EQA_CH4,Step24_Model1_EQC_CH2,Step25_Model1_EQA_CH4,Step26_Model1_EQC_CH2,Step27_Model2_EQB_CH1,Step28_Model3_EQB_CH3,Step29_Model1_EQC_CH2,Step30_Model1_EQC_CH4,,,,45.17403330970613,,,,,,,,37.288788017732664,,,,,,,,,,,,46.98671686143484,,,,,,,,,,,,,,,,37.66702937342232,,,62.08391680792277,,,,59.68745738405534,,11,,,,,,,,,,,,,,,
T034_W07,T034,7,Step1_Model2_EQA_CH1,Step2_Model3_EQC_CH1,Step3_Model3_EQA_CH3,Step4_Model1_EQA_CH4,Step5_Model1_EQC_CH2,Step6_Model3_EQB_CH1,Step7_Model1_EQB_CH2,Step8_Model1_EQA_CH1,Step9_Model1_EQC_CH2,Step10_Model1_EQC_CH3,Step11_Model2_EQA_CH2,Step12_Model3_EQB_CH2,Step13_Model2_EQC_CH4,Step14_Model1_EQA_CH3,Step15_Model2_EQC_CH2,Step16_Model3_EQC_CH2,Step17_Model1_EQC_CH4,Step18_Model1_EQA_CH2,Step19_Model1_EQA_CH3,Step20_Model3_EQC_CH1,Step21_Model1_EQB_CH3,Step22_Model1_EQC_CH3,Step23_Model1_EQA_CH3,Step24_Model1_EQC_CH3,Step25_Model1_EQA_CH1,Step26_Model1_EQC_CH4,Step27_Model2_EQB_CH4,Step28_Model3_EQB_CH2,Step29_Model1_EQC_CH4,Step30_Model1_EQC_CH3,,33.02695895630809,,45.14790605389761,,,,,,,,45.356141297751634,46.121231459225555,57.30117904571879,,,,,,,,,61.47028473580239,,,53.933873001189454,,,47.192907893011466,,,,,,,,,,,,,,54.885559875176924,,,,,,,,,,,,7,,,,,,,,,
T034_W08,T034,8,Step1_Model2_EQA_CH3,Step2_Model3_EQC_CH3,Step3_Model3_EQA_CH3,Step4_Model1_EQA_CH1,Step5_Model1_EQC_CH1,Step6_Model3_EQB_CH2,Step7_Model1_EQB_CH1,Step8_Model1_EQA_CH4,Step9_Model1_EQC_CH3,Step10_Model1_EQC_CH1,Step11_Model2_EQA_CH4,Step12_Model3_EQB_CH3,Step13_Model2_EQC_CH3,Step14_Model1_EQA_CH2,Step15_Model2_EQC_CH1,Step16_Model3_EQC_CH4,Step17_Model1_EQC_CH3,Step18_Model1_EQA_CH4,Step19_Model1_EQA_CH3,Step20_Model3_EQC_CH1,Step21_Model1_EQB_CH1,Step22_Model1_EQC_CH1,Step23_Model1_EQA_CH2,Step24_Model1_EQC_CH1,Step25_Model1_EQA_CH4,Step26_Model1_EQC_CH2,Step27_Model2_EQB_CH1,Step28_Model3_EQB_CH1,Step29_Model1_EQC_CH2,Step30_Model1_EQC_CH2,,,,,,71.56597086160208,,,,,,,,,,,,,,,,37.64221376132299,,,,,,,,,,,,,,,55.299948250297916,,,,,,,,,,,,,,,,,,,,,,,,,,,
T034_W09,T034,9,Step1_Model2_EQA_CH3,Step2_Model3_EQC_CH1,Step3_Model3_EQA_CH3,Step4_Model1_EQA_CH2,Step5_Model1_EQC_CH2,Step6_Model3_EQB_CH2,Step7_Model1_EQB_CH3,Step8_Model1_EQA_CH1,Step9_Model1_EQC_CH3,Step10_Model1_EQC_CH1,Step11_Model2_EQA_CH1,Step12_Model3_EQB_CH3,Step13_Model2_EQC_CH3,Step14_Model1_EQA_CH2,Step15_Model2_EQC_CH4,Step16_Model3_EQC_CH1,Step17_Model1_EQC_CH3,Step18_Model1_EQA_CH3,Step19_Model1_EQA_CH2,Step20_Model3_EQC_CH2,Step21_Model1_EQB_CH3,Step22_Model1_EQC_CH3,Step23_Model1_EQA_CH1,Step24_Model1_EQC_CH4,Step25_Model1_EQA_CH3,Step26_Model1_EQC_CH2,Step27_Model2_EQB_CH1,Step28_Model3_EQB_CH4,Step29_Model1_EQC_CH4,Step30_Model1_EQC_CH4,,38.317598638604274,,,,,,,,,,,,,40.979804524220285,,,,,,,,,,,,,,,,41.01817399353673,,,66.98163521105215,,66.07378135255509,,,,,53.03743685154973,,59.63662782511412,,,,,,,,,,,12,,10,,,,,,,,
T034_W10,T034,10,Step1_Model2_EQA_CH2,Step2_Model3_EQC_CH1,Step3_Model3_EQA_CH4,Step4_Model1_EQA_CH4,Step5_Model1_EQC_CH1,Step6_Model3_EQB_CH4,Step7_Model1_EQB_CH3,Step8_Model1_EQA_CH4,Step9_Model1_EQC_CH4,Step10_Model1_EQC_CH4,Step11_Model2_EQA_CH1,Step12_Model3_EQB_CH1,Step13_Model2_EQC_CH1,Step14_Model1_EQA_CH2,Step15_Model2_EQC_CH4,Step16_Model3_EQC_CH1,Step17_Model1_EQC_CH1,Step18_Model1_EQA_CH3,Step19_Model1_EQA_CH1,Step20_Model3_EQC_CH3,Step21_Model1_EQB_CH1,Step22_Model1_EQC_CH3,Step23_Model1_EQA_CH4,Step24_Model1_EQC_CH3,Step25_Model1_EQA_CH4,Step26_Model1_EQC_CH3,Step27_Model2_EQB_CH3,Step28_Model3_EQB_CH2,Step29_Model1_EQC_CH1,Step30_Model1_EQC_CH1,,,35.34293806428874,55.89539485404959,,,,,,48.93979211804634,,41.14828124702277,41.59875706003945,51.559832100799056,,,48.00041504553582,,,,,,,,,,51.62943961060676,,,,,,,,48.64062870889779,,,,,,,,,,,,,,,,,,,,,,,,,,,,,
T034_W11,T034,11,Step1_Model2_EQA_CH1,Step2_Model3_EQC_CH1,Step3_Model3_EQA_CH2,Step4_Model1_EQA_CH3,Step5_Model1_EQC_CH2,Step6_Model3_EQB_CH1,Step7_Model1_EQB_CH4,Step8_Model1_EQA_CH2,Step9_Model1_EQC_CH2,Step10_Model1_EQC_CH3,Step11_Model2_EQA_CH4,Step12_Model3_EQB_CH1,Step13_Model2_EQC_CH3,Step14_Model1_EQA_CH1,Step15_Model2_EQC_CH3,Step16_Model3_EQC_CH1,Step17_Model1_EQC_CH1,Step18_Model1_EQA_CH2,Step19_Model1_EQA_CH3,Step20_Model3_EQC_CH2,Step21_Model1_EQB_CH4,Step22_Model1_EQC_CH3,Step23_Model1_EQA_CH4,Step24_Model1_EQC_CH2,Step25_Model1_EQA_CH4,Step26_Model1_EQC_CH4,Step27_Model2_EQB_CH4,Step28_Model3_EQB_CH1,Step29_Model1_EQC_CH2,Step30_Model1_EQC_CH3,,,,45.360012123951975,,,,,,,,,,,,,,,,,,,,,47.47628337146393,,45.515513320406576,,46.12362116716963,,,,47.69911660809339,,,,,,,,,,,,,,59.37726430918349,52.17620941669635,,,,8,,,,,,,,,,,,
T034_W12,T034,12,Step1_Model2_EQA_CH1,Step2_Model3_EQC_CH4,Step3_Model3_EQA_CH3,Step4_Model1_EQA_CH3,Step5_Model1_EQC_CH4,Step6_Model3_EQB_CH1,Step7_Model1_EQB_CH3,Step8_Model1_EQA_CH2,Step9_Model1_EQC_CH3,Step10_Model1_EQC_CH4,Step11_Model2_EQA_CH2,Step12_Model3_EQB_CH3,Step13_Model2_EQC_CH4,Step14_Model1_EQA_CH4,Step15_Model2_EQC_CH3,Step16_Model3_EQC_CH1,Step17_Model1_EQC_CH3,Step18_Model1_EQA_CH1,Step19_Model1_EQA_CH1,Step20_Model3_EQC_CH4,Step21_Model1_EQB_CH1,Step22_Model1_EQC_CH1,Step23_Model1_EQA_CH2,Step24_Model1_EQC_CH3,Step25_Model1_EQA_CH1,Step26_Model1_EQC_CH2,Step27_Model2_EQB_CH2,Step28_Model3_EQB_CH3,Step29_Model1_EQC_CH2,Step30_Model1_EQC_CH3,,37.17059937353404,,,60.24634548840467,,45.17661013751099,,58.86873294148925,,30.35856727827364,,,,,62.01959127878738,,,,,,,,,,,,54.281981798210786,,,,,,,53.15728354,,,,,,,,,36.653297894279596,,,,,,,,,,,,,,,,,,,,
T034_W13,T034,13,Step1_Model2_EQA_CH4,Step2_Model3_EQC_CH4,Step3_Model3_EQA_CH1,Step4_Model1_EQA_CH1,Step5_Model1_EQC_CH2,Step6_Model3_EQB_CH2,Step7_Model1_EQB_CH2,Step8_Model1_EQA_CH1,Step9_Model1_EQC_CH2,Step10_Model1_EQC_CH4,Step11_Model2_EQA_CH1,Step12_Model3_EQB_CH2,Step13_Model2_EQC_CH1,Step14_Model1_EQA_CH2,Step15_Model2_EQC_CH2,Step16_Model3_EQC_CH2,Step17_Model1_EQC_CH3,Step18_Model1_EQA_CH1,Step19_Model1_EQA_CH4,Step20_Model3_EQC_CH3,Step21_Model1_EQB_CH1,Step22_Model1_EQC_CH1,Step23_Model1_EQA_CH3,Step24_Model1_EQC_CH3,Step25_Model1_EQA_CH1,Step26_Model1_EQC_CH2,Step27_Model2_EQB_CH4,Step28_Model3_EQB_CH1,Step29_Model1_EQC_CH4,Step30_Model1_EQC_CH2,,,,,,,,,,,,45.45143483742713,,59.97634302037465,,,46.58794783,36.01840849376674,,,,,,,44.048962160745084,,,,,,,,,,,,,35.38769321976792,,,,,,,,,52.980979924342726,,,,,,,,,,,,,,,,,
T034_W14,T034,14,Step1_Model2_EQA_CH3,Step2_Model3_EQC_CH3,Step3_Model3_EQA_CH4,Step4_Model1_EQA_CH4,Step5_Model1_EQC_CH3,Step6_Model3_EQB_CH1,Step7_Model1_EQB_CH4,Step8_Model1_EQA_CH4,Step9_Model1_EQC_CH1,Step10_Model1_EQC_CH1,Step11_Model2_EQA_CH3,Step12_Model3_EQB_CH3,Step13_Model2_EQC_CH1,Step14_Model1_EQA_CH4,Step15_Model2_EQC_CH4,Step16_Model3_EQC_CH2,Step17_Model1_EQC_CH2,Step18_Model1_EQA_CH1,Step19_Model1_EQA_CH4,Step20_Model3_EQC_CH3,Step21_Model1_EQB_CH4,Step22_Model1_EQC_CH1,Step23_Model1_EQA_CH1,Step24_Model1_EQC_CH2,Step25_Model1_EQA_CH2,Step26_Model1_EQC_CH1,Step27_Model2_EQB_CH2,Step28_Model3_EQB_CH1,Step29_Model1_EQC_CH1,Step30_Model1_EQC_CH4,43.70766630215881,,,,,,,,,,,,,,,60.80887624767508,,35.46771249796635,57.490279813728804,,40.017872943522825,,,43.946301092910545,,,,,,,,47.83957708,52.42012986847332,53.39313766899386,,,,,,,,,,,,33.493577093010316,,,,,,,,,,,,,,,,,,
T034_W15,T034,15,Step1_Model2_EQA_CH2,Step2_Model3_EQC_CH2,Step3_Model3_EQA_CH3,Step4_Model1_EQA_CH3,Step5_Model1_EQC_CH2,Step6_Model3_EQB_CH2,Step7_Model1_EQB_CH4,Step8_Model1_EQA_CH3,Step9_Model1_EQC_CH1,Step10_Model1_EQC_CH3,Step11_Model2_EQA_CH1,Step12_Model3_EQB_CH2,Step13_Model2_EQC_CH3,Step14_Model1_EQA_CH2,Step15_Model2_EQC_CH2,Step16_Model3_EQC_CH3,Step17_Model1_EQC_CH1,Step18_Model1_EQA_CH3,Step19_Model1_EQA_CH2,Step20_Model3_EQC_CH2,Step21_Model1_EQB_CH3,Step22_Model1_EQC_CH4,Step23_Model1_EQA_CH1,Step24_Model1_EQC_CH2,Step25_Model1_EQA_CH1,Step26_Model1_EQC_CH2,Step27_Model2_EQB_CH2,Step28_Model3_EQB_CH1,Step29_Model1_EQC_CH4,Step30_Model1_EQC_CH1,,,,,,73.69550637160114,,,53.44865733000905,,,,,58.21554502128092,44.66188629610238,,,,,,,,,45.39567163991077,,,,,,,,44.561584239984064,,,51.599781221775025,55.93748616790657,,,,,,,,,,,57.82821489461849,,,,,,,,,,,,,,,,,
T034_W16,T034,16,Step1_Model2_EQA_CH2,Step2_Model3_EQC_CH3,Step3_Model3_EQA_CH1,Step4_Model1_EQA_CH3,Step5_Model1_EQC_CH4,Step6_Model3_EQB_CH4,Step7_Model1_EQB_CH4,Step8_Model1_EQA_CH4,Step9_Model1_EQC_CH1,Step10_Model1_EQC_CH4,Step11_Model2_EQA_CH2,Step12_Model3_EQB_CH3,Step13_Model2_EQC_CH4,Step14_Model1_EQA_CH2,Step15_Model2_EQC_CH2,Step16_Model3_EQC_CH4,Step17_Model1_EQC_CH1,Step18_Model1_EQA_CH3,Step19_Model1_EQA_CH1,Step20_Model3_EQC_CH4,Step21_Model1_EQB_CH2,Step22_Model1_EQC_CH2,Step23_Model1_EQA_CH1,Step24_Model1_EQC_CH1,Step25_Model1_EQA_CH3,Step26_Model1_EQC_CH4,Step27_Model2_EQB_CH1,Step28_Model3_EQB_CH4,Step29_Model1_EQC_CH4,Step30_Model1_EQC_CH1,,,,,,,41.46665938207305,,,53.791811176510585,,,,,,,,,,,,,,,,,,,,,,,,,,,,,43.96252497022333,47.76778115758189,,,61.68280543268624,,,40.80914865239833,64.30779297504935,,,,,,,,,,,,,,,,,
T034_W17,T034,17,Step1_Model2_EQA_CH1,Step2_Model3_EQC_CH3,Step3_Model3_EQA_CH4,Step4_Model1_EQA_CH4,Step5_Model1_EQC_CH4,Step6_Model3_EQB_CH4,Step7_Model1_EQB_CH2,Step8_Model1_EQA_CH3,Step9_Model1_EQC_CH1,Step10_Model1_EQC_CH1,Step11_Model2_EQA_CH4,Step12_Model3_EQB_CH3,Step13_Model2_EQC_CH3,Step14_Model1_EQA_CH4,Step15_Model2_EQC_CH1,Step16_Model3_EQC_CH2,Step17_Model1_EQC_CH4,Step18_Model1_EQA_CH1,Step19_Model1_EQA_CH4,Step20_Model3_EQC_CH2,Step21_Model1_EQB_CH4,Step22_Model1_EQC_CH4,Step23_Model1_EQA_CH4,Step24_Model1_EQC_CH3,Step25_Model1_EQA_CH4,Step26_Model1_EQC_CH3,Step27_Model2_EQB_CH3,Step28_Model3_EQB_CH3,Step29_Model1_EQC_CH2,Step30_Model1_EQC_CH2,,,35.457680674080365,53.846672542694314,,,,,,,,,45.11061242458968,,,,,44.63901976422384,,,,,,40.15804739455368,,63.356990423705845,,,,,,,,,,,55.367252660637455,,,,,,,,,,,,,,,,,9,,,,,,,,,,
T034_W18,T034,18,Step1_Model2_EQA_CH3,Step2_Model3_EQC_CH1,Step3_Model3_EQA_CH1,Step4_Model1_EQA_CH1,Step5_Model1_EQC_CH4,Step6_Model3_EQB_CH1,Step7_Model1_EQB_CH2,Step8_Model1_EQA_CH1,Step9_Model1_EQC_CH1,Step10_Model1_EQC_CH2,Step11_Model2_EQA_CH2,Step12_Model3_EQB_CH3,Step13_Model2_EQC_CH3,Step14_Model1_EQA_CH3,Step15_Model2_EQC_CH4,Step16_Model3_EQC_CH2,Step17_Model1_EQC_CH2,Step18_Model1_EQA_CH2,Step19_Model1_EQA_CH2,Step20_Model3_EQC_CH1,Step21_Model1_EQB_CH2,Step22_Model1_EQC_CH2,Step23_Model1_EQA_CH1,Step24_Model1_EQC_CH2,Step25_Model1_EQA_CH2,Step26_Model1_EQC_CH4,Step27_Model2_EQB_CH4,Step28_Model3_EQB_CH4,Step29_Model1_EQC_CH2,Step30_Model1_EQC_CH4,,,,,62.00661869479727,,,,,55.95361525957943,,,51.188294180353104,,,,,,,,33.94010564842221,35.58761113116912,,48.38930415522264,,60.55841770552912,,,50.78938177666906,,,,,,,,,,,,,,,,,,,,,,,,,,,,,,,,,,,
T034_W19,T034,19,Step1_Model2_EQA_CH2,Step2_Model3_EQC_CH1,Step3_Model3_EQA_CH4,Step4_Model1_EQA_CH2,Step5_Model1_EQC_CH4,Step6_Model3_EQB_CH3,Step7_Model1_EQB_CH2,Step8_Model1_EQA_CH3,Step9_Model1_EQC_CH2,Step10_Model1_EQC_CH1,Step11_Model2_EQA_CH2,Step12_Model3_EQB_CH4,Step13_Model2_EQC_CH2,Step14_Model1_EQA_CH1,Step15_Model2_EQC_CH1,Step16_Model3_EQC_CH2,Step17_Model1_EQC_CH3,Step18_Model1_EQA_CH2,Step19_Model1_EQA_CH4,Step20_Model3_EQC_CH1,Step21_Model1_EQB_CH3,Step22_Model1_EQC_CH1,Step23_Model1_EQA_CH2,Step24_Model1_EQC_CH4,Step25_Model1_EQA_CH2,Step26_Model1_EQC_CH2,Step27_Model2_EQB_CH1,Step28_Model3_EQB_CH2,Step29_Model1_EQC_CH4,Step30_Model1_EQC_CH3,,,33.361734953575265,44.43282099008813,,,,,,,,,41.35387527473397,,,60.221374792243026,,,,,,,66.40462739208336,,,58.51169811668647,,,,,,,,,,,,,,,52.98734863396946,,,,37.08114199638844,30.987363673769778,,,,,5,,,,,,,,,,,,,
T034_W20,T034,20,Step1_Model2_EQA_CH2,Step2_Model3_EQC_CH3,Step3_Model3_EQA_CH1,Step4_Model1_EQA_CH2,Step5_Model1_EQC_CH4,Step6_Model3_EQB_CH1,Step7_Model1_EQB_CH1,Step8_Model1_EQA_CH3,Step9_Model1_EQC_CH1,Step10_Model1_EQC_CH1,Step11_Model2_EQA_CH4,Step12_Model3_EQB_CH4,Step13_Model2_EQC_CH2,Step14_Model1_EQA_CH2,Step15_Model2_EQC_CH4,Step16_Model3_EQC_CH2,Step17_Model1_EQC_CH3,Step18_Model1_EQA_CH3,Step19_Model1_EQA_CH4,Step20_Model3_EQC_CH3,Step21_Model1_EQB_CH2,Step22_Model1_EQC_CH4,Step23_Model1_EQA_CH4,Step24_Model1_EQC_CH4,Step25_Model1_EQA_CH4,Step26_Model1_EQC_CH2,Step27_Model2_EQB_CH3,Step28_Model3_EQB_CH4,Step29_Model1_EQC_CH4,Step30_Model1_EQC_CH4,,,40.202719055411706,,,,,,,55.56098295,,39.50823167724834,,,,,,35.02999947588815,,,,,,,49.07171511310448,56.67147780520033,,61.19112264419353,,,42.915681878852446,,,,,,,39.12994056030911,,38.32354004874102,53.02419761527478,,60.91545737704262,,,42.10477116883977,,,,,,,,,,,,,,,,,,
T034_W21,T034,21,Step1_Model2_EQA_CH2,Step2_Model3_EQC_CH1,Step3_Model3_EQA_CH4,Step4_Model1_EQA_CH1,Step5_Model1_EQC_CH1,Step6_Model3_EQB_CH1,Step7_Model1_EQB_CH2,Step8_Model1_EQA_CH2,Step9_Model1_EQC_CH4,Step10_Model1_EQC_CH1,Step11_Model2_EQA_CH1,Step12_Model3_EQB_CH1,Step13_Model2_EQC_CH2,Step14_Model1_EQA_CH2,Step15_Model2_EQC_CH1,Step16_Model3_EQC_CH1,Step17_Model1_EQC_CH3,Step18_Model1_EQA_CH1,Step19_Model1_EQA_CH3,Step20_Model3_EQC_CH2,Step21_Model1_EQB_CH3,Step22_Model1_EQC_CH3,Step23_Model1_EQA_CH3,Step24_Model1_EQC_CH2,Step25_Model1_EQA_CH1,Step26_Model1_EQC_CH4,Step27_Model2_EQB_CH2,Step28_Model3_EQB_CH1,Step29_Model1_EQC_CH4,Step30_Model1_EQC_CH3,,,,,,61.88657401987749,,35.62176278827086,56.03605452846632,,31.325075343557053,,,,,,,37.58335837129669,,,,,,50.889020970064095,43.88127323103047,,,,,,,,,,,,,,,,,,,,,38.319359291793766,,,,5,,,,9,,,,,,,,,,
T034_W22,T034,22,Step1_Model2_EQA_CH4,Step2_Model3_EQC_CH3,Step3_Model3_EQA_CH2,Step4_Model1_EQA_CH1,Step5_Model1_EQC_CH4,Step6_Model3_EQB_CH4,Step7_Model1_EQB_CH2,Step8_Model1_EQA_CH4,Step9_Model1_EQC_CH4,Step10_Model1_EQC_CH4,Step11_Model2_EQA_CH4,Step12_Model3_EQB_CH2,Step13_Model2_EQC_CH2,Step14_Model1_EQA_CH2,Step15_Model2_EQC_CH1,Step16_Model3_EQC_CH4,Step17_Model1_EQC_CH2,Step18_Model1_EQA_CH2,Step19_Model1_EQA_CH4,Step20_Model3_EQC_CH2,Step21_Model1_EQB_CH1,Step22_Model1_EQC_CH2,Step23_Model1_EQA_CH3,Step24_Model1_EQC_CH2,Step25_Model1_EQA_CH3,Step26_Model1_EQC_CH3,Step27_Model2_EQB_CH4,Step28_Model3_EQB_CH4,Step29_Model1_EQC_CH4,Step30_Model1_EQC_CH2,,,42.99435787243759,,,64.25569499175643,,,,,,,,,,,,,,,,,,,,,,,41.02766429086784,,,,,,,55.805069098436796,,38.385994629324095,,44.571153582111485,56.37671219684021,,,,,,,,,,,,,,,,,,,,,,,
T034_W23,T034,23,Step1_Model2_EQA_CH1,Step2_Model3_EQC_CH1,Step3_Model3_EQA_CH4,Step4_Model1_EQA_CH1,Step5_Model1_EQC_CH1,Step6_Model3_EQB_CH2,Step7_Model1_EQB_CH2,Step8_Model1_EQA_CH1,Step9_Model1_EQC_CH3,Step10_Model1_EQC_CH4,Step11_Model2_EQA_CH3,Step12_Model3_EQB_CH2,Step13_Model2_EQC_CH2,Step14_Model1_EQA_CH4,Step15_Model2_EQC_CH3,Step16_Model3_EQC_CH4,Step17_Model1_EQC_CH1,Step18_Model1_EQA_CH4,Step19_Model1_EQA_CH4,Step20_Model3_EQC_CH2,Step21_Model1_EQB_CH3,Step22_Model1_EQC_CH4,Step23_Model1_EQA_CH1,Step24_Model1_EQC_CH3,Step25_Model1_EQA_CH1,Step26_Model1_EQC_CH3,Step27_Model2_EQB_CH3,Step28_Model3_EQB_CH2,Step29_Model1_EQC_CH3,Step30_Model1_EQC_CH4,,,,,,,,38.74191693532689,,,,,,,,,,,,,,,,49.25994751293654,39.734574702206096,,,,,,,41.57849848,,,,,55.13550559556987,34.44859963336211,,,41.93016794743821,,,,52.84840543916632,42.44984662036032,59.79113848937506,,,,,,,,,,,,,,,,,
T034_W24,T034,24,Step1_Model2_EQA_CH1,Step2_Model3_EQC_CH3,Step3_Model3_EQA_CH4,Step4_Model1_EQA_CH1,Step5_Model1_EQC_CH2,Step6_Model3_EQB_CH3,Step7_Model1_EQB_CH4,Step8_Model1_EQA_CH4,Step9_Model1_EQC_CH3,Step10_Model1_EQC_CH4,Step11_Model2_EQA_CH4,Step12_Model3_EQB_CH4,Step13_Model2_EQC_CH3,Step14_Model1_EQA_CH2,Step15_Model2_EQC_CH2,Step16_Model3_EQC_CH4,Step17_Model1_EQC_CH1,Step18_Model1_EQA_CH4,Step19_Model1_EQA_CH1,Step20_Model3_EQC_CH1,Step21_Model1_EQB_CH4,Step22_Model1_EQC_CH1,Step23_Model1_EQA_CH3,Step24_Model1_EQC_CH4,Step25_Model1_EQA_CH1,Step26_Model1_EQC_CH2,Step27_Model2_EQB_CH3,Step28_Model3_EQB_CH4,Step29_Model1_EQC_CH1,Step30_Model1_EQC_CH2,,,,,,,36.028061151035445,,61.56515751090337,,,,,,,66.03941176613169,,,,35.676852382455465,,38.26634422158851,,46.16608295327849,,,,,,,,,,,,,,38.688137962258466,,44.74540917099767,42.36408329392368,,,,,,,,,,,,,,,,,,,,,,,
T034_W25,T034,25,Step1_Model2_EQA_CH2,Step2_Model3_EQC_CH4,Step3_Model3_EQA_CH3,Step4_Model1_EQA_CH1,Step5_Model1_EQC_CH2,Step6_Model3_EQB_CH2,Step7_Model1_EQB_CH1,Step8_Model1_EQA_CH4,Step9_Model1_EQC_CH4,Step10_Model1_EQC_CH4,Step11_Model2_EQA_CH4,Step12_Model3_EQB_CH2,Step13_Model2_EQC_CH4,Step14_Model1_EQA_CH1,Step15_Model2_EQC_CH3,Step16_Model3_EQC_CH1,Step17_Model1_EQC_CH3,Step18_Model1_EQA_CH3,Step19_Model1_EQA_CH3,Step20_Model3_EQC_CH3,Step21_Model1_EQB_CH4,Step22_Model1_EQC_CH4,Step23_Model1_EQA_CH3,Step24_Model1_EQC_CH4,Step25_Model1_EQA_CH3,Step26_Model1_EQC_CH1,Step27_Model2_EQB_CH3,Step28_Model3_EQB_CH4,Step29_Model1_EQC_CH2,Step30_Model1_EQC_CH4,,40.49082736517995,,,,,,,,,,38.15586049258501,,,,,,,,,44.633066099446374,,,,47.9697192,,,,,40.05034323069734,,43.25996536435683,,52.99287935264634,,,,,,,,,62.97471925948309,,,,,,,,,,,,,,,,,,,,,
T035_W01,T035,1,Step1_Model2_EQC_CH1,Step2_Model1_EQA_CH4,Step3_Model2_EQB_CH2,Step4_Model1_EQB_CH4,Step5_Model3_EQA_CH2,Step6_Model2_EQB_CH2,Step7_Model3_EQA_CH4,Step8_Model3_EQA_CH4,Step9_Model1_EQB_CH1,Step10_Model3_EQC_CH3,Step11_Model1_EQA_CH1,Step12_Model2_EQA_CH4,Step13_Model3_EQA_CH3,Step14_Model2_EQA_CH2,Step15_Model3_EQC_CH4,Step16_Model3_EQB_CH2,Step17_Model3_EQA_CH1,Step18_Model3_EQB_CH2,Step19_Model2_EQC_CH4,Step20_Model2_EQA_CH4,Step21_Model2_EQC_CH1,Step22_Model3_EQA_CH2,Step23_Model2_EQC_CH2,Step24_Model2_EQB_CH4,Step25_Model1_EQB_CH1,Step26_Model3_EQA_CH4,Step27_Model1_EQA_CH1,Step28_Model2_EQB_CH4,Step29_Model1_EQC_CH3,Step30_Model3_EQC_CH3,,,,,,,,39.9496059,,,,,,,32.13463918730799,,,,,44.67448622139059,,,,,,,55.43277148211483,,,32.38091831628015,,,,,,53.363876123409554,,,37.24042604540847,,,,,30.12538627,,,,50.02282024,,10,,,,,,,,,,,,,,
T035_W02,T035,2,Step1_Model2_EQC_CH1,Step2_Model1_EQA_CH2,Step3_Model2_EQB_CH3,Step4_Model1_EQB_CH1,Step5_Model3_EQA_CH1,Step6_Model2_EQB_CH1,Step7_Model3_EQA_CH4,Step8_Model3_EQA_CH2,Step9_Model1_EQB_CH4,Step10_Model3_EQC_CH2,Step11_Model1_EQA_CH3,Step12_Model2_EQA_CH1,Step13_Model3_EQA_CH3,Step14_Model2_EQA_CH1,Step15_Model3_EQC_CH2,Step16_Model3_EQB_CH3,Step17_Model3_EQA_CH2,Step18_Model3_EQB_CH4,Step19_Model2_EQC_CH3,Step20_Model2_EQA_CH1,Step21_Model2_EQC_CH4,Step22_Model3_EQA_CH4,Step23_Model2_EQC_CH3,Step24_Model2_EQB_CH1,Step25_Model1_EQB_CH4,Step26_Model3_EQA_CH4,Step27_Model1_EQA_CH1,Step28_Model2_EQB_CH2,Step29_Model1_EQC_CH2,Step30_Model3_EQC_CH1,,,,,,,59.25839465646087,38.23016957984897,,56.53157659196218,,,44.14302310076294,56.876160746572054,,,,,,38.958857962416445,,,,46.104700507271126,,,,,43.64331320023918,33.64046752722145,,,,,,53.02109903596661,,,,,48.47522457006008,,,,,,,,,,,,,,,,,,,,,,,
T035_W03,T035,3,Step1_Model2_EQC_CH2,Step2_Model1_EQA_CH3,Step3_Model2_EQB_CH3,Step4_Model1_EQB_CH2,Step5_Model3_EQA_CH4,Step6_Model2_EQB_CH3,Step7_Model3_EQA_CH4,Step8_Model3_EQA_CH3,Step9_Model1_EQB_CH3,Step10_Model3_EQC_CH2,Step11_Model1_EQA_CH3,Step12_Model2_EQA_CH2,Step13_Model3_EQA_CH1,Step14_Model2_EQA_CH1,Step15_Model3_EQC_CH2,Step16_Model3_EQB_CH2,Step17_Model3_EQA_CH1,Step18_Model3_EQB_CH2,Step19_Model2_EQC_CH3,Step20_Model2_EQA_CH1,Step21_Model2_EQC_CH4,Step22_Model3_EQA_CH3,Step23_Model2_EQC_CH3,Step24_Model2_EQB_CH4,Step25_Model1_EQB_CH1,Step26_Model3_EQA_CH4,Step27_Model1_EQA_CH4,Step28_Model2_EQB_CH2,Step29_Model1_EQC_CH2,Step30_Model3_EQC_CH2,38.84230115985879,,,,,,,,56.45779395346836,,,,,,,61.23126945131214,,36.32255328808709,56.36116100223812,35.76237311131976,41.11892099814004,,,42.77504588000232,,,,,,,,,,,,,,,,,,,,,,29.923621013820277,,47.53300363909968,,,,,,,,8,,,,,,,,
T035_W04,T035,4,Step1_Model2_EQC_CH2,Step2_Model1_EQA_CH3,Step3_Model2_EQB_CH1,Step4_Model1_EQB_CH3,Step5_Model3_EQA_CH4,Step6_Model2_EQB_CH2,Step7_Model3_EQA_CH3,Step8_Model3_EQA_CH4,Step9_Model1_EQB_CH3,Step10_Model3_EQC_CH3,Step11_Model1_EQA_CH3,Step12_Model2_EQA_CH3,Step13_Model3_EQA_CH1,Step14_Model2_EQA_CH2,Step15_Model3_EQC_CH3,Step16_Model3_EQB_CH1,Step17_Model3_EQA_CH4,Step18_Model3_EQB_CH1,Step19_Model2_EQC_CH3,Step20_Model2_EQA_CH4,Step21_Model2_EQC_CH1,Step22_Model3_EQA_CH4,Step23_Model2_EQC_CH3,Step24_Model2_EQB_CH2,Step25_Model1_EQB_CH3,Step26_Model3_EQA_CH3,Step27_Model1_EQA_CH3,Step28_Model2_EQB_CH1,Step29_Model1_EQC_CH2,Step30_Model3_EQC_CH2,,,,,,,,,,,,,,,34.82378934594329,,,,56.726774500264085,31.73423735776786,,33.184910725105894,,,51.67909096276476,,,,52.00746518846479,,51.439752810190335,,,,,,,,,45.02463975962466,,,,,,,,,,,,,,,,,,10,,,,,,
T035_W05,T035,5,Step1_Model2_EQC_CH1,Step2_Model1_EQA_CH4,Step3_Model2_EQB_CH3,Step4_Model1_EQB_CH1,Step5_Model3_EQA_CH1,Step6_Model2_EQB_CH4,Step7_Model3_EQA_CH2,Step8_Model3_EQA_CH1,Step9_Model1_EQB_CH2,Step10_Model3_EQC_CH3,Step11_Model1_EQA_CH4,Step12_Model2_EQA_CH4,Step13_Model3_EQA_CH1,Step14_Model2_EQA_CH3,Step15_Model3_EQC_CH2,Step16_Model3_EQB_CH2,Step17_Model3_EQA_CH4,Step18_Model3_EQB_CH2,Step19_Model2_EQC_CH2,Step20_Model2_EQA_CH4,Step21_Model2_EQC_CH4,Step22_Model3_EQA_CH4,Step23_Model2_EQC_CH4,Step24_Model2_EQB_CH2,Step25_Model1_EQB_CH2,Step26_Model3_EQA_CH1,Step27_Model1_EQA_CH3,Step28_Model2_EQB_CH1,Step29_Model1_EQC_CH1,Step30_Model3_EQC_CH4,,,,,,,,,,,,,,56.29885284781463,,,,,,,,,,42.44882792266284,,,52.10677233673919,,,,,,,,,,,28.09128943,,,,,,,45.6308473,,,,,,,,,,13,,12,,,,,,,
T035_W06,T035,6,Step1_Model2_EQC_CH1,Step2_Model1_EQA_CH2,Step3_Model2_EQB_CH2,Step4_Model1_EQB_CH2,Step5_Model3_EQA_CH2,Step6_Model2_EQB_CH2,Step7_Model3_EQA_CH3,Step8_Model3_EQA_CH4,Step9_Model1_EQB_CH4,Step10_Model3_EQC_CH2,Step11_Model1_EQA_CH2,Step12_Model2_EQA_CH2,Step13_Model3_EQA_CH4,Step14_Model2_EQA_CH2,Step15_Model3_EQC_CH2,Step16_Model3_EQB_CH2,Step17_Model3_EQA_CH2,Step18_Model3_EQB_CH4,Step19_Model2_EQC_CH1,Step20_Model2_EQA_CH3,Step21_Model2_EQC_CH2,Step22_Model3_EQA_CH2,Step23_Model2_EQC_CH4,Step24_Model2_EQB_CH4,Step25_Model1_EQB_CH4,Step26_Model3_EQA_CH4,Step27_Model1_EQA_CH4,Step28_Model2_EQB_CH3,Step29_Model1_EQC_CH4,Step30_Model3_EQC_CH3,41.73189307,,,54.55425417775137,,54.2841528,,,65.44839773676429,,,43.50752091245608,,,,,47.93138298034944,40.347614363706526,64.19481956,,,,,,,62.45966958514223,,,,40.56280325727126,,,,,,,,,47.820697485033214,,44.15254070357365,,,,60.375999244431256,,,,,,,10,,,,,9,,,,,,,
T035_W07,T035,7,Step1_Model2_EQC_CH3,Step2_Model1_EQA_CH4,Step3_Model2_EQB_CH3,Step4_Model1_EQB_CH4,Step5_Model3_EQA_CH2,Step6_Model2_EQB_CH1,Step7_Model3_EQA_CH4,Step8_Model3_EQA_CH4,Step9_Model1_EQB_CH3,Step10_Model3_EQC_CH3,Step11_Model1_EQA_CH3,Step12_Model2_EQA_CH4,Step13_Model3_EQA_CH1,Step14_Model2_EQA_CH4,Step15_Model3_EQC_CH1,Step16_Model3_EQB_CH3,Step17_Model3_EQA_CH1,Step18_Model3_EQB_CH2,Step19_Model2_EQC_CH1,Step20_Model2_EQA_CH2,Step21_Model2_EQC_CH2,Step22_Model3_EQA_CH1,Step23_Model2_EQC_CH4,Step24_Model2_EQB_CH1,Step25_Model1_EQB_CH1,Step26_Model3_EQA_CH1,Step27_Model1_EQA_CH1,Step28_Model2_EQB_CH3,Step29_Model1_EQC_CH2,Step30_Model3_EQC_CH1,,,,,,65.32379887459835,,,,51.67979870949413,37.487294477340505,,,,,,,,,,,,,,,62.13468016728146,,,,,38.90840312791109,,,,,,,,,,51.016590068870705,,,,,,,,6,,,,,,,,,,,,,,,
T035_W08,T035,8,Step1_Model2_EQC_CH1,Step2_Model1_EQA_CH4,Step3_Model2_EQB_CH1,Step4_Model1_EQB_CH3,Step5_Model3_EQA_CH2,Step6_Model2_EQB_CH4,Step7_Model3_EQA_CH1,Step8_Model3_EQA_CH1,Step9_Model1_EQB_CH3,Step10_Model3_EQC_CH3,Step11_Model1_EQA_CH3,Step12_Model2_EQA_CH4,Step13_Model3_EQA_CH4,Step14_Model2_EQA_CH3,Step15_Model3_EQC_CH3,Step16_Model3_EQB_CH4,Step17_Model3_EQA_CH1,Step18_Model3_EQB_CH3,Step19_Model2_EQC_CH3,Step20_Model2_EQA_CH2,Step21_Model2_EQC_CH1,Step22_Model3_EQA_CH1,Step23_Model2_EQC_CH2,Step24_Model2_EQB_CH3,Step25_Model1_EQB_CH4,Step26_Model3_EQA_CH1,Step27_Model1_EQA_CH3,Step28_Model2_EQB_CH1,Step29_Model1_EQC_CH1,Step30_Model3_EQC_CH4,,37.15939257808458,,,57.97120846456769,,,,,,,,,,,,47.351388885261926,,,,47.90280493033354,,,,,55.969222635529576,,56.00618487530041,,,,,,,,,,,,,,,,,,,,,,,,,,,,,7,,,,,,,
T035_W09,T035,9,Step1_Model2_EQC_CH3,Step2_Model1_EQA_CH3,Step3_Model2_EQB_CH2,Step4_Model1_EQB_CH4,Step5_Model3_EQA_CH3,Step6_Model2_EQB_CH1,Step7_Model3_EQA_CH1,Step8_Model3_EQA_CH3,Step9_Model1_EQB_CH3,Step10_Model3_EQC_CH2,Step11_Model1_EQA_CH2,Step12_Model2_EQA_CH3,Step13_Model3_EQA_CH2,Step14_Model2_EQA_CH2,Step15_Model3_EQC_CH1,Step16_Model3_EQB_CH3,Step17_Model3_EQA_CH2,Step18_Model3_EQB_CH4,Step19_Model2_EQC_CH1,Step20_Model2_EQA_CH4,Step21_Model2_EQC_CH1,Step22_Model3_EQA_CH2,Step23_Model2_EQC_CH1,Step24_Model2_EQB_CH2,Step25_Model1_EQB_CH4,Step26_Model3_EQA_CH4,Step27_Model1_EQA_CH2,Step28_Model2_EQB_CH2,Step29_Model1_EQC_CH4,Step30_Model3_EQC_CH1,,,,,,,,,,59.00333924232595,,,,,,63.164065304067066,,,,,,,64.77044351294775,,,,,,,,,48.91708464820767,,,,,,,,45.84677868918383,,,,,,,59.86531946,,,,,,6,,,,,,,,,,,
T035_W10,T035,10,Step1_Model2_EQC_CH1,Step2_Model1_EQA_CH3,Step3_Model2_EQB_CH1,Step4_Model1_EQB_CH3,Step5_Model3_EQA_CH3,Step6_Model2_EQB_CH1,Step7_Model3_EQA_CH4,Step8_Model3_EQA_CH1,Step9_Model1_EQB_CH2,Step10_Model3_EQC_CH4,Step11_Model1_EQA_CH2,Step12_Model2_EQA_CH2,Step13_Model3_EQA_CH2,Step14_Model2_EQA_CH4,Step15_Model3_EQC_CH4,Step16_Model3_EQB_CH1,Step17_Model3_EQA_CH1,Step18_Model3_EQB_CH4,Step19_Model2_EQC_CH3,Step20_Model2_EQA_CH1,Step21_Model2_EQC_CH1,Step22_Model3_EQA_CH4,Step23_Model2_EQC_CH1,Step24_Model2_EQB_CH3,Step25_Model1_EQB_CH2,Step26_Model3_EQA_CH2,Step27_Model1_EQA_CH4,Step28_Model2_EQB_CH2,Step29_Model1_EQC_CH1,Step30_Model3_EQC_CH2,,,,,59.748799715996626,,,,,,38.76190011067453,,,,,,53.72030903214979,,,,,,,,,55.60245868362129,,,46.196356414312724,,,,,,51.20718171090328,57.43242489509502,,42.500221488259896,,,,59.50678279744009,,,,,,,,,,,,,,,,,,,,,,
T035_W11,T035,11,Step1_Model2_EQC_CH2,Step2_Model1_EQA_CH4,Step3_Model2_EQB_CH1,Step4_Model1_EQB_CH2,Step5_Model3_EQA_CH4,Step6_Model2_EQB_CH3,Step7_Model3_EQA_CH4,Step8_Model3_EQA_CH4,Step9_Model1_EQB_CH3,Step10_Model3_EQC_CH1,Step11_Model1_EQA_CH2,Step12_Model2_EQA_CH2,Step13_Model3_EQA_CH4,Step14_Model2_EQA_CH4,Step15_Model3_EQC_CH4,Step16_Model3_EQB_CH4,Step17_Model3_EQA_CH4,Step18_Model3_EQB_CH2,Step19_Model2_EQC_CH3,Step20_Model2_EQA_CH1,Step21_Model2_EQC_CH4,Step22_Model3_EQA_CH3,Step23_Model2_EQC_CH3,Step24_Model2_EQB_CH2,Step25_Model1_EQB_CH4,Step26_Model3_EQA_CH3,Step27_Model1_EQA_CH1,Step28_Model2_EQB_CH1,Step29_Model1_EQC_CH2,Step30_Model3_EQC_CH1,34.727167759860926,,,55.92266761,,,,,,,,,,,,,,,59.37519615365121,,,,,,,,,,,32.163033865909355,,,,,,,,,45.412541878045694,,,,,,,,,,,,,9,,,,,,,,,,,,
T035_W12,T035,12,Step1_Model2_EQC_CH2,Step2_Model1_EQA_CH3,Step3_Model2_EQB_CH2,Step4_Model1_EQB_CH2,Step5_Model3_EQA_CH4,Step6_Model2_EQB_CH2,Step7_Model3_EQA_CH1,Step8_Model3_EQA_CH2,Step9_Model1_EQB_CH4,Step10_Model3_EQC_CH2,Step11_Model1_EQA_CH2,Step12_Model2_EQA_CH1,Step13_Model3_EQA_CH1,Step14_Model2_EQA_CH1,Step15_Model3_EQC_CH2,Step16_Model3_EQB_CH2,Step17_Model3_EQA_CH4,Step18_Model3_EQB_CH3,Step19_Model2_EQC_CH3,Step20_Model2_EQA_CH3,Step21_Model2_EQC_CH1,Step22_Model3_EQA_CH2,Step23_Model2_EQC_CH2,Step24_Model2_EQB_CH1,Step25_Model1_EQB_CH2,Step26_Model3_EQA_CH3,Step27_Model1_EQA_CH3,Step28_Model2_EQB_CH1,Step29_Model1_EQC_CH2,Step30_Model3_EQC_CH2,,,,,,,,,,,,38.16045969168511,,,,,,35.33490436,,38.99101283275324,48.88038932,,,,,62.66301334111486,,,,,,,,,,,,,,,,,,,,,,,,,,,,14,,,,,,,,,,
T035_W13,T035,13,Step1_Model2_EQC_CH1,Step2_Model1_EQA_CH1,Step3_Model2_EQB_CH3,Step4_Model1_EQB_CH4,Step5_Model3_EQA_CH1,Step6_Model2_EQB_CH4,Step7_Model3_EQA_CH3,Step8_Model3_EQA_CH1,Step9_Model1_EQB_CH1,Step10_Model3_EQC_CH1,Step11_Model1_EQA_CH4,Step12_Model2_EQA_CH3,Step13_Model3_EQA_CH2,Step14_Model2_EQA_CH1,Step15_Model3_EQC_CH3,Step16_Model3_EQB_CH1,Step17_Model3_EQA_CH4,Step18_Model3_EQB_CH3,Step19_Model2_EQC_CH2,Step20_Model2_EQA_CH4,Step21_Model2_EQC_CH2,Step22_Model3_EQA_CH2,Step23_Model2_EQC_CH1,Step24_Model2_EQB_CH3,Step25_Model1_EQB_CH4,Step26_Model3_EQA_CH2,Step27_Model1_EQA_CH3,Step28_Model2_EQB_CH4,Step29_Model1_EQC_CH1,Step30_Model3_EQC_CH2,,,27.596762747584474,,,56.009987075738366,,,,,,,,,,,,,,41.02594948026653,,,,,,,,,48.55164711951072,,,35.833616448912665,,,,,,,,,,,,,,,,,,,,,,,,,,,,,,,,
T035_W14,T035,14,Step1_Model2_EQC_CH2,Step2_Model1_EQA_CH1,Step3_Model2_EQB_CH4,Step4_Model1_EQB_CH3,Step5_Model3_EQA_CH1,Step6_Model2_EQB_CH3,Step7_Model3_EQA_CH2,Step8_Model3_EQA_CH4,Step9_Model1_EQB_CH2,Step10_Model3_EQC_CH1,Step11_Model1_EQA_CH4,Step12_Model2_EQA_CH2,Step13_Model3_EQA_CH3,Step14_Model2_EQA_CH3,Step15_Model3_EQC_CH2,Step16_Model3_EQB_CH1,Step17_Model3_EQA_CH4,Step18_Model3_EQB_CH4,Step19_Model2_EQC_CH1,Step20_Model2_EQA_CH3,Step21_Model2_EQC_CH3,Step22_Model3_EQA_CH4,Step23_Model2_EQC_CH1,Step24_Model2_EQB_CH4,Step25_Model1_EQB_CH4,Step26_Model3_EQA_CH3,Step27_Model1_EQA_CH3,Step28_Model2_EQB_CH1,Step29_Model1_EQC_CH3,Step30_Model3_EQC_CH3,,,,,,,,,,,,,36.619991515308264,,,,50.65616989589871,35.46283500815763,,,,,62.849464279400536,43.284574876416016,,,,,,,40.375640676512084,,,,,,,,,,49.40510864468963,,,,,,,,,,11,,,,,,,,,,,,,
T035_W15,T035,15,Step1_Model2_EQC_CH4,Step2_Model1_EQA_CH1,Step3_Model2_EQB_CH2,Step4_Model1_EQB_CH2,Step5_Model3_EQA_CH2,Step6_Model2_EQB_CH4,Step7_Model3_EQA_CH3,Step8_Model3_EQA_CH3,Step9_Model1_EQB_CH4,Step10_Model3_EQC_CH1,Step11_Model1_EQA_CH3,Step12_Model2_EQA_CH2,Step13_Model3_EQA_CH2,Step14_Model2_EQA_CH2,Step15_Model3_EQC_CH4,Step16_Model3_EQB_CH2,Step17_Model3_EQA_CH4,Step18_Model3_EQB_CH3,Step19_Model2_EQC_CH1,Step20_Model2_EQA_CH1,Step21_Model2_EQC_CH3,Step22_Model3_EQA_CH4,Step23_Model2_EQC_CH4,Step24_Model2_EQB_CH2,Step25_Model1_EQB_CH1,Step26_Model3_EQA_CH4,Step27_Model1_EQA_CH3,Step28_Model2_EQB_CH1,Step29_Model1_EQC_CH4,Step30_Model3_EQC_CH4,,,33.40723762888749,,,,40.37801620113377,,,,,,,,,,,,,,,,,,,,,,,,43.52005631091889,,,,,,,,,,,,,37.65213815734154,,,,,,,,,,,,,,,,,,,,
T035_W16,T035,16,Step1_Model2_EQC_CH1,Step2_Model1_EQA_CH1,Step3_Model2_EQB_CH3,Step4_Model1_EQB_CH4,Step5_Model3_EQA_CH3,Step6_Model2_EQB_CH2,Step7_Model3_EQA_CH1,Step8_Model3_EQA_CH3,Step9_Model1_EQB_CH2,Step10_Model3_EQC_CH3,Step11_Model1_EQA_CH4,Step12_Model2_EQA_CH4,Step13_Model3_EQA_CH4,Step14_Model2_EQA_CH1,Step15_Model3_EQC_CH3,Step16_Model3_EQB_CH1,Step17_Model3_EQA_CH4,Step18_Model3_EQB_CH3,Step19_Model2_EQC_CH1,Step20_Model2_EQA_CH4,Step21_Model2_EQC_CH2,Step22_Model3_EQA_CH1,Step23_Model2_EQC_CH2,Step24_Model2_EQB_CH3,Step25_Model1_EQB_CH3,Step26_Model3_EQA_CH1,Step27_Model1_EQA_CH3,Step28_Model2_EQB_CH2,Step29_Model1_EQC_CH4,Step30_Model3_EQC_CH3,,,38.310148096059535,52.33867640290851,63.130492027800095,,,,,,,,,,,,,,,,,,,,,57.16574835332408,,,,,,,,,,,47.46897574461639,,,,,,,37.03793381233404,,,50.261686453735884,,,,,,,,,,,,,,,,,
T035_W17,T035,17,Step1_Model2_EQC_CH3,Step2_Model1_EQA_CH4,Step3_Model2_EQB_CH1,Step4_Model1_EQB_CH1,Step5_Model3_EQA_CH1,Step6_Model2_EQB_CH1,Step7_Model3_EQA_CH1,Step8_Model3_EQA_CH1,Step9_Model1_EQB_CH2,Step10_Model3_EQC_CH4,Step11_Model1_EQA_CH2,Step12_Model2_EQA_CH4,Step13_Model3_EQA_CH3,Step14_Model2_EQA_CH1,Step15_Model3_EQC_CH1,Step16_Model3_EQB_CH3,Step17_Model3_EQA_CH1,Step18_Model3_EQB_CH4,Step19_Model2_EQC_CH1,Step20_Model2_EQA_CH4,Step21_Model2_EQC_CH1,Step22_Model3_EQA_CH4,Step23_Model2_EQC_CH2,Step24_Model2_EQB_CH4,Step25_Model1_EQB_CH2,Step26_Model3_EQA_CH1,Step27_Model1_EQA_CH2,Step28_Model2_EQB_CH2,Step29_Model1_EQC_CH2,Step30_Model3_EQC_CH2,48.819475060431785,,,,,59.452790956788846,,,55.83827607,,35.807113566517245,45.37165759624156,,,,,,,,40.33435660419729,,31.315839992507502,,,,,,55.50291304041184,,,,,,58.072570854373886,,,,,,,,,,,,,,,,,,,,,,,,,,,,,,
T035_W18,T035,18,Step1_Model2_EQC_CH3,Step2_Model1_EQA_CH3,Step3_Model2_EQB_CH3,Step4_Model1_EQB_CH3,Step5_Model3_EQA_CH2,Step6_Model2_EQB_CH1,Step7_Model3_EQA_CH1,Step8_Model3_EQA_CH3,Step9_Model1_EQB_CH3,Step10_Model3_EQC_CH1,Step11_Model1_EQA_CH3,Step12_Model2_EQA_CH2,Step13_Model3_EQA_CH4,Step14_Model2_EQA_CH2,Step15_Model3_EQC_CH1,Step16_Model3_EQB_CH3,Step17_Model3_EQA_CH3,Step18_Model3_EQB_CH4,Step19_Model2_EQC_CH2,Step20_Model2_EQA_CH4,Step21_Model2_EQC_CH2,Step22_Model3_EQA_CH1,Step23_Model2_EQC_CH4,Step24_Model2_EQB_CH2,Step25_Model1_EQB_CH2,Step26_Model3_EQA_CH4,Step27_Model1_EQA_CH4,Step28_Model2_EQB_CH1,Step29_Model1_EQC_CH4,Step30_Model3_EQC_CH4,,,,,,,,,,,,48.55800008049656,,,,,,,,,,,,,,60.40467204,,,,,,,,,,,,,46.05627777044417,,49.21702483116267,,,,,,,,,,,,,6,9,,,,,,,,,
T035_W19,T035,19,Step1_Model2_EQC_CH1,Step2_Model1_EQA_CH4,Step3_Model2_EQB_CH3,Step4_Model1_EQB_CH2,Step5_Model3_EQA_CH3,Step6_Model2_EQB_CH4,Step7_Model3_EQA_CH2,Step8_Model3_EQA_CH4,Step9_Model1_EQB_CH2,Step10_Model3_EQC_CH3,Step11_Model1_EQA_CH2,Step12_Model2_EQA_CH2,Step13_Model3_EQA_CH2,Step14_Model2_EQA_CH3,Step15_Model3_EQC_CH3,Step16_Model3_EQB_CH2,Step17_Model3_EQA_CH2,Step18_Model3_EQB_CH4,Step19_Model2_EQC_CH4,Step20_Model2_EQA_CH2,Step21_Model2_EQC_CH4,Step22_Model3_EQA_CH2,Step23_Model2_EQC_CH3,Step24_Model2_EQB_CH1,Step25_Model1_EQB_CH3,Step26_Model3_EQA_CH2,Step27_Model1_EQA_CH3,Step28_Model2_EQB_CH1,Step29_Model1_EQC_CH3,Step30_Model3_EQC_CH4,,36.21463891388597,,,,,,,,53.20103838083788,,,41.359039301120006,,44.03793115560031,,52.357503374275424,,,,,,,,44.493731804882756,,61.57248077923472,,,,,,,68.14632361527794,,,,,,,,,,,,,58.098898591581566,,,8,,,,,,,,,,,,,,
T035_W20,T035,20,Step1_Model2_EQC_CH3,Step2_Model1_EQA_CH4,Step3_Model2_EQB_CH4,Step4_Model1_EQB_CH2,Step5_Model3_EQA_CH1,Step6_Model2_EQB_CH2,Step7_Model3_EQA_CH2,Step8_Model3_EQA_CH3,Step9_Model1_EQB_CH4,Step10_Model3_EQC_CH4,Step11_Model1_EQA_CH3,Step12_Model2_EQA_CH2,Step13_Model3_EQA_CH1,Step14_Model2_EQA_CH1,Step15_Model3_EQC_CH1,Step16_Model3_EQB_CH3,Step17_Model3_EQA_CH1,Step18_Model3_EQB_CH3,Step19_Model2_EQC_CH2,Step20_Model2_EQA_CH4,Step21_Model2_EQC_CH3,Step22_Model3_EQA_CH4,Step23_Model2_EQC_CH1,Step24_Model2_EQB_CH1,Step25_Model1_EQB_CH4,Step26_Model3_EQA_CH2,Step27_Model1_EQA_CH3,Step28_Model2_EQB_CH4,Step29_Model1_EQC_CH2,Step30_Model3_EQC_CH4,,40.52989072194082,,48.90804989011845,,,44.262294767627814,,,,31.86061739,41.40415850531863,,,,69.26309036,41.54027005179251,,,,,,61.75907016345527,,,,41.37585635833439,,,33.02861026499618,,39.88934756979074,,,,,61.19609155136416,,,,58.10651915304704,,,38.7000102,,,63.13462196106773,,,,,,,,,,,,,,,,,
T035_W21,T035,21,Step1_Model2_EQC_CH4,Step2_Model1_EQA_CH3,Step3_Model2_EQB_CH2,Step4_Model1_EQB_CH4,Step5_Model3_EQA_CH2,Step6_Model2_EQB_CH2,Step7_Model3_EQA_CH4,Step8_Model3_EQA_CH4,Step9_Model1_EQB_CH3,Step10_Model3_EQC_CH3,Step11_Model1_EQA_CH1,Step12_Model2_EQA_CH2,Step13_Model3_EQA_CH4,Step14_Model2_EQA_CH2,Step15_Model3_EQC_CH4,Step16_Model3_EQB_CH1,Step17_Model3_EQA_CH2,Step18_Model3_EQB_CH2,Step19_Model2_EQC_CH2,Step20_Model2_EQA_CH4,Step21_Model2_EQC_CH1,Step22_Model3_EQA_CH1,Step23_Model2_EQC_CH2,Step24_Model2_EQB_CH2,Step25_Model1_EQB_CH1,Step26_Model3_EQA_CH4,Step27_Model1_EQA_CH3,Step28_Model2_EQB_CH2,Step29_Model1_EQC_CH2,Step30_Model3_EQC_CH3,,,,,,,,,55.84314834951742,,,,,,,68.37123897727517,,,,,,,64.06020250367924,,,,,56.34548210080004,,,,42.124050709706594,,67.38322381010454,,,57.776780009929865,,,,,,,,,,59.93621902,,,,,,,,,,,,,,,,,
T035_W22,T035,22,Step1_Model2_EQC_CH2,Step2_Model1_EQA_CH3,Step3_Model2_EQB_CH2,Step4_Model1_EQB_CH4,Step5_Model3_EQA_CH4,Step6_Model2_EQB_CH3,Step7_Model3_EQA_CH3,Step8_Model3_EQA_CH4,Step9_Model1_EQB_CH2,Step10_Model3_EQC_CH1,Step11_Model1_EQA_CH2,Step12_Model2_EQA_CH4,Step13_Model3_EQA_CH3,Step14_Model2_EQA_CH1,Step15_Model3_EQC_CH3,Step16_Model3_EQB_CH3,Step17_Model3_EQA_CH4,Step18_Model3_EQB_CH1,Step19_Model2_EQC_CH4,Step20_Model2_EQA_CH2,Step21_Model2_EQC_CH4,Step22_Model3_EQA_CH2,Step23_Model2_EQC_CH2,Step24_Model2_EQB_CH2,Step25_Model1_EQB_CH1,Step26_Model3_EQA_CH1,Step27_Model1_EQA_CH1,Step28_Model2_EQB_CH1,Step29_Model1_EQC_CH1,Step30_Model3_EQC_CH2,,,,56.163475515808074,,72.65166528380517,,,,,,,,,43.33167647039166,,,,,,,,,,,,,,,38.69906487273341,,,57.12873119643419,,,,,,43.68208417082837,41.909238738428265,,66.04372507379553,,,,,,53.236791836128205,,,,,,,,,,,,,,,,
T035_W23,T035,23,Step1_Model2_EQC_CH3,Step2_Model1_EQA_CH2,Step3_Model2_EQB_CH4,Step4_Model1_EQB_CH2,Step5_Model3_EQA_CH2,Step6_Model2_EQB_CH4,Step7_Model3_EQA_CH2,Step8_Model3_EQA_CH2,Step9_Model1_EQB_CH4,Step10_Model3_EQC_CH4,Step11_Model1_EQA_CH4,Step12_Model2_EQA_CH2,Step13_Model3_EQA_CH4,Step14_Model2_EQA_CH4,Step15_Model3_EQC_CH1,Step16_Model3_EQB_CH1,Step17_Model3_EQA_CH4,Step18_Model3_EQB_CH3,Step19_Model2_EQC_CH4,Step20_Model2_EQA_CH2,Step21_Model2_EQC_CH3,Step22_Model3_EQA_CH1,Step23_Model2_EQC_CH2,Step24_Model2_EQB_CH4,Step25_Model1_EQB_CH1,Step26_Model3_EQA_CH4,Step27_Model1_EQA_CH4,Step28_Model2_EQB_CH2,Step29_Model1_EQC_CH3,Step30_Model3_EQC_CH3,,,37.48737125341311,,,,,37.324959170593694,,,,,,,,,,,,,31.977024313522886,,,,,,,,,,,,62.89670964446999,,,60.81947322,48.57467940724568,,,,,60.691176631036384,59.55234854237707,30.947440674909796,61.06700043996348,,55.53030659987752,,8,,,,13,,,,,,,,,,,
T035_W24,T035,24,Step1_Model2_EQC_CH4,Step2_Model1_EQA_CH1,Step3_Model2_EQB_CH2,Step4_Model1_EQB_CH1,Step5_Model3_EQA_CH3,Step6_Model2_EQB_CH2,Step7_Model3_EQA_CH3,Step8_Model3_EQA_CH2,Step9_Model1_EQB_CH3,Step10_Model3_EQC_CH2,Step11_Model1_EQA_CH3,Step12_Model2_EQA_CH1,Step13_Model3_EQA_CH3,Step14_Model2_EQA_CH4,Step15_Model3_EQC_CH3,Step16_Model3_EQB_CH2,Step17_Model3_EQA_CH3,Step18_Model3_EQB_CH1,Step19_Model2_EQC_CH3,Step20_Model2_EQA_CH2,Step21_Model2_EQC_CH2,Step22_Model3_EQA_CH3,Step23_Model2_EQC_CH3,Step24_Model2_EQB_CH2,Step25_Model1_EQB_CH3,Step26_Model3_EQA_CH2,Step27_Model1_EQA_CH2,Step28_Model2_EQB_CH2,Step29_Model1_EQC_CH2,Step30_Model3_EQC_CH2,41.43243240399159,,37.467212575620515,,,,,30.926943937137807,,,,,,64.43698763018836,,,,,,,,40.33858706,,,,,,,,,,,,,,,,,45.47485504651987,,,60.772064330801854,,,,,,59.883990859974524,,,,11,,,,,9,,,,,,,
T035_W25,T035,25,Step1_Model2_EQC_CH4,Step2_Model1_EQA_CH2,Step3_Model2_EQB_CH3,Step4_Model1_EQB_CH4,Step5_Model3_EQA_CH3,Step6_Model2_EQB_CH2,Step7_Model3_EQA_CH4,Step8_Model3_EQA_CH4,Step9_Model1_EQB_CH3,Step10_Model3_EQC_CH2,Step11_Model1_EQA_CH3,Step12_Model2_EQA_CH2,Step13_Model3_EQA_CH1,Step14_Model2_EQA_CH1,Step15_Model3_EQC_CH4,Step16_Model3_EQB_CH4,Step17_Model3_EQA_CH2,Step18_Model3_EQB_CH1,Step19_Model2_EQC_CH3,Step20_Model2_EQA_CH1,Step21_Model2_EQC_CH3,Step22_Model3_EQA_CH2,Step23_Model2_EQC_CH1,Step24_Model2_EQB_CH2,Step25_Model1_EQB_CH1,Step26_Model3_EQA_CH3,Step27_Model1_EQA_CH1,Step28_Model2_EQB_CH4,Step29_Model1_EQC_CH3,Step30_Model3_EQC_CH1,,,,,68.64127473432387,71.70848702952922,,,,,,,,,39.1142181,58.20659349449657,,,,,,,,,,,,,,,,,,,49.97390773302012,,,,,,,,,,,,,,,,,,,,,,,,,,,,,
T036_W01,T036,1,Step1_Model3_EQC_CH1,Step2_Model2_EQC_CH1,Step3_Model2_EQC_CH2,Step4_Model1_EQC_CH2,Step5_Model1_EQA_CH1,Step6_Model1_EQA_CH4,Step7_Model2_EQC_CH1,Step8_Model3_EQC_CH3,Step9_Model3_EQA_CH2,Step10_Model3_EQA_CH3,Step11_Model2_EQA_CH1,Step12_Model3_EQA_CH3,Step13_Model2_EQC_CH4,Step14_Model2_EQC_CH2,Step15_Model3_EQB_CH2,Step16_Model2_EQA_CH1,Step17_Model3_EQA_CH2,Step18_Model2_EQB_CH2,Step19_Model1_EQC_CH3,Step20_Model2_EQB_CH2,Step21_Model1_EQA_CH4,Step22_Model2_EQB_CH4,Step23_Model2_EQB_CH1,Step24_Model1_EQC_CH4,Step25_Model1_EQB_CH2,Step26_Model2_EQC_CH3,Step27_Model1_EQA_CH3,Step28_Model3_EQB_CH2,Step29_Model3_EQA_CH1,Step30_Model3_EQC_CH1,,,37.448093866209575,,,,,38.710409406316906,,,,,,,,,,,,,,,62.07278244648726,44.57765857134466,,,,56.03817845126193,,,,,54.91541687872913,,,,,,33.797981544134934,,,,70.58151581304413,,,38.672235384756966,,,,,,,,,,,,,,,,,,
T036_W02,T036,2,Step1_Model3_EQC_CH2,Step2_Model2_EQC_CH4,Step3_Model2_EQC_CH1,Step4_Model1_EQC_CH3,Step5_Model1_EQA_CH2,Step6_Model1_EQA_CH3,Step7_Model2_EQC_CH2,Step8_Model3_EQC_CH1,Step9_Model3_EQA_CH2,Step10_Model3_EQA_CH4,Step11_Model2_EQA_CH1,Step12_Model3_EQA_CH2,Step13_Model2_EQC_CH2,Step14_Model2_EQC_CH3,Step15_Model3_EQB_CH1,Step16_Model2_EQA_CH3,Step17_Model3_EQA_CH2,Step18_Model2_EQB_CH3,Step19_Model1_EQC_CH2,Step20_Model2_EQB_CH1,Step21_Model1_EQA_CH3,Step22_Model2_EQB_CH2,Step23_Model2_EQB_CH1,Step24_Model1_EQC_CH4,Step25_Model1_EQB_CH3,Step26_Model2_EQC_CH2,Step27_Model1_EQA_CH4,Step28_Model3_EQB_CH3,Step29_Model3_EQA_CH3,Step30_Model3_EQC_CH3,,,,,,,,,,54.11616820422859,,,,,44.45600772739837,,45.083762832683675,,,,,,,,,62.324861895310214,48.28463822954261,,,,,,,56.238982868918974,,,,,,,,,,,,,,,,,,,,,,,,,,,,,,
T036_W03,T036,3,Step1_Model3_EQC_CH4,Step2_Model2_EQC_CH4,Step3_Model2_EQC_CH1,Step4_Model1_EQC_CH4,Step5_Model1_EQA_CH4,Step6_Model1_EQA_CH1,Step7_Model2_EQC_CH3,Step8_Model3_EQC_CH3,Step9_Model3_EQA_CH3,Step10_Model3_EQA_CH2,Step11_Model2_EQA_CH3,Step12_Model3_EQA_CH1,Step13_Model2_EQC_CH4,Step14_Model2_EQC_CH3,Step15_Model3_EQB_CH4,Step16_Model2_EQA_CH4,Step17_Model3_EQA_CH3,Step18_Model2_EQB_CH3,Step19_Model1_EQC_CH1,Step20_Model2_EQB_CH3,Step21_Model1_EQA_CH3,Step22_Model2_EQB_CH4,Step23_Model2_EQB_CH4,Step24_Model1_EQC_CH2,Step25_Model1_EQB_CH4,Step26_Model2_EQC_CH1,Step27_Model1_EQA_CH3,Step28_Model3_EQB_CH3,Step29_Model3_EQA_CH3,Step30_Model3_EQC_CH2,40.863259346356884,,,,63.41669989,66.28415389,,,,,,,,,,,,,63.10016726433068,,43.960778310709046,,,,42.95856395461751,,,56.17640775374382,,,,,,,,,,,,,50.85318879143868,,,36.39558512419493,,,,,,,,,,,,,,,,,,,,
T036_W04,T036,4,Step1_Model3_EQC_CH4,Step2_Model2_EQC_CH1,Step3_Model2_EQC_CH3,Step4_Model1_EQC_CH3,Step5_Model1_EQA_CH3,Step6_Model1_EQA_CH4,Step7_Model2_EQC_CH4,Step8_Model3_EQC_CH4,Step9_Model3_EQA_CH4,Step10_Model3_EQA_CH4,Step11_Model2_EQA_CH4,Step12_Model3_EQA_CH3,Step13_Model2_EQC_CH3,Step14_Model2_EQC_CH2,Step15_Model3_EQB_CH2,Step16_Model2_EQA_CH2,Step17_Model3_EQA_CH3,Step18_Model2_EQB_CH4,Step19_Model1_EQC_CH4,Step20_Model2_EQB_CH3,Step21_Model1_EQA_CH3,Step22_Model2_EQB_CH4,Step23_Model2_EQB_CH2,Step24_Model1_EQC_CH1,Step25_Model1_EQB_CH1,Step26_Model2_EQC_CH2,Step27_Model1_EQA_CH1,Step28_Model3_EQB_CH3,Step29_Model3_EQA_CH1,Step30_Model3_EQC_CH3,,,,58.80585895171238,,,,,,,29.974472709859132,,,,,,,,63.241557179732155,,,,,,,,,49.414453658991704,,,,,52.04626257101845,,,57.20255123221684,50.26972116991928,,,,,,,,,35.656702711311866,53.43117690610757,,,,,,,,,,4,,,,,,,
T036_W05,T036,5,Step1_Model3_EQC_CH1,Step2_Model2_EQC_CH3,Step3_Model2_EQC_CH4,Step4_Model1_EQC_CH4,Step5_Model1_EQA_CH3,Step6_Model1_EQA_CH1,Step7_Model2_EQC_CH4,Step8_Model3_EQC_CH2,Step9_Model3_EQA_CH1,Step10_Model3_EQA_CH3,Step11_Model2_EQA_CH2,Step12_Model3_EQA_CH2,Step13_Model2_EQC_CH1,Step14_Model2_EQC_CH1,Step15_Model3_EQB_CH3,Step16_Model2_EQA_CH3,Step17_Model3_EQA_CH3,Step18_Model2_EQB_CH4,Step19_Model1_EQC_CH3,Step20_Model2_EQB_CH3,Step21_Model1_EQA_CH2,Step22_Model2_EQB_CH1,Step23_Model2_EQB_CH2,Step24_Model1_EQC_CH2,Step25_Model1_EQB_CH2,Step26_Model2_EQC_CH2,Step27_Model1_EQA_CH3,Step28_Model3_EQB_CH1,Step29_Model3_EQA_CH1,Step30_Model3_EQC_CH1,,,,50.45261001017886,,,,,,,34.572182333093416,,,,,,,,,,,,,,,64.95819367428192,,,45.63637158157011,,,,,,,,,,43.44158438,,47.93185013570244,,,,,,,,,,,,,10,,,,,,,,,,
T036_W06,T036,6,Step1_Model3_EQC_CH2,Step2_Model2_EQC_CH3,Step3_Model2_EQC_CH4,Step4_Model1_EQC_CH3,Step5_Model1_EQA_CH2,Step6_Model1_EQA_CH2,Step7_Model2_EQC_CH3,Step8_Model3_EQC_CH3,Step9_Model3_EQA_CH2,Step10_Model3_EQA_CH1,Step11_Model2_EQA_CH2,Step12_Model3_EQA_CH1,Step13_Model2_EQC_CH2,Step14_Model2_EQC_CH4,Step15_Model3_EQB_CH1,Step16_Model2_EQA_CH1,Step17_Model3_EQA_CH3,Step18_Model2_EQB_CH1,Step19_Model1_EQC_CH3,Step20_Model2_EQB_CH1,Step21_Model1_EQA_CH3,Step22_Model2_EQB_CH4,Step23_Model2_EQB_CH2,Step24_Model1_EQC_CH2,Step25_Model1_EQB_CH2,Step26_Model2_EQC_CH3,Step27_Model1_EQA_CH4,Step28_Model3_EQB_CH4,Step29_Model3_EQA_CH4,Step30_Model3_EQC_CH4,42.50152661278759,,,,,70.09575252142798,,,,,,,,,39.385011655401506,,,,,,,,66.44258153,,,,,,,32.01086477573705,,,,,,,,,,,,,,,,,,,7,,,,,,,,,,,,,,,
T036_W07,T036,7,Step1_Model3_EQC_CH1,Step2_Model2_EQC_CH3,Step3_Model2_EQC_CH3,Step4_Model1_EQC_CH1,Step5_Model1_EQA_CH2,Step6_Model1_EQA_CH1,Step7_Model2_EQC_CH2,Step8_Model3_EQC_CH2,Step9_Model3_EQA_CH3,Step10_Model3_EQA_CH2,Step11_Model2_EQA_CH2,Step12_Model3_EQA_CH3,Step13_Model2_EQC_CH1,Step14_Model2_EQC_CH4,Step15_Model3_EQB_CH2,Step16_Model2_EQA_CH1,Step17_Model3_EQA_CH4,Step18_Model2_EQB_CH2,Step19_Model1_EQC_CH2,Step20_Model2_EQB_CH1,Step21_Model1_EQA_CH3,Step22_Model2_EQB_CH1,Step23_Model2_EQB_CH2,Step24_Model1_EQC_CH3,Step25_Model1_EQB_CH3,Step26_Model2_EQC_CH2,Step27_Model1_EQA_CH1,Step28_Model3_EQB_CH4,Step29_Model3_EQA_CH3,Step30_Model3_EQC_CH4,,,,44.27761148047448,,,,,,,,,49.775303741123025,60.420065118505036,,54.942740183809434,,38.367911817172036,,,,,64.13207109977235,,37.16298117832109,,,,,,,,,,,,,,,,49.06541474691027,,,43.01129608,,,57.98007332688448,,,9,,,,,,,,,,,,,,
T036_W08,T036,8,Step1_Model3_EQC_CH4,Step2_Model2_EQC_CH4,Step3_Model2_EQC_CH3,Step4_Model1_EQC_CH1,Step5_Model1_EQA_CH3,Step6_Model1_EQA_CH4,Step7_Model2_EQC_CH4,Step8_Model3_EQC_CH4,Step9_Model3_EQA_CH4,Step10_Model3_EQA_CH2,Step11_Model2_EQA_CH1,Step12_Model3_EQA_CH2,Step13_Model2_EQC_CH1,Step14_Model2_EQC_CH3,Step15_Model3_EQB_CH1,Step16_Model2_EQA_CH1,Step17_Model3_EQA_CH2,Step18_Model2_EQB_CH2,Step19_Model1_EQC_CH4,Step20_Model2_EQB_CH3,Step21_Model1_EQA_CH4,Step22_Model2_EQB_CH1,Step23_Model2_EQB_CH2,Step24_Model1_EQC_CH1,Step25_Model1_EQB_CH2,Step26_Model2_EQC_CH3,Step27_Model1_EQA_CH1,Step28_Model3_EQB_CH1,Step29_Model3_EQA_CH2,Step30_Model3_EQC_CH2,44.22899707363184,,,,60.38504901221396,,,,,,,,37.42560238692254,,,,,41.339896310420855,,,,,,,,,,,,,,,,,,,,,,,,52.946847713258464,,,,,,,,,,,,,,,,,,,,,,
T036_W09,T036,9,Step1_Model3_EQC_CH2,Step2_Model2_EQC_CH1,Step3_Model2_EQC_CH1,Step4_Model1_EQC_CH2,Step5_Model1_EQA_CH1,Step6_Model1_EQA_CH1,Step7_Model2_EQC_CH2,Step8_Model3_EQC_CH2,Step9_Model3_EQA_CH2,Step10_Model3_EQA_CH2,Step11_Model2_EQA_CH2,Step12_Model3_EQA_CH3,Step13_Model2_EQC_CH4,Step14_Model2_EQC_CH3,Step15_Model3_EQB_CH4,Step16_Model2_EQA_CH1,Step17_Model3_EQA_CH1,Step18_Model2_EQB_CH2,Step19_Model1_EQC_CH3,Step20_Model2_EQB_CH4,Step21_Model1_EQA_CH1,Step22_Model2_EQB_CH2,Step23_Model2_EQB_CH3,Step24_Model1_EQC_CH2,Step25_Model1_EQB_CH1,Step26_Model2_EQC_CH2,Step27_Model1_EQA_CH2,Step28_Model3_EQB_CH4,Step29_Model3_EQA_CH2,Step30_Model3_EQC_CH1,,,,,,,,,59.01473080426268,,,,,,,,,,,,37.03065076392337,,,,,,,,,,51.18737272956058,42.21863498174807,,,,55.249970327358454,,44.74395165751887,,47.33775283976045,,,65.68302133896516,37.94813943618714,,41.43739860304884,,,,,,,,,14,,,,,,,,,
T036_W10,T036,10,Step1_Model3_EQC_CH1,Step2_Model2_EQC_CH1,Step3_Model2_EQC_CH2,Step4_Model1_EQC_CH2,Step5_Model1_EQA_CH3,Step6_Model1_EQA_CH4,Step7_Model2_EQC_CH4,Step8_Model3_EQC_CH4,Step9_Model3_EQA_CH3,Step10_Model3_EQA_CH4,Step11_Model2_EQA_CH4,Step12_Model3_EQA_CH1,Step13_Model2_EQC_CH2,Step14_Model2_EQC_CH1,Step15_Model3_EQB_CH2,Step16_Model2_EQA_CH3,Step17_Model3_EQA_CH4,Step18_Model2_EQB_CH3,Step19_Model1_EQC_CH3,Step20_Model2_EQB_CH1,Step21_Model1_EQA_CH3,Step22_Model2_EQB_CH4,Step23_Model2_EQB_CH2,Step24_Model1_EQC_CH4,Step25_Model1_EQB_CH2,Step26_Model2_EQC_CH2,Step27_Model1_EQA_CH3,Step28_Model3_EQB_CH4,Step29_Model3_EQA_CH4,Step30_Model3_EQC_CH3,,,,,,,,,,,,,,,,,,,,,,,,,,,36.79261227612829,,,,46.521802632082434,,,,,,,38.43357951707833,,,,,,,,,,,,,,,,,,,,,,,,,,
T036_W11,T036,11,Step1_Model3_EQC_CH1,Step2_Model2_EQC_CH3,Step3_Model2_EQC_CH3,Step4_Model1_EQC_CH1,Step5_Model1_EQA_CH4,Step6_Model1_EQA_CH2,Step7_Model2_EQC_CH1,Step8_Model3_EQC_CH1,Step9_Model3_EQA_CH4,Step10_Model3_EQA_CH3,Step11_Model2_EQA_CH2,Step12_Model3_EQA_CH4,Step13_Model2_EQC_CH4,Step14_Model2_EQC_CH3,Step15_Model3_EQB_CH1,Step16_Model2_EQA_CH4,Step17_Model3_EQA_CH2,Step18_Model2_EQB_CH4,Step19_Model1_EQC_CH3,Step20_Model2_EQB_CH4,Step21_Model1_EQA_CH2,Step22_Model2_EQB_CH4,Step23_Model2_EQB_CH1,Step24_Model1_EQC_CH2,Step25_Model1_EQB_CH2,Step26_Model2_EQC_CH3,Step27_Model1_EQA_CH2,Step28_Model3_EQB_CH2,Step29_Model3_EQA_CH3,Step30_Model3_EQC_CH2,,,,,,,,,65.99065196,,,,39.08505609,60.197629574960594,,,,,,,,,,,,,,,,26.89167988008753,,40.31046433761499,,,,,,,42.466181738980715,,,,,,47.92272649418629,,,54.38605456550451,,,,,,,,,,,,,,,,
T036_W12,T036,12,Step1_Model3_EQC_CH4,Step2_Model2_EQC_CH1,Step3_Model2_EQC_CH3,Step4_Model1_EQC_CH1,Step5_Model1_EQA_CH3,Step6_Model1_EQA_CH1,Step7_Model2_EQC_CH4,Step8_Model3_EQC_CH3,Step9_Model3_EQA_CH1,Step10_Model3_EQA_CH2,Step11_Model2_EQA_CH2,Step12_Model3_EQA_CH2,Step13_Model2_EQC_CH3,Step14_Model2_EQC_CH2,Step15_Model3_EQB_CH1,Step16_Model2_EQA_CH3,Step17_Model3_EQA_CH4,Step18_Model2_EQB_CH2,Step19_Model1_EQC_CH4,Step20_Model2_EQB_CH2,Step21_Model1_EQA_CH3,Step22_Model2_EQB_CH3,Step23_Model2_EQB_CH2,Step24_Model1_EQC_CH4,Step25_Model1_EQB_CH1,Step26_Model2_EQC_CH1,Step27_Model1_EQA_CH1,Step28_Model3_EQB_CH1,Step29_Model3_EQA_CH4,Step30_Model3_EQC_CH1,,,,51.60915057858019,,,,37.41188015488533,59.33562516713136,49.91910645752814,,,,,,,,,,,,36.34517578041067,,,48.33320167084489,,,,,,42.73251866099209,,59.35465344614673,,,,55.29522817101564,,,,48.814858727920964,,,,,,,53.18005135088424,,,,,,,,,,,,,,,,
T036_W13,T036,13,Step1_Model3_EQC_CH1,Step2_Model2_EQC_CH4,Step3_Model2_EQC_CH1,Step4_Model1_EQC_CH2,Step5_Model1_EQA_CH3,Step6_Model1_EQA_CH2,Step7_Model2_EQC_CH2,Step8_Model3_EQC_CH2,Step9_Model3_EQA_CH1,Step10_Model3_EQA_CH1,Step11_Model2_EQA_CH1,Step12_Model3_EQA_CH4,Step13_Model2_EQC_CH4,Step14_Model2_EQC_CH1,Step15_Model3_EQB_CH4,Step16_Model2_EQA_CH4,Step17_Model3_EQA_CH2,Step18_Model2_EQB_CH2,Step19_Model1_EQC_CH3,Step20_Model2_EQB_CH4,Step21_Model1_EQA_CH3,Step22_Model2_EQB_CH2,Step23_Model2_EQB_CH1,Step24_Model1_EQC_CH4,Step25_Model1_EQB_CH3,Step26_Model2_EQC_CH3,Step27_Model1_EQA_CH4,Step28_Model3_EQB_CH3,Step29_Model3_EQA_CH1,Step30_Model3_EQC_CH3,,43.67454102669211,33.078786608257275,,,,,,63.66154682447014,,,,,,,,,40.35798496662566,,,,41.50192222361904,,44.87484656,,,,,,,,52.00588373303392,,62.98571530474917,,58.224476724331325,,,,,46.685998391149695,,,,,,60.55747921117419,,,,,,,,,,,,,,,,,
T036_W14,T036,14,Step1_Model3_EQC_CH4,Step2_Model2_EQC_CH1,Step3_Model2_EQC_CH3,Step4_Model1_EQC_CH3,Step5_Model1_EQA_CH1,Step6_Model1_EQA_CH4,Step7_Model2_EQC_CH4,Step8_Model3_EQC_CH4,Step9_Model3_EQA_CH4,Step10_Model3_EQA_CH3,Step11_Model2_EQA_CH1,Step12_Model3_EQA_CH4,Step13_Model2_EQC_CH1,Step14_Model2_EQC_CH1,Step15_Model3_EQB_CH4,Step16_Model2_EQA_CH2,Step17_Model3_EQA_CH2,Step18_Model2_EQB_CH3,Step19_Model1_EQC_CH2,Step20_Model2_EQB_CH1,Step21_Model1_EQA_CH1,Step22_Model2_EQB_CH2,Step23_Model2_EQB_CH3,Step24_Model1_EQC_CH4,Step25_Model1_EQB_CH2,Step26_Model2_EQC_CH3,Step27_Model1_EQA_CH4,Step28_Model3_EQB_CH3,Step29_Model3_EQA_CH2,Step30_Model3_EQC_CH2,40.08525247629987,,,,,61.352969162922655,,,59.128345492586554,,,,46.85884328590404,,,,,,,38.220787763103246,,,62.86669912887008,,,,51.09565519650971,,,,,,,,45.09306716427217,,,,,,,58.815912276899155,,,,,54.22942629324533,,,,,,,12,,,,,,,,,,
T036_W15,T036,15,Step1_Model3_EQC_CH4,Step2_Model2_EQC_CH2,Step3_Model2_EQC_CH2,Step4_Model1_EQC_CH1,Step5_Model1_EQA_CH3,Step6_Model1_EQA_CH2,Step7_Model2_EQC_CH2,Step8_Model3_EQC_CH4,Step9_Model3_EQA_CH2,Step10_Model3_EQA_CH3,Step11_Model2_EQA_CH3,Step12_Model3_EQA_CH3,Step13_Model2_EQC_CH2,Step14_Model2_EQC_CH3,Step15_Model3_EQB_CH3,Step16_Model2_EQA_CH3,Step17_Model3_EQA_CH3,Step18_Model2_EQB_CH3,Step19_Model1_EQC_CH3,Step20_Model2_EQB_CH1,Step21_Model1_EQA_CH2,Step22_Model2_EQB_CH4,Step23_Model2_EQB_CH4,Step24_Model1_EQC_CH3,Step25_Model1_EQB_CH2,Step26_Model2_EQC_CH2,Step27_Model1_EQA_CH2,Step28_Model3_EQB_CH1,Step29_Model3_EQA_CH3,Step30_Model3_EQC_CH1,,,,,,,,,,,,,,,,,,,,,,,,47.74977477019743,,,,,,,,,58.91231558815193,,,,,,,,,,,,39.96142653928948,39.492581163903836,,,,,,,,,,,,,,,,,,
T036_W16,T036,16,Step1_Model3_EQC_CH3,Step2_Model2_EQC_CH3,Step3_Model2_EQC_CH1,Step4_Model1_EQC_CH2,Step5_Model1_EQA_CH4,Step6_Model1_EQA_CH2,Step7_Model2_EQC_CH1,Step8_Model3_EQC_CH3,Step9_Model3_EQA_CH4,Step10_Model3_EQA_CH2,Step11_Model2_EQA_CH3,Step12_Model3_EQA_CH1,Step13_Model2_EQC_CH4,Step14_Model2_EQC_CH2,Step15_Model3_EQB_CH2,Step16_Model2_EQA_CH3,Step17_Model3_EQA_CH1,Step18_Model2_EQB_CH2,Step19_Model1_EQC_CH3,Step20_Model2_EQB_CH1,Step21_Model1_EQA_CH3,Step22_Model2_EQB_CH2,Step23_Model2_EQB_CH2,Step24_Model1_EQC_CH2,Step25_Model1_EQB_CH4,Step26_Model2_EQC_CH4,Step27_Model1_EQA_CH3,Step28_Model3_EQB_CH4,Step29_Model3_EQA_CH4,Step30_Model3_EQC_CH1,,,,44.34581117,,,48.41173764350873,,,,,,,,,,,,,,,,,,,,,,49.58705897229797,,,,60.90664366,,,,52.66916752859739,,,,,,,,,,,,,,,,,10,,,,,,,,,,
T036_W17,T036,17,Step1_Model3_EQC_CH1,Step2_Model2_EQC_CH2,Step3_Model2_EQC_CH2,Step4_Model1_EQC_CH3,Step5_Model1_EQA_CH1,Step6_Model1_EQA_CH1,Step7_Model2_EQC_CH2,Step8_Model3_EQC_CH4,Step9_Model3_EQA_CH2,Step10_Model3_EQA_CH1,Step11_Model2_EQA_CH4,Step12_Model3_EQA_CH2,Step13_Model2_EQC_CH3,Step14_Model2_EQC_CH2,Step15_Model3_EQB_CH4,Step16_Model2_EQA_CH1,Step17_Model3_EQA_CH1,Step18_Model2_EQB_CH1,Step19_Model1_EQC_CH1,Step20_Model2_EQB_CH4,Step21_Model1_EQA_CH4,Step22_Model2_EQB_CH3,Step23_Model2_EQB_CH4,Step24_Model1_EQC_CH4,Step25_Model1_EQB_CH1,Step26_Model2_EQC_CH1,Step27_Model1_EQA_CH2,Step28_Model3_EQB_CH4,Step29_Model3_EQA_CH2,Step30_Model3_EQC_CH4,,,38.83666705434226,,,,,,56.16538749184575,,,,44.20709025,,,,,,,,,,,,,,58.31228389968233,,,,,,,,,,,,,49.67854340060355,,56.02645131670863,,,,,60.27373227396688,,,,,,,,,,11,,,,,,,
T036_W18,T036,18,Step1_Model3_EQC_CH4,Step2_Model2_EQC_CH1,Step3_Model2_EQC_CH3,Step4_Model1_EQC_CH2,Step5_Model1_EQA_CH2,Step6_Model1_EQA_CH1,Step7_Model2_EQC_CH4,Step8_Model3_EQC_CH3,Step9_Model3_EQA_CH1,Step10_Model3_EQA_CH2,Step11_Model2_EQA_CH4,Step12_Model3_EQA_CH3,Step13_Model2_EQC_CH2,Step14_Model2_EQC_CH2,Step15_Model3_EQB_CH3,Step16_Model2_EQA_CH3,Step17_Model3_EQA_CH2,Step18_Model2_EQB_CH3,Step19_Model1_EQC_CH1,Step20_Model2_EQB_CH1,Step21_Model1_EQA_CH3,Step22_Model2_EQB_CH3,Step23_Model2_EQB_CH2,Step24_Model1_EQC_CH2,Step25_Model1_EQB_CH2,Step26_Model2_EQC_CH2,Step27_Model1_EQA_CH4,Step28_Model3_EQB_CH3,Step29_Model3_EQA_CH1,Step30_Model3_EQC_CH2,,,,,,68.40740021438239,42.412410699030595,,,,41.52757886914881,,,,,,,,,,,37.74299428296245,,,,,,,,,,,,,,63.52813668344391,,,,,,56.657975249125585,,40.32942283064689,,,,,,,,,,12,,,,,,,,,,
T036_W19,T036,19,Step1_Model3_EQC_CH1,Step2_Model2_EQC_CH2,Step3_Model2_EQC_CH3,Step4_Model1_EQC_CH3,Step5_Model1_EQA_CH3,Step6_Model1_EQA_CH3,Step7_Model2_EQC_CH3,Step8_Model3_EQC_CH3,Step9_Model3_EQA_CH2,Step10_Model3_EQA_CH4,Step11_Model2_EQA_CH4,Step12_Model3_EQA_CH4,Step13_Model2_EQC_CH2,Step14_Model2_EQC_CH2,Step15_Model3_EQB_CH4,Step16_Model2_EQA_CH1,Step17_Model3_EQA_CH2,Step18_Model2_EQB_CH4,Step19_Model1_EQC_CH1,Step20_Model2_EQB_CH1,Step21_Model1_EQA_CH1,Step22_Model2_EQB_CH1,Step23_Model2_EQB_CH4,Step24_Model1_EQC_CH2,Step25_Model1_EQB_CH4,Step26_Model2_EQC_CH3,Step27_Model1_EQA_CH4,Step28_Model3_EQB_CH3,Step29_Model3_EQA_CH3,Step30_Model3_EQC_CH1,,,,,,,,,,,,,,,,,42.28675449019389,,68.48557498196847,,,,,51.05397908410203,,57.79969349895632,,,,,,37.60341935515712,,,,,,,46.66347826563065,,,,60.74484320009974,,,39.41521602749463,,,,,,,,,,,,,,,,,,
T036_W20,T036,20,Step1_Model3_EQC_CH1,Step2_Model2_EQC_CH3,Step3_Model2_EQC_CH4,Step4_Model1_EQC_CH2,Step5_Model1_EQA_CH1,Step6_Model1_EQA_CH2,Step7_Model2_EQC_CH2,Step8_Model3_EQC_CH1,Step9_Model3_EQA_CH2,Step10_Model3_EQA_CH2,Step11_Model2_EQA_CH1,Step12_Model3_EQA_CH3,Step13_Model2_EQC_CH2,Step14_Model2_EQC_CH1,Step15_Model3_EQB_CH2,Step16_Model2_EQA_CH3,Step17_Model3_EQA_CH4,Step18_Model2_EQB_CH4,Step19_Model1_EQC_CH3,Step20_Model2_EQB_CH3,Step21_Model1_EQA_CH2,Step22_Model2_EQB_CH2,Step23_Model2_EQB_CH4,Step24_Model1_EQC_CH3,Step25_Model1_EQB_CH4,Step26_Model2_EQC_CH1,Step27_Model1_EQA_CH3,Step28_Model3_EQB_CH1,Step29_Model3_EQA_CH3,Step30_Model3_EQC_CH4,,,,,,,41.00873798,,56.08120517135923,56.91879253168778,33.53634827310615,,,,,,39.51652309488559,,61.03116824203815,,,,,,,,,,40.23943362016941,,42.43676293719249,,58.29482795007706,,,58.45415846472307,47.52667463551187,,44.463675863995654,43.42985222704817,,,,,47.48208808538116,,55.54533031801694,,,,,,,,,,,,,,,,,
T036_W21,T036,21,Step1_Model3_EQC_CH3,Step2_Model2_EQC_CH2,Step3_Model2_EQC_CH1,Step4_Model1_EQC_CH4,Step5_Model1_EQA_CH3,Step6_Model1_EQA_CH4,Step7_Model2_EQC_CH3,Step8_Model3_EQC_CH3,Step9_Model3_EQA_CH3,Step10_Model3_EQA_CH4,Step11_Model2_EQA_CH1,Step12_Model3_EQA_CH2,Step13_Model2_EQC_CH1,Step14_Model2_EQC_CH3,Step15_Model3_EQB_CH2,Step16_Model2_EQA_CH4,Step17_Model3_EQA_CH1,Step18_Model2_EQB_CH3,Step19_Model1_EQC_CH4,Step20_Model2_EQB_CH4,Step21_Model1_EQA_CH2,Step22_Model2_EQB_CH2,Step23_Model2_EQB_CH1,Step24_Model1_EQC_CH1,Step25_Model1_EQB_CH1,Step26_Model2_EQC_CH1,Step27_Model1_EQA_CH1,Step28_Model3_EQB_CH3,Step29_Model3_EQA_CH4,Step30_Model3_EQC_CH2,,,,,62.90046587103631,,,,,,34.349060510038285,,,,39.25707789956378,,,,61.62112028553977,,,,,,,,,,50.25064174819416,,42.924358851490396,,,,47.71385786044801,,,,42.49861546263147,36.78509532274626,,,,,,,,,,,,,,,,,,,,,,,,
T036_W22,T036,22,Step1_Model3_EQC_CH2,Step2_Model2_EQC_CH1,Step3_Model2_EQC_CH4,Step4_Model1_EQC_CH3,Step5_Model1_EQA_CH3,Step6_Model1_EQA_CH2,Step7_Model2_EQC_CH3,Step8_Model3_EQC_CH3,Step9_Model3_EQA_CH3,Step10_Model3_EQA_CH2,Step11_Model2_EQA_CH4,Step12_Model3_EQA_CH3,Step13_Model2_EQC_CH3,Step14_Model2_EQC_CH2,Step15_Model3_EQB_CH3,Step16_Model2_EQA_CH1,Step17_Model3_EQA_CH3,Step18_Model2_EQB_CH1,Step19_Model1_EQC_CH2,Step20_Model2_EQB_CH1,Step21_Model1_EQA_CH2,Step22_Model2_EQB_CH1,Step23_Model2_EQB_CH1,Step24_Model1_EQC_CH4,Step25_Model1_EQB_CH3,Step26_Model2_EQC_CH2,Step27_Model1_EQA_CH4,Step28_Model3_EQB_CH1,Step29_Model3_EQA_CH4,Step30_Model3_EQC_CH3,,,,,,,44.37700775897837,,,52.187779180560945,,42.02477530828175,40.77402215056637,,42.854830283113664,,,37.765520024973334,60.52061187565511,,,,,,,,50.97731281728514,,,,,,,,,,,,,,,,,,,,,,,,,9,,,,,,,,,,,,
T036_W23,T036,23,Step1_Model3_EQC_CH1,Step2_Model2_EQC_CH4,Step3_Model2_EQC_CH2,Step4_Model1_EQC_CH4,Step5_Model1_EQA_CH1,Step6_Model1_EQA_CH1,Step7_Model2_EQC_CH1,Step8_Model3_EQC_CH3,Step9_Model3_EQA_CH4,Step10_Model3_EQA_CH1,Step11_Model2_EQA_CH4,Step12_Model3_EQA_CH2,Step13_Model2_EQC_CH4,Step14_Model2_EQC_CH2,Step15_Model3_EQB_CH1,Step16_Model2_EQA_CH2,Step17_Model3_EQA_CH2,Step18_Model2_EQB_CH2,Step19_Model1_EQC_CH1,Step20_Model2_EQB_CH3,Step21_Model1_EQA_CH3,Step22_Model2_EQB_CH2,Step23_Model2_EQB_CH3,Step24_Model1_EQC_CH4,Step25_Model1_EQB_CH1,Step26_Model2_EQC_CH3,Step27_Model1_EQA_CH4,Step28_Model3_EQB_CH3,Step29_Model3_EQA_CH3,Step30_Model3_EQC_CH1,,,,,,59.87950444448819,,,,,,,45.73279340353619,,,,,,62.21702968532088,,39.316467499121835,,,,43.91332961201302,,45.05732917477499,,,,,,,,,,,,,,,,,,,,58.419652185848015,,,,,,,,,,,,,,,,,
T036_W24,T036,24,Step1_Model3_EQC_CH2,Step2_Model2_EQC_CH2,Step3_Model2_EQC_CH4,Step4_Model1_EQC_CH4,Step5_Model1_EQA_CH3,Step6_Model1_EQA_CH2,Step7_Model2_EQC_CH2,Step8_Model3_EQC_CH3,Step9_Model3_EQA_CH3,Step10_Model3_EQA_CH3,Step11_Model2_EQA_CH4,Step12_Model3_EQA_CH2,Step13_Model2_EQC_CH4,Step14_Model2_EQC_CH4,Step15_Model3_EQB_CH1,Step16_Model2_EQA_CH1,Step17_Model3_EQA_CH3,Step18_Model2_EQB_CH4,Step19_Model1_EQC_CH3,Step20_Model2_EQB_CH2,Step21_Model1_EQA_CH1,Step22_Model2_EQB_CH1,Step23_Model2_EQB_CH2,Step24_Model1_EQC_CH1,Step25_Model1_EQB_CH3,Step26_Model2_EQC_CH1,Step27_Model1_EQA_CH3,Step28_Model3_EQB_CH1,Step29_Model3_EQA_CH4,Step30_Model3_EQC_CH2,,,,,61.60127825698693,,48.40949781236162,,,52.53035951367328,35.23092421390343,39.06410162899583,43.68879904931073,60.03185511236831,,,,,,,,,,,,,,,,,,,,66.04449722096649,,,,,,,,,62.88792561532745,,,,,,,,,,,,,,,,,,,,,
T036_W25,T036,25,Step1_Model3_EQC_CH4,Step2_Model2_EQC_CH2,Step3_Model2_EQC_CH3,Step4_Model1_EQC_CH3,Step5_Model1_EQA_CH3,Step6_Model1_EQA_CH4,Step7_Model2_EQC_CH2,Step8_Model3_EQC_CH2,Step9_Model3_EQA_CH2,Step10_Model3_EQA_CH2,Step11_Model2_EQA_CH2,Step12_Model3_EQA_CH2,Step13_Model2_EQC_CH2,Step14_Model2_EQC_CH4,Step15_Model3_EQB_CH1,Step16_Model2_EQA_CH3,Step17_Model3_EQA_CH4,Step18_Model2_EQB_CH2,Step19_Model1_EQC_CH1,Step20_Model2_EQB_CH4,Step21_Model1_EQA_CH1,Step22_Model2_EQB_CH2,Step23_Model2_EQB_CH2,Step24_Model1_EQC_CH3,Step25_Model1_EQB_CH3,Step26_Model2_EQC_CH2,Step27_Model1_EQA_CH3,Step28_Model3_EQB_CH4,Step29_Model3_EQA_CH3,Step30_Model3_EQC_CH3,,,,,,,,,55.89381771891053,55.01120041672205,,,,,,,44.612954916510475,,61.73582333138541,,42.39593076554337,,,,,,,,,,,,,,,,,,44.07633720488797,,,,,,50.57209925299136,40.91669162954743,,55.62427980924359,,,,,3,,9,,,,,,,,,
T037_W01,T037,1,Step1_Model2_EQA_CH3,Step2_Model1_EQC_CH1,Step3_Model1_EQC_CH1,Step4_Model2_EQA_CH1,Step5_Model3_EQC_CH4,Step6_Model2_EQA_CH2,Step7_Model2_EQA_CH1,Step8_Model2_EQB_CH4,Step9_Model2_EQB_CH1,Step10_Model1_EQB_CH3,Step11_Model2_EQB_CH2,Step12_Model1_EQB_CH4,Step13_Model2_EQA_CH1,Step14_Model2_EQC_CH1,Step15_Model3_EQB_CH3,Step16_Model3_EQC_CH2,Step17_Model3_EQB_CH3,Step18_Model1_EQC_CH4,Step19_Model3_EQC_CH1,Step20_Model2_EQA_CH2,Step21_Model3_EQB_CH4,Step22_Model2_EQC_CH3,Step23_Model1_EQC_CH2,Step24_Model1_EQA_CH4,Step25_Model2_EQA_CH1,Step26_Model3_EQB_CH4,Step27_Model3_EQC_CH4,Step28_Model1_EQB_CH1,Step29_Model3_EQB_CH4,Step30_Model2_EQC_CH1,,,,,,59.019473051723224,,,,,,,,,,,,,,,,,,40.27405647660701,,,,55.097348660845434,,,,,64.16254526420747,,,53.33231357713004,,,,,,,,,,,,55.331019541453145,,,,,,,,,,,,,,,,
T037_W02,T037,2,Step1_Model2_EQA_CH1,Step2_Model1_EQC_CH1,Step3_Model1_EQC_CH1,Step4_Model2_EQA_CH3,Step5_Model3_EQC_CH3,Step6_Model2_EQA_CH2,Step7_Model2_EQA_CH2,Step8_Model2_EQB_CH1,Step9_Model2_EQB_CH2,Step10_Model1_EQB_CH2,Step11_Model2_EQB_CH4,Step12_Model1_EQB_CH4,Step13_Model2_EQA_CH4,Step14_Model2_EQC_CH1,Step15_Model3_EQB_CH1,Step16_Model3_EQC_CH3,Step17_Model3_EQB_CH1,Step18_Model1_EQC_CH1,Step19_Model3_EQC_CH2,Step20_Model2_EQA_CH1,Step21_Model3_EQB_CH2,Step22_Model2_EQC_CH4,Step23_Model1_EQC_CH4,Step24_Model1_EQA_CH3,Step25_Model2_EQA_CH4,Step26_Model3_EQB_CH1,Step27_Model3_EQC_CH3,Step28_Model1_EQB_CH1,Step29_Model3_EQB_CH3,Step30_Model2_EQC_CH4,,,,,,,42.63702857458655,,,,33.87320676,,,,,,,,55.39695460564501,,,,,51.028408871581014,,,51.032460913013004,,,40.54929283680328,,,,,,,,,,,,,,,,,,,,,,,,,,,,,,,,,,
T037_W03,T037,3,Step1_Model2_EQA_CH4,Step2_Model1_EQC_CH4,Step3_Model1_EQC_CH3,Step4_Model2_EQA_CH3,Step5_Model3_EQC_CH3,Step6_Model2_EQA_CH4,Step7_Model2_EQA_CH2,Step8_Model2_EQB_CH1,Step9_Model2_EQB_CH3,Step10_Model1_EQB_CH4,Step11_Model2_EQB_CH4,Step12_Model1_EQB_CH2,Step13_Model2_EQA_CH3,Step14_Model2_EQC_CH1,Step15_Model3_EQB_CH1,Step16_Model3_EQC_CH2,Step17_Model3_EQB_CH1,Step18_Model1_EQC_CH4,Step19_Model3_EQC_CH4,Step20_Model2_EQA_CH2,Step21_Model3_EQB_CH1,Step22_Model2_EQC_CH2,Step23_Model1_EQC_CH3,Step24_Model1_EQA_CH3,Step25_Model2_EQA_CH3,Step26_Model3_EQB_CH2,Step27_Model3_EQC_CH2,Step28_Model1_EQB_CH2,Step29_Model3_EQB_CH3,Step30_Model2_EQC_CH3,,,,,,,,,,,,40.554811600670774,,,,,,,,,,,,,,57.45290322625314,49.51482172,,,26.787180681783056,,,,,,,,,,,,,,,,,,,,,,,,,,,,,,,,,,
T037_W04,T037,4,Step1_Model2_EQA_CH2,Step2_Model1_EQC_CH1,Step3_Model1_EQC_CH3,Step4_Model2_EQA_CH2,Step5_Model3_EQC_CH3,Step6_Model2_EQA_CH3,Step7_Model2_EQA_CH2,Step8_Model2_EQB_CH4,Step9_Model2_EQB_CH2,Step10_Model1_EQB_CH3,Step11_Model2_EQB_CH3,Step12_Model1_EQB_CH3,Step13_Model2_EQA_CH4,Step14_Model2_EQC_CH2,Step15_Model3_EQB_CH1,Step16_Model3_EQC_CH1,Step17_Model3_EQB_CH2,Step18_Model1_EQC_CH3,Step19_Model3_EQC_CH3,Step20_Model2_EQA_CH4,Step21_Model3_EQB_CH4,Step22_Model2_EQC_CH1,Step23_Model1_EQC_CH4,Step24_Model1_EQA_CH4,Step25_Model2_EQA_CH3,Step26_Model3_EQB_CH3,Step27_Model3_EQC_CH3,Step28_Model1_EQB_CH3,Step29_Model3_EQB_CH1,Step30_Model2_EQC_CH1,,,,,,54.71933518441467,,,,,33.939750317157156,,,,,,,,,,,,,49.667963834588676,,,,,,,,39.345063370049424,,,53.025313052477294,51.23079784433649,54.56054142396508,41.65753500207269,,,,,,,,38.36733165488505,,,,,,,,,,,,,,,,,,
T037_W05,T037,5,Step1_Model2_EQA_CH1,Step2_Model1_EQC_CH1,Step3_Model1_EQC_CH2,Step4_Model2_EQA_CH4,Step5_Model3_EQC_CH2,Step6_Model2_EQA_CH1,Step7_Model2_EQA_CH3,Step8_Model2_EQB_CH3,Step9_Model2_EQB_CH4,Step10_Model1_EQB_CH4,Step11_Model2_EQB_CH1,Step12_Model1_EQB_CH1,Step13_Model2_EQA_CH4,Step14_Model2_EQC_CH2,Step15_Model3_EQB_CH2,Step16_Model3_EQC_CH2,Step17_Model3_EQB_CH2,Step18_Model1_EQC_CH1,Step19_Model3_EQC_CH3,Step20_Model2_EQA_CH1,Step21_Model3_EQB_CH4,Step22_Model2_EQC_CH1,Step23_Model1_EQC_CH1,Step24_Model1_EQA_CH4,Step25_Model2_EQA_CH4,Step26_Model3_EQB_CH3,Step27_Model3_EQC_CH3,Step28_Model1_EQB_CH1,Step29_Model3_EQB_CH4,Step30_Model2_EQC_CH4,,,,,,67.35363749464094,,,,,,,,,,,,,,,,,,,,,,,,,,,,,52.70430126555138,,,,,29.971062852521637,,,,,,,,,4,,,,,,,,,,,,,,,
T037_W06,T037,6,Step1_Model2_EQA_CH2,Step2_Model1_EQC_CH2,Step3_Model1_EQC_CH2,Step4_Model2_EQA_CH2,Step5_Model3_EQC_CH2,Step6_Model2_EQA_CH1,Step7_Model2_EQA_CH4,Step8_Model2_EQB_CH4,Step9_Model2_EQB_CH2,Step10_Model1_EQB_CH2,Step11_Model2_EQB_CH4,Step12_Model1_EQB_CH2,Step13_Model2_EQA_CH2,Step14_Model2_EQC_CH3,Step15_Model3_EQB_CH1,Step16_Model3_EQC_CH4,Step17_Model3_EQB_CH4,Step18_Model1_EQC_CH1,Step19_Model3_EQC_CH3,Step20_Model2_EQA_CH3,Step21_Model3_EQB_CH3,Step22_Model2_EQC_CH2,Step23_Model1_EQC_CH1,Step24_Model1_EQA_CH1,Step25_Model2_EQA_CH1,Step26_Model3_EQB_CH4,Step27_Model3_EQC_CH2,Step28_Model1_EQB_CH2,Step29_Model3_EQB_CH1,Step30_Model2_EQC_CH4,,,,48.110432886459414,,59.604920065146295,,,,,38.11352916,,46.18626712694195,,,58.54976707633217,47.48514273175668,37.920587692377744,,,,,,,,,,,,,,,,64.48371996,52.44788673804966,,,,,,51.786530324473944,61.56986128479673,,,,,,,,,,11,,,,,,,,,,,,
T037_W07,T037,7,Step1_Model2_EQA_CH3,Step2_Model1_EQC_CH2,Step3_Model1_EQC_CH2,Step4_Model2_EQA_CH2,Step5_Model3_EQC_CH3,Step6_Model2_EQA_CH4,Step7_Model2_EQA_CH4,Step8_Model2_EQB_CH1,Step9_Model2_EQB_CH2,Step10_Model1_EQB_CH1,Step11_Model2_EQB_CH2,Step12_Model1_EQB_CH1,Step13_Model2_EQA_CH4,Step14_Model2_EQC_CH3,Step15_Model3_EQB_CH1,Step16_Model3_EQC_CH3,Step17_Model3_EQB_CH2,Step18_Model1_EQC_CH4,Step19_Model3_EQC_CH3,Step20_Model2_EQA_CH2,Step21_Model3_EQB_CH1,Step22_Model2_EQC_CH3,Step23_Model1_EQC_CH2,Step24_Model1_EQA_CH4,Step25_Model2_EQA_CH4,Step26_Model3_EQB_CH2,Step27_Model3_EQC_CH2,Step28_Model1_EQB_CH3,Step29_Model3_EQB_CH2,Step30_Model2_EQC_CH1,,38.07325974795489,36.82065398921878,,61.761880877588645,,47.45873842823041,,,,,39.15572082182135,,,41.40562592609431,,,,,,,,,,,58.52875520016334,,,46.87933994749399,,,45.748335057067465,,,,,52.90261546276127,44.32207399249422,,,49.645758258595734,,,33.931030351251735,,,,,,,,,,,,,,,,,,,,
T037_W08,T037,8,Step1_Model2_EQA_CH2,Step2_Model1_EQC_CH3,Step3_Model1_EQC_CH3,Step4_Model2_EQA_CH1,Step5_Model3_EQC_CH1,Step6_Model2_EQA_CH1,Step7_Model2_EQA_CH3,Step8_Model2_EQB_CH4,Step9_Model2_EQB_CH1,Step10_Model1_EQB_CH3,Step11_Model2_EQB_CH1,Step12_Model1_EQB_CH1,Step13_Model2_EQA_CH1,Step14_Model2_EQC_CH3,Step15_Model3_EQB_CH4,Step16_Model3_EQC_CH2,Step17_Model3_EQB_CH2,Step18_Model1_EQC_CH4,Step19_Model3_EQC_CH3,Step20_Model2_EQA_CH2,Step21_Model3_EQB_CH4,Step22_Model2_EQC_CH1,Step23_Model1_EQC_CH4,Step24_Model1_EQA_CH3,Step25_Model2_EQA_CH1,Step26_Model3_EQB_CH4,Step27_Model3_EQC_CH4,Step28_Model1_EQB_CH2,Step29_Model3_EQB_CH4,Step30_Model2_EQC_CH3,,,,,,,,,,59.429887882319335,,,,,,,,38.158088775219674,,,,,,,,,49.41315884064282,,40.83264082,,,,,,50.29709651894723,,,,,,54.69052791872709,60.109869092092914,,,,,,,,,,,,,,,,,,,,,,
T037_W09,T037,9,Step1_Model2_EQA_CH4,Step2_Model1_EQC_CH4,Step3_Model1_EQC_CH4,Step4_Model2_EQA_CH3,Step5_Model3_EQC_CH4,Step6_Model2_EQA_CH1,Step7_Model2_EQA_CH3,Step8_Model2_EQB_CH1,Step9_Model2_EQB_CH2,Step10_Model1_EQB_CH4,Step11_Model2_EQB_CH3,Step12_Model1_EQB_CH1,Step13_Model2_EQA_CH2,Step14_Model2_EQC_CH4,Step15_Model3_EQB_CH3,Step16_Model3_EQC_CH4,Step17_Model3_EQB_CH4,Step18_Model1_EQC_CH4,Step19_Model3_EQC_CH4,Step20_Model2_EQA_CH2,Step21_Model3_EQB_CH3,Step22_Model2_EQC_CH3,Step23_Model1_EQC_CH1,Step24_Model1_EQA_CH3,Step25_Model2_EQA_CH2,Step26_Model3_EQB_CH1,Step27_Model3_EQC_CH2,Step28_Model1_EQB_CH4,Step29_Model3_EQB_CH4,Step30_Model2_EQC_CH3,,,,,,,,44.376640644430466,,54.89828664170674,,,,,,66.86986797305892,,,,31.861209125644574,,,,,39.45134044950193,,,,,40.62834235,,,,50.58896672,,59.84723445009256,,,,,,59.75953635564833,66.26965266372692,,,45.73846196901263,,,14,,,,,,,,4,,,,,,,
T037_W10,T037,10,Step1_Model2_EQA_CH3,Step2_Model1_EQC_CH4,Step3_Model1_EQC_CH4,Step4_Model2_EQA_CH3,Step5_Model3_EQC_CH3,Step6_Model2_EQA_CH1,Step7_Model2_EQA_CH4,Step8_Model2_EQB_CH2,Step9_Model2_EQB_CH1,Step10_Model1_EQB_CH4,Step11_Model2_EQB_CH1,Step12_Model1_EQB_CH3,Step13_Model2_EQA_CH4,Step14_Model2_EQC_CH2,Step15_Model3_EQB_CH2,Step16_Model3_EQC_CH1,Step17_Model3_EQB_CH3,Step18_Model1_EQC_CH4,Step19_Model3_EQC_CH1,Step20_Model2_EQA_CH1,Step21_Model3_EQB_CH1,Step22_Model2_EQC_CH4,Step23_Model1_EQC_CH2,Step24_Model1_EQA_CH1,Step25_Model2_EQA_CH3,Step26_Model3_EQB_CH1,Step27_Model3_EQC_CH1,Step28_Model1_EQB_CH3,Step29_Model3_EQB_CH2,Step30_Model2_EQC_CH4,,,,,,,44.33584207,,,,43.51263245490956,,,,,,50.362960488699784,,,,,,,,,63.54465010252535,48.59162352529851,,,,,,,,,,58.41382466845285,,,,,,,,,,,,,,,,,,,11,,,,,,,,
T037_W11,T037,11,Step1_Model2_EQA_CH4,Step2_Model1_EQC_CH1,Step3_Model1_EQC_CH3,Step4_Model2_EQA_CH1,Step5_Model3_EQC_CH4,Step6_Model2_EQA_CH2,Step7_Model2_EQA_CH1,Step8_Model2_EQB_CH3,Step9_Model2_EQB_CH4,Step10_Model1_EQB_CH3,Step11_Model2_EQB_CH2,Step12_Model1_EQB_CH2,Step13_Model2_EQA_CH4,Step14_Model2_EQC_CH1,Step15_Model3_EQB_CH4,Step16_Model3_EQC_CH2,Step17_Model3_EQB_CH3,Step18_Model1_EQC_CH2,Step19_Model3_EQC_CH2,Step20_Model2_EQA_CH1,Step21_Model3_EQB_CH1,Step22_Model2_EQC_CH1,Step23_Model1_EQC_CH4,Step24_Model1_EQA_CH4,Step25_Model2_EQA_CH4,Step26_Model3_EQB_CH3,Step27_Model3_EQC_CH3,Step28_Model1_EQB_CH2,Step29_Model3_EQB_CH3,Step30_Model2_EQC_CH2,44.68206240917698,32.22642816832609,,,,,,,62.63585587628505,,,,41.61008755913058,,,,,,,,,,54.764091668671604,,,58.60141083139753,50.88696653094397,,,,41.21378879050136,,51.972012808193064,72.69944724,,,,,,,,,,,,,,,,,,,,,,,,,,,,,,
T037_W12,T037,12,Step1_Model2_EQA_CH2,Step2_Model1_EQC_CH4,Step3_Model1_EQC_CH3,Step4_Model2_EQA_CH3,Step5_Model3_EQC_CH1,Step6_Model2_EQA_CH3,Step7_Model2_EQA_CH2,Step8_Model2_EQB_CH3,Step9_Model2_EQB_CH1,Step10_Model1_EQB_CH3,Step11_Model2_EQB_CH4,Step12_Model1_EQB_CH3,Step13_Model2_EQA_CH2,Step14_Model2_EQC_CH4,Step15_Model3_EQB_CH3,Step16_Model3_EQC_CH2,Step17_Model3_EQB_CH1,Step18_Model1_EQC_CH2,Step19_Model3_EQC_CH2,Step20_Model2_EQA_CH4,Step21_Model3_EQB_CH2,Step22_Model2_EQC_CH4,Step23_Model1_EQC_CH2,Step24_Model1_EQA_CH1,Step25_Model2_EQA_CH2,Step26_Model3_EQB_CH3,Step27_Model3_EQC_CH3,Step28_Model1_EQB_CH1,Step29_Model3_EQB_CH2,Step30_Model2_EQC_CH3,,,,,,,,,,,37.544612127746014,,,,,53.49245917988732,,,,,,,,,,,43.357718677599955,,,,,,,,,,,,,44.14402378557856,,,,,,,,,,,,,,,,,,13,,,,,,
T037_W13,T037,13,Step1_Model2_EQA_CH1,Step2_Model1_EQC_CH4,Step3_Model1_EQC_CH3,Step4_Model2_EQA_CH2,Step5_Model3_EQC_CH2,Step6_Model2_EQA_CH2,Step7_Model2_EQA_CH4,Step8_Model2_EQB_CH3,Step9_Model2_EQB_CH2,Step10_Model1_EQB_CH2,Step11_Model2_EQB_CH4,Step12_Model1_EQB_CH1,Step13_Model2_EQA_CH2,Step14_Model2_EQC_CH1,Step15_Model3_EQB_CH1,Step16_Model3_EQC_CH1,Step17_Model3_EQB_CH2,Step18_Model1_EQC_CH1,Step19_Model3_EQC_CH1,Step20_Model2_EQA_CH1,Step21_Model3_EQB_CH4,Step22_Model2_EQC_CH3,Step23_Model1_EQC_CH3,Step24_Model1_EQA_CH4,Step25_Model2_EQA_CH3,Step26_Model3_EQB_CH3,Step27_Model3_EQC_CH2,Step28_Model1_EQB_CH4,Step29_Model3_EQB_CH3,Step30_Model2_EQC_CH1,,,,,,61.451499579978524,,,,,,,,,,,,,,,,,,,,,,,,,,52.81748947854807,,,,,,,,,,,,,,,,,,,,,,,,,,,,,,,,
T037_W14,T037,14,Step1_Model2_EQA_CH4,Step2_Model1_EQC_CH3,Step3_Model1_EQC_CH2,Step4_Model2_EQA_CH2,Step5_Model3_EQC_CH3,Step6_Model2_EQA_CH1,Step7_Model2_EQA_CH2,Step8_Model2_EQB_CH1,Step9_Model2_EQB_CH1,Step10_Model1_EQB_CH1,Step11_Model2_EQB_CH2,Step12_Model1_EQB_CH2,Step13_Model2_EQA_CH4,Step14_Model2_EQC_CH1,Step15_Model3_EQB_CH3,Step16_Model3_EQC_CH4,Step17_Model3_EQB_CH3,Step18_Model1_EQC_CH2,Step19_Model3_EQC_CH1,Step20_Model2_EQA_CH4,Step21_Model3_EQB_CH2,Step22_Model2_EQC_CH1,Step23_Model1_EQC_CH2,Step24_Model1_EQA_CH4,Step25_Model2_EQA_CH2,Step26_Model3_EQB_CH2,Step27_Model3_EQC_CH1,Step28_Model1_EQB_CH3,Step29_Model3_EQB_CH2,Step30_Model2_EQC_CH2,,,,52.80145768853693,61.20760231766924,67.14252842201275,,,,,,,,,,,,,,,,,63.24566485327599,,,,,,,,41.97430084791298,,,,,,,,,,,,,,,,,57.66788028036116,,,,,,,,,,,,,,,,
T037_W15,T037,15,Step1_Model2_EQA_CH2,Step2_Model1_EQC_CH2,Step3_Model1_EQC_CH1,Step4_Model2_EQA_CH1,Step5_Model3_EQC_CH3,Step6_Model2_EQA_CH4,Step7_Model2_EQA_CH2,Step8_Model2_EQB_CH2,Step9_Model2_EQB_CH4,Step10_Model1_EQB_CH4,Step11_Model2_EQB_CH1,Step12_Model1_EQB_CH3,Step13_Model2_EQA_CH2,Step14_Model2_EQC_CH1,Step15_Model3_EQB_CH2,Step16_Model3_EQC_CH1,Step17_Model3_EQB_CH3,Step18_Model1_EQC_CH4,Step19_Model3_EQC_CH4,Step20_Model2_EQA_CH4,Step21_Model3_EQB_CH2,Step22_Model2_EQC_CH1,Step23_Model1_EQC_CH3,Step24_Model1_EQA_CH2,Step25_Model2_EQA_CH3,Step26_Model3_EQB_CH2,Step27_Model3_EQC_CH1,Step28_Model1_EQB_CH3,Step29_Model3_EQB_CH4,Step30_Model2_EQC_CH1,,,34.94662977591821,55.99845900611079,,,,,,,,,,,,57.43952427554537,,40.41888459291121,,,,,,,,,,,,,39.52790357482168,,,58.81707351,,,,43.04856801718951,,,,,,,,,,,10,,,,,,,,,,,,,,,
T037_W16,T037,16,Step1_Model2_EQA_CH1,Step2_Model1_EQC_CH2,Step3_Model1_EQC_CH4,Step4_Model2_EQA_CH4,Step5_Model3_EQC_CH4,Step6_Model2_EQA_CH3,Step7_Model2_EQA_CH1,Step8_Model2_EQB_CH3,Step9_Model2_EQB_CH3,Step10_Model1_EQB_CH3,Step11_Model2_EQB_CH4,Step12_Model1_EQB_CH2,Step13_Model2_EQA_CH2,Step14_Model2_EQC_CH3,Step15_Model3_EQB_CH3,Step16_Model3_EQC_CH4,Step17_Model3_EQB_CH2,Step18_Model1_EQC_CH2,Step19_Model3_EQC_CH2,Step20_Model2_EQA_CH2,Step21_Model3_EQB_CH4,Step22_Model2_EQC_CH3,Step23_Model1_EQC_CH1,Step24_Model1_EQA_CH3,Step25_Model2_EQA_CH1,Step26_Model3_EQB_CH3,Step27_Model3_EQC_CH1,Step28_Model1_EQB_CH2,Step29_Model3_EQB_CH3,Step30_Model2_EQC_CH3,,,,,,,42.74501247198258,,,,37.168214215281516,,,67.61984153594574,,,,,54.50466485689634,,,,,,,,,,,,,,,,,,,,,,,56.56855909876466,,,47.359297640130734,,,57.520332591393895,,,,,12,,,,,,,,,,,
T037_W17,T037,17,Step1_Model2_EQA_CH1,Step2_Model1_EQC_CH1,Step3_Model1_EQC_CH4,Step4_Model2_EQA_CH2,Step5_Model3_EQC_CH4,Step6_Model2_EQA_CH1,Step7_Model2_EQA_CH4,Step8_Model2_EQB_CH2,Step9_Model2_EQB_CH2,Step10_Model1_EQB_CH2,Step11_Model2_EQB_CH2,Step12_Model1_EQB_CH2,Step13_Model2_EQA_CH3,Step14_Model2_EQC_CH1,Step15_Model3_EQB_CH2,Step16_Model3_EQC_CH3,Step17_Model3_EQB_CH2,Step18_Model1_EQC_CH2,Step19_Model3_EQC_CH1,Step20_Model2_EQA_CH2,Step21_Model3_EQB_CH3,Step22_Model2_EQC_CH4,Step23_Model1_EQC_CH3,Step24_Model1_EQA_CH3,Step25_Model2_EQA_CH1,Step26_Model3_EQB_CH2,Step27_Model3_EQC_CH4,Step28_Model1_EQB_CH4,Step29_Model3_EQB_CH3,Step30_Model2_EQC_CH1,,,31.37584536214877,53.900455495877154,,,,,56.98564534416288,,,,,,,,,,,,,,,,,,57.571377665680025,,,,,,61.95985424435241,,,,,,,47.199136604612605,,59.219531888783706,,,,,,,,,,,,,,,,,,,,,,
T037_W18,T037,18,Step1_Model2_EQA_CH2,Step2_Model1_EQC_CH1,Step3_Model1_EQC_CH4,Step4_Model2_EQA_CH4,Step5_Model3_EQC_CH4,Step6_Model2_EQA_CH2,Step7_Model2_EQA_CH2,Step8_Model2_EQB_CH2,Step9_Model2_EQB_CH3,Step10_Model1_EQB_CH1,Step11_Model2_EQB_CH2,Step12_Model1_EQB_CH1,Step13_Model2_EQA_CH3,Step14_Model2_EQC_CH1,Step15_Model3_EQB_CH1,Step16_Model3_EQC_CH4,Step17_Model3_EQB_CH4,Step18_Model1_EQC_CH2,Step19_Model3_EQC_CH4,Step20_Model2_EQA_CH2,Step21_Model3_EQB_CH1,Step22_Model2_EQC_CH2,Step23_Model1_EQC_CH2,Step24_Model1_EQA_CH2,Step25_Model2_EQA_CH3,Step26_Model3_EQB_CH3,Step27_Model3_EQC_CH4,Step28_Model1_EQB_CH3,Step29_Model3_EQB_CH2,Step30_Model2_EQC_CH1,,,,,,,37.969496514038106,,59.837229211332385,52.350690164854214,,,,,,,,,,,,33.36918209617702,,,48.045916595084186,,,,,,,,,,54.97119403971075,,,,41.65241134455269,,,,,32.661115670080335,,29.30909998147078,,,,,,,,,,,,,,,,,,
T037_W19,T037,19,Step1_Model2_EQA_CH1,Step2_Model1_EQC_CH4,Step3_Model1_EQC_CH3,Step4_Model2_EQA_CH3,Step5_Model3_EQC_CH3,Step6_Model2_EQA_CH1,Step7_Model2_EQA_CH4,Step8_Model2_EQB_CH3,Step9_Model2_EQB_CH3,Step10_Model1_EQB_CH4,Step11_Model2_EQB_CH2,Step12_Model1_EQB_CH4,Step13_Model2_EQA_CH1,Step14_Model2_EQC_CH1,Step15_Model3_EQB_CH4,Step16_Model3_EQC_CH3,Step17_Model3_EQB_CH3,Step18_Model1_EQC_CH2,Step19_Model3_EQC_CH3,Step20_Model2_EQA_CH3,Step21_Model3_EQB_CH4,Step22_Model2_EQC_CH1,Step23_Model1_EQC_CH3,Step24_Model1_EQA_CH2,Step25_Model2_EQA_CH4,Step26_Model3_EQB_CH4,Step27_Model3_EQC_CH4,Step28_Model1_EQB_CH1,Step29_Model3_EQB_CH3,Step30_Model2_EQC_CH4,,,,,,,,,,,34.822539101274174,,,,,,,,,,,,,,,56.62430970737794,,,,,,45.40194531593571,,,,,,,,41.87157131997811,,,,,,,61.03762308443139,,,,,,13,,,,,,,,,,,
T037_W20,T037,20,Step1_Model2_EQA_CH2,Step2_Model1_EQC_CH3,Step3_Model1_EQC_CH2,Step4_Model2_EQA_CH1,Step5_Model3_EQC_CH1,Step6_Model2_EQA_CH3,Step7_Model2_EQA_CH3,Step8_Model2_EQB_CH2,Step9_Model2_EQB_CH2,Step10_Model1_EQB_CH2,Step11_Model2_EQB_CH2,Step12_Model1_EQB_CH1,Step13_Model2_EQA_CH3,Step14_Model2_EQC_CH3,Step15_Model3_EQB_CH1,Step16_Model3_EQC_CH1,Step17_Model3_EQB_CH1,Step18_Model1_EQC_CH1,Step19_Model3_EQC_CH4,Step20_Model2_EQA_CH4,Step21_Model3_EQB_CH2,Step22_Model2_EQC_CH3,Step23_Model1_EQC_CH1,Step24_Model1_EQA_CH4,Step25_Model2_EQA_CH1,Step26_Model3_EQB_CH4,Step27_Model3_EQC_CH2,Step28_Model1_EQB_CH3,Step29_Model3_EQB_CH4,Step30_Model2_EQC_CH1,45.15335252265466,,41.06239464127861,,,,,,,,,,,,,63.18255121686585,,,,,,,,45.94841336920563,,,,,,39.85094325037711,,48.75512991528055,,,,,,,,,,,,,,,,,,,,,,,,,,,,,,,,
T037_W21,T037,21,Step1_Model2_EQA_CH2,Step2_Model1_EQC_CH1,Step3_Model1_EQC_CH1,Step4_Model2_EQA_CH4,Step5_Model3_EQC_CH3,Step6_Model2_EQA_CH4,Step7_Model2_EQA_CH2,Step8_Model2_EQB_CH2,Step9_Model2_EQB_CH3,Step10_Model1_EQB_CH3,Step11_Model2_EQB_CH1,Step12_Model1_EQB_CH3,Step13_Model2_EQA_CH1,Step14_Model2_EQC_CH2,Step15_Model3_EQB_CH4,Step16_Model3_EQC_CH4,Step17_Model3_EQB_CH2,Step18_Model1_EQC_CH4,Step19_Model3_EQC_CH1,Step20_Model2_EQA_CH1,Step21_Model3_EQB_CH2,Step22_Model2_EQC_CH3,Step23_Model1_EQC_CH2,Step24_Model1_EQA_CH2,Step25_Model2_EQA_CH2,Step26_Model3_EQB_CH4,Step27_Model3_EQC_CH2,Step28_Model1_EQB_CH4,Step29_Model3_EQB_CH3,Step30_Model2_EQC_CH4,,,,,,,49.94761279884031,,,,,,,,,,,36.24334083027762,,39.01622904967443,,,,,,,50.91879341327285,,,,,,58.66765097249532,,,61.589609218154806,,,,,,,,,,,,,,,,,,,,,,,,,,,,
T037_W22,T037,22,Step1_Model2_EQA_CH1,Step2_Model1_EQC_CH3,Step3_Model1_EQC_CH1,Step4_Model2_EQA_CH2,Step5_Model3_EQC_CH3,Step6_Model2_EQA_CH2,Step7_Model2_EQA_CH3,Step8_Model2_EQB_CH3,Step9_Model2_EQB_CH4,Step10_Model1_EQB_CH4,Step11_Model2_EQB_CH4,Step12_Model1_EQB_CH2,Step13_Model2_EQA_CH4,Step14_Model2_EQC_CH2,Step15_Model3_EQB_CH3,Step16_Model3_EQC_CH1,Step17_Model3_EQB_CH1,Step18_Model1_EQC_CH4,Step19_Model3_EQC_CH3,Step20_Model2_EQA_CH1,Step21_Model3_EQB_CH4,Step22_Model2_EQC_CH2,Step23_Model1_EQC_CH2,Step24_Model1_EQA_CH3,Step25_Model2_EQA_CH4,Step26_Model3_EQB_CH4,Step27_Model3_EQC_CH3,Step28_Model1_EQB_CH3,Step29_Model3_EQB_CH2,Step30_Model2_EQC_CH3,,29.38535300153612,,,62.13303063010112,,,,,,,,,,,,,,,,,,,,,,,,,,,,,,,,,,46.65242908666444,,,,57.17451376574061,,,,,,,,,,,,,,,,,,,,,
T037_W23,T037,23,Step1_Model2_EQA_CH1,Step2_Model1_EQC_CH2,Step3_Model1_EQC_CH4,Step4_Model2_EQA_CH4,Step5_Model3_EQC_CH2,Step6_Model2_EQA_CH1,Step7_Model2_EQA_CH3,Step8_Model2_EQB_CH3,Step9_Model2_EQB_CH3,Step10_Model1_EQB_CH2,Step11_Model2_EQB_CH4,Step12_Model1_EQB_CH1,Step13_Model2_EQA_CH4,Step14_Model2_EQC_CH3,Step15_Model3_EQB_CH2,Step16_Model3_EQC_CH4,Step17_Model3_EQB_CH3,Step18_Model1_EQC_CH2,Step19_Model3_EQC_CH4,Step20_Model2_EQA_CH2,Step21_Model3_EQB_CH2,Step22_Model2_EQC_CH2,Step23_Model1_EQC_CH2,Step24_Model1_EQA_CH4,Step25_Model2_EQA_CH1,Step26_Model3_EQB_CH1,Step27_Model3_EQC_CH4,Step28_Model1_EQB_CH3,Step29_Model3_EQB_CH4,Step30_Model2_EQC_CH3,,,,,62.95821225230648,,,,61.267711405079616,,34.244927271584366,,,,,,48.414245139989674,,,,,,,,,,,48.67786869779377,,,,45.25651472143008,,,,,,40.20617116514063,,,,,,33.31156404302364,45.46476620847412,,,,,,,,,,,,,,,,,,,
T037_W24,T037,24,Step1_Model2_EQA_CH2,Step2_Model1_EQC_CH2,Step3_Model1_EQC_CH2,Step4_Model2_EQA_CH3,Step5_Model3_EQC_CH3,Step6_Model2_EQA_CH4,Step7_Model2_EQA_CH3,Step8_Model2_EQB_CH3,Step9_Model2_EQB_CH2,Step10_Model1_EQB_CH4,Step11_Model2_EQB_CH4,Step12_Model1_EQB_CH4,Step13_Model2_EQA_CH2,Step14_Model2_EQC_CH3,Step15_Model3_EQB_CH3,Step16_Model3_EQC_CH4,Step17_Model3_EQB_CH2,Step18_Model1_EQC_CH4,Step19_Model3_EQC_CH2,Step20_Model2_EQA_CH2,Step21_Model3_EQB_CH3,Step22_Model2_EQC_CH1,Step23_Model1_EQC_CH4,Step24_Model1_EQA_CH1,Step25_Model2_EQA_CH2,Step26_Model3_EQB_CH3,Step27_Model3_EQC_CH4,Step28_Model1_EQB_CH1,Step29_Model3_EQB_CH3,Step30_Model2_EQC_CH4,,34.35610244551263,38.50440842124646,,,,44.373185575936475,,,,,,,,45.427735978798346,61.085875894383065,44.89566854629244,45.23506661952983,,,45.452473220788285,,,,,59.42166322088497,,53.33745355691752,,,,,,57.01923632789868,,60.264109266076716,,,36.10255241,,,,,,,,,,,,,,,,,,9,,,,,,,
T037_W25,T037,25,Step1_Model2_EQA_CH2,Step2_Model1_EQC_CH3,Step3_Model1_EQC_CH4,Step4_Model2_EQA_CH2,Step5_Model3_EQC_CH4,Step6_Model2_EQA_CH2,Step7_Model2_EQA_CH3,Step8_Model2_EQB_CH3,Step9_Model2_EQB_CH1,Step10_Model1_EQB_CH2,Step11_Model2_EQB_CH4,Step12_Model1_EQB_CH4,Step13_Model2_EQA_CH1,Step14_Model2_EQC_CH1,Step15_Model3_EQB_CH1,Step16_Model3_EQC_CH1,Step17_Model3_EQB_CH3,Step18_Model1_EQC_CH1,Step19_Model3_EQC_CH1,Step20_Model2_EQA_CH3,Step21_Model3_EQB_CH3,Step22_Model2_EQC_CH2,Step23_Model1_EQC_CH4,Step24_Model1_EQA_CH1,Step25_Model2_EQA_CH3,Step26_Model3_EQB_CH4,Step27_Model3_EQC_CH2,Step28_Model1_EQB_CH2,Step29_Model3_EQB_CH1,Step30_Model2_EQC_CH3,,36.073584823704635,,,67.62947542768786,,,37.93461384042453,55.32968151,,,,,,,,42.621426353206246,,56.987011205886894,,,,,,,,,,,,,,,,,,50.22572383409735,38.10681152361263,47.554737766185916,,47.021090055717956,,,,,,,,,,,,,,,9,,,,,,,,
T038_W01,T038,1,Step1_Model1_EQB_CH3,Step2_Model1_EQB_CH4,Step3_Model1_EQA_CH2,Step4_Model2_EQC_CH1,Step5_Model1_EQA_CH4,Step6_Model2_EQA_CH1,Step7_Model1_EQA_CH1,Step8_Model3_EQB_CH1,Step9_Model3_EQA_CH1,Step10_Model1_EQA_CH4,Step11_Model2_EQA_CH2,Step12_Model1_EQC_CH3,Step13_Model2_EQB_CH4,Step14_Model2_EQC_CH3,Step15_Model3_EQC_CH4,Step16_Model1_EQB_CH4,Step17_Model2_EQC_CH4,Step18_Model1_EQC_CH4,Step19_Model1_EQA_CH3,Step20_Model1_EQB_CH1,Step21_Model2_EQC_CH4,Step22_Model2_EQA_CH2,Step23_Model1_EQB_CH4,Step24_Model3_EQB_CH2,Step25_Model1_EQB_CH2,Step26_Model3_EQA_CH4,Step27_Model1_EQC_CH4,Step28_Model3_EQC_CH1,Step29_Model2_EQC_CH4,Step30_Model2_EQC_CH1,,,,,,,,,,,,47.62091878333652,,60.995802670322156,,,,,,,,,,,,,,,,,,,56.62059662017453,,,,,,,,,,52.599941486209396,,,,,,,,,,,,,,,,,,,,,
T038_W02,T038,2,Step1_Model1_EQB_CH1,Step2_Model1_EQB_CH1,Step3_Model1_EQA_CH1,Step4_Model2_EQC_CH4,Step5_Model1_EQA_CH1,Step6_Model2_EQA_CH4,Step7_Model1_EQA_CH3,Step8_Model3_EQB_CH2,Step9_Model3_EQA_CH4,Step10_Model1_EQA_CH3,Step11_Model2_EQA_CH3,Step12_Model1_EQC_CH2,Step13_Model2_EQB_CH4,Step14_Model2_EQC_CH4,Step15_Model3_EQC_CH4,Step16_Model1_EQB_CH1,Step17_Model2_EQC_CH3,Step18_Model1_EQC_CH4,Step19_Model1_EQA_CH4,Step20_Model1_EQB_CH1,Step21_Model2_EQC_CH1,Step22_Model2_EQA_CH3,Step23_Model1_EQB_CH1,Step24_Model3_EQB_CH2,Step25_Model1_EQB_CH1,Step26_Model3_EQA_CH4,Step27_Model1_EQC_CH3,Step28_Model3_EQC_CH2,Step29_Model2_EQC_CH4,Step30_Model2_EQC_CH2,,,,,,,,,57.58988443297844,,,39.63650824807528,,,,,,,,,,,,,,,54.70892962270924,56.84571776688572,,,,,,,,61.62097281350592,,37.39165222629254,,,,,,,,,,,,,,,,,,,,,,,,,,
T038_W03,T038,3,Step1_Model1_EQB_CH1,Step2_Model1_EQB_CH3,Step3_Model1_EQA_CH2,Step4_Model2_EQC_CH3,Step5_Model1_EQA_CH2,Step6_Model2_EQA_CH4,Step7_Model1_EQA_CH4,Step8_Model3_EQB_CH3,Step9_Model3_EQA_CH2,Step10_Model1_EQA_CH1,Step11_Model2_EQA_CH4,Step12_Model1_EQC_CH2,Step13_Model2_EQB_CH2,Step14_Model2_EQC_CH3,Step15_Model3_EQC_CH3,Step16_Model1_EQB_CH4,Step17_Model2_EQC_CH1,Step18_Model1_EQC_CH4,Step19_Model1_EQA_CH2,Step20_Model1_EQB_CH1,Step21_Model2_EQC_CH2,Step22_Model2_EQA_CH4,Step23_Model1_EQB_CH1,Step24_Model3_EQB_CH4,Step25_Model1_EQB_CH2,Step26_Model3_EQA_CH4,Step27_Model1_EQC_CH4,Step28_Model3_EQC_CH1,Step29_Model2_EQC_CH3,Step30_Model2_EQC_CH2,,,,,,55.525438831618644,,,,,,,,,,,,37.270110706733206,,,,31.787683331562818,,,,,,,,,,,56.79830171774913,,,,,,,,54.60788708,,,39.99230900768577,,,,,,10,,,,,,,,,,,,,,
T038_W04,T038,4,Step1_Model1_EQB_CH2,Step2_Model1_EQB_CH4,Step3_Model1_EQA_CH1,Step4_Model2_EQC_CH1,Step5_Model1_EQA_CH1,Step6_Model2_EQA_CH2,Step7_Model1_EQA_CH3,Step8_Model3_EQB_CH2,Step9_Model3_EQA_CH4,Step10_Model1_EQA_CH3,Step11_Model2_EQA_CH2,Step12_Model1_EQC_CH3,Step13_Model2_EQB_CH1,Step14_Model2_EQC_CH2,Step15_Model3_EQC_CH3,Step16_Model1_EQB_CH1,Step17_Model2_EQC_CH3,Step18_Model1_EQC_CH3,Step19_Model1_EQA_CH4,Step20_Model1_EQB_CH4,Step21_Model2_EQC_CH4,Step22_Model2_EQA_CH1,Step23_Model1_EQB_CH1,Step24_Model3_EQB_CH1,Step25_Model1_EQB_CH2,Step26_Model3_EQA_CH2,Step27_Model1_EQC_CH3,Step28_Model3_EQC_CH1,Step29_Model2_EQC_CH1,Step30_Model2_EQC_CH4,,,40.03584614951818,,58.49956197807605,,,,,,,,,,,,,,66.54947280764794,,,,,,,,,,,,,,,68.72337016380895,,,,,,,,,,,,,,,,,,,,,14,,,,,,,,,
T038_W05,T038,5,Step1_Model1_EQB_CH3,Step2_Model1_EQB_CH1,Step3_Model1_EQA_CH1,Step4_Model2_EQC_CH4,Step5_Model1_EQA_CH3,Step6_Model2_EQA_CH2,Step7_Model1_EQA_CH2,Step8_Model3_EQB_CH1,Step9_Model3_EQA_CH1,Step10_Model1_EQA_CH3,Step11_Model2_EQA_CH1,Step12_Model1_EQC_CH1,Step13_Model2_EQB_CH1,Step14_Model2_EQC_CH2,Step15_Model3_EQC_CH4,Step16_Model1_EQB_CH4,Step17_Model2_EQC_CH1,Step18_Model1_EQC_CH3,Step19_Model1_EQA_CH4,Step20_Model1_EQB_CH2,Step21_Model2_EQC_CH1,Step22_Model2_EQA_CH2,Step23_Model1_EQB_CH4,Step24_Model3_EQB_CH3,Step25_Model1_EQB_CH4,Step26_Model3_EQA_CH3,Step27_Model1_EQC_CH4,Step28_Model3_EQC_CH2,Step29_Model2_EQC_CH3,Step30_Model2_EQC_CH3,,,,,,,,,59.4294315,,,,,59.29776760434368,,,,,,39.689168665313645,38.877100075573686,,64.21256341206922,,,,,,,,,,,,,56.36455912563883,,,,,57.25822046327528,,,,,44.208046537930386,63.01080561435538,,,,,,,,,14,15,,,,,,,
T038_W06,T038,6,Step1_Model1_EQB_CH1,Step2_Model1_EQB_CH3,Step3_Model1_EQA_CH3,Step4_Model2_EQC_CH3,Step5_Model1_EQA_CH3,Step6_Model2_EQA_CH1,Step7_Model1_EQA_CH3,Step8_Model3_EQB_CH3,Step9_Model3_EQA_CH3,Step10_Model1_EQA_CH1,Step11_Model2_EQA_CH1,Step12_Model1_EQC_CH3,Step13_Model2_EQB_CH2,Step14_Model2_EQC_CH2,Step15_Model3_EQC_CH2,Step16_Model1_EQB_CH2,Step17_Model2_EQC_CH3,Step18_Model1_EQC_CH3,Step19_Model1_EQA_CH2,Step20_Model1_EQB_CH4,Step21_Model2_EQC_CH2,Step22_Model2_EQA_CH2,Step23_Model1_EQB_CH4,Step24_Model3_EQB_CH4,Step25_Model1_EQB_CH4,Step26_Model3_EQA_CH3,Step27_Model1_EQC_CH3,Step28_Model3_EQC_CH2,Step29_Model2_EQC_CH3,Step30_Model2_EQC_CH1,,,34.074988433118385,,,,,,,,,,,,38.915476244048065,,,,,,,38.86732623233419,,,43.87245776536999,,,,,,,,,,,,57.482936900981585,,,,,,,,,,62.86947451,,,,,,,,,,11,,,,,,,
T038_W07,T038,7,Step1_Model1_EQB_CH4,Step2_Model1_EQB_CH1,Step3_Model1_EQA_CH2,Step4_Model2_EQC_CH4,Step5_Model1_EQA_CH3,Step6_Model2_EQA_CH3,Step7_Model1_EQA_CH3,Step8_Model3_EQB_CH3,Step9_Model3_EQA_CH1,Step10_Model1_EQA_CH3,Step11_Model2_EQA_CH3,Step12_Model1_EQC_CH4,Step13_Model2_EQB_CH4,Step14_Model2_EQC_CH4,Step15_Model3_EQC_CH2,Step16_Model1_EQB_CH4,Step17_Model2_EQC_CH1,Step18_Model1_EQC_CH1,Step19_Model1_EQA_CH1,Step20_Model1_EQB_CH1,Step21_Model2_EQC_CH2,Step22_Model2_EQA_CH1,Step23_Model1_EQB_CH4,Step24_Model3_EQB_CH1,Step25_Model1_EQB_CH3,Step26_Model3_EQA_CH3,Step27_Model1_EQC_CH4,Step28_Model3_EQC_CH2,Step29_Model2_EQC_CH4,Step30_Model2_EQC_CH3,,,,,,,,36.66497928791376,,,,,,,,,,32.441264800862164,51.35845126013949,37.870106933399676,,,,,41.05180092534647,,,,,,,,60.161685321346305,,,,,,,,,,,,,,,,,,,,,,,,,,,,,,,
T038_W08,T038,8,Step1_Model1_EQB_CH1,Step2_Model1_EQB_CH1,Step3_Model1_EQA_CH2,Step4_Model2_EQC_CH3,Step5_Model1_EQA_CH4,Step6_Model2_EQA_CH3,Step7_Model1_EQA_CH4,Step8_Model3_EQB_CH1,Step9_Model3_EQA_CH1,Step10_Model1_EQA_CH1,Step11_Model2_EQA_CH4,Step12_Model1_EQC_CH3,Step13_Model2_EQB_CH2,Step14_Model2_EQC_CH4,Step15_Model3_EQC_CH1,Step16_Model1_EQB_CH1,Step17_Model2_EQC_CH1,Step18_Model1_EQC_CH3,Step19_Model1_EQA_CH3,Step20_Model1_EQB_CH1,Step21_Model2_EQC_CH4,Step22_Model2_EQA_CH3,Step23_Model1_EQB_CH4,Step24_Model3_EQB_CH4,Step25_Model1_EQB_CH1,Step26_Model3_EQA_CH2,Step27_Model1_EQC_CH3,Step28_Model3_EQC_CH3,Step29_Model2_EQC_CH1,Step30_Model2_EQC_CH4,,,42.413338262186436,,,,,,,,,,,60.06144721760337,,,,,,41.606123056187016,,,,,,,48.15527481853778,,,42.04459524490365,,,,,,,,,,,,,,29.495527231159446,,,,,,,,,,,,,,,,,,,,
T038_W09,T038,9,Step1_Model1_EQB_CH4,Step2_Model1_EQB_CH4,Step3_Model1_EQA_CH2,Step4_Model2_EQC_CH2,Step5_Model1_EQA_CH2,Step6_Model2_EQA_CH1,Step7_Model1_EQA_CH1,Step8_Model3_EQB_CH1,Step9_Model3_EQA_CH2,Step10_Model1_EQA_CH1,Step11_Model2_EQA_CH3,Step12_Model1_EQC_CH2,Step13_Model2_EQB_CH1,Step14_Model2_EQC_CH3,Step15_Model3_EQC_CH2,Step16_Model1_EQB_CH2,Step17_Model2_EQC_CH3,Step18_Model1_EQC_CH3,Step19_Model1_EQA_CH4,Step20_Model1_EQB_CH3,Step21_Model2_EQC_CH3,Step22_Model2_EQA_CH3,Step23_Model1_EQB_CH2,Step24_Model3_EQB_CH3,Step25_Model1_EQB_CH1,Step26_Model3_EQA_CH1,Step27_Model1_EQC_CH4,Step28_Model3_EQC_CH4,Step29_Model2_EQC_CH1,Step30_Model2_EQC_CH2,,,,,,,,,,,,,,58.18252083187404,34.91132897762609,,,,,39.07870645002314,,,,,,,,51.49490324930277,53.76380591106611,,,,,,,58.80242923778558,,,,,,,,37.274789397965215,,21.92926429783555,,,,,,,,,,,14,,,,,,,
T038_W10,T038,10,Step1_Model1_EQB_CH2,Step2_Model1_EQB_CH1,Step3_Model1_EQA_CH3,Step4_Model2_EQC_CH2,Step5_Model1_EQA_CH3,Step6_Model2_EQA_CH2,Step7_Model1_EQA_CH1,Step8_Model3_EQB_CH2,Step9_Model3_EQA_CH2,Step10_Model1_EQA_CH4,Step11_Model2_EQA_CH4,Step12_Model1_EQC_CH2,Step13_Model2_EQB_CH1,Step14_Model2_EQC_CH4,Step15_Model3_EQC_CH3,Step16_Model1_EQB_CH1,Step17_Model2_EQC_CH4,Step18_Model1_EQC_CH3,Step19_Model1_EQA_CH2,Step20_Model1_EQB_CH4,Step21_Model2_EQC_CH3,Step22_Model2_EQA_CH4,Step23_Model1_EQB_CH3,Step24_Model3_EQB_CH1,Step25_Model1_EQB_CH2,Step26_Model3_EQA_CH1,Step27_Model1_EQC_CH1,Step28_Model3_EQC_CH2,Step29_Model2_EQC_CH3,Step30_Model2_EQC_CH1,,,,49.99711822883859,65.69361290500066,68.18591208678998,,37.38996839192211,,,,,40.41937120427805,,,,44.49949150637958,,56.153508251354936,38.73158420797779,,,,,,55.7216234,,,49.36371252,,,,,,,,,,,,,,,,,,,,,,,,,,,,,,,,,,,
T038_W11,T038,11,Step1_Model1_EQB_CH2,Step2_Model1_EQB_CH1,Step3_Model1_EQA_CH2,Step4_Model2_EQC_CH2,Step5_Model1_EQA_CH2,Step6_Model2_EQA_CH3,Step7_Model1_EQA_CH4,Step8_Model3_EQB_CH2,Step9_Model3_EQA_CH3,Step10_Model1_EQA_CH1,Step11_Model2_EQA_CH3,Step12_Model1_EQC_CH2,Step13_Model2_EQB_CH4,Step14_Model2_EQC_CH4,Step15_Model3_EQC_CH3,Step16_Model1_EQB_CH3,Step17_Model2_EQC_CH4,Step18_Model1_EQC_CH4,Step19_Model1_EQA_CH3,Step20_Model1_EQB_CH2,Step21_Model2_EQC_CH3,Step22_Model2_EQA_CH3,Step23_Model1_EQB_CH2,Step24_Model3_EQB_CH3,Step25_Model1_EQB_CH3,Step26_Model3_EQA_CH1,Step27_Model1_EQC_CH3,Step28_Model3_EQC_CH3,Step29_Model2_EQC_CH1,Step30_Model2_EQC_CH4,,,,50.28029980001527,,63.00359753003559,,,,,,,,,31.807677844385505,,,,,35.53635063610754,,,,,,,,,52.574303493449136,,,,,,,,,,,,,,71.68712740335516,,,,,,,,,,,,,,,,,,,,,
T038_W12,T038,12,Step1_Model1_EQB_CH2,Step2_Model1_EQB_CH4,Step3_Model1_EQA_CH3,Step4_Model2_EQC_CH4,Step5_Model1_EQA_CH2,Step6_Model2_EQA_CH3,Step7_Model1_EQA_CH2,Step8_Model3_EQB_CH3,Step9_Model3_EQA_CH1,Step10_Model1_EQA_CH2,Step11_Model2_EQA_CH2,Step12_Model1_EQC_CH2,Step13_Model2_EQB_CH4,Step14_Model2_EQC_CH4,Step15_Model3_EQC_CH4,Step16_Model1_EQB_CH3,Step17_Model2_EQC_CH4,Step18_Model1_EQC_CH2,Step19_Model1_EQA_CH4,Step20_Model1_EQB_CH1,Step21_Model2_EQC_CH2,Step22_Model2_EQA_CH3,Step23_Model1_EQB_CH2,Step24_Model3_EQB_CH3,Step25_Model1_EQB_CH4,Step26_Model3_EQA_CH4,Step27_Model1_EQC_CH1,Step28_Model3_EQC_CH1,Step29_Model2_EQC_CH3,Step30_Model2_EQC_CH3,,,,,60.61587454968563,,,,,,,,,60.106771632300216,45.84698735212659,,,,,,38.959075299730245,,,,,,,,,,,,53.59443585246456,,,,61.86246867961502,,,,,,,,,40.647176555891285,57.72162189200693,,,,,,,,,,,,,,,,,
T038_W13,T038,13,Step1_Model1_EQB_CH1,Step2_Model1_EQB_CH2,Step3_Model1_EQA_CH4,Step4_Model2_EQC_CH3,Step5_Model1_EQA_CH2,Step6_Model2_EQA_CH3,Step7_Model1_EQA_CH2,Step8_Model3_EQB_CH4,Step9_Model3_EQA_CH2,Step10_Model1_EQA_CH3,Step11_Model2_EQA_CH1,Step12_Model1_EQC_CH4,Step13_Model2_EQB_CH4,Step14_Model2_EQC_CH4,Step15_Model3_EQC_CH2,Step16_Model1_EQB_CH2,Step17_Model2_EQC_CH1,Step18_Model1_EQC_CH3,Step19_Model1_EQA_CH1,Step20_Model1_EQB_CH3,Step21_Model2_EQC_CH1,Step22_Model2_EQA_CH1,Step23_Model1_EQB_CH3,Step24_Model3_EQB_CH2,Step25_Model1_EQB_CH1,Step26_Model3_EQA_CH2,Step27_Model1_EQC_CH4,Step28_Model3_EQC_CH1,Step29_Model2_EQC_CH4,Step30_Model2_EQC_CH2,,,,54.828850060876185,,,,,,,,,51.638155965440255,61.73816965928365,,,,,,35.00801580354321,,,,42.45699632031894,,,,,,,,,,,48.774559989986734,58.25128107,,,,,,,52.93141167006451,,,,,,,,,,12,,,,,,,,,,,
T038_W14,T038,14,Step1_Model1_EQB_CH1,Step2_Model1_EQB_CH2,Step3_Model1_EQA_CH1,Step4_Model2_EQC_CH4,Step5_Model1_EQA_CH1,Step6_Model2_EQA_CH3,Step7_Model1_EQA_CH2,Step8_Model3_EQB_CH4,Step9_Model3_EQA_CH3,Step10_Model1_EQA_CH4,Step11_Model2_EQA_CH3,Step12_Model1_EQC_CH4,Step13_Model2_EQB_CH4,Step14_Model2_EQC_CH3,Step15_Model3_EQC_CH1,Step16_Model1_EQB_CH2,Step17_Model2_EQC_CH3,Step18_Model1_EQC_CH3,Step19_Model1_EQA_CH2,Step20_Model1_EQB_CH3,Step21_Model2_EQC_CH4,Step22_Model2_EQA_CH3,Step23_Model1_EQB_CH3,Step24_Model3_EQB_CH3,Step25_Model1_EQB_CH2,Step26_Model3_EQA_CH1,Step27_Model1_EQC_CH2,Step28_Model3_EQC_CH1,Step29_Model2_EQC_CH3,Step30_Model2_EQC_CH3,,,40.86117512329866,,,,,,,,32.53539353244709,,,,,,,,,,,33.13676626992205,,49.68975444526879,,,,,,,,,,,,,,,,,,63.268378803219356,,,,,,,,,,,,,,,,,,,,,,
T038_W15,T038,15,Step1_Model1_EQB_CH1,Step2_Model1_EQB_CH1,Step3_Model1_EQA_CH2,Step4_Model2_EQC_CH4,Step5_Model1_EQA_CH1,Step6_Model2_EQA_CH1,Step7_Model1_EQA_CH2,Step8_Model3_EQB_CH1,Step9_Model3_EQA_CH4,Step10_Model1_EQA_CH3,Step11_Model2_EQA_CH3,Step12_Model1_EQC_CH4,Step13_Model2_EQB_CH1,Step14_Model2_EQC_CH1,Step15_Model3_EQC_CH2,Step16_Model1_EQB_CH4,Step17_Model2_EQC_CH3,Step18_Model1_EQC_CH3,Step19_Model1_EQA_CH3,Step20_Model1_EQB_CH2,Step21_Model2_EQC_CH4,Step22_Model2_EQA_CH4,Step23_Model1_EQB_CH4,Step24_Model3_EQB_CH4,Step25_Model1_EQB_CH2,Step26_Model3_EQA_CH4,Step27_Model1_EQC_CH2,Step28_Model3_EQC_CH3,Step29_Model2_EQC_CH1,Step30_Model2_EQC_CH2,,,,,,,,,,,,,,65.33647308301674,,,50.52984426528987,,,,,,,,,61.85616228191507,,,,42.126106240087694,,40.520394796453445,,,,,,,48.96715198479613,,,,,,,,,,,,,,11,,,,,,,,,,,
T038_W16,T038,16,Step1_Model1_EQB_CH2,Step2_Model1_EQB_CH1,Step3_Model1_EQA_CH3,Step4_Model2_EQC_CH4,Step5_Model1_EQA_CH1,Step6_Model2_EQA_CH3,Step7_Model1_EQA_CH4,Step8_Model3_EQB_CH2,Step9_Model3_EQA_CH4,Step10_Model1_EQA_CH2,Step11_Model2_EQA_CH3,Step12_Model1_EQC_CH1,Step13_Model2_EQB_CH3,Step14_Model2_EQC_CH1,Step15_Model3_EQC_CH3,Step16_Model1_EQB_CH2,Step17_Model2_EQC_CH4,Step18_Model1_EQC_CH4,Step19_Model1_EQA_CH1,Step20_Model1_EQB_CH1,Step21_Model2_EQC_CH3,Step22_Model2_EQA_CH4,Step23_Model1_EQB_CH3,Step24_Model3_EQB_CH1,Step25_Model1_EQB_CH3,Step26_Model3_EQA_CH4,Step27_Model1_EQC_CH4,Step28_Model3_EQC_CH4,Step29_Model2_EQC_CH3,Step30_Model2_EQC_CH2,39.53803104,,42.661231748762404,,,,,31.516169947033717,,,,,,,31.438250992922306,,,,55.44825713077444,,,,,,,,,,52.35439268987476,40.80771361376007,,,,,,,,37.171279329279265,,,57.96452412982601,,50.33824343026254,,,,,,,,,16,,,16,,,,,,,,,
T038_W17,T038,17,Step1_Model1_EQB_CH2,Step2_Model1_EQB_CH4,Step3_Model1_EQA_CH1,Step4_Model2_EQC_CH1,Step5_Model1_EQA_CH2,Step6_Model2_EQA_CH1,Step7_Model1_EQA_CH4,Step8_Model3_EQB_CH1,Step9_Model3_EQA_CH2,Step10_Model1_EQA_CH3,Step11_Model2_EQA_CH2,Step12_Model1_EQC_CH4,Step13_Model2_EQB_CH3,Step14_Model2_EQC_CH2,Step15_Model3_EQC_CH1,Step16_Model1_EQB_CH2,Step17_Model2_EQC_CH4,Step18_Model1_EQC_CH3,Step19_Model1_EQA_CH1,Step20_Model1_EQB_CH1,Step21_Model2_EQC_CH1,Step22_Model2_EQA_CH2,Step23_Model1_EQB_CH2,Step24_Model3_EQB_CH2,Step25_Model1_EQB_CH4,Step26_Model3_EQA_CH3,Step27_Model1_EQC_CH2,Step28_Model3_EQC_CH1,Step29_Model2_EQC_CH2,Step30_Model2_EQC_CH1,,,,,,,,,,,32.17678312953277,,,59.6464873,,,,,,,,,,,45.103343647216555,,,,,35.20907502637109,,,,,46.81683341227348,,60.24890899997911,,,,,,,,42.69988480893573,,56.59006083605862,40.10309249435121,,,,,,14,,,8,,,,,,,
T038_W18,T038,18,Step1_Model1_EQB_CH2,Step2_Model1_EQB_CH4,Step3_Model1_EQA_CH4,Step4_Model2_EQC_CH4,Step5_Model1_EQA_CH2,Step6_Model2_EQA_CH4,Step7_Model1_EQA_CH3,Step8_Model3_EQB_CH2,Step9_Model3_EQA_CH4,Step10_Model1_EQA_CH1,Step11_Model2_EQA_CH2,Step12_Model1_EQC_CH1,Step13_Model2_EQB_CH4,Step14_Model2_EQC_CH3,Step15_Model3_EQC_CH3,Step16_Model1_EQB_CH1,Step17_Model2_EQC_CH2,Step18_Model1_EQC_CH2,Step19_Model1_EQA_CH3,Step20_Model1_EQB_CH1,Step21_Model2_EQC_CH4,Step22_Model2_EQA_CH2,Step23_Model1_EQB_CH1,Step24_Model3_EQB_CH1,Step25_Model1_EQB_CH3,Step26_Model3_EQA_CH4,Step27_Model1_EQC_CH3,Step28_Model3_EQC_CH4,Step29_Model2_EQC_CH1,Step30_Model2_EQC_CH3,,,,,,,,39.17175617956259,54.67180412822972,,,,,,,,,,57.67632723938817,,43.963520020030266,44.41264654201733,,41.92426534491701,,,,,,,,,,,,,,,38.771455517885464,,,,61.24069694,,,41.36160886444382,,,,,,12,,,,,,,,,,,,
T038_W19,T038,19,Step1_Model1_EQB_CH1,Step2_Model1_EQB_CH4,Step3_Model1_EQA_CH1,Step4_Model2_EQC_CH4,Step5_Model1_EQA_CH4,Step6_Model2_EQA_CH4,Step7_Model1_EQA_CH4,Step8_Model3_EQB_CH3,Step9_Model3_EQA_CH2,Step10_Model1_EQA_CH1,Step11_Model2_EQA_CH3,Step12_Model1_EQC_CH2,Step13_Model2_EQB_CH2,Step14_Model2_EQC_CH3,Step15_Model3_EQC_CH2,Step16_Model1_EQB_CH1,Step17_Model2_EQC_CH1,Step18_Model1_EQC_CH2,Step19_Model1_EQA_CH1,Step20_Model1_EQB_CH2,Step21_Model2_EQC_CH1,Step22_Model2_EQA_CH4,Step23_Model1_EQB_CH3,Step24_Model3_EQB_CH2,Step25_Model1_EQB_CH1,Step26_Model3_EQA_CH1,Step27_Model1_EQC_CH1,Step28_Model3_EQC_CH2,Step29_Model2_EQC_CH4,Step30_Model2_EQC_CH1,,,,,,,,,,,,38.75653912909425,46.002779937105714,,42.05624950325408,,,,,,,44.74183506665265,,,,,,,,,,,,,,,,,41.95701600261518,,,60.84075061791278,64.17470614546308,,,36.30666474828977,,,,,,,,,,,,,,,,,,
T038_W20,T038,20,Step1_Model1_EQB_CH4,Step2_Model1_EQB_CH3,Step3_Model1_EQA_CH2,Step4_Model2_EQC_CH1,Step5_Model1_EQA_CH3,Step6_Model2_EQA_CH3,Step7_Model1_EQA_CH3,Step8_Model3_EQB_CH4,Step9_Model3_EQA_CH1,Step10_Model1_EQA_CH3,Step11_Model2_EQA_CH1,Step12_Model1_EQC_CH3,Step13_Model2_EQB_CH2,Step14_Model2_EQC_CH4,Step15_Model3_EQC_CH3,Step16_Model1_EQB_CH1,Step17_Model2_EQC_CH4,Step18_Model1_EQC_CH4,Step19_Model1_EQA_CH4,Step20_Model1_EQB_CH1,Step21_Model2_EQC_CH4,Step22_Model2_EQA_CH4,Step23_Model1_EQB_CH1,Step24_Model3_EQB_CH2,Step25_Model1_EQB_CH3,Step26_Model3_EQA_CH2,Step27_Model1_EQC_CH4,Step28_Model3_EQC_CH4,Step29_Model2_EQC_CH3,Step30_Model2_EQC_CH3,,,,,,,,,60.16004670465882,,,,,,35.39034896559973,,,,56.659254590098925,,,,60.03867944409103,,42.558537301411626,,51.75152087969075,,,,,,,,,60.690092728361996,,,,,44.67403278,,,,,,,,,,,,,,,,,,,,,,,
T038_W21,T038,21,Step1_Model1_EQB_CH4,Step2_Model1_EQB_CH1,Step3_Model1_EQA_CH3,Step4_Model2_EQC_CH4,Step5_Model1_EQA_CH1,Step6_Model2_EQA_CH4,Step7_Model1_EQA_CH1,Step8_Model3_EQB_CH3,Step9_Model3_EQA_CH1,Step10_Model1_EQA_CH2,Step11_Model2_EQA_CH4,Step12_Model1_EQC_CH3,Step13_Model2_EQB_CH4,Step14_Model2_EQC_CH3,Step15_Model3_EQC_CH4,Step16_Model1_EQB_CH1,Step17_Model2_EQC_CH3,Step18_Model1_EQC_CH4,Step19_Model1_EQA_CH2,Step20_Model1_EQB_CH4,Step21_Model2_EQC_CH4,Step22_Model2_EQA_CH1,Step23_Model1_EQB_CH1,Step24_Model3_EQB_CH4,Step25_Model1_EQB_CH1,Step26_Model3_EQA_CH3,Step27_Model1_EQC_CH2,Step28_Model3_EQC_CH2,Step29_Model2_EQC_CH2,Step30_Model2_EQC_CH4,,,,46.89925021774411,,,,33.74792019797158,58.90759329354839,,,,,,,,,,,,39.314825385473476,,61.90385538064795,,,,,56.728174408885266,,,,40.387706339502614,,,,,,,,,,,,,,,,,,14,,,,,,,,,,,,,,
T038_W22,T038,22,Step1_Model1_EQB_CH1,Step2_Model1_EQB_CH2,Step3_Model1_EQA_CH3,Step4_Model2_EQC_CH1,Step5_Model1_EQA_CH2,Step6_Model2_EQA_CH4,Step7_Model1_EQA_CH3,Step8_Model3_EQB_CH1,Step9_Model3_EQA_CH2,Step10_Model1_EQA_CH2,Step11_Model2_EQA_CH3,Step12_Model1_EQC_CH4,Step13_Model2_EQB_CH1,Step14_Model2_EQC_CH3,Step15_Model3_EQC_CH2,Step16_Model1_EQB_CH1,Step17_Model2_EQC_CH4,Step18_Model1_EQC_CH2,Step19_Model1_EQA_CH2,Step20_Model1_EQB_CH3,Step21_Model2_EQC_CH2,Step22_Model2_EQA_CH2,Step23_Model1_EQB_CH1,Step24_Model3_EQB_CH4,Step25_Model1_EQB_CH1,Step26_Model3_EQA_CH3,Step27_Model1_EQC_CH4,Step28_Model3_EQC_CH1,Step29_Model2_EQC_CH2,Step30_Model2_EQC_CH3,,,,,,61.55948931599811,43.636202830704775,,,,,,,,,,,,,,,,,,,,,,,,,,,,,,,,,,,57.95832618342731,,39.23398888594706,,,,,,,,,,,,,,,,,,,,
T038_W23,T038,23,Step1_Model1_EQB_CH1,Step2_Model1_EQB_CH1,Step3_Model1_EQA_CH4,Step4_Model2_EQC_CH4,Step5_Model1_EQA_CH1,Step6_Model2_EQA_CH3,Step7_Model1_EQA_CH1,Step8_Model3_EQB_CH4,Step9_Model3_EQA_CH1,Step10_Model1_EQA_CH1,Step11_Model2_EQA_CH3,Step12_Model1_EQC_CH2,Step13_Model2_EQB_CH4,Step14_Model2_EQC_CH3,Step15_Model3_EQC_CH1,Step16_Model1_EQB_CH1,Step17_Model2_EQC_CH2,Step18_Model1_EQC_CH4,Step19_Model1_EQA_CH1,Step20_Model1_EQB_CH4,Step21_Model2_EQC_CH1,Step22_Model2_EQA_CH1,Step23_Model1_EQB_CH2,Step24_Model3_EQB_CH4,Step25_Model1_EQB_CH2,Step26_Model3_EQA_CH1,Step27_Model1_EQC_CH3,Step28_Model3_EQC_CH4,Step29_Model2_EQC_CH3,Step30_Model2_EQC_CH1,,,,,61.25038617659066,,,,,,,,,,39.01267884,,,,,,,,,44.40918588929344,,,,,,26.29117724231943,48.325196729309404,38.84195032403886,,,,,,,,,,,,,51.63748119867025,,,,,,,,,,,,,,,,,,,
T038_W24,T038,24,Step1_Model1_EQB_CH1,Step2_Model1_EQB_CH2,Step3_Model1_EQA_CH2,Step4_Model2_EQC_CH1,Step5_Model1_EQA_CH2,Step6_Model2_EQA_CH3,Step7_Model1_EQA_CH4,Step8_Model3_EQB_CH3,Step9_Model3_EQA_CH2,Step10_Model1_EQA_CH3,Step11_Model2_EQA_CH1,Step12_Model1_EQC_CH4,Step13_Model2_EQB_CH4,Step14_Model2_EQC_CH1,Step15_Model3_EQC_CH3,Step16_Model1_EQB_CH2,Step17_Model2_EQC_CH3,Step18_Model1_EQC_CH4,Step19_Model1_EQA_CH2,Step20_Model1_EQB_CH4,Step21_Model2_EQC_CH4,Step22_Model2_EQA_CH2,Step23_Model1_EQB_CH3,Step24_Model3_EQB_CH2,Step25_Model1_EQB_CH4,Step26_Model3_EQA_CH4,Step27_Model1_EQC_CH1,Step28_Model3_EQC_CH2,Step29_Model2_EQC_CH1,Step30_Model2_EQC_CH2,,,,,,,,,51.23659585845582,,,,,46.35658136532115,,,,35.21072079731761,,,38.188683679137114,,,49.056674392593685,,,,,,,34.37395439242389,,,,,,,35.55141523860662,43.291624141110034,44.047227160732135,,,56.29669353695875,,,,,,3,,12,,,,,,,,,,,,,
T038_W25,T038,25,Step1_Model1_EQB_CH3,Step2_Model1_EQB_CH4,Step3_Model1_EQA_CH4,Step4_Model2_EQC_CH1,Step5_Model1_EQA_CH4,Step6_Model2_EQA_CH2,Step7_Model1_EQA_CH3,Step8_Model3_EQB_CH4,Step9_Model3_EQA_CH3,Step10_Model1_EQA_CH4,Step11_Model2_EQA_CH2,Step12_Model1_EQC_CH1,Step13_Model2_EQB_CH1,Step14_Model2_EQC_CH3,Step15_Model3_EQC_CH4,Step16_Model1_EQB_CH4,Step17_Model2_EQC_CH2,Step18_Model1_EQC_CH2,Step19_Model1_EQA_CH4,Step20_Model1_EQB_CH2,Step21_Model2_EQC_CH1,Step22_Model2_EQA_CH3,Step23_Model1_EQB_CH2,Step24_Model3_EQB_CH3,Step25_Model1_EQB_CH2,Step26_Model3_EQA_CH3,Step27_Model1_EQC_CH4,Step28_Model3_EQC_CH3,Step29_Model2_EQC_CH4,Step30_Model2_EQC_CH1,,,,51.11672194251586,,64.32577765720063,39.58544273,,,,,43.119234892889324,,,44.74959806223583,,,,,,,,,,,,,,47.24573320099002,,,,,,,,,,,,,,,,,,57.65258674451736,46.851713941218726,,,,,,,,,,,,,,,,
T039_W01,T039,1,Step1_Model1_EQC_CH2,Step2_Model2_EQA_CH4,Step3_Model1_EQB_CH4,Step4_Model1_EQB_CH3,Step5_Model3_EQC_CH2,Step6_Model1_EQA_CH3,Step7_Model3_EQA_CH4,Step8_Model2_EQA_CH4,Step9_Model1_EQA_CH2,Step10_Model2_EQB_CH1,Step11_Model2_EQA_CH4,Step12_Model2_EQC_CH2,Step13_Model1_EQA_CH2,Step14_Model3_EQA_CH3,Step15_Model3_EQC_CH3,Step16_Model3_EQC_CH4,Step17_Model3_EQB_CH1,Step18_Model3_EQC_CH3,Step19_Model2_EQC_CH4,Step20_Model3_EQB_CH3,Step21_Model1_EQA_CH4,Step22_Model3_EQA_CH3,Step23_Model2_EQC_CH1,Step24_Model1_EQC_CH2,Step25_Model3_EQC_CH4,Step26_Model2_EQA_CH4,Step27_Model1_EQB_CH4,Step28_Model2_EQC_CH3,Step29_Model1_EQB_CH1,Step30_Model1_EQC_CH2,,,,,,,39.159474829859455,,,,,44.88107366437627,,,41.678784811626976,,,,,,,37.65295993184685,62.26704596909944,44.54045436482698,47.878308504738115,,,61.67467472108388,,,,39.651992416104086,,,,,,39.424680662606356,,,,,,,42.50329460767489,,,54.64489238230615,,,,,,,,,,,,,,,,
T039_W02,T039,2,Step1_Model1_EQC_CH2,Step2_Model2_EQA_CH2,Step3_Model1_EQB_CH3,Step4_Model1_EQB_CH1,Step5_Model3_EQC_CH3,Step6_Model1_EQA_CH1,Step7_Model3_EQA_CH3,Step8_Model2_EQA_CH2,Step9_Model1_EQA_CH1,Step10_Model2_EQB_CH3,Step11_Model2_EQA_CH3,Step12_Model2_EQC_CH4,Step13_Model1_EQA_CH2,Step14_Model3_EQA_CH1,Step15_Model3_EQC_CH2,Step16_Model3_EQC_CH3,Step17_Model3_EQB_CH2,Step18_Model3_EQC_CH1,Step19_Model2_EQC_CH3,Step20_Model3_EQB_CH2,Step21_Model1_EQA_CH4,Step22_Model3_EQA_CH2,Step23_Model2_EQC_CH3,Step24_Model1_EQC_CH3,Step25_Model3_EQC_CH2,Step26_Model2_EQA_CH4,Step27_Model1_EQB_CH4,Step28_Model2_EQC_CH4,Step29_Model1_EQB_CH4,Step30_Model1_EQC_CH4,,,45.282694773018356,,,,,,,,,,,,,,,31.505053251391793,,,,,57.28657327,46.66362045114043,,59.55240709306658,,,,,,,,,,,56.45887271,,44.45984413954809,,,,,,,,,,,,,,,,,,,,,,,,,
T039_W03,T039,3,Step1_Model1_EQC_CH3,Step2_Model2_EQA_CH2,Step3_Model1_EQB_CH4,Step4_Model1_EQB_CH4,Step5_Model3_EQC_CH3,Step6_Model1_EQA_CH1,Step7_Model3_EQA_CH1,Step8_Model2_EQA_CH4,Step9_Model1_EQA_CH1,Step10_Model2_EQB_CH4,Step11_Model2_EQA_CH1,Step12_Model2_EQC_CH2,Step13_Model1_EQA_CH2,Step14_Model3_EQA_CH2,Step15_Model3_EQC_CH1,Step16_Model3_EQC_CH2,Step17_Model3_EQB_CH2,Step18_Model3_EQC_CH4,Step19_Model2_EQC_CH2,Step20_Model3_EQB_CH4,Step21_Model1_EQA_CH4,Step22_Model3_EQA_CH4,Step23_Model2_EQC_CH3,Step24_Model1_EQC_CH2,Step25_Model3_EQC_CH3,Step26_Model2_EQA_CH2,Step27_Model1_EQB_CH4,Step28_Model2_EQC_CH3,Step29_Model1_EQB_CH1,Step30_Model1_EQC_CH4,,31.74424760851358,,,,,,,,,,,,,,,,,,,,,,,,,,,,,,,,65.42634693599823,,,,,,35.61370908083495,56.43685922831827,,,,,,,,,,,,,,,,,,,,,,,
T039_W04,T039,4,Step1_Model1_EQC_CH3,Step2_Model2_EQA_CH3,Step3_Model1_EQB_CH4,Step4_Model1_EQB_CH4,Step5_Model3_EQC_CH4,Step6_Model1_EQA_CH2,Step7_Model3_EQA_CH2,Step8_Model2_EQA_CH3,Step9_Model1_EQA_CH1,Step10_Model2_EQB_CH2,Step11_Model2_EQA_CH2,Step12_Model2_EQC_CH2,Step13_Model1_EQA_CH1,Step14_Model3_EQA_CH4,Step15_Model3_EQC_CH4,Step16_Model3_EQC_CH2,Step17_Model3_EQB_CH3,Step18_Model3_EQC_CH3,Step19_Model2_EQC_CH4,Step20_Model3_EQB_CH4,Step21_Model1_EQA_CH1,Step22_Model3_EQA_CH4,Step23_Model2_EQC_CH1,Step24_Model1_EQC_CH3,Step25_Model3_EQC_CH2,Step26_Model2_EQA_CH3,Step27_Model1_EQB_CH2,Step28_Model2_EQC_CH3,Step29_Model1_EQB_CH1,Step30_Model1_EQC_CH2,39.67138424455183,,47.05746728677762,,,,,,,,,,,,40.97301435444723,,,,60.977996472237585,,,,,,,,39.74049693651821,,42.19270578857348,,,,,65.40968612322737,53.62140799502469,,,,,,,56.02201162080465,,,,,,,,,,,,,,,,,,,,,,
T039_W05,T039,5,Step1_Model1_EQC_CH1,Step2_Model2_EQA_CH2,Step3_Model1_EQB_CH3,Step4_Model1_EQB_CH1,Step5_Model3_EQC_CH1,Step6_Model1_EQA_CH3,Step7_Model3_EQA_CH1,Step8_Model2_EQA_CH4,Step9_Model1_EQA_CH1,Step10_Model2_EQB_CH4,Step11_Model2_EQA_CH2,Step12_Model2_EQC_CH3,Step13_Model1_EQA_CH4,Step14_Model3_EQA_CH4,Step15_Model3_EQC_CH3,Step16_Model3_EQC_CH2,Step17_Model3_EQB_CH1,Step18_Model3_EQC_CH2,Step19_Model2_EQC_CH1,Step20_Model3_EQB_CH4,Step21_Model1_EQA_CH2,Step22_Model3_EQA_CH3,Step23_Model2_EQC_CH1,Step24_Model1_EQC_CH3,Step25_Model3_EQC_CH2,Step26_Model2_EQA_CH3,Step27_Model1_EQB_CH1,Step28_Model2_EQC_CH4,Step29_Model1_EQB_CH3,Step30_Model1_EQC_CH2,,,,,,,,,54.72515228249547,,,43.20750684,,,39.50981644,65.61086835969583,,,,,,,,47.16598278045274,,,,,,,,,,,,60.59144728363521,,,,,,,,,49.279875784930525,,,,,,,,,,8,,,,,,,,,
T039_W06,T039,6,Step1_Model1_EQC_CH3,Step2_Model2_EQA_CH3,Step3_Model1_EQB_CH4,Step4_Model1_EQB_CH2,Step5_Model3_EQC_CH1,Step6_Model1_EQA_CH3,Step7_Model3_EQA_CH1,Step8_Model2_EQA_CH1,Step9_Model1_EQA_CH2,Step10_Model2_EQB_CH4,Step11_Model2_EQA_CH1,Step12_Model2_EQC_CH1,Step13_Model1_EQA_CH1,Step14_Model3_EQA_CH2,Step15_Model3_EQC_CH2,Step16_Model3_EQC_CH1,Step17_Model3_EQB_CH1,Step18_Model3_EQC_CH2,Step19_Model2_EQC_CH1,Step20_Model3_EQB_CH3,Step21_Model1_EQA_CH4,Step22_Model3_EQA_CH1,Step23_Model2_EQC_CH1,Step24_Model1_EQC_CH3,Step25_Model3_EQC_CH3,Step26_Model2_EQA_CH1,Step27_Model1_EQB_CH2,Step28_Model2_EQC_CH4,Step29_Model1_EQB_CH3,Step30_Model1_EQC_CH3,,,42.05912593,,,,,,50.394100673827275,,,,,64.06522574,,,,,,32.24391662094751,,,,,,,,,,33.03135166141528,,,,,,,,,,,,,,,,,,,,,,,,,,,,,,,,,,
T039_W07,T039,7,Step1_Model1_EQC_CH1,Step2_Model2_EQA_CH4,Step3_Model1_EQB_CH3,Step4_Model1_EQB_CH3,Step5_Model3_EQC_CH2,Step6_Model1_EQA_CH1,Step7_Model3_EQA_CH1,Step8_Model2_EQA_CH4,Step9_Model1_EQA_CH1,Step10_Model2_EQB_CH2,Step11_Model2_EQA_CH4,Step12_Model2_EQC_CH4,Step13_Model1_EQA_CH4,Step14_Model3_EQA_CH3,Step15_Model3_EQC_CH4,Step16_Model3_EQC_CH1,Step17_Model3_EQB_CH1,Step18_Model3_EQC_CH4,Step19_Model2_EQC_CH2,Step20_Model3_EQB_CH3,Step21_Model1_EQA_CH3,Step22_Model3_EQA_CH3,Step23_Model2_EQC_CH2,Step24_Model1_EQC_CH1,Step25_Model3_EQC_CH1,Step26_Model2_EQA_CH3,Step27_Model1_EQB_CH4,Step28_Model2_EQC_CH1,Step29_Model1_EQB_CH1,Step30_Model1_EQC_CH3,,,,,,,,34.40791544099256,57.17056238709366,,,,43.57792825086944,,,,,,67.530678,,,,,,,,48.29687547,,,,,,,,,,,,,,,,,,,,,,,,,,,,,,,,,,,,,
T039_W08,T039,8,Step1_Model1_EQC_CH1,Step2_Model2_EQA_CH3,Step3_Model1_EQB_CH4,Step4_Model1_EQB_CH3,Step5_Model3_EQC_CH1,Step6_Model1_EQA_CH2,Step7_Model3_EQA_CH1,Step8_Model2_EQA_CH3,Step9_Model1_EQA_CH2,Step10_Model2_EQB_CH2,Step11_Model2_EQA_CH1,Step12_Model2_EQC_CH2,Step13_Model1_EQA_CH2,Step14_Model3_EQA_CH1,Step15_Model3_EQC_CH1,Step16_Model3_EQC_CH3,Step17_Model3_EQB_CH1,Step18_Model3_EQC_CH4,Step19_Model2_EQC_CH3,Step20_Model3_EQB_CH3,Step21_Model1_EQA_CH2,Step22_Model3_EQA_CH3,Step23_Model2_EQC_CH2,Step24_Model1_EQC_CH3,Step25_Model3_EQC_CH3,Step26_Model2_EQA_CH2,Step27_Model1_EQB_CH2,Step28_Model2_EQC_CH4,Step29_Model1_EQB_CH1,Step30_Model1_EQC_CH2,,,,,,,,,,,,,41.01073916805955,,,,,,,,,,,,,,,55.35891336450518,,,36.988707495112585,42.349666609380876,,,47.870237215465266,,48.977270377266485,,,,,,,,,,61.26865697324924,,,,,,,,,,,,,,,,,
T039_W09,T039,9,Step1_Model1_EQC_CH4,Step2_Model2_EQA_CH1,Step3_Model1_EQB_CH4,Step4_Model1_EQB_CH2,Step5_Model3_EQC_CH4,Step6_Model1_EQA_CH1,Step7_Model3_EQA_CH1,Step8_Model2_EQA_CH3,Step9_Model1_EQA_CH4,Step10_Model2_EQB_CH1,Step11_Model2_EQA_CH1,Step12_Model2_EQC_CH4,Step13_Model1_EQA_CH3,Step14_Model3_EQA_CH3,Step15_Model3_EQC_CH3,Step16_Model3_EQC_CH3,Step17_Model3_EQB_CH3,Step18_Model3_EQC_CH4,Step19_Model2_EQC_CH3,Step20_Model3_EQB_CH1,Step21_Model1_EQA_CH3,Step22_Model3_EQA_CH3,Step23_Model2_EQC_CH1,Step24_Model1_EQC_CH1,Step25_Model3_EQC_CH2,Step26_Model2_EQA_CH4,Step27_Model1_EQB_CH2,Step28_Model2_EQC_CH1,Step29_Model1_EQB_CH2,Step30_Model1_EQC_CH4,43.24545841370879,,,,,,,,,,,,44.49543595488699,,37.00568769665662,,,,60.03903784686756,,,,,,,,,,,,,,,,,,,,,,50.16919813411078,57.31962997921162,,,,37.50725064391001,,,,,,,,,,,,,,,,,,
T039_W10,T039,10,Step1_Model1_EQC_CH3,Step2_Model2_EQA_CH1,Step3_Model1_EQB_CH4,Step4_Model1_EQB_CH1,Step5_Model3_EQC_CH3,Step6_Model1_EQA_CH2,Step7_Model3_EQA_CH2,Step8_Model2_EQA_CH2,Step9_Model1_EQA_CH3,Step10_Model2_EQB_CH1,Step11_Model2_EQA_CH2,Step12_Model2_EQC_CH4,Step13_Model1_EQA_CH3,Step14_Model3_EQA_CH3,Step15_Model3_EQC_CH1,Step16_Model3_EQC_CH4,Step17_Model3_EQB_CH2,Step18_Model3_EQC_CH1,Step19_Model2_EQC_CH4,Step20_Model3_EQB_CH4,Step21_Model1_EQA_CH1,Step22_Model3_EQA_CH3,Step23_Model2_EQC_CH4,Step24_Model1_EQC_CH1,Step25_Model3_EQC_CH3,Step26_Model2_EQA_CH2,Step27_Model1_EQB_CH3,Step28_Model2_EQC_CH1,Step29_Model1_EQB_CH2,Step30_Model1_EQC_CH4,,,,,,,,,,55.98274257878814,34.75143821759404,,42.47736391823795,,39.57371293499103,,,,62.12781688485133,,,,66.67502746214747,,,,,,,,,,,,,,,,,,,,,,54.52237523,,,,,,,,,,,,,,,,,,,
T039_W11,T039,11,Step1_Model1_EQC_CH1,Step2_Model2_EQA_CH3,Step3_Model1_EQB_CH4,Step4_Model1_EQB_CH3,Step5_Model3_EQC_CH1,Step6_Model1_EQA_CH4,Step7_Model3_EQA_CH4,Step8_Model2_EQA_CH2,Step9_Model1_EQA_CH1,Step10_Model2_EQB_CH4,Step11_Model2_EQA_CH4,Step12_Model2_EQC_CH3,Step13_Model1_EQA_CH2,Step14_Model3_EQA_CH2,Step15_Model3_EQC_CH1,Step16_Model3_EQC_CH4,Step17_Model3_EQB_CH1,Step18_Model3_EQC_CH1,Step19_Model2_EQC_CH2,Step20_Model3_EQB_CH4,Step21_Model1_EQA_CH3,Step22_Model3_EQA_CH2,Step23_Model2_EQC_CH3,Step24_Model1_EQC_CH4,Step25_Model3_EQC_CH1,Step26_Model2_EQA_CH1,Step27_Model1_EQB_CH2,Step28_Model2_EQC_CH4,Step29_Model1_EQB_CH2,Step30_Model1_EQC_CH3,,,,,,,,,,,,,,,40.055639642124355,63.72541690418286,,,,,,,,,,,,,,43.29521601479439,45.883461558053554,,,,,,,,,,,,,,,,58.642010561805954,,,14,,11,,,,,,,,,,,,
T039_W12,T039,12,Step1_Model1_EQC_CH1,Step2_Model2_EQA_CH1,Step3_Model1_EQB_CH4,Step4_Model1_EQB_CH2,Step5_Model3_EQC_CH2,Step6_Model1_EQA_CH3,Step7_Model3_EQA_CH4,Step8_Model2_EQA_CH4,Step9_Model1_EQA_CH4,Step10_Model2_EQB_CH3,Step11_Model2_EQA_CH2,Step12_Model2_EQC_CH3,Step13_Model1_EQA_CH1,Step14_Model3_EQA_CH2,Step15_Model3_EQC_CH1,Step16_Model3_EQC_CH2,Step17_Model3_EQB_CH2,Step18_Model3_EQC_CH4,Step19_Model2_EQC_CH4,Step20_Model3_EQB_CH2,Step21_Model1_EQA_CH1,Step22_Model3_EQA_CH3,Step23_Model2_EQC_CH2,Step24_Model1_EQC_CH2,Step25_Model3_EQC_CH2,Step26_Model2_EQA_CH3,Step27_Model1_EQB_CH4,Step28_Model2_EQC_CH2,Step29_Model1_EQB_CH3,Step30_Model1_EQC_CH3,,,,48.50183282937992,,,,,,,,41.14487325038129,,52.42792378377777,,,,,55.96259609246727,,,,,,,,,,45.48327565682291,37.891465356653605,,,,,50.96423999,,54.18780017211556,,,43.883489821140884,55.891072756915186,,,,,,,,,13,15,,,,,,,,,,,,,
T039_W13,T039,13,Step1_Model1_EQC_CH4,Step2_Model2_EQA_CH1,Step3_Model1_EQB_CH3,Step4_Model1_EQB_CH3,Step5_Model3_EQC_CH4,Step6_Model1_EQA_CH4,Step7_Model3_EQA_CH4,Step8_Model2_EQA_CH3,Step9_Model1_EQA_CH2,Step10_Model2_EQB_CH3,Step11_Model2_EQA_CH3,Step12_Model2_EQC_CH3,Step13_Model1_EQA_CH3,Step14_Model3_EQA_CH4,Step15_Model3_EQC_CH2,Step16_Model3_EQC_CH4,Step17_Model3_EQB_CH2,Step18_Model3_EQC_CH2,Step19_Model2_EQC_CH3,Step20_Model3_EQB_CH1,Step21_Model1_EQA_CH3,Step22_Model3_EQA_CH4,Step23_Model2_EQC_CH2,Step24_Model1_EQC_CH3,Step25_Model3_EQC_CH1,Step26_Model2_EQA_CH2,Step27_Model1_EQB_CH1,Step28_Model2_EQC_CH1,Step29_Model1_EQB_CH3,Step30_Model1_EQC_CH4,,,,51.38563849253513,,,,,,,,,,,,,46.39135695448947,,,,,,,,35.98188981915569,,,,,,,,,,,,,,,,,,,41.39646207144837,,,,,,,,,,,,,,,,,,,,
T039_W14,T039,14,Step1_Model1_EQC_CH2,Step2_Model2_EQA_CH4,Step3_Model1_EQB_CH2,Step4_Model1_EQB_CH2,Step5_Model3_EQC_CH1,Step6_Model1_EQA_CH4,Step7_Model3_EQA_CH4,Step8_Model2_EQA_CH3,Step9_Model1_EQA_CH3,Step10_Model2_EQB_CH3,Step11_Model2_EQA_CH3,Step12_Model2_EQC_CH4,Step13_Model1_EQA_CH1,Step14_Model3_EQA_CH2,Step15_Model3_EQC_CH2,Step16_Model3_EQC_CH3,Step17_Model3_EQB_CH3,Step18_Model3_EQC_CH2,Step19_Model2_EQC_CH4,Step20_Model3_EQB_CH1,Step21_Model1_EQA_CH2,Step22_Model3_EQA_CH1,Step23_Model2_EQC_CH3,Step24_Model1_EQC_CH3,Step25_Model3_EQC_CH3,Step26_Model2_EQA_CH4,Step27_Model1_EQB_CH4,Step28_Model2_EQC_CH2,Step29_Model1_EQB_CH2,Step30_Model1_EQC_CH4,,,,,,54.358679950288064,,,,,,,,,,65.3522816,,,,,,,,,,,,,,,,,,,,,,,,,,58.67753586612351,58.098761546090714,,46.831668235495314,,,,,,,,,,,,,,,,,,,
T039_W15,T039,15,Step1_Model1_EQC_CH3,Step2_Model2_EQA_CH2,Step3_Model1_EQB_CH3,Step4_Model1_EQB_CH1,Step5_Model3_EQC_CH3,Step6_Model1_EQA_CH3,Step7_Model3_EQA_CH3,Step8_Model2_EQA_CH4,Step9_Model1_EQA_CH2,Step10_Model2_EQB_CH4,Step11_Model2_EQA_CH2,Step12_Model2_EQC_CH3,Step13_Model1_EQA_CH2,Step14_Model3_EQA_CH1,Step15_Model3_EQC_CH2,Step16_Model3_EQC_CH2,Step17_Model3_EQB_CH1,Step18_Model3_EQC_CH1,Step19_Model2_EQC_CH1,Step20_Model3_EQB_CH3,Step21_Model1_EQA_CH2,Step22_Model3_EQA_CH3,Step23_Model2_EQC_CH1,Step24_Model1_EQC_CH4,Step25_Model3_EQC_CH2,Step26_Model2_EQA_CH4,Step27_Model1_EQB_CH2,Step28_Model2_EQC_CH3,Step29_Model1_EQB_CH4,Step30_Model1_EQC_CH2,,,,,61.974177334037606,,,,,,26.515159814900866,,,,,,,,,,41.02721979506781,,,,,,,,,,,,59.00309601404284,,,,,,,,,,,,,,,,,,,,,,,,,,,,,,,
T039_W16,T039,16,Step1_Model1_EQC_CH3,Step2_Model2_EQA_CH2,Step3_Model1_EQB_CH2,Step4_Model1_EQB_CH3,Step5_Model3_EQC_CH4,Step6_Model1_EQA_CH4,Step7_Model3_EQA_CH2,Step8_Model2_EQA_CH3,Step9_Model1_EQA_CH1,Step10_Model2_EQB_CH1,Step11_Model2_EQA_CH2,Step12_Model2_EQC_CH4,Step13_Model1_EQA_CH4,Step14_Model3_EQA_CH4,Step15_Model3_EQC_CH1,Step16_Model3_EQC_CH4,Step17_Model3_EQB_CH2,Step18_Model3_EQC_CH1,Step19_Model2_EQC_CH2,Step20_Model3_EQB_CH2,Step21_Model1_EQA_CH1,Step22_Model3_EQA_CH1,Step23_Model2_EQC_CH3,Step24_Model1_EQC_CH3,Step25_Model3_EQC_CH4,Step26_Model2_EQA_CH2,Step27_Model1_EQB_CH3,Step28_Model2_EQC_CH3,Step29_Model1_EQB_CH4,Step30_Model1_EQC_CH1,,,31.246084805244546,,,,,,,,,,,,,,,,,,,,,,,,,,44.29792939778701,,,,,,46.849558106094705,,,,40.031355720628646,,,,,39.58963269718579,,,,48.19416975073979,,,7,,,,,,,,,,,,,
T039_W17,T039,17,Step1_Model1_EQC_CH2,Step2_Model2_EQA_CH2,Step3_Model1_EQB_CH4,Step4_Model1_EQB_CH2,Step5_Model3_EQC_CH3,Step6_Model1_EQA_CH2,Step7_Model3_EQA_CH3,Step8_Model2_EQA_CH4,Step9_Model1_EQA_CH1,Step10_Model2_EQB_CH4,Step11_Model2_EQA_CH3,Step12_Model2_EQC_CH2,Step13_Model1_EQA_CH4,Step14_Model3_EQA_CH4,Step15_Model3_EQC_CH2,Step16_Model3_EQC_CH3,Step17_Model3_EQB_CH4,Step18_Model3_EQC_CH1,Step19_Model2_EQC_CH4,Step20_Model3_EQB_CH2,Step21_Model1_EQA_CH3,Step22_Model3_EQA_CH1,Step23_Model2_EQC_CH3,Step24_Model1_EQC_CH2,Step25_Model3_EQC_CH4,Step26_Model2_EQA_CH4,Step27_Model1_EQB_CH3,Step28_Model2_EQC_CH3,Step29_Model1_EQB_CH1,Step30_Model1_EQC_CH3,,,,,,,50.56990285763634,,,61.09046101971402,,44.29332722400968,,,39.961053957345484,,,,,,43.43433635223727,,,52.51046663079523,,,,54.25863811990987,,35.20970784844585,,46.20019950765769,,68.81008806,,,,,,,,58.56360224111407,,,,,,44.17504199187461,,,,,,,,,,4,,,,,,
T039_W18,T039,18,Step1_Model1_EQC_CH2,Step2_Model2_EQA_CH4,Step3_Model1_EQB_CH4,Step4_Model1_EQB_CH1,Step5_Model3_EQC_CH4,Step6_Model1_EQA_CH1,Step7_Model3_EQA_CH3,Step8_Model2_EQA_CH1,Step9_Model1_EQA_CH3,Step10_Model2_EQB_CH1,Step11_Model2_EQA_CH4,Step12_Model2_EQC_CH3,Step13_Model1_EQA_CH3,Step14_Model3_EQA_CH3,Step15_Model3_EQC_CH2,Step16_Model3_EQC_CH4,Step17_Model3_EQB_CH2,Step18_Model3_EQC_CH4,Step19_Model2_EQC_CH4,Step20_Model3_EQB_CH3,Step21_Model1_EQA_CH3,Step22_Model3_EQA_CH1,Step23_Model2_EQC_CH3,Step24_Model1_EQC_CH4,Step25_Model3_EQC_CH4,Step26_Model2_EQA_CH3,Step27_Model1_EQB_CH3,Step28_Model2_EQC_CH3,Step29_Model1_EQB_CH1,Step30_Model1_EQC_CH4,,,,,,,,,,,,,39.449316823878576,,,,47.95854700437816,,,,41.442389768343816,,,39.54752947,,60.320415829817065,57.20351851462552,,,,,,,59.18625248280757,,63.294276507374526,,,,,60.191342719772564,,,,,,,,,,,,,10,,,,,,,,,,
T039_W19,T039,19,Step1_Model1_EQC_CH3,Step2_Model2_EQA_CH4,Step3_Model1_EQB_CH3,Step4_Model1_EQB_CH3,Step5_Model3_EQC_CH4,Step6_Model1_EQA_CH2,Step7_Model3_EQA_CH3,Step8_Model2_EQA_CH1,Step9_Model1_EQA_CH1,Step10_Model2_EQB_CH2,Step11_Model2_EQA_CH4,Step12_Model2_EQC_CH1,Step13_Model1_EQA_CH1,Step14_Model3_EQA_CH4,Step15_Model3_EQC_CH1,Step16_Model3_EQC_CH4,Step17_Model3_EQB_CH3,Step18_Model3_EQC_CH1,Step19_Model2_EQC_CH3,Step20_Model3_EQB_CH2,Step21_Model1_EQA_CH4,Step22_Model3_EQA_CH3,Step23_Model2_EQC_CH4,Step24_Model1_EQC_CH2,Step25_Model3_EQC_CH3,Step26_Model2_EQA_CH2,Step27_Model1_EQB_CH3,Step28_Model2_EQC_CH1,Step29_Model1_EQB_CH2,Step30_Model1_EQC_CH2,,32.306875986221186,,,,,,37.39334747191827,,,42.49005640525835,,,,,,,,59.488711312228574,,,,65.81083285594686,,,,,,,,47.43419539541613,,,,,,,,,,,,,37.83785340318418,,,,,,,,,,,,,,,,,,,,
T039_W20,T039,20,Step1_Model1_EQC_CH3,Step2_Model2_EQA_CH1,Step3_Model1_EQB_CH2,Step4_Model1_EQB_CH3,Step5_Model3_EQC_CH3,Step6_Model1_EQA_CH2,Step7_Model3_EQA_CH2,Step8_Model2_EQA_CH2,Step9_Model1_EQA_CH3,Step10_Model2_EQB_CH2,Step11_Model2_EQA_CH2,Step12_Model2_EQC_CH3,Step13_Model1_EQA_CH2,Step14_Model3_EQA_CH1,Step15_Model3_EQC_CH3,Step16_Model3_EQC_CH3,Step17_Model3_EQB_CH3,Step18_Model3_EQC_CH4,Step19_Model2_EQC_CH2,Step20_Model3_EQB_CH2,Step21_Model1_EQA_CH2,Step22_Model3_EQA_CH1,Step23_Model2_EQC_CH1,Step24_Model1_EQC_CH2,Step25_Model3_EQC_CH4,Step26_Model2_EQA_CH2,Step27_Model1_EQB_CH4,Step28_Model2_EQC_CH4,Step29_Model1_EQB_CH4,Step30_Model1_EQC_CH1,,,,,,,,,,55.82202342081481,,,,,44.6090905,57.09899165973602,,,,,44.247401852135724,40.88879340534005,58.25227166634667,46.29787717632762,41.718793191315136,,,,,,,,,,,,,,,,,,,,,,,,,,,,,,,,,,,,,,,
T039_W21,T039,21,Step1_Model1_EQC_CH4,Step2_Model2_EQA_CH1,Step3_Model1_EQB_CH2,Step4_Model1_EQB_CH1,Step5_Model3_EQC_CH4,Step6_Model1_EQA_CH3,Step7_Model3_EQA_CH4,Step8_Model2_EQA_CH2,Step9_Model1_EQA_CH1,Step10_Model2_EQB_CH1,Step11_Model2_EQA_CH2,Step12_Model2_EQC_CH1,Step13_Model1_EQA_CH1,Step14_Model3_EQA_CH2,Step15_Model3_EQC_CH1,Step16_Model3_EQC_CH3,Step17_Model3_EQB_CH3,Step18_Model3_EQC_CH2,Step19_Model2_EQC_CH3,Step20_Model3_EQB_CH1,Step21_Model1_EQA_CH4,Step22_Model3_EQA_CH1,Step23_Model2_EQC_CH2,Step24_Model1_EQC_CH3,Step25_Model3_EQC_CH1,Step26_Model2_EQA_CH3,Step27_Model1_EQB_CH3,Step28_Model2_EQC_CH2,Step29_Model1_EQB_CH4,Step30_Model1_EQC_CH2,,,,,,,,,,51.86950697264779,,,41.48141975546071,,,,,,57.29115476186352,,,,,,,,,,,,,,,,44.90194731133526,,,,,,,,,,,,,,,,,,,,,,,,,,,,,
T039_W22,T039,22,Step1_Model1_EQC_CH2,Step2_Model2_EQA_CH1,Step3_Model1_EQB_CH2,Step4_Model1_EQB_CH2,Step5_Model3_EQC_CH2,Step6_Model1_EQA_CH2,Step7_Model3_EQA_CH3,Step8_Model2_EQA_CH2,Step9_Model1_EQA_CH3,Step10_Model2_EQB_CH2,Step11_Model2_EQA_CH1,Step12_Model2_EQC_CH3,Step13_Model1_EQA_CH2,Step14_Model3_EQA_CH2,Step15_Model3_EQC_CH2,Step16_Model3_EQC_CH1,Step17_Model3_EQB_CH4,Step18_Model3_EQC_CH2,Step19_Model2_EQC_CH3,Step20_Model3_EQB_CH1,Step21_Model1_EQA_CH1,Step22_Model3_EQA_CH3,Step23_Model2_EQC_CH3,Step24_Model1_EQC_CH1,Step25_Model3_EQC_CH1,Step26_Model2_EQA_CH2,Step27_Model1_EQB_CH1,Step28_Model2_EQC_CH1,Step29_Model1_EQB_CH3,Step30_Model1_EQC_CH4,41.096091860055516,,,,,,,,,,42.873662468341855,,,64.60563242,,,,,,34.55410638518855,,,,,,,,,,,,,,,,64.572234,,,,,,,,38.11781114579276,,,,,,,,,,,,,,,,,,,,
T039_W23,T039,23,Step1_Model1_EQC_CH1,Step2_Model2_EQA_CH2,Step3_Model1_EQB_CH3,Step4_Model1_EQB_CH4,Step5_Model3_EQC_CH4,Step6_Model1_EQA_CH2,Step7_Model3_EQA_CH3,Step8_Model2_EQA_CH3,Step9_Model1_EQA_CH1,Step10_Model2_EQB_CH4,Step11_Model2_EQA_CH1,Step12_Model2_EQC_CH2,Step13_Model1_EQA_CH2,Step14_Model3_EQA_CH3,Step15_Model3_EQC_CH2,Step16_Model3_EQC_CH1,Step17_Model3_EQB_CH2,Step18_Model3_EQC_CH1,Step19_Model2_EQC_CH1,Step20_Model3_EQB_CH1,Step21_Model1_EQA_CH1,Step22_Model3_EQA_CH3,Step23_Model2_EQC_CH2,Step24_Model1_EQC_CH3,Step25_Model3_EQC_CH1,Step26_Model2_EQA_CH1,Step27_Model1_EQB_CH2,Step28_Model2_EQC_CH3,Step29_Model1_EQB_CH4,Step30_Model1_EQC_CH2,,,,,,,,,,,,49.70645379675798,,54.254030855106436,,,,31.766273322645166,,,54.02042802856589,32.96237892280013,,,,,,,44.91330952255714,,,,,,,,,,,43.425537838566164,,55.38316222001955,,33.47786871269714,,,,,,,,,,,,,,,,,,,,
T039_W24,T039,24,Step1_Model1_EQC_CH3,Step2_Model2_EQA_CH4,Step3_Model1_EQB_CH3,Step4_Model1_EQB_CH4,Step5_Model3_EQC_CH4,Step6_Model1_EQA_CH4,Step7_Model3_EQA_CH2,Step8_Model2_EQA_CH1,Step9_Model1_EQA_CH2,Step10_Model2_EQB_CH1,Step11_Model2_EQA_CH1,Step12_Model2_EQC_CH3,Step13_Model1_EQA_CH4,Step14_Model3_EQA_CH3,Step15_Model3_EQC_CH2,Step16_Model3_EQC_CH1,Step17_Model3_EQB_CH3,Step18_Model3_EQC_CH3,Step19_Model2_EQC_CH3,Step20_Model3_EQB_CH1,Step21_Model1_EQA_CH2,Step22_Model3_EQA_CH3,Step23_Model2_EQC_CH1,Step24_Model1_EQC_CH4,Step25_Model3_EQC_CH2,Step26_Model2_EQA_CH2,Step27_Model1_EQB_CH3,Step28_Model2_EQC_CH1,Step29_Model1_EQB_CH2,Step30_Model1_EQC_CH2,,32.531438487515686,,,,,,,,,,,,,,,,,,,,,,,,,,,,,,,58.59451086,57.81754232600596,,,,,,,,,,,48.35731161,31.95855723470339,,,,12,,,,,13,,,,,,,,,
T039_W25,T039,25,Step1_Model1_EQC_CH3,Step2_Model2_EQA_CH1,Step3_Model1_EQB_CH4,Step4_Model1_EQB_CH1,Step5_Model3_EQC_CH2,Step6_Model1_EQA_CH3,Step7_Model3_EQA_CH3,Step8_Model2_EQA_CH2,Step9_Model1_EQA_CH2,Step10_Model2_EQB_CH4,Step11_Model2_EQA_CH4,Step12_Model2_EQC_CH3,Step13_Model1_EQA_CH2,Step14_Model3_EQA_CH3,Step15_Model3_EQC_CH4,Step16_Model3_EQC_CH1,Step17_Model3_EQB_CH4,Step18_Model3_EQC_CH3,Step19_Model2_EQC_CH3,Step20_Model3_EQB_CH3,Step21_Model1_EQA_CH3,Step22_Model3_EQA_CH4,Step23_Model2_EQC_CH3,Step24_Model1_EQC_CH4,Step25_Model3_EQC_CH1,Step26_Model2_EQA_CH1,Step27_Model1_EQB_CH1,Step28_Model2_EQC_CH2,Step29_Model1_EQB_CH1,Step30_Model1_EQC_CH3,,,28.310634719937074,49.81839331496641,,,,,,,,,,67.81183840074169,,57.578381857898506,,,62.60844625411209,30.574690001646374,,,,,,63.138251207250015,,,,,,,,,,,,,,,,,,,,,,,,,,,,,,,,,,,,,,
T040_W01,T040,1,Step1_Model2_EQA_CH3,Step2_Model1_EQB_CH3,Step3_Model3_EQA_CH3,Step4_Model2_EQC_CH4,Step5_Model1_EQA_CH4,Step6_Model2_EQA_CH3,Step7_Model3_EQC_CH1,Step8_Model1_EQB_CH1,Step9_Model2_EQC_CH4,Step10_Model3_EQA_CH1,Step11_Model3_EQA_CH2,Step12_Model3_EQC_CH4,Step13_Model2_EQB_CH2,Step14_Model2_EQB_CH1,Step15_Model1_EQC_CH2,Step16_Model1_EQC_CH3,Step17_Model3_EQC_CH3,Step18_Model1_EQB_CH4,Step19_Model1_EQC_CH1,Step20_Model3_EQA_CH2,Step21_Model3_EQA_CH3,Step22_Model2_EQC_CH3,Step23_Model1_EQB_CH3,Step24_Model2_EQB_CH2,Step25_Model1_EQB_CH2,Step26_Model2_EQA_CH1,Step27_Model3_EQC_CH4,Step28_Model3_EQB_CH2,Step29_Model1_EQA_CH2,Step30_Model1_EQC_CH4,,,,,,,,,58.51633070862027,,,,,60.415998649513654,,,,,51.87059322057908,,,,56.239788467841066,,,,,,,,,45.97121342449866,,57.030244230604616,,,44.84014530049274,,,,,,,33.67243237464722,,,58.026907921666265,,,,,,,,,,,,,,,,,
T040_W02,T040,2,Step1_Model2_EQA_CH4,Step2_Model1_EQB_CH4,Step3_Model3_EQA_CH3,Step4_Model2_EQC_CH1,Step5_Model1_EQA_CH4,Step6_Model2_EQA_CH2,Step7_Model3_EQC_CH3,Step8_Model1_EQB_CH4,Step9_Model2_EQC_CH3,Step10_Model3_EQA_CH3,Step11_Model3_EQA_CH3,Step12_Model3_EQC_CH2,Step13_Model2_EQB_CH3,Step14_Model2_EQB_CH3,Step15_Model1_EQC_CH4,Step16_Model1_EQC_CH3,Step17_Model3_EQC_CH1,Step18_Model1_EQB_CH2,Step19_Model1_EQC_CH3,Step20_Model3_EQA_CH4,Step21_Model3_EQA_CH1,Step22_Model2_EQC_CH3,Step23_Model1_EQB_CH4,Step24_Model2_EQB_CH4,Step25_Model1_EQB_CH3,Step26_Model2_EQA_CH1,Step27_Model3_EQC_CH2,Step28_Model3_EQB_CH3,Step29_Model1_EQA_CH4,Step30_Model1_EQC_CH3,,,,,,,,,,,,,,,,,,,,,,,,,44.99723675,,,,50.98100780454114,,,,,,,,,,,44.92023254459719,,,63.93928276376359,,,,,,,,,,,,10,,,,,,,,,
T040_W03,T040,3,Step1_Model2_EQA_CH4,Step2_Model1_EQB_CH3,Step3_Model3_EQA_CH2,Step4_Model2_EQC_CH4,Step5_Model1_EQA_CH1,Step6_Model2_EQA_CH2,Step7_Model3_EQC_CH2,Step8_Model1_EQB_CH3,Step9_Model2_EQC_CH2,Step10_Model3_EQA_CH1,Step11_Model3_EQA_CH1,Step12_Model3_EQC_CH1,Step13_Model2_EQB_CH4,Step14_Model2_EQB_CH2,Step15_Model1_EQC_CH1,Step16_Model1_EQC_CH1,Step17_Model3_EQC_CH2,Step18_Model1_EQB_CH4,Step19_Model1_EQC_CH1,Step20_Model3_EQA_CH1,Step21_Model3_EQA_CH2,Step22_Model2_EQC_CH4,Step23_Model1_EQB_CH2,Step24_Model2_EQB_CH3,Step25_Model1_EQB_CH3,Step26_Model2_EQA_CH1,Step27_Model3_EQC_CH4,Step28_Model3_EQB_CH2,Step29_Model1_EQA_CH2,Step30_Model1_EQC_CH1,,,,,64.04122194,,,,,,,,,,,,46.799187816362334,34.58828543068419,,34.811446216193616,,,,46.34458233311955,,,,,,37.33099605573323,,,,,,70.32228598735217,,,,,,,59.26174057169642,31.93513397887627,,,,,,,,,,,,,,,,,,,,
T040_W04,T040,4,Step1_Model2_EQA_CH2,Step2_Model1_EQB_CH3,Step3_Model3_EQA_CH4,Step4_Model2_EQC_CH3,Step5_Model1_EQA_CH1,Step6_Model2_EQA_CH1,Step7_Model3_EQC_CH1,Step8_Model1_EQB_CH1,Step9_Model2_EQC_CH2,Step10_Model3_EQA_CH4,Step11_Model3_EQA_CH2,Step12_Model3_EQC_CH3,Step13_Model2_EQB_CH3,Step14_Model2_EQB_CH1,Step15_Model1_EQC_CH3,Step16_Model1_EQC_CH3,Step17_Model3_EQC_CH4,Step18_Model1_EQB_CH2,Step19_Model1_EQC_CH4,Step20_Model3_EQA_CH4,Step21_Model3_EQA_CH2,Step22_Model2_EQC_CH4,Step23_Model1_EQB_CH3,Step24_Model2_EQB_CH1,Step25_Model1_EQB_CH2,Step26_Model2_EQA_CH3,Step27_Model3_EQC_CH4,Step28_Model3_EQB_CH1,Step29_Model1_EQA_CH1,Step30_Model1_EQC_CH3,,,,49.02569860215584,,63.74120096062192,,,,,,,,60.044138849978644,,,,,,,,,64.72817642131217,,,,,,,,,,59.07223089439805,,,,,,,45.90096633469283,,,53.70639073823731,,,,,44.36695015162758,,,,,,,,,,,,,,,,
T040_W05,T040,5,Step1_Model2_EQA_CH2,Step2_Model1_EQB_CH4,Step3_Model3_EQA_CH4,Step4_Model2_EQC_CH4,Step5_Model1_EQA_CH1,Step6_Model2_EQA_CH2,Step7_Model3_EQC_CH3,Step8_Model1_EQB_CH1,Step9_Model2_EQC_CH4,Step10_Model3_EQA_CH3,Step11_Model3_EQA_CH1,Step12_Model3_EQC_CH1,Step13_Model2_EQB_CH1,Step14_Model2_EQB_CH2,Step15_Model1_EQC_CH2,Step16_Model1_EQC_CH3,Step17_Model3_EQC_CH2,Step18_Model1_EQB_CH4,Step19_Model1_EQC_CH2,Step20_Model3_EQA_CH4,Step21_Model3_EQA_CH3,Step22_Model2_EQC_CH4,Step23_Model1_EQB_CH4,Step24_Model2_EQB_CH1,Step25_Model1_EQB_CH4,Step26_Model2_EQA_CH1,Step27_Model3_EQC_CH2,Step28_Model3_EQB_CH1,Step29_Model1_EQA_CH2,Step30_Model1_EQC_CH4,,,,53.75709432295979,,,,,,,,44.83173898251232,,,,,,,,,42.73756763423937,,,,,,,59.830327240739095,49.86615853576203,41.11470848036584,,,,,,,49.41767008652394,,,,,,53.45700897913499,34.69320356525014,,,,,4,,,,,10,,,,,,,,,,
T040_W06,T040,6,Step1_Model2_EQA_CH1,Step2_Model1_EQB_CH3,Step3_Model3_EQA_CH2,Step4_Model2_EQC_CH2,Step5_Model1_EQA_CH2,Step6_Model2_EQA_CH4,Step7_Model3_EQC_CH4,Step8_Model1_EQB_CH2,Step9_Model2_EQC_CH1,Step10_Model3_EQA_CH1,Step11_Model3_EQA_CH1,Step12_Model3_EQC_CH3,Step13_Model2_EQB_CH4,Step14_Model2_EQB_CH2,Step15_Model1_EQC_CH1,Step16_Model1_EQC_CH3,Step17_Model3_EQC_CH2,Step18_Model1_EQB_CH3,Step19_Model1_EQC_CH3,Step20_Model3_EQA_CH2,Step21_Model3_EQA_CH3,Step22_Model2_EQC_CH2,Step23_Model1_EQB_CH4,Step24_Model2_EQB_CH2,Step25_Model1_EQB_CH3,Step26_Model2_EQA_CH3,Step27_Model3_EQC_CH1,Step28_Model3_EQB_CH1,Step29_Model1_EQA_CH2,Step30_Model1_EQC_CH1,,,,,,,47.25788712318886,,,,,47.070851141038446,,,,,47.015995469139995,,,,,,,,,,,,,,39.063145562705245,,,66.25050360342686,,,,,,,,,,,,,,,,,,6,,,,,,,,,,,,
T040_W07,T040,7,Step1_Model2_EQA_CH1,Step2_Model1_EQB_CH4,Step3_Model3_EQA_CH1,Step4_Model2_EQC_CH3,Step5_Model1_EQA_CH2,Step6_Model2_EQA_CH1,Step7_Model3_EQC_CH4,Step8_Model1_EQB_CH4,Step9_Model2_EQC_CH3,Step10_Model3_EQA_CH1,Step11_Model3_EQA_CH1,Step12_Model3_EQC_CH4,Step13_Model2_EQB_CH1,Step14_Model2_EQB_CH4,Step15_Model1_EQC_CH4,Step16_Model1_EQC_CH1,Step17_Model3_EQC_CH3,Step18_Model1_EQB_CH4,Step19_Model1_EQC_CH3,Step20_Model3_EQA_CH2,Step21_Model3_EQA_CH3,Step22_Model2_EQC_CH4,Step23_Model1_EQB_CH4,Step24_Model2_EQB_CH3,Step25_Model1_EQB_CH1,Step26_Model2_EQA_CH2,Step27_Model3_EQC_CH4,Step28_Model3_EQB_CH3,Step29_Model1_EQA_CH1,Step30_Model1_EQC_CH2,34.429673170455125,,,,,,,37.28377167,,,,47.37816444487629,46.405281564008625,,,,,35.11821665539162,,,,,,,,,,,,,,,,73.09157432143458,,,,,43.90614277180292,,,45.22062072247979,,,,,58.83735764928126,,,,,,,,,,,,,,,,,
T040_W08,T040,8,Step1_Model2_EQA_CH3,Step2_Model1_EQB_CH3,Step3_Model3_EQA_CH2,Step4_Model2_EQC_CH1,Step5_Model1_EQA_CH3,Step6_Model2_EQA_CH3,Step7_Model3_EQC_CH2,Step8_Model1_EQB_CH1,Step9_Model2_EQC_CH3,Step10_Model3_EQA_CH3,Step11_Model3_EQA_CH2,Step12_Model3_EQC_CH2,Step13_Model2_EQB_CH1,Step14_Model2_EQB_CH3,Step15_Model1_EQC_CH2,Step16_Model1_EQC_CH4,Step17_Model3_EQC_CH4,Step18_Model1_EQB_CH3,Step19_Model1_EQC_CH2,Step20_Model3_EQA_CH1,Step21_Model3_EQA_CH2,Step22_Model2_EQC_CH2,Step23_Model1_EQB_CH4,Step24_Model2_EQB_CH3,Step25_Model1_EQB_CH2,Step26_Model2_EQA_CH4,Step27_Model3_EQC_CH1,Step28_Model3_EQB_CH4,Step29_Model1_EQA_CH2,Step30_Model1_EQC_CH3,41.14392889769408,,,,63.83961731665413,,,,52.27145951756309,,,,,,,,45.98063297116999,,,,,,,,,,,,,,,,,,,,,,,,48.61477363144266,,63.33393706034537,,52.4545399,,,,,,,,,,,,,,,,,,,
T040_W09,T040,9,Step1_Model2_EQA_CH1,Step2_Model1_EQB_CH1,Step3_Model3_EQA_CH2,Step4_Model2_EQC_CH4,Step5_Model1_EQA_CH3,Step6_Model2_EQA_CH4,Step7_Model3_EQC_CH3,Step8_Model1_EQB_CH4,Step9_Model2_EQC_CH2,Step10_Model3_EQA_CH3,Step11_Model3_EQA_CH4,Step12_Model3_EQC_CH2,Step13_Model2_EQB_CH3,Step14_Model2_EQB_CH4,Step15_Model1_EQC_CH2,Step16_Model1_EQC_CH4,Step17_Model3_EQC_CH3,Step18_Model1_EQB_CH2,Step19_Model1_EQC_CH4,Step20_Model3_EQA_CH3,Step21_Model3_EQA_CH2,Step22_Model2_EQC_CH1,Step23_Model1_EQB_CH1,Step24_Model2_EQB_CH4,Step25_Model1_EQB_CH4,Step26_Model2_EQA_CH3,Step27_Model3_EQC_CH2,Step28_Model3_EQB_CH1,Step29_Model1_EQA_CH3,Step30_Model1_EQC_CH3,,,,,,,,,64.19386582207699,,,,,,44.588489845269834,,,31.488719214179493,,32.33859763906026,,,61.97756901510787,,49.74369935366235,,,,,,,,,74.53865191061413,,,49.90659494785425,,,,47.39182473244256,,64.70938518,,,,61.81038169084473,47.01964168065542,,,,,,16,,,,,,,,,,
T040_W10,T040,10,Step1_Model2_EQA_CH3,Step2_Model1_EQB_CH3,Step3_Model3_EQA_CH2,Step4_Model2_EQC_CH1,Step5_Model1_EQA_CH3,Step6_Model2_EQA_CH4,Step7_Model3_EQC_CH3,Step8_Model1_EQB_CH4,Step9_Model2_EQC_CH4,Step10_Model3_EQA_CH1,Step11_Model3_EQA_CH2,Step12_Model3_EQC_CH2,Step13_Model2_EQB_CH3,Step14_Model2_EQB_CH1,Step15_Model1_EQC_CH2,Step16_Model1_EQC_CH4,Step17_Model3_EQC_CH4,Step18_Model1_EQB_CH3,Step19_Model1_EQC_CH2,Step20_Model3_EQA_CH2,Step21_Model3_EQA_CH4,Step22_Model2_EQC_CH1,Step23_Model1_EQB_CH2,Step24_Model2_EQB_CH4,Step25_Model1_EQB_CH2,Step26_Model2_EQA_CH2,Step27_Model3_EQC_CH3,Step28_Model3_EQB_CH4,Step29_Model1_EQA_CH3,Step30_Model1_EQC_CH4,,,28.051704712491343,,,,,,,,,,,60.87573357,,,,,,,,,,,,,,,,,,46.89513127832172,55.38908957960886,,,,,,,40.022029873891306,,,,,51.83025265468255,33.722868504864174,,,,,,,,,,,,,,,,,,
T040_W11,T040,11,Step1_Model2_EQA_CH2,Step2_Model1_EQB_CH1,Step3_Model3_EQA_CH2,Step4_Model2_EQC_CH3,Step5_Model1_EQA_CH1,Step6_Model2_EQA_CH2,Step7_Model3_EQC_CH1,Step8_Model1_EQB_CH3,Step9_Model2_EQC_CH2,Step10_Model3_EQA_CH4,Step11_Model3_EQA_CH3,Step12_Model3_EQC_CH3,Step13_Model2_EQB_CH1,Step14_Model2_EQB_CH4,Step15_Model1_EQC_CH1,Step16_Model1_EQC_CH1,Step17_Model3_EQC_CH4,Step18_Model1_EQB_CH3,Step19_Model1_EQC_CH4,Step20_Model3_EQA_CH2,Step21_Model3_EQA_CH4,Step22_Model2_EQC_CH4,Step23_Model1_EQB_CH3,Step24_Model2_EQB_CH4,Step25_Model1_EQB_CH2,Step26_Model2_EQA_CH2,Step27_Model3_EQC_CH4,Step28_Model3_EQB_CH4,Step29_Model1_EQA_CH3,Step30_Model1_EQC_CH4,,,,49.14075690969662,64.16896575724093,,,,,,34.36782090785883,,,,,,,,,,43.42923255,,,,,,,,,36.36399713003881,41.87184845097035,,,,,,,,,,,,,,,31.36748084570481,,,,,,,,,,,,,,,,,,
T040_W12,T040,12,Step1_Model2_EQA_CH4,Step2_Model1_EQB_CH1,Step3_Model3_EQA_CH1,Step4_Model2_EQC_CH3,Step5_Model1_EQA_CH4,Step6_Model2_EQA_CH3,Step7_Model3_EQC_CH1,Step8_Model1_EQB_CH2,Step9_Model2_EQC_CH4,Step10_Model3_EQA_CH1,Step11_Model3_EQA_CH4,Step12_Model3_EQC_CH2,Step13_Model2_EQB_CH4,Step14_Model2_EQB_CH2,Step15_Model1_EQC_CH2,Step16_Model1_EQC_CH2,Step17_Model3_EQC_CH4,Step18_Model1_EQB_CH3,Step19_Model1_EQC_CH1,Step20_Model3_EQA_CH4,Step21_Model3_EQA_CH3,Step22_Model2_EQC_CH2,Step23_Model1_EQB_CH2,Step24_Model2_EQB_CH2,Step25_Model1_EQB_CH3,Step26_Model2_EQA_CH3,Step27_Model3_EQC_CH4,Step28_Model3_EQB_CH3,Step29_Model1_EQA_CH3,Step30_Model1_EQC_CH2,,,26.25059543168893,57.36931035331391,58.556201037602186,,,,,,,37.514290627124225,,,,,49.71120617984952,,,,,29.40219619302968,,48.79871037142486,,66.70720581021494,50.11531921727993,43.70927195178711,,,,,,,47.86855583599254,,,,,,,,,,,,,,,,,,,,,,,,,,,,,
T040_W13,T040,13,Step1_Model2_EQA_CH4,Step2_Model1_EQB_CH4,Step3_Model3_EQA_CH2,Step4_Model2_EQC_CH2,Step5_Model1_EQA_CH3,Step6_Model2_EQA_CH1,Step7_Model3_EQC_CH2,Step8_Model1_EQB_CH2,Step9_Model2_EQC_CH4,Step10_Model3_EQA_CH4,Step11_Model3_EQA_CH1,Step12_Model3_EQC_CH3,Step13_Model2_EQB_CH2,Step14_Model2_EQB_CH4,Step15_Model1_EQC_CH2,Step16_Model1_EQC_CH2,Step17_Model3_EQC_CH3,Step18_Model1_EQB_CH3,Step19_Model1_EQC_CH4,Step20_Model3_EQA_CH4,Step21_Model3_EQA_CH3,Step22_Model2_EQC_CH3,Step23_Model1_EQB_CH2,Step24_Model2_EQB_CH4,Step25_Model1_EQB_CH3,Step26_Model2_EQA_CH1,Step27_Model3_EQC_CH4,Step28_Model3_EQB_CH3,Step29_Model1_EQA_CH2,Step30_Model1_EQC_CH1,,,,47.63118598494564,,,50.06637712273462,,63.50564424330081,,34.213796400095895,,38.67123849,,,,,40.753164107937714,69.9624438,,,,,48.99873709158691,,,,,,,,,55.24647843148075,,,,,39.311058614511666,47.43840618946126,,,,57.86173656113196,,,,,,,,,,,,,7,,,,,,,,
T040_W14,T040,14,Step1_Model2_EQA_CH4,Step2_Model1_EQB_CH1,Step3_Model3_EQA_CH4,Step4_Model2_EQC_CH1,Step5_Model1_EQA_CH1,Step6_Model2_EQA_CH2,Step7_Model3_EQC_CH4,Step8_Model1_EQB_CH4,Step9_Model2_EQC_CH1,Step10_Model3_EQA_CH2,Step11_Model3_EQA_CH2,Step12_Model3_EQC_CH4,Step13_Model2_EQB_CH2,Step14_Model2_EQB_CH3,Step15_Model1_EQC_CH4,Step16_Model1_EQC_CH4,Step17_Model3_EQC_CH2,Step18_Model1_EQB_CH4,Step19_Model1_EQC_CH2,Step20_Model3_EQA_CH4,Step21_Model3_EQA_CH4,Step22_Model2_EQC_CH1,Step23_Model1_EQB_CH3,Step24_Model2_EQB_CH1,Step25_Model1_EQB_CH1,Step26_Model2_EQA_CH3,Step27_Model3_EQC_CH1,Step28_Model3_EQB_CH3,Step29_Model1_EQA_CH1,Step30_Model1_EQC_CH3,,,39.503715188600765,,,,,28.59431604140984,,,,,,,,61.093349292946236,,,,,,,,,,,,,,,41.079128974758106,,,,47.91617223358318,,54.71314233981673,,,,,,,,,,,,,,11,,,15,,,,,,,,,,
T040_W15,T040,15,Step1_Model2_EQA_CH4,Step2_Model1_EQB_CH4,Step3_Model3_EQA_CH3,Step4_Model2_EQC_CH2,Step5_Model1_EQA_CH1,Step6_Model2_EQA_CH1,Step7_Model3_EQC_CH1,Step8_Model1_EQB_CH4,Step9_Model2_EQC_CH3,Step10_Model3_EQA_CH2,Step11_Model3_EQA_CH4,Step12_Model3_EQC_CH4,Step13_Model2_EQB_CH3,Step14_Model2_EQB_CH2,Step15_Model1_EQC_CH3,Step16_Model1_EQC_CH2,Step17_Model3_EQC_CH3,Step18_Model1_EQB_CH3,Step19_Model1_EQC_CH3,Step20_Model3_EQA_CH4,Step21_Model3_EQA_CH3,Step22_Model2_EQC_CH1,Step23_Model1_EQB_CH1,Step24_Model2_EQB_CH1,Step25_Model1_EQB_CH4,Step26_Model2_EQA_CH4,Step27_Model3_EQC_CH4,Step28_Model3_EQB_CH4,Step29_Model1_EQA_CH3,Step30_Model1_EQC_CH1,38.27077313212711,,,,,,,,,,,,45.695302534021636,,,,,,,,,,,,,,,,,,,49.384800012231835,48.770688822742024,,,,48.48319363515397,,,,,52.38922429512688,,,49.78256058565629,,,,,,,,,,,,,,,,,,,
T040_W16,T040,16,Step1_Model2_EQA_CH2,Step2_Model1_EQB_CH4,Step3_Model3_EQA_CH3,Step4_Model2_EQC_CH3,Step5_Model1_EQA_CH2,Step6_Model2_EQA_CH1,Step7_Model3_EQC_CH2,Step8_Model1_EQB_CH2,Step9_Model2_EQC_CH2,Step10_Model3_EQA_CH2,Step11_Model3_EQA_CH4,Step12_Model3_EQC_CH3,Step13_Model2_EQB_CH3,Step14_Model2_EQB_CH4,Step15_Model1_EQC_CH4,Step16_Model1_EQC_CH2,Step17_Model3_EQC_CH4,Step18_Model1_EQB_CH2,Step19_Model1_EQC_CH4,Step20_Model3_EQA_CH4,Step21_Model3_EQA_CH2,Step22_Model2_EQC_CH1,Step23_Model1_EQB_CH2,Step24_Model2_EQB_CH3,Step25_Model1_EQB_CH2,Step26_Model2_EQA_CH4,Step27_Model3_EQC_CH2,Step28_Model3_EQB_CH4,Step29_Model1_EQA_CH3,Step30_Model1_EQC_CH2,,,38.89508820830601,,,,,,,51.03632265,,,,,,65.15801669020706,,,,,45.31475173380991,,66.09247983090371,,,66.59197282069579,,,48.07182943,,47.51877262891618,,,,54.01146227763633,,,,,,,,,,,,,,,,,,,12,,,,,,,,,,
T040_W17,T040,17,Step1_Model2_EQA_CH1,Step2_Model1_EQB_CH3,Step3_Model3_EQA_CH1,Step4_Model2_EQC_CH3,Step5_Model1_EQA_CH3,Step6_Model2_EQA_CH1,Step7_Model3_EQC_CH1,Step8_Model1_EQB_CH2,Step9_Model2_EQC_CH3,Step10_Model3_EQA_CH2,Step11_Model3_EQA_CH2,Step12_Model3_EQC_CH4,Step13_Model2_EQB_CH3,Step14_Model2_EQB_CH4,Step15_Model1_EQC_CH1,Step16_Model1_EQC_CH1,Step17_Model3_EQC_CH2,Step18_Model1_EQB_CH3,Step19_Model1_EQC_CH2,Step20_Model3_EQA_CH4,Step21_Model3_EQA_CH2,Step22_Model2_EQC_CH3,Step23_Model1_EQB_CH1,Step24_Model2_EQB_CH1,Step25_Model1_EQB_CH4,Step26_Model2_EQA_CH2,Step27_Model3_EQC_CH2,Step28_Model3_EQB_CH1,Step29_Model1_EQA_CH3,Step30_Model1_EQC_CH4,,,,,,,42.20614217972156,,,58.518568161500085,,,,,39.524872735050415,,,,,,,,,,,,,,,,,54.61874867238835,,,,,,,,,,62.05516454100437,,,,,,,10,,,,,,,,,,,,,,,
T040_W18,T040,18,Step1_Model2_EQA_CH3,Step2_Model1_EQB_CH3,Step3_Model3_EQA_CH3,Step4_Model2_EQC_CH4,Step5_Model1_EQA_CH3,Step6_Model2_EQA_CH3,Step7_Model3_EQC_CH2,Step8_Model1_EQB_CH3,Step9_Model2_EQC_CH1,Step10_Model3_EQA_CH2,Step11_Model3_EQA_CH4,Step12_Model3_EQC_CH3,Step13_Model2_EQB_CH3,Step14_Model2_EQB_CH3,Step15_Model1_EQC_CH3,Step16_Model1_EQC_CH1,Step17_Model3_EQC_CH1,Step18_Model1_EQB_CH3,Step19_Model1_EQC_CH1,Step20_Model3_EQA_CH3,Step21_Model3_EQA_CH1,Step22_Model2_EQC_CH4,Step23_Model1_EQB_CH1,Step24_Model2_EQB_CH4,Step25_Model1_EQB_CH2,Step26_Model2_EQA_CH2,Step27_Model3_EQC_CH1,Step28_Model3_EQB_CH3,Step29_Model1_EQA_CH1,Step30_Model1_EQC_CH3,,38.56844846126776,,,,,,,,,,,,,45.60082520862409,,,,,,,,,,,68.56638868574038,,,,37.59308541001261,,,61.93498094059727,67.72749449439758,,,,37.84538689050435,,43.50714229000838,,,,,,38.58653179492031,,,,,,,,,,,11,,,,,,,
T040_W19,T040,19,Step1_Model2_EQA_CH2,Step2_Model1_EQB_CH1,Step3_Model3_EQA_CH3,Step4_Model2_EQC_CH1,Step5_Model1_EQA_CH4,Step6_Model2_EQA_CH2,Step7_Model3_EQC_CH4,Step8_Model1_EQB_CH2,Step9_Model2_EQC_CH4,Step10_Model3_EQA_CH3,Step11_Model3_EQA_CH2,Step12_Model3_EQC_CH4,Step13_Model2_EQB_CH4,Step14_Model2_EQB_CH2,Step15_Model1_EQC_CH1,Step16_Model1_EQC_CH2,Step17_Model3_EQC_CH1,Step18_Model1_EQB_CH3,Step19_Model1_EQC_CH1,Step20_Model3_EQA_CH2,Step21_Model3_EQA_CH2,Step22_Model2_EQC_CH4,Step23_Model1_EQB_CH2,Step24_Model2_EQB_CH3,Step25_Model1_EQB_CH3,Step26_Model2_EQA_CH4,Step27_Model3_EQC_CH4,Step28_Model3_EQB_CH1,Step29_Model1_EQA_CH3,Step30_Model1_EQC_CH3,36.85679584375308,,,,,,,,,,,,,,,,,,,35.55938722878003,,,,,,57.89315173661966,,,,,,,,,,,,,46.90371291396393,,,,,,,,,50.84843571,8,11,,,,,,,,,,,,,,
T040_W20,T040,20,Step1_Model2_EQA_CH1,Step2_Model1_EQB_CH4,Step3_Model3_EQA_CH1,Step4_Model2_EQC_CH3,Step5_Model1_EQA_CH2,Step6_Model2_EQA_CH2,Step7_Model3_EQC_CH3,Step8_Model1_EQB_CH4,Step9_Model2_EQC_CH2,Step10_Model3_EQA_CH2,Step11_Model3_EQA_CH4,Step12_Model3_EQC_CH3,Step13_Model2_EQB_CH4,Step14_Model2_EQB_CH4,Step15_Model1_EQC_CH1,Step16_Model1_EQC_CH4,Step17_Model3_EQC_CH1,Step18_Model1_EQB_CH4,Step19_Model1_EQC_CH1,Step20_Model3_EQA_CH3,Step21_Model3_EQA_CH3,Step22_Model2_EQC_CH2,Step23_Model1_EQB_CH1,Step24_Model2_EQB_CH4,Step25_Model1_EQB_CH3,Step26_Model2_EQA_CH3,Step27_Model3_EQC_CH4,Step28_Model3_EQB_CH4,Step29_Model1_EQA_CH3,Step30_Model1_EQC_CH4,,,35.66696629039558,56.286179630124366,,,,,,,,,37.657964597412736,,,,,,,,33.504217205534005,,61.35423787,,,,,,,,,44.73706875199887,,65.78234368157426,,,,,,,43.50054479670452,,64.50167049580128,,,,,,,,,,,,7,,,,,,,,,
T040_W21,T040,21,Step1_Model2_EQA_CH1,Step2_Model1_EQB_CH3,Step3_Model3_EQA_CH2,Step4_Model2_EQC_CH4,Step5_Model1_EQA_CH1,Step6_Model2_EQA_CH2,Step7_Model3_EQC_CH4,Step8_Model1_EQB_CH4,Step9_Model2_EQC_CH4,Step10_Model3_EQA_CH2,Step11_Model3_EQA_CH4,Step12_Model3_EQC_CH1,Step13_Model2_EQB_CH4,Step14_Model2_EQB_CH4,Step15_Model1_EQC_CH2,Step16_Model1_EQC_CH2,Step17_Model3_EQC_CH4,Step18_Model1_EQB_CH2,Step19_Model1_EQC_CH4,Step20_Model3_EQA_CH4,Step21_Model3_EQA_CH1,Step22_Model2_EQC_CH2,Step23_Model1_EQB_CH4,Step24_Model2_EQB_CH1,Step25_Model1_EQB_CH1,Step26_Model2_EQA_CH2,Step27_Model3_EQC_CH4,Step28_Model3_EQB_CH4,Step29_Model1_EQA_CH4,Step30_Model1_EQC_CH1,,,,,,,,,,,,,,,,,,,55.996091739946415,,,,,,,,41.35224716104911,,,,,,49.31795391,,56.39180140463303,53.864966174036105,,,,36.107390700769415,,55.825978110278776,,,,33.445988845334945,,,,,,,,,9,,,,,,,,,
T040_W22,T040,22,Step1_Model2_EQA_CH3,Step2_Model1_EQB_CH3,Step3_Model3_EQA_CH4,Step4_Model2_EQC_CH2,Step5_Model1_EQA_CH3,Step6_Model2_EQA_CH1,Step7_Model3_EQC_CH3,Step8_Model1_EQB_CH1,Step9_Model2_EQC_CH1,Step10_Model3_EQA_CH3,Step11_Model3_EQA_CH1,Step12_Model3_EQC_CH1,Step13_Model2_EQB_CH1,Step14_Model2_EQB_CH4,Step15_Model1_EQC_CH1,Step16_Model1_EQC_CH2,Step17_Model3_EQC_CH4,Step18_Model1_EQB_CH3,Step19_Model1_EQC_CH2,Step20_Model3_EQA_CH4,Step21_Model3_EQA_CH4,Step22_Model2_EQC_CH1,Step23_Model1_EQB_CH3,Step24_Model2_EQB_CH2,Step25_Model1_EQB_CH1,Step26_Model2_EQA_CH4,Step27_Model3_EQC_CH4,Step28_Model3_EQB_CH1,Step29_Model1_EQA_CH3,Step30_Model1_EQC_CH4,,,34.78762176310632,45.23791724647242,,,,,,,,,,,46.42685058828425,70.16126780103014,,,,,,,,,,,,,,,,,58.97092492912406,,,,,,40.311224486279315,,,59.39248239081084,,,,,,,,,,,,,,,9,,,,,,,
T040_W23,T040,23,Step1_Model2_EQA_CH4,Step2_Model1_EQB_CH4,Step3_Model3_EQA_CH2,Step4_Model2_EQC_CH3,Step5_Model1_EQA_CH4,Step6_Model2_EQA_CH3,Step7_Model3_EQC_CH1,Step8_Model1_EQB_CH2,Step9_Model2_EQC_CH2,Step10_Model3_EQA_CH2,Step11_Model3_EQA_CH4,Step12_Model3_EQC_CH1,Step13_Model2_EQB_CH4,Step14_Model2_EQB_CH3,Step15_Model1_EQC_CH1,Step16_Model1_EQC_CH1,Step17_Model3_EQC_CH1,Step18_Model1_EQB_CH3,Step19_Model1_EQC_CH4,Step20_Model3_EQA_CH3,Step21_Model3_EQA_CH3,Step22_Model2_EQC_CH4,Step23_Model1_EQB_CH3,Step24_Model2_EQB_CH1,Step25_Model1_EQB_CH3,Step26_Model2_EQA_CH4,Step27_Model3_EQC_CH4,Step28_Model3_EQB_CH4,Step29_Model1_EQA_CH1,Step30_Model1_EQC_CH2,,,,,,,,,,,,,,,,,,35.34167305665256,,,,,,,37.449035955841794,,,,,36.862971588377285,,,,,50.84967831913056,,,,,,47.37631254906006,,,,,38.72678227635322,,,,,,,,,,,,,,,,,,
T040_W24,T040,24,Step1_Model2_EQA_CH4,Step2_Model1_EQB_CH1,Step3_Model3_EQA_CH2,Step4_Model2_EQC_CH4,Step5_Model1_EQA_CH1,Step6_Model2_EQA_CH3,Step7_Model3_EQC_CH2,Step8_Model1_EQB_CH4,Step9_Model2_EQC_CH2,Step10_Model3_EQA_CH3,Step11_Model3_EQA_CH2,Step12_Model3_EQC_CH3,Step13_Model2_EQB_CH1,Step14_Model2_EQB_CH2,Step15_Model1_EQC_CH2,Step16_Model1_EQC_CH1,Step17_Model3_EQC_CH2,Step18_Model1_EQB_CH1,Step19_Model1_EQC_CH4,Step20_Model3_EQA_CH2,Step21_Model3_EQA_CH1,Step22_Model2_EQC_CH1,Step23_Model1_EQB_CH3,Step24_Model2_EQB_CH3,Step25_Model1_EQB_CH2,Step26_Model2_EQA_CH3,Step27_Model3_EQC_CH1,Step28_Model3_EQB_CH1,Step29_Model1_EQA_CH3,Step30_Model1_EQC_CH4,,37.97732139568084,,,,,,,,,,,,,,,,,,,44.65591734031636,,57.01624717794812,,,,,60.750224660734474,42.61672381875133,40.987965772455944,,,,,,,54.49218027640136,,,,48.728982084498895,,60.09998277649211,,,,,53.11424236786064,,,,,,,,,,,,,,,,
T040_W25,T040,25,Step1_Model2_EQA_CH1,Step2_Model1_EQB_CH2,Step3_Model3_EQA_CH1,Step4_Model2_EQC_CH3,Step5_Model1_EQA_CH3,Step6_Model2_EQA_CH4,Step7_Model3_EQC_CH2,Step8_Model1_EQB_CH2,Step9_Model2_EQC_CH2,Step10_Model3_EQA_CH4,Step11_Model3_EQA_CH4,Step12_Model3_EQC_CH1,Step13_Model2_EQB_CH1,Step14_Model2_EQB_CH1,Step15_Model1_EQC_CH2,Step16_Model1_EQC_CH4,Step17_Model3_EQC_CH3,Step18_Model1_EQB_CH3,Step19_Model1_EQC_CH3,Step20_Model3_EQA_CH2,Step21_Model3_EQA_CH3,Step22_Model2_EQC_CH4,Step23_Model1_EQB_CH4,Step24_Model2_EQB_CH4,Step25_Model1_EQB_CH2,Step26_Model2_EQA_CH1,Step27_Model3_EQC_CH2,Step28_Model3_EQB_CH4,Step29_Model1_EQA_CH3,Step30_Model1_EQC_CH4,41.18404854648844,36.33528521891512,,,,,,,,56.65158839441557,,,,,,,,,,,,,66.55350006434351,,,,,,,,,,,,,,,,,47.06844280623363,53.47645074640662,55.621335885458286,,,,,,51.81751755407914,,,,,,,,,,,,,,,,